filename,tactic,grid_width,hide_strategy,swarm_size,n_hider_candidates,n_hiders,runs,steps_min,steps_max,steps_mean,steps_var,steps_ci_lower,steps_ci_upper,steps_half_width,taken_down_min,taken_down_max,taken_down_mean,taken_down_var,taken_down_ci_lower,taken_down_ci_upper,taken_down_half_width,area_covered_min,area_covered_max,area_covered_mean,area_covered_var,area_covered_ci_lower,area_covered_ci_upper,area_covered_half_width,mean_distance_travelled_min,mean_distance_travelled_max,mean_distance_travelled_mean,mean_distance_travelled_var,mean_distance_travelled_ci_lower,mean_distance_travelled_ci_upper,mean_distance_travelled_half_width,total_distance_covered_min,total_distance_covered_max,total_distance_covered_mean,total_distance_covered_var,total_distance_covered_ci_lower,total_distance_covered_ci_upper,total_distance_covered_half_width,hider_frac_found_min,hider_frac_found_max,hider_frac_found_mean,hider_frac_found_var,hider_frac_found_ci_lower,hider_frac_found_ci_upper,hider_frac_found_half_width,all_found_mean,all_found_ci_lower,all_found_ci_upper
T-discounted_distance-W-20-HS-greedy-D-1-C-5-H-1-RUNS-100000.csv,discounted_distance,20,greedy,1,5,1,100000,1.0,71.0,20.003,135.80975099999998,19.930769345881295,20.075230654118705,0.07223065411870522,0.0,1.0,0.91901,0.0744306199,0.9173190456262577,0.9207009543737423,0.0016909543737423371,0.0,0.175,0.044921550000000005,0.0008389330955975001,0.044742027149642524,0.045101072850357485,0.00017952285035748028,0.0,70.0,18.12084,138.0779576944,18.048008668673518,18.193671331326485,0.07283133132648345,0.0,70.0,18.12084,138.0779576944,18.048008668673518,18.193671331326485,0.07283133132648345,0.0,1.0,0.03685,0.0354920775,0.035682325537985865,0.03801767446201414,0.0011676744620141358,0.03685,0.03569079625972085,0.038036165319149426
T-discounted_distance-W-20-HS-greedy-D-1-C-5-H-2-RUNS-100000.csv,discounted_distance,20,greedy,1,5,2,100000,2.0,71.0,20.48444,141.6889378864,20.410662481487623,20.558217518512375,0.0737775185123759,0.0,1.0,0.9336,0.061991040000000004,0.9320568059769945,0.9351431940230055,0.001543194023005512,0.0,0.1725,0.046010025,0.000879134411999375,0.04582625115101335,0.04619379884898665,0.00018377384898665,0.0,70.0,18.568,144.88775600000002,18.4933943163392,18.642605683660804,0.07460568366080267,0.0,70.0,18.568,144.88775600000002,18.4933943163392,18.642605683660804,0.07460568366080267,0.0,1.0,0.13678,0.0582612316,0.13528395071165902,0.138276049288341,0.0014960492883409893,0.01716,0.016364115638070893,0.01798406332609658
T-discounted_distance-W-20-HS-greedy-D-1-C-5-H-3-RUNS-100000.csv,discounted_distance,20,greedy,1,5,3,100000,2.0,74.0,20.62966,144.8145882844,20.55507315649839,20.70424684350161,0.07458684350160993,0.0,1.0,0.9368,0.05920576000000001,0.9352918725265549,0.938308127473445,0.0015081274734450867,0.0,0.1825,0.04634352499999999,0.0008991493780743748,0.046157670964509484,0.046529379035490495,0.00018585403549050555,0.0,73.0,18.70171,148.1181330759,18.626277207394637,18.77714279260536,0.07543279260536195,0.0,73.0,18.70171,148.1181330759,18.626277207394637,18.77714279260536,0.07543279260536195,0.0,1.0,0.17498666666666665,0.059359666488888886,0.17347658026257012,0.17649675307076318,0.0015100864040965278,0.00885,0.008278797590464864,0.0094499562071905
T-discounted_distance-W-20-HS-greedy-D-1-C-5-H-4-RUNS-100000.csv,discounted_distance,20,greedy,1,5,4,100000,2.0,71.0,20.76541,148.5996375319,20.689854697899978,20.84096530210002,0.07555530210002104,0.0,1.0,0.93702,0.05901351960000001,0.9355143229533018,0.9385256770466981,0.0015056770466981284,0.0,0.175,0.046660975,0.000922486474549375,0.04647272452747393,0.04684922547252607,0.0001882504725260678,0.0,70.0,18.83184,151.9428222144,18.755439506165285,18.908240493834715,0.07640049383471492,0.0,70.0,18.83184,151.9428222144,18.755439506165285,18.908240493834715,0.07640049383471492,0.0,1.0,0.1975225,0.05932548699375,0.19601284841491426,0.19903215158508572,0.0015096515850857306,0.00345,0.0030960486368097097,0.003833214984549162
T-discounted_distance-W-20-HS-greedy-D-1-C-5-H-5-RUNS-100000.csv,discounted_distance,20,greedy,1,5,5,100000,2.0,71.0,20.73807,149.1642426751,20.662371297589676,20.813768702410325,0.07569870241032461,0.0,1.0,0.93814,0.05803334039999999,0.9366468795076062,0.9396331204923938,0.0014931204923938068,0.0,0.175,0.046582349999999995,0.0009244924184774999,0.046393894963590164,0.046770805036409825,0.00018845503640983058,0.0,70.0,18.79998,152.39847199960002,18.723465036101842,18.87649496389816,0.07651496389815904,0.0,70.0,18.79998,152.39847199960002,18.723465036101842,18.87649496389816,0.07651496389815904,0.0,1.0,0.210836,0.058764981104,0.2093334969171109,0.2123385030828891,0.0015025030828891006,5e-05,1.6235056816854704e-05,0.00011667943008112559
T-discounted_distance-W-20-HS-greedy-D-10-C-5-H-1-RUNS-100000.csv,discounted_distance,20,greedy,10,5,1,100000,1.0,75.0,29.8271,203.68052559,29.73864328136843,29.915556718631574,0.08845671863157278,3.0,10.0,9.17822,0.9986976315999999,9.17202597318253,9.18441402681747,0.006194026817469833,0.0,0.1825,0.07064625,0.0012143648609375,0.07043026148063432,0.07086223851936567,0.00021598851936567576,0.0,54.7,18.132286999999998,62.673527649631,18.083219024311283,18.181354975688713,0.04906797568871468,0.0,547.0,181.32287,6267.3527649631,180.83219024311285,181.81354975688714,0.4906797568871468,0.0,1.0,0.28208,0.2025108736,0.2792907962211022,0.2848692037788978,0.0027892037788977975,0.28208,0.2792921993048371,0.28488044504149285
T-discounted_distance-W-20-HS-greedy-D-10-C-5-H-2-RUNS-100000.csv,discounted_distance,20,greedy,10,5,2,100000,2.0,74.0,33.11779,168.92997551589997,33.03723185988108,33.19834814011892,0.08055814011891727,3.0,10.0,9.32713,0.9254559630999999,9.32116742368783,9.33309257631217,0.005962576312169787,0.0,0.1775,0.078123075,0.001055019965044375,0.07792175523699313,0.07832439476300687,0.00020131976300687138,0.0,52.1,18.56733,59.0805582711,18.51968927449605,18.614970725503948,0.04764072550394971,0.0,521.0,185.6733,5908.05582711,185.19689274496054,186.1497072550395,0.4764072550394758,0.0,1.0,0.450375,0.09613985937500001,0.44845320166569175,0.4522967983343083,0.0019217983343082778,0.14758,0.14538693478349518,0.1497935266569103
T-discounted_distance-W-20-HS-greedy-D-10-C-5-H-3-RUNS-100000.csv,discounted_distance,20,greedy,10,5,3,100000,2.0,75.0,34.28874,167.61250921239997,34.208496606789694,34.3689833932103,0.08024339321030283,3.0,10.0,9.37284,0.9010103344,9.366956700500033,9.378723299499967,0.00588329949996691,0.0,0.1825,0.08071674999999999,0.0010635477694375,0.0805146182332964,0.08091888176670357,0.0002021317667035838,0.0,53.9,18.657583,58.463850698111,18.610191573682375,18.704974426317623,0.04739142631762405,0.0,539.0,186.57583,5846.3850698111,186.10191573682377,187.04974426317622,0.4739142631762263,0.0,1.0,0.5060633333333333,0.07241656932222222,0.5043954139926329,0.5077312526740337,0.00166791934070043,0.0756,0.07396885374603095,0.07725581210421124
T-discounted_distance-W-20-HS-greedy-D-10-C-5-H-4-RUNS-100000.csv,discounted_distance,20,greedy,10,5,4,100000,2.0,76.0,35.02149,170.2485081799,34.94061808466322,35.10236191533678,0.08087191533677895,3.0,10.0,9.37547,0.9120122791000002,9.369550889955923,9.381389110044077,0.005919110044077414,0.0,0.1875,0.0823852,0.00108538107096,0.08218100401761544,0.08258939598238457,0.00020419598238456682,0.0,51.6,18.785484999999998,58.037137814775,18.738266839443995,18.832703160556,0.04721816055600314,0.0,516.0,187.85485,5803.713781477501,187.38266839443997,188.32703160556002,0.4721816055600243,0.0,1.0,0.5406125,0.06305499984375001,0.539056119302999,0.5421688806970011,0.0015563806970010363,0.03315,0.032048949523427406,0.034278235439665475
T-discounted_distance-W-20-HS-greedy-D-10-C-5-H-5-RUNS-100000.csv,discounted_distance,20,greedy,10,5,5,100000,2.0,73.0,35.26861,175.4684586679,35.1865076473651,35.35071235263491,0.08210235263490517,3.0,10.0,9.38066,0.9036979644,9.374767932366275,9.386552067633726,0.005892067633725517,0.0,0.18,0.08291865,0.0011191321071774998,0.082711303480788,0.08312599651921199,0.00020734651921199,0.0,56.2,18.785694,58.268767738364005,18.738381707924503,18.833006292075495,0.04731229207549603,0.0,562.0,187.85694,5826.8767738364,187.38381707924506,188.33006292075495,0.4731229207549461,0.0,1.0,0.560072,0.05922575481600001,0.558563617887599,0.561580382112401,0.0015083821124010077,0.00114,0.0009404486185017639,0.001369331063663593
T-discounted_distance-W-20-HS-greedy-D-5-C-5-H-1-RUNS-100000.csv,discounted_distance,20,greedy,5,5,1,100000,1.0,74.0,28.3821,185.17205958999998,28.29775801851267,28.466441981487332,0.08434198148733074,0.0,5.0,4.58848,0.4296112896,4.584417494947538,4.592542505052461,0.004062505052461418,0.0,0.1775,0.06636237499999999,0.001125451621859375,0.06615444388278723,0.06657030611721275,0.0002079311172127618,0.0,56.2,18.207962,71.585201006556,18.155521394722523,18.260402605277473,0.05244060527747507,0.0,281.0,91.03981,1789.6300251639,90.77760697361263,91.30201302638737,0.26220302638736825,0.0,1.0,0.16381,0.1369762839,0.16151607739400337,0.16610392260599666,0.0022939226059966455,0.16381,0.16152089351338275,0.16611862317425813
T-discounted_distance-W-20-HS-greedy-D-5-C-5-H-2-RUNS-100000.csv,discounted_distance,20,greedy,5,5,2,100000,2.0,76.0,30.21734,169.8916433244,30.136552888590135,30.298127111409865,0.08078711140986528,0.0,5.0,4.66404,0.3802708783999999,4.660217895074097,4.667862104925903,0.0038221049259030693,0.0,0.1875,0.07049965,0.0010641439748775,0.07029746158554731,0.07070183841445268,0.00020218841445268643,0.0,62.0,18.562956,68.346611742064,18.51171535756957,18.61419664243043,0.05124064243042881,0.0,310.0,92.81478,1708.6652935516,92.55857678784785,93.07098321215214,0.25620321215214403,0.0,1.0,0.34872,0.09331436159999999,0.3468266525635199,0.35061334743648004,0.001893347436480064,0.08112,0.07943500559365094,0.08282933633228387
T-discounted_distance-W-20-HS-greedy-D-5-C-5-H-3-RUNS-100000.csv,discounted_distance,20,greedy,5,5,3,100000,2.0,73.0,30.97523,173.4920564471,30.893591339792522,31.056868660207478,0.0816386602074779,0.0,5.0,4.68108,0.36877003360000005,4.677316136345352,4.684843863654647,0.003763863654647537,0.0,0.18,0.07221517499999999,0.0010950331872193748,0.07201007308650277,0.07242027691349721,0.0002051019134972215,0.0,57.8,18.728664,68.33941597510402,18.67742605503633,18.779901944963665,0.05123794496366685,0.0,289.0,93.64332,1708.4853993776,93.38713027518168,93.89950972481833,0.25618972481832714,0.0,1.0,0.41369666666666666,0.07746951243333335,0.41197153803678455,0.41542179529654877,0.0017251286298821111,0.04196,0.040725625361014414,0.04322102969205268
T-discounted_distance-W-20-HS-greedy-D-5-C-5-H-4-RUNS-100000.csv,discounted_distance,20,greedy,5,5,4,100000,2.0,76.0,31.15997,177.75611959909997,31.077334177921927,31.242605822078076,0.08263582207807474,0.0,5.0,4.69176,0.3593281024,4.688044633479481,4.69547536652052,0.003715366520519403,0.0,0.185,0.072561175,0.001122409195119375,0.07235352512246644,0.07276882487753357,0.0002076498775335639,0.0,57.6,18.688464,68.200741320704,18.637278067571486,18.739649932428513,0.051185932428513325,0.0,288.0,93.44232,1705.0185330175998,93.18639033785743,93.69824966214256,0.2559296621425631,0.0,1.0,0.4469575,0.06939586819375,0.445324738023308,0.448590261976692,0.0016327619766919876,0.01831,0.017488034221288376,0.01916007047154718
T-discounted_distance-W-20-HS-greedy-D-5-C-5-H-5-RUNS-100000.csv,discounted_distance,20,greedy,5,5,5,100000,2.0,74.0,31.35637,181.2991704231,31.27291468901877,31.439825310981227,0.08345531098122905,0.0,5.0,4.68945,0.36334869750000004,4.685713905305916,4.6931860946940835,0.003736094694083647,0.0,0.18,0.073016,0.001145037619,0.07280626739602174,0.07322573260397826,0.00020973260397826043,0.0,56.2,18.781124,68.774078896624,18.7297233675633,18.832524632436698,0.05140063243669957,0.0,281.0,93.90562,1719.3519724156001,93.6486168378165,94.1626231621835,0.2570031621834943,0.0,1.0,0.46833800000000003,0.065594317756,0.46675058974713074,0.4699254102528693,0.0015874102528692924,0.0005,0.00037113170178527005,0.0006591351958566027
T-discounted_distance-W-20-HS-random-D-1-C-5-H-1-RUNS-100000.csv,discounted_distance,20,random,1,5,1,100000,1.0,67.0,17.51563,101.6128757031,17.453151521841438,17.578108478158565,0.06247847815856389,0.0,1.0,0.77906,0.17212551639999998,0.7764885463570147,0.7816314536429853,0.0025714536429852775,0.0,0.165,0.039592425,0.000626907820119375,0.039437237079021255,0.039747612920978746,0.00015518792097874573,0.0,66.0,15.94554,103.0086941084,15.882633863631055,16.008446136368946,0.06290613636894626,0.0,66.0,15.94554,103.0086941084,15.882633863631055,16.008446136368946,0.06290613636894626,0.0,1.0,0.20897,0.1653015391,0.2064500349355466,0.2114899650644534,0.0025199650644534,0.20897,0.20645354884127595,0.2115033418313189
T-discounted_distance-W-20-HS-random-D-1-C-5-H-2-RUNS-100000.csv,discounted_distance,20,random,1,5,2,100000,2.0,74.0,19.82775,124.0413999375,19.758719757207448,19.896780242792556,0.06903024279255376,0.0,1.0,0.89717,0.09225599110000003,0.8952874203458824,0.8990525796541177,0.0018825796541176443,0.0,0.18,0.044658725,0.0007800400938743749,0.044485618038134576,0.04483183196186543,0.00017310696186542684,0.0,73.0,18.00763,128.1828317831,17.937456845120234,18.077803154879764,0.07017315487976461,0.0,73.0,18.00763,128.1828317831,17.937456845120234,18.077803154879764,0.07017315487976461,0.0,1.0,0.212065,0.09958593577499998,0.21010906203862895,0.21402093796137106,0.001955937961371057,0.07705,0.07540447136406646,0.07872010935558271
T-discounted_distance-W-20-HS-random-D-1-C-5-H-3-RUNS-100000.csv,discounted_distance,20,random,1,5,3,100000,2.0,71.0,20.42616,137.17962765439998,20.353565974240496,20.498754025759503,0.07259402575950347,0.0,1.0,0.92976,0.0653063424,0.9281760781428245,0.9313439218571755,0.0015839218571754854,0.0,0.1725,0.045920525000000004,0.000855950321224375,0.04573919053681069,0.046101859463189315,0.00018133446318931157,0.0,70.0,18.52964,141.07164147039998,18.456023370229772,18.60325662977023,0.07361662977022831,0.0,70.0,18.52964,141.07164147039998,18.456023370229772,18.60325662977023,0.07361662977022831,0.0,1.0,0.21136666666666665,0.07677302111111112,0.20964931044881188,0.2130840228845214,0.0017173562178547652,0.03324,0.03213749338035371,0.03436968613213973
T-discounted_distance-W-20-HS-random-D-1-C-5-H-4-RUNS-100000.csv,discounted_distance,20,random,1,5,4,100000,2.0,72.0,20.62925,145.3423544375,20.554527366962404,20.703972633037594,0.07472263303759519,0.0,1.0,0.93748,0.05861124960000001,0.9359794635077301,0.9389805364922699,0.0015005364922698883,0.0,0.1775,0.046343100000000005,0.00090344808239,0.0461568022234886,0.04652939777651141,0.00018629777651140572,0.0,71.0,18.70425,148.8781419375,18.628623928432905,18.77987607156709,0.07562607156709333,0.0,71.0,18.70425,148.8781419375,18.628623928432905,18.77987607156709,0.07562607156709333,0.0,1.0,0.2111625,0.06577977359375,0.20957284727617084,0.21275215272382916,0.0015896527238291602,0.01248,0.011801104804832903,0.013187386496524393
T-discounted_distance-W-20-HS-random-D-1-C-5-H-5-RUNS-100000.csv,discounted_distance,20,random,1,5,5,100000,2.0,72.0,20.66604,148.2434907184,20.590575293418457,20.74150470658154,0.07546470658154192,0.0,1.0,0.93831,0.05788434390000001,0.9368187974801314,0.9398012025198685,0.001491202519868562,0.0,0.175,0.046395874999999996,0.0009184092204843749,0.04620804100783104,0.04658370899216895,0.00018783399216895647,0.0,71.0,18.7278,151.45856716,18.651521350850853,18.804078649149144,0.0762786491491454,0.0,71.0,18.7278,151.45856716,18.651521350850853,18.804078649149144,0.0762786491491454,0.0,1.0,0.210852,0.058815834096,0.20934884695302444,0.21235515304697558,0.0015031530469755694,7e-05,2.8144079025196645e-05,0.00014422140092245166
T-discounted_distance-W-20-HS-random-D-10-C-5-H-1-RUNS-100000.csv,discounted_distance,20,random,10,5,1,100000,1.0,71.0,24.74323,163.9899991671,24.663858469789204,24.822601530210797,0.07937153021079624,0.0,10.0,7.75326,6.2889393724,7.7377166446695025,7.768803355330498,0.015543355330497555,0.0,0.175,0.059203250000000006,0.0009715595644375,0.05901005726662882,0.05939644273337119,0.00019319273337118498,0.0,48.6,15.947027999999998,54.89798576721599,15.901104574373926,15.99295142562607,0.045923425626071435,0.0,486.0,159.47028,5489.798576721599,159.0110457437393,159.92951425626072,0.45923425626071435,0.0,1.0,0.56415,0.2458847775,0.5610765801438072,0.5672234198561928,0.003073419856192805,0.56415,0.5610698129519274,0.5672264656957228
T-discounted_distance-W-20-HS-random-D-10-C-5-H-2-RUNS-100000.csv,discounted_distance,20,random,10,5,2,100000,2.0,74.0,30.88155,150.1285795975,30.805606998256472,30.95749300174353,0.07594300174352853,1.0,10.0,8.98442,2.0166972636,8.975618100087,8.993221899913,0.00880189991299929,0.0,0.1825,0.07324037500000001,0.0009355569073593751,0.07305079558615685,0.07342995441384317,0.00018957941384316335,0.0,56.0,17.924291,54.502301647319,17.87853337309384,17.97004862690616,0.04575762690615903,0.0,560.0,179.24291,5450.230164731899,178.7853337309384,179.7004862690616,0.45757626906160453,0.0,1.0,0.559775,0.130564449375,0.5575354098841105,0.5620145901158895,0.002239590115889478,0.32805,0.32514006372704446,0.33096991232618483
T-discounted_distance-W-20-HS-random-D-10-C-5-H-3-RUNS-100000.csv,discounted_distance,20,random,10,5,3,100000,2.0,76.0,33.41018,154.8283323676,33.33305746622268,33.48730253377732,0.07712253377732026,2.0,10.0,9.29595,1.1007635975,9.289447159515907,9.302452840484092,0.0065028404840923315,0.0,0.185,0.0788754,0.00098508489984,0.0786808671711195,0.0790699328288805,0.00019453282888050316,0.0,50.9,18.496773,56.314186886471,18.450261003661094,18.543284996338908,0.046511996338907124,0.0,509.0,184.96773,5631.418688647101,184.5026100366109,185.4328499633891,0.46511996338909967,0.0,1.0,0.56178,0.08973656493333333,0.5599233040425317,0.5636366959574682,0.0018566959574682906,0.18005,0.17767287138171112,0.18244570056745324
T-discounted_distance-W-20-HS-random-D-10-C-5-H-4-RUNS-100000.csv,discounted_distance,20,random,10,5,4,100000,2.0,75.0,34.67109,164.5811482119,34.591575539744596,34.7506044602554,0.07951446025540321,4.0,10.0,9.37484,0.9110149744,9.368924127177115,9.380755872822887,0.005915872822885859,0.0,0.1825,0.081656225,0.001051741981249375,0.08145521823406493,0.08185723176593507,0.00020100676593506894,0.0,53.2,18.716526,57.613744091323994,18.66948038816412,18.763571611835882,0.04704561183588041,0.0,532.0,187.16526,5761.3744091324,186.69480388164118,187.6357161183588,0.4704561183588112,0.0,1.0,0.5625675,0.07050968294375,0.560921687137015,0.564213312862985,0.001645812862985041,0.07967,0.07799891660787546,0.08136551036620054
T-discounted_distance-W-20-HS-random-D-10-C-5-H-5-RUNS-100000.csv,discounted_distance,20,random,10,5,5,100000,2.0,74.0,35.30599,175.0877801199,35.22397675618483,35.38800324381517,0.08201324381516883,3.0,10.0,9.38207,0.8975725151,9.376197935138295,9.387942064861706,0.005872064861705439,0.0,0.1825,0.083009875,0.001116438089984375,0.08280277819735728,0.08321697180264272,0.00020709680264272,0.0,59.7,18.791401,58.148364957199,18.74413761471926,18.83866438528074,0.04726338528073981,0.0,597.0,187.91401,5814.8364957199,187.44137614719259,188.3866438528074,0.4726338528074052,0.0,1.0,0.561026,0.058897427324,0.5595218046775505,0.5625301953224495,0.0015041953224494975,0.00114,0.0009404486185017639,0.001369331063663593
T-discounted_distance-W-20-HS-random-D-5-C-5-H-1-RUNS-100000.csv,discounted_distance,20,random,5,5,1,100000,1.0,71.0,23.2485,149.49390774999998,23.172717693620978,23.324282306379022,0.07578230637902195,0.0,5.0,3.87931,1.8877239238999999,3.8707942027818563,3.8878257972181434,0.00851579721814355,0.0,0.17,0.05501422500000001,0.0008919331101493751,0.05482911826765486,0.055199331732345154,0.00018510673234514718,0.0,56.8,15.984634000000002,60.72364188604401,15.93633535170945,16.03293264829055,0.048298648290549195,0.0,284.0,79.92317,1518.0910471511,79.68167675854725,80.16466324145274,0.2414932414527442,0.0,1.0,0.46785,0.24896637750000003,0.4647573809872472,0.47094261901275275,0.003092619012752762,0.46785,0.46475340780781205,0.47094845719379674
T-discounted_distance-W-20-HS-random-D-5-C-5-H-2-RUNS-100000.csv,discounted_distance,20,random,5,5,2,100000,2.0,75.0,28.31552,147.9528271296,28.240129312199645,28.390910687800353,0.07539068780035407,0.0,5.0,4.49318,0.6969334876,4.488005698418178,4.498354301581822,0.005174301581821972,0.0,0.185,0.066418625,0.0009284254406093751,0.0662297695215874,0.06660748047841258,0.00018885547841258898,0.0,58.0,17.969808,62.260450843136006,17.920901993420134,18.018714006579867,0.0489060065798661,0.0,290.0,89.84904,1556.5112710784001,89.60450996710067,90.09357003289934,0.24453003289933406,0.0,1.0,0.470245,0.13406713997500003,0.4679755676372098,0.4725144323627902,0.0022694323627902024,0.24015,0.2375049596299421,0.24281011952550627
T-discounted_distance-W-20-HS-random-D-5-C-5-H-3-RUNS-100000.csv,discounted_distance,20,random,5,5,3,100000,2.0,74.0,30.21196,159.34291295839998,30.13372115194988,30.29019884805012,0.07823884805011971,0.0,5.0,4.64457,0.4302195151,4.640504620203218,4.648635379796782,0.004065379796782231,0.0,0.18,0.07058455,0.0010114350512974999,0.07038743255041563,0.07078166744958436,0.0001971174495843664,0.0,61.8,18.526842,65.282897107036,18.476762984681564,18.576921015318433,0.05007901531843473,0.0,309.0,92.63421,1632.0724276759,92.38381492340783,92.88460507659217,0.2503950765921701,0.0,1.0,0.47085,0.09603916638888887,0.46892920833612917,0.4727707916638708,0.0019207916638708245,0.12311,0.12107953127350876,0.125162356111681
T-discounted_distance-W-20-HS-random-D-5-C-5-H-4-RUNS-100000.csv,discounted_distance,20,random,5,5,4,100000,2.0,73.0,31.0529,172.61714159000002,30.971467450541436,31.134332549458566,0.08143254945856526,0.0,5.0,4.68815,0.3638395775,4.684411382446781,4.69188861755322,0.00373861755321947,0.0,0.1775,0.072411225,0.001092649181499375,0.0722063464726808,0.07261610352731919,0.00020487852731919387,0.0,57.4,18.735082000000002,67.603544453276,18.68412066403128,18.786043335968724,0.05096133596872221,0.0,287.0,93.67541,1690.0886113318998,93.42060332015639,93.93021667984361,0.25480667984361105,0.0,1.0,0.4699225,0.07693721899375001,0.4682033082698943,0.4716416917301057,0.001719191730105707,0.05086,0.04950627959880613,0.05223984544065861
T-discounted_distance-W-20-HS-random-D-5-C-5-H-5-RUNS-100000.csv,discounted_distance,20,random,5,5,5,100000,2.0,76.0,31.42047,182.25051497910002,31.336796014894492,31.50414398510551,0.08367398510550927,0.0,5.0,4.69007,0.3616733950999999,4.686342528317189,4.693797471682812,0.0037274716828115118,0.0,0.1875,0.07316887500000001,0.001149620293734375,0.0729587231187234,0.07337902688127662,0.00021015188127661288,0.0,57.0,18.805054000000002,69.234972457084,18.75348142296616,18.856626577033843,0.05157257703384133,0.0,285.0,94.02527,1730.8743114270997,93.7674071148308,94.28313288516921,0.2578628851692031,0.0,1.0,0.46877199999999997,0.06551361201599999,0.4671855666042324,0.47035843339576755,0.0015864333957675836,0.00051,0.0003797513375646631,0.0006705019792507157
T-discounted_distance-W-20-HS-weighted-D-1-C-5-H-1-RUNS-100000.csv,discounted_distance,20,weighted,1,5,1,100000,1.0,70.0,19.39373,129.0360666871,19.32332368254303,19.464136317456973,0.07040631745697112,0.0,1.0,0.88273,0.10351774710000002,0.8807358240367025,0.8847241759632976,0.0019941759632975398,0.0,0.17,0.043636175000000006,0.0007957434188693751,0.04346133427482625,0.04381101572517376,0.00017484072517375687,0.0,69.0,17.59268,130.87549041760002,17.52177363329092,17.663586366709083,0.07090636670908168,0.0,69.0,17.59268,130.87549041760002,17.52177363329092,17.663586366709083,0.07090636670908168,0.0,1.0,0.08168,0.07500837760000001,0.07998249540976127,0.08337750459023874,0.0016975045902387353,0.08168,0.07998967613276019,0.08339463295384063
T-discounted_distance-W-20-HS-weighted-D-1-C-5-H-2-RUNS-100000.csv,discounted_distance,20,weighted,1,5,2,100000,2.0,74.0,20.3143,138.24925550999998,20.24142350584947,20.38717649415053,0.0728764941505311,0.0,1.0,0.92799,0.0668245599,0.9263877727086588,0.9295922272913412,0.001602227291341185,0.0,0.1825,0.045636175,0.000859391593869375,0.04545447638286138,0.04581787361713862,0.00018169861713861896,0.0,73.0,18.4131,141.54774839,18.339359249378987,18.486840750621013,0.07374075062101326,0.0,73.0,18.4131,141.54774839,18.339359249378987,18.486840750621013,0.07374075062101326,0.0,1.0,0.15449,0.0667728399,0.15288839286415226,0.15609160713584772,0.0016016071358477268,0.02679,0.025797965035458285,0.027809607994524883
T-discounted_distance-W-20-HS-weighted-D-1-C-5-H-3-RUNS-100000.csv,discounted_distance,20,weighted,1,5,3,100000,2.0,71.0,20.56088,145.01415362560002,20.486241781065726,20.635518218934276,0.07463821893427536,0.0,1.0,0.93484,0.06091417439999999,0.9333102683491049,0.9363697316508951,0.0015297316508950942,0.0,0.175,0.046183525,0.0009009029560743749,0.04599748982063719,0.04636956017936281,0.0001860351793628104,0.0,70.0,18.63814,148.4816973404,18.562614687123926,18.713665312876074,0.07552531287607422,0.0,70.0,18.63814,148.4816973404,18.562614687123926,18.713665312876074,0.07552531287607422,0.0,1.0,0.18296,0.0626878606222222,0.1814081569494104,0.18451184305058962,0.001551843050589613,0.0121,0.011431542357665794,0.012796975307224137
T-discounted_distance-W-20-HS-weighted-D-1-C-5-H-4-RUNS-100000.csv,discounted_distance,20,weighted,1,5,4,100000,2.0,69.0,20.6717,148.01997911,20.596292205194093,20.74710779480591,0.07540779480590842,0.0,1.0,0.93675,0.0592494375,0.9352413163383266,0.9382586836616733,0.001508683661673338,0.0,0.1675,0.04642785,0.0009179869943775,0.0462400591898521,0.0466156408101479,0.00018779081014790033,0.0,68.0,18.74016,151.4207831744,18.663890865965136,18.816429134034863,0.07626913403486313,0.0,68.0,18.74016,151.4207831744,18.663890865965136,18.816429134034863,0.07626913403486313,0.0,1.0,0.2001025,0.06051086449375,0.1985778409002692,0.20162715909973078,0.0015246590997307907,0.00521,0.004773197756500308,0.005675866540948282
T-discounted_distance-W-20-HS-weighted-D-1-C-5-H-5-RUNS-100000.csv,discounted_distance,20,weighted,1,5,5,100000,2.0,72.0,20.71037,149.32954446309998,20.634629365066733,20.78611063493327,0.07574063493326832,0.0,1.0,0.93861,0.05762126789999998,0.9371221899893984,0.9400978100106017,0.001487810010601609,0.0,0.1775,0.046512325,0.0009249140605943751,0.046323826993241855,0.046700823006758145,0.00018849800675814488,0.0,71.0,18.77185,152.5394775775,18.695299646828918,18.848400353171083,0.07655035317108272,0.0,71.0,18.77185,152.5394775775,18.695299646828918,18.848400353171083,0.07655035317108272,0.0,1.0,0.21080400000000002,0.05871207358400001,0.20930217343917384,0.2123058265608262,0.001501826560826175,9e-05,4.1154529982397736e-05,0.00017084112819377723
T-discounted_distance-W-20-HS-weighted-D-10-C-5-H-1-RUNS-100000.csv,discounted_distance,20,weighted,10,5,1,100000,1.0,75.0,28.5861,199.50338679,28.498555028088845,28.673644971911152,0.08754497191115362,0.0,10.0,8.80728,2.7360390015999996,8.797027796613143,8.817532203386858,0.010252203386857062,0.0,0.1825,0.0678822,0.0011843927981600002,0.0676688935684652,0.06809550643153481,0.00021330643153480433,0.0,55.4,17.609807,62.008974322750994,17.560999861612437,17.658614138387563,0.04880713838756279,0.0,554.0,176.09807,6200.8974322751,175.60999861612436,176.58614138387566,0.4880713838756492,0.0,1.0,0.35555,0.22913419749999994,0.35258311285500105,0.3585168871449989,0.002966887144998931,0.35555,0.3525823917807598,0.3585259884353498
T-discounted_distance-W-20-HS-weighted-D-10-C-5-H-2-RUNS-100000.csv,discounted_distance,20,weighted,10,5,2,100000,2.0,74.0,32.7648,166.92960096000002,32.68472024256731,32.84487975743269,0.08007975743269213,0.0,10.0,9.26393,1.1124109550999999,9.257392846242354,9.270467153757647,0.006537153757646408,0.0,0.18,0.07738967499999999,0.001041913515894375,0.07718960963661442,0.07758974036338556,0.0002000653633855709,0.0,51.3,18.463211,58.672540069479,18.415735066103878,18.510686933896125,0.04747593389612348,0.0,513.0,184.63211,5867.2540069479,184.15735066103878,185.10686933896125,0.4747593389612348,0.0,1.0,0.4719,0.10406038999999999,0.4699006041056759,0.47389939589432406,0.001999395894324074,0.1816,0.179214859587393,0.184003622218854
T-discounted_distance-W-20-HS-weighted-D-10-C-5-H-3-RUNS-100000.csv,discounted_distance,20,weighted,10,5,3,100000,2.0,72.0,34.20002,165.7967719996,34.12021242646756,34.279827573532444,0.07980757353244172,2.0,10.0,9.35921,0.9249181759000003,9.353249156381402,9.365170843618596,0.005960843618597167,0.0,0.1775,0.0805792,0.00105250302736,0.0803781205224319,0.0807802794775681,0.00020107947756810296,0.0,55.2,18.651857000000003,58.365512151551,18.604505447598694,18.699208552401313,0.047351552401309505,0.0,552.0,186.51857,5836.551215155099,186.04505447598692,186.9920855240131,0.47351552401309505,0.0,1.0,0.5194933333333333,0.07574667662222222,0.5177874950264826,0.5211991716401839,0.001705838306850671,0.09622,0.094398998476042,0.09806445918219657
T-discounted_distance-W-20-HS-weighted-D-10-C-5-H-4-RUNS-100000.csv,discounted_distance,20,weighted,10,5,4,100000,2.0,76.0,34.93189,169.8553710279,34.85111151317704,35.01266848682297,0.08077848682296462,3.0,10.0,9.37633,0.9076857311,9.370424946651728,9.382235053348271,0.005905053348271849,0.0,0.1875,0.08220984999999999,0.0010836500629775,0.0820058169124398,0.08241388308756017,0.00020403308756018756,0.0,52.5,18.750407000000003,58.105890834350994,18.70316087950009,18.797653120499916,0.0472461204999135,0.0,525.0,187.50407,5810.589083435099,187.03160879500086,187.97653120499916,0.47246120499914923,0.0,1.0,0.54504,0.0642526484,0.5434689081055093,0.5466110918944906,0.0015710918944906727,0.04112,0.03989761207696369,0.04236909323135992
T-discounted_distance-W-20-HS-weighted-D-10-C-5-H-5-RUNS-100000.csv,discounted_distance,20,weighted,10,5,5,100000,2.0,75.0,35.25449,175.6760848399,35.172339087191865,35.33664091280813,0.08215091280813169,3.0,10.0,9.37789,0.9143691478999999,9.371963246657257,9.383816753342744,0.005926753342743396,0.0,0.1825,0.082872075,0.001119158747694375,0.08266472601289993,0.08307942398710008,0.00020734898710007832,0.0,50.6,18.765643999999998,58.504371665263996,18.71823615316118,18.813051846838817,0.04740784683881927,0.0,506.0,187.65644,5850.4371665264,187.18236153161183,188.13051846838817,0.47407846838817136,0.0,1.0,0.56016,0.0591591744,0.5586524659726061,0.5616675340273939,0.0015075340273938975,0.00106,0.0008679202165763501,0.0012818971074499601
T-discounted_distance-W-20-HS-weighted-D-5-C-5-H-1-RUNS-100000.csv,discounted_distance,20,weighted,5,5,1,100000,1.0,73.0,26.98589,181.2570509079,26.902444383771957,27.069335616228045,0.08344561622804392,0.0,5.0,4.40248,0.9032498496,4.39658939339098,4.40837060660902,0.005890606609019855,0.0,0.17,0.06324945,0.0010897910746975,0.06304483960455153,0.06345406039544847,0.00020461039544847348,0.0,61.0,17.580254,69.267600095484,17.52866927236412,17.63183872763588,0.05158472763588051,0.0,305.0,87.90127,1731.6900023870999,87.64334636182059,88.1591936381794,0.2579236381794061,0.0,1.0,0.24183,0.18334825109999997,0.2391760394851736,0.24448396051482638,0.0026539605148263867,0.24183,0.23917860504493635,0.24449637653063103
T-discounted_distance-W-20-HS-weighted-D-5-C-5-H-2-RUNS-100000.csv,discounted_distance,20,weighted,5,5,2,100000,2.0,76.0,29.91348,167.0161342896,29.833379489297077,29.993580510702923,0.08010051070292334,0.0,5.0,4.63402,0.43557863960000004,4.629929377917862,4.638110622082137,0.004090622082137507,0.0,0.185,0.06985490000000001,0.00104659407099,0.06965438576651233,0.0700554142334877,0.00020051423348768638,0.0,56.0,18.457556,67.49995770686401,18.40663372221054,18.50847827778946,0.05092227778946068,0.0,280.0,92.28778,1687.4989426716,92.0331686110527,92.5423913889473,0.2546113889472963,0.0,1.0,0.370675,0.10226254437499999,0.36869295108417827,0.3726570489158217,0.0019820489158217103,0.10865,0.10672756978549996,0.11059516145286219
T-discounted_distance-W-20-HS-weighted-D-5-C-5-H-3-RUNS-100000.csv,discounted_distance,20,weighted,5,5,3,100000,2.0,73.0,30.7615,171.15101775,30.68041401170434,30.842585988295664,0.08108598829566205,0.0,5.0,4.68004,0.3698655984,4.676270549532341,4.683809450467659,0.0037694504676588636,0.0,0.18,0.071726325,0.001082182989494375,0.07152243007185215,0.07193021992814784,0.00020389492814784638,0.0,60.6,18.640083999999998,68.092851672944,18.588938570195687,18.69122942980431,0.05114542980431125,0.0,303.0,93.20042,1702.3212918236,92.94469285097843,93.45614714902156,0.2557271490215669,0.0,1.0,0.42384666666666665,0.08078289204444444,0.4220850323173253,0.425608301016008,0.0017616343493413456,0.05497,0.053565275680070586,0.05640060579037127
T-discounted_distance-W-20-HS-weighted-D-5-C-5-H-4-RUNS-100000.csv,discounted_distance,20,weighted,5,5,4,100000,2.0,75.0,31.12444,178.7927546864,31.04156357111921,31.20731642888079,0.08287642888079105,0.0,5.0,4.6898,0.36067595999999996,4.68607767173944,4.69352232826056,0.0037223282605598484,0.0,0.18,0.072502325,0.001129200682094375,0.07229404784473967,0.07271060215526035,0.00020827715526033908,0.0,63.4,18.726232,69.142024682176,18.674694052619547,18.777769947380452,0.05153794738045292,0.0,317.0,93.63116,1728.5506170544,93.37347026309773,93.88884973690226,0.2576897369022646,0.0,1.0,0.4498175,0.07134484169375001,0.4481619688349333,0.45147303116506665,0.0016555311650666704,0.02284,0.02192292724052592,0.023784890666355897
T-discounted_distance-W-20-HS-weighted-D-5-C-5-H-5-RUNS-100000.csv,discounted_distance,20,weighted,5,5,5,100000,2.0,73.0,31.41686,182.91324774039998,31.333034017600774,31.500685982399226,0.083825982399226,1.0,5.0,4.68744,0.3653862464000001,4.683693444509726,4.691186555490273,0.0037465554902738063,0.0,0.1775,0.07318614999999999,0.0011549426981775,0.07297551220972202,0.07339678779027796,0.0002106377902779677,0.0,55.8,18.787286,68.898502754204,18.7358388923864,18.838733107613603,0.05144710761360116,0.0,279.0,93.93643,1722.4625688551,93.679194461932,94.193665538068,0.25723553806800226,0.0,1.0,0.4689640000000001,0.06579756670400001,0.4673741322940255,0.4705538677059747,0.0015898677059745792,0.0005,0.00037113170178527005,0.0006591351958566027
T-discounted_distance_reverse-W-20-HS-greedy-D-1-C-5-H-1-RUNS-100000.csv,discounted_distance_reverse,20,greedy,1,5,1,100000,1.0,77.0,19.74264,123.77928583039999,19.673682730300133,19.81159726969987,0.06895726969986882,0.0,1.0,0.92929,0.06571009589999997,0.9277011894247285,0.9308788105752714,0.0015888105752714932,0.0,0.1875,0.0443024,0.00075791997924,0.04413176514446783,0.04447303485553217,0.00017063485553216878,0.0,76.0,17.87066,125.2320711644,17.801299238427973,17.94002076157203,0.0693607615720282,0.0,76.0,17.87066,125.2320711644,17.801299238427973,17.94002076157203,0.0693607615720282,0.0,1.0,0.05731,0.05402556389999999,0.05586935914857922,0.05875064085142078,0.001440640851420781,0.05731,0.05587724081364118,0.058768502242087683
T-discounted_distance_reverse-W-20-HS-greedy-D-1-C-5-H-2-RUNS-100000.csv,discounted_distance_reverse,20,greedy,1,5,2,100000,2.0,82.0,20.33276,133.1358907824,20.261243929216597,20.404276070783403,0.07151607078340305,0.0,1.0,0.95767,0.04053817109999999,0.956422075971472,0.958917924028528,0.0012479240285280246,0.0,0.195,0.045593475,0.0008181615999243749,0.04541618851991002,0.04577076148008998,0.00017728648008998038,0.0,81.0,18.39999,135.3377779999,18.327884964949426,18.47209503505057,0.07210503505057275,0.0,81.0,18.39999,135.3377779999,18.327884964949426,18.47209503505057,0.07210503505057275,0.0,1.0,0.12003,0.05805779910000003,0.11853656489587742,0.12152343510412257,0.001493435104122573,0.0249,0.023943031471325957,0.025884658258319607
T-discounted_distance_reverse-W-20-HS-greedy-D-1-C-5-H-3-RUNS-100000.csv,discounted_distance_reverse,20,greedy,1,5,3,100000,2.0,88.0,20.5151,136.95397198999999,20.442565706124842,20.58763429387516,0.07253429387515808,0.0,1.0,0.96437,0.034360503099999995,0.9632210904791544,0.9655189095208455,0.0011489095208455646,0.0,0.215,0.045984475000000004,0.000840212121474375,0.045804815352726166,0.04616413464727384,0.00017965964727383738,0.0,87.0,18.56332,139.11317057760002,18.49021615905502,18.636423840944982,0.0731038409449809,0.0,87.0,18.56332,139.11317057760002,18.49021615905502,18.636423840944982,0.0731038409449809,0.0,1.0,0.14112,0.052485145599999984,0.1397000460030798,0.14253995399692018,0.0014199539969201869,0.01259,0.011908114268331068,0.013300369437879284
T-discounted_distance_reverse-W-20-HS-greedy-D-1-C-5-H-4-RUNS-100000.csv,discounted_distance_reverse,20,greedy,1,5,4,100000,2.0,80.0,20.57664,141.47262631040002,20.50291881978468,20.650361180215324,0.07372118021532259,0.0,1.0,0.9656,0.03321664,0.9644703759730601,0.96672962402694,0.001129624026939946,0.0,0.1975,0.046116700000000004,0.00086754848111,0.045934141126070735,0.04629925887392927,0.00018255887392926856,0.0,79.0,18.61682,143.5602730876,18.542556876910993,18.691083123089008,0.07426312308900762,0.0,79.0,18.61682,143.5602730876,18.542556876910993,18.691083123089008,0.07426312308900762,0.0,1.0,0.151775,0.049100599375000005,0.15040159233088277,0.15314840766911722,0.001373407669117227,0.00578,0.005319537550661273,0.006269472130370076
T-discounted_distance_reverse-W-20-HS-greedy-D-1-C-5-H-5-RUNS-100000.csv,discounted_distance_reverse,20,greedy,1,5,5,100000,2.0,82.0,20.66375,143.4806259375,20.589507480336298,20.737992519663702,0.07424251966370221,0.0,1.0,0.96577,0.03305830709999999,0.9646430714638659,0.9668969285361342,0.001126928536134164,0.0,0.1975,0.046305375,0.0008771805586093749,0.04612180548090836,0.04648894451909165,0.00018356951909164615,0.0,81.0,18.69808,145.4277643136,18.623335414952848,18.772824585047154,0.07474458504715287,0.0,81.0,18.69808,145.4277643136,18.623335414952848,18.772824585047154,0.07474458504715287,0.0,1.0,0.160318,0.04677053887600001,0.1589775758054032,0.16165842419459678,0.0013404241945967899,0.0001,4.795489513290308e-05,0.00018389584537648336
T-discounted_distance_reverse-W-20-HS-greedy-D-10-C-5-H-1-RUNS-100000.csv,discounted_distance_reverse,20,greedy,10,5,1,100000,1.0,81.0,27.73525,178.1410574375,27.652524750755777,27.817975249244224,0.08272524924422342,3.0,10.0,9.28913,0.7868938431000002,9.28363188087829,9.294628119121711,0.005498119121710943,0.0,0.1975,0.065742175,0.001042665238769375,0.06554203747774952,0.06594231252225048,0.00020013752225048198,0.0,52.9,17.864838,54.58252923375601,17.819046707781457,17.91062929221854,0.04579129221854217,0.0,529.0,178.64838,5458.2529233755995,178.1904670778146,179.10629292218542,0.4579129221854146,0.0,1.0,0.42016,0.24362557440000002,0.41710073210291243,0.4232192678970875,0.0030592678970875475,0.42016,0.4170981407591984,0.4232264908187842
T-discounted_distance_reverse-W-20-HS-greedy-D-10-C-5-H-2-RUNS-100000.csv,discounted_distance_reverse,20,greedy,10,5,2,100000,2.0,85.0,32.24665,163.6862137775,32.16735202027494,32.325947979725065,0.07929797972506236,2.0,10.0,9.56759,0.5297515918999999,9.563078798701627,9.572101201298372,0.004511201298372569,0.0,0.21,0.075761975,0.0010101448315993748,0.07556498331527518,0.07595896668472481,0.0001969916847248121,0.0,54.1,18.385758,53.482923365436,18.34043030444853,18.431085695551467,0.04532769555146743,0.0,541.0,183.85758,5348.2923365436,183.40430304448532,184.3108569555147,0.4532769555146956,0.0,1.0,0.450735,0.125600459775,0.4485383964256798,0.4529316035743202,0.0021966035743202217,0.20679,0.20428333863200218,0.20931367873546383
T-discounted_distance_reverse-W-20-HS-greedy-D-10-C-5-H-3-RUNS-100000.csv,discounted_distance_reverse,20,greedy,10,5,3,100000,2.0,84.0,33.78049,168.8152053599,33.69995922992355,33.86102077007645,0.08053077007645015,4.0,10.0,9.64092,0.46070155360000004,9.63671306395543,9.64512693604457,0.004206936044569787,0.0,0.2075,0.07909702499999999,0.001053310698649375,0.07889586838489794,0.07929818161510203,0.00020115661510204663,0.0,52.2,18.562154,53.223957280284,18.51693617671228,18.607371823287718,0.04521782328771806,0.0,522.0,185.62154,5322.3957280284,185.1693617671228,186.0737182328772,0.45217823287720194,0.0,1.0,0.46193666666666666,0.0937956271,0.4600384430732316,0.4638348902601017,0.0018982235934350555,0.11101,0.10906924891924384,0.11297334451632315
T-discounted_distance_reverse-W-20-HS-greedy-D-10-C-5-H-4-RUNS-100000.csv,discounted_distance_reverse,20,greedy,10,5,4,100000,2.0,85.0,34.50801,178.7791358399,34.425136727575016,34.59088327242498,0.08287327242498321,3.0,10.0,9.65539,0.4529939479000001,9.651218403722492,9.65956159627751,0.004171596277508627,0.0,0.2,0.080726325,0.001119706764494375,0.08051892525297794,0.08093372474702207,0.0002073997470220662,0.0,52.3,18.638368,53.775016296576,18.59291669610177,18.68381930389823,0.045451303898229156,0.0,523.0,186.38368,5377.5016296576,185.9291669610177,186.8381930389823,0.45451303898229867,0.0,1.0,0.4666175,0.07981498369375,0.46486645105334573,0.4683685489466543,0.0017510489466542878,0.04977,0.04843020919639721,0.05113598054946098
T-discounted_distance_reverse-W-20-HS-greedy-D-10-C-5-H-5-RUNS-100000.csv,discounted_distance_reverse,20,greedy,10,5,5,100000,2.0,82.0,35.01915,186.44654327749998,34.93451826596041,35.10378173403959,0.0846317340395899,3.0,10.0,9.65487,0.45231528309999997,9.650701529787133,9.659038470212868,0.004168470212867703,0.0,0.2,0.08183520000000001,0.0011635237909599998,0.08162378115042997,0.08204661884957005,0.0002114188495700442,0.0,51.2,18.696914,53.818158276603995,18.651444467691498,18.7423835323085,0.045469532308501925,0.0,512.0,186.96914,5381.815827660401,186.514444676915,187.42383532308503,0.45469532308501925,0.0,1.0,0.47094,0.07161631639999999,0.4692813220894874,0.47259867791051263,0.001658677910512607,0.00118,0.0009768116154010057,0.001412950503462143
T-discounted_distance_reverse-W-20-HS-greedy-D-5-C-5-H-1-RUNS-100000.csv,discounted_distance_reverse,20,greedy,5,5,1,100000,1.0,82.0,26.57853,161.82043303909998,26.49968525537089,26.657374744629113,0.07884474462911228,0.0,5.0,4.64513,0.35971728310000006,4.641412622006364,4.648847377993636,0.0037173779936363616,0.0,0.2025,0.06205195000000001,0.0009651666261975,0.06185939392735621,0.062244506072643806,0.0001925560726437972,0.0,62.2,17.834928,62.398375234816,17.785967853114798,17.883888146885205,0.04896014688520367,0.0,311.0,89.17464,1559.9593808704,88.92983926557397,89.41944073442602,0.2448007344260219,0.0,1.0,0.24857,0.18678295510000004,0.245891296208402,0.251248703791598,0.002678703791598014,0.24857,0.24589366717138625,0.25126092294727975
T-discounted_distance_reverse-W-20-HS-greedy-D-5-C-5-H-2-RUNS-100000.csv,discounted_distance_reverse,20,greedy,5,5,2,100000,2.0,80.0,29.24085,161.0416812775,29.16219520213009,29.319504797869907,0.07865479786990903,0.0,5.0,4.78409,0.23365287190000003,4.7810940012138,4.7870859987862,0.002995998786199827,0.0,0.1975,0.067924475,0.000996724133474375,0.06772879629826792,0.06812015370173208,0.0001956787017320799,0.0,65.2,18.397338,62.339498113756,18.348400957184378,18.446275042815625,0.0489370428156235,0.0,326.0,91.98669,1558.4874528438997,91.74200478592188,92.23137521407811,0.2446852140781175,0.0,1.0,0.3262,0.11395856,0.3241076730559112,0.3282923269440888,0.002092326944088785,0.11453,0.11256243786370107,0.11651995009592925
T-discounted_distance_reverse-W-20-HS-greedy-D-5-C-5-H-3-RUNS-100000.csv,discounted_distance_reverse,20,greedy,5,5,3,100000,2.0,81.0,30.1244,168.86328464000002,30.043857762989038,30.204942237010965,0.08054223701096319,0.0,5.0,4.81961,0.2007094479,4.8168332295466625,4.822386770453337,0.0027767704533374626,0.0,0.1975,0.069836825,0.0010487153114193749,0.06963610766790462,0.07003754233209539,0.000200717332095382,0.0,60.0,18.5725,62.594229350000006,18.523463076006855,18.621536923993148,0.049036923993146075,0.0,300.0,92.8625,1564.85573375,92.61731538003427,93.10768461996572,0.24518461996572682,0.0,1.0,0.35153,0.08947443687777777,0.34967601780831187,0.35338398219168815,0.0018539821916881416,0.05874,0.05729044362100995,0.06021521493071228
T-discounted_distance_reverse-W-20-HS-greedy-D-5-C-5-H-4-RUNS-100000.csv,discounted_distance_reverse,20,greedy,5,5,4,100000,2.0,80.0,30.55311,177.90917932790003,30.470438608134007,30.635781391865994,0.08267139186599337,0.0,5.0,4.82854,0.1907214684,4.825833201904453,4.831246798095547,0.0027067980955468585,0.0,0.1975,0.070788925,0.001103144784844375,0.07058306482887751,0.0709947851711225,0.00020586017112249333,0.0,60.4,18.67496,63.2861361984,18.625652797603212,18.724267202396785,0.04930720239678621,0.0,302.0,93.3748,1582.15340496,93.12826398801606,93.62133601198393,0.2465360119839346,0.0,1.0,0.36416,0.07805124440000001,0.3624284063395616,0.3658915936604384,0.001731593660438402,0.02603,0.025051899772096813,0.027035720091759273
T-discounted_distance_reverse-W-20-HS-greedy-D-5-C-5-H-5-RUNS-100000.csv,discounted_distance_reverse,20,greedy,5,5,5,100000,2.0,82.0,30.78551,184.5760840399,30.701303855067003,30.869716144932994,0.08420614493299539,0.0,5.0,4.82916,0.19269369439999998,4.826439242575298,4.831880757424702,0.002720757424701681,0.0,0.2025,0.071279025,0.0011417870325493749,0.07106959030697514,0.07148845969302485,0.00020943469302485418,0.0,63.0,18.731241999999998,64.624632737436,18.681416104210346,18.78106789578965,0.04982589578965246,0.0,315.0,93.65621,1615.6158184359,93.40708052105174,93.90533947894826,0.24912947894826232,0.0,1.0,0.37159800000000004,0.071408926396,0.36994172547069376,0.3732542745293063,0.0016562745293062786,0.00058,0.00044044685738539173,0.0007497208415830912
T-discounted_distance_reverse-W-20-HS-random-D-1-C-5-H-1-RUNS-100000.csv,discounted_distance_reverse,20,random,1,5,1,100000,1.0,75.0,17.85591,104.51746807190001,17.792544843538032,17.91927515646197,0.06336515646196972,0.0,1.0,0.83422,0.1382969916,0.8319150450700056,0.8365249549299943,0.002304954929994385,0.0,0.185,0.040176375,0.000631889579359375,0.04002057169425628,0.04033217830574372,0.00015580330574371803,0.0,74.0,16.18061,103.9811500279,16.117407627738576,16.243812372261427,0.06320237226142567,0.0,74.0,16.18061,103.9811500279,16.117407627738576,16.243812372261427,0.06320237226142567,0.0,1.0,0.15892,0.13366443360000002,0.15665397862296546,0.16118602137703456,0.0022660213770345494,0.15892,0.1566589356656295,0.16120086560022626
T-discounted_distance_reverse-W-20-HS-random-D-1-C-5-H-2-RUNS-100000.csv,discounted_distance_reverse,20,random,1,5,2,100000,2.0,77.0,19.88849,122.2080755199,19.819971787609628,19.957008212390374,0.06851821239037292,0.0,1.0,0.93452,0.061192369600000004,0.9329867791840203,0.9360532208159797,0.00153322081597973,0.0,0.1825,0.04462445,0.0007516399621974999,0.04445452354300234,0.044794376456997666,0.00016992645699766273,0.0,76.0,18.00594,124.36070471640001,17.93682096620767,18.07505903379233,0.06911903379232953,0.0,76.0,18.00594,124.36070471640001,17.93682096620767,18.07505903379233,0.06911903379232953,0.0,1.0,0.16113,0.08058712309999998,0.1593705015143486,0.1628894984856514,0.0017594984856514062,0.05197,0.05060227278806255,0.05336378640778132
T-discounted_distance_reverse-W-20-HS-random-D-1-C-5-H-3-RUNS-100000.csv,discounted_distance_reverse,20,random,1,5,3,100000,2.0,81.0,20.32998,133.6020131996,20.258338846051476,20.401621153948522,0.07164115394852288,0.0,1.0,0.95934,0.0390067644,0.9581158742461697,0.9605641257538302,0.0012241257538302408,0.0,0.2,0.045561025,0.0008205010634493749,0.04538348523303645,0.045738564766963544,0.00017753976696354562,0.0,80.0,18.39096,135.8248102784,18.318725341340496,18.463194658659503,0.07223465865950374,0.0,80.0,18.39096,135.8248102784,18.318725341340496,18.463194658659503,0.07223465865950374,0.0,1.0,0.16028,0.061456988266666665,0.15874346765043743,0.1618165323495626,0.0015365323495625804,0.02032,0.01945444896388136,0.021213527490276586
T-discounted_distance_reverse-W-20-HS-random-D-1-C-5-H-4-RUNS-100000.csv,discounted_distance_reverse,20,random,1,5,4,100000,2.0,82.0,20.57844,139.9258671664,20.505122934366792,20.65175706563321,0.0733170656332085,0.0,1.0,0.96551,0.03330043990000001,0.9643789519465564,0.9666410480534435,0.0011310480534435507,0.0,0.1975,0.046115725,0.000856124720224375,0.045934372064396135,0.04629707793560387,0.0001813529356038679,0.0,81.0,18.62013,141.96604878309998,18.546280370819808,18.69397962918019,0.07384962918019156,0.0,81.0,18.62013,141.96604878309998,18.546280370819808,18.69397962918019,0.07384962918019156,0.0,1.0,0.1605075,0.05226421744375,0.159090537693755,0.161924462306245,0.0014169623062449954,0.0072,0.006685316729183127,0.0077435684374066545
T-discounted_distance_reverse-W-20-HS-random-D-1-C-5-H-5-RUNS-100000.csv,discounted_distance_reverse,20,random,1,5,5,100000,2.0,78.0,20.68247,143.6678046991,20.60817906929294,20.756760930707056,0.07429093070705761,0.0,1.0,0.96527,0.0335238271,0.9641351646190421,0.9664048353809578,0.0011348353809578215,0.0,0.1925,0.0463714,0.0008795241370400001,0.04618758542155604,0.04655521457844396,0.00018381457844395682,0.0,77.0,18.7173,145.62936071,18.64250362628419,18.792096373715815,0.07479637371581305,0.0,77.0,18.7173,145.62936071,18.64250362628419,18.792096373715815,0.07479637371581305,0.0,1.0,0.160558,0.04685432863600001,0.15921637565284444,0.16189962434715557,0.0013416243471555678,0.0001,4.795489513290308e-05,0.00018389584537648336
T-discounted_distance_reverse-W-20-HS-random-D-10-C-5-H-1-RUNS-100000.csv,discounted_distance_reverse,20,random,10,5,1,100000,1.0,84.0,25.1937,171.82212031,25.11245519355781,25.27494480644219,0.08124480644218934,0.0,10.0,8.31964,5.537610270399999,8.305054636235331,8.334225363764668,0.014585363764668458,0.0,0.205,0.059736475,0.0009962949920743751,0.05954083842771473,0.059932111572285264,0.00019563657228526682,0.0,52.8,16.203765,56.117725524775004,16.157334206944533,16.250195793055468,0.04643079305546749,0.0,528.0,162.03765,5611.7725524775005,161.57334206944532,162.5019579305547,0.4643079305546962,0.0,1.0,0.47234,0.24923492439999995,0.46924571351427335,0.4754342864857266,0.0030942864857266272,0.47234,0.469241610175755,0.47543999436227186
T-discounted_distance_reverse-W-20-HS-random-D-10-C-5-H-2-RUNS-100000.csv,discounted_distance_reverse,20,random,10,5,2,100000,2.0,89.0,30.94292,158.69820187360003,30.864839591937695,31.021000408062307,0.07808040806230565,0.0,10.0,9.3584,1.3537894400000001,9.351188399960686,9.365611600039314,0.007211600039314092,0.0,0.2025,0.07275945,0.0009655920606975,0.07256685149376552,0.07295204850623449,0.00019259850623448704,0.0,51.1,17.9184,52.140063039999994,17.873644970542465,17.963155029457532,0.044755029457533624,0.0,511.0,179.184,5214.0063040000005,178.73644970542466,179.63155029457533,0.44755029457533624,0.0,1.0,0.469075,0.139341144375,0.4667613601398857,0.47138863986011437,0.002313639860114347,0.24967,0.24698968059908386,0.25236484563534034
T-discounted_distance_reverse-W-20-HS-random-D-10-C-5-H-3-RUNS-100000.csv,discounted_distance_reverse,20,random,10,5,3,100000,2.0,83.0,33.32374,165.6723924124,33.243962367627795,33.40351763237221,0.07977763237220614,3.0,10.0,9.59476,0.5985205424,9.589964922820556,9.599555077179446,0.004795077179444718,0.0,0.205,0.078081725,0.001028699783524375,0.07788293231682511,0.0782805176831749,0.00019879268317489485,0.0,53.0,18.425822,53.022134424316,18.380689990117386,18.470954009882615,0.045132009882614454,0.0,530.0,184.25822,5302.2134424316,183.80689990117384,184.70954009882615,0.45132009882615876,0.0,1.0,0.47107,0.10135861065555554,0.46909673053362094,0.47304326946637903,0.001973269466379046,0.12955,0.1274744455256172,0.1316470663614776
T-discounted_distance_reverse-W-20-HS-random-D-10-C-5-H-4-RUNS-100000.csv,discounted_distance_reverse,20,random,10,5,4,100000,2.0,82.0,34.45043,176.13734281510003,34.36817130950723,34.53268869049276,0.08225869049276469,3.0,10.0,9.65521,0.45402985589999995,9.651033636636468,9.659386363363533,0.004176363363532332,0.0,0.2,0.08058415000000001,0.0011006463937775,0.08037852307602517,0.08078977692397485,0.0002056269239748415,0.0,51.4,18.644871000000002,53.344638293359,18.599601941862268,18.690140058137736,0.045269058137733964,0.0,514.0,186.44871,5334.4638293359,185.99601941862264,186.90140058137737,0.45269058137736806,0.0,1.0,0.4711775,0.08258988849375,0.4693962720088726,0.4729587279911275,0.0017812279911274542,0.05534,0.05393079619880028,0.05677506337367643
T-discounted_distance_reverse-W-20-HS-random-D-10-C-5-H-5-RUNS-100000.csv,discounted_distance_reverse,20,random,10,5,5,100000,2.0,86.0,35.03149,185.0978783799,34.94716491419606,35.11581508580394,0.08432508580393971,2.0,10.0,9.65761,0.4514590879,9.65344547693958,9.66177452306042,0.004164523060419256,0.0,0.21,0.08186705,0.0011574598742974999,0.08165618279408354,0.08207791720591645,0.00021086720591645403,0.0,53.8,18.724136,53.47264845350401,18.678812658739787,18.769459341260216,0.045323341260214534,0.0,538.0,187.24136,5347.264845350401,186.78812658739784,187.69459341260213,0.45323341260214534,0.0,1.0,0.470214,0.07159839420400001,0.4685555296470118,0.47187247035298824,0.0016584703529882172,0.00129,0.0010771176426783119,0.0015325998536016364
T-discounted_distance_reverse-W-20-HS-random-D-5-C-5-H-1-RUNS-100000.csv,discounted_distance_reverse,20,random,5,5,1,100000,1.0,79.0,23.27643,150.76555645509998,23.20032606043851,23.352533939561493,0.07610393956149153,0.0,5.0,4.16118,1.6173010076,4.153297726501322,4.169062273498678,0.007882273498678316,0.0,0.19,0.05451530000000001,0.00087813856591,0.0543316302661079,0.05469896973389212,0.00018366973389211116,0.0,63.4,16.122438,60.996155736156005,16.07403109637293,16.170844903627067,0.04840690362706823,0.0,317.0,80.61219,1524.9038934039002,80.37015548186466,80.85422451813534,0.24203451813534116,0.0,1.0,0.37296,0.2338608384,0.36996266819187895,0.3759573318081211,0.002997331808121062,0.37296,0.36996144335557135,0.37596592665866874
T-discounted_distance_reverse-W-20-HS-random-D-5-C-5-H-2-RUNS-100000.csv,discounted_distance_reverse,20,random,5,5,2,100000,2.0,82.0,28.10067,151.6514955511,28.024342784322425,28.176997215677577,0.07632721567757628,0.0,5.0,4.67905,0.46726109750000006,4.674813220288762,4.6832867797112385,0.00423677971123837,0.0,0.2,0.065338325,0.000926262473694375,0.06514968963961006,0.06552696036038995,0.00018863536038994655,0.0,59.0,17.998288,60.295974669056,17.95015973218485,18.046416267815147,0.04812826781514801,0.0,295.0,89.99144,1507.3993667263999,89.75079866092426,90.23208133907573,0.24064133907573648,0.0,1.0,0.371445,0.131736111975,0.3691953834820949,0.37369461651790514,0.0022496165179051175,0.16797,0.16565761410429253,0.1703016605304856
T-discounted_distance_reverse-W-20-HS-random-D-5-C-5-H-3-RUNS-100000.csv,discounted_distance_reverse,20,random,5,5,3,100000,2.0,83.0,29.66266,163.7449417244,29.583347796139027,29.74197220386097,0.07931220386097237,0.0,5.0,4.79725,0.24050243750000003,4.794210404362584,4.800289595637416,0.0030395956374160704,0.0,0.2025,0.06879094999999999,0.0010121764480975,0.06859376031865203,0.06898813968134795,0.00019718968134796455,0.0,58.0,18.397006,61.568913035963995,18.34837235564561,18.445639644354394,0.04863364435439266,0.0,290.0,91.98503,1539.2228258991004,91.74186177822803,92.22819822177196,0.24316822177196684,0.0,1.0,0.37105,0.09879634194444445,0.3691018315596084,0.3729981684403916,0.0019481684403915844,0.08025,0.0785733327383009,0.08195106021332922
T-discounted_distance_reverse-W-20-HS-random-D-5-C-5-H-4-RUNS-100000.csv,discounted_distance_reverse,20,random,5,5,4,100000,2.0,84.0,30.42935,176.31712857749997,30.347049338936838,30.51165066106316,0.08230066106316158,0.0,5.0,4.82558,0.19621766359999998,4.822834476777579,4.828325523222422,0.0027455232224218307,0.0,0.205,0.0704929,0.00109253554959,0.07028803212630319,0.0706977678736968,0.0002048678736968068,0.0,61.4,18.652028,63.452984287216005,18.60265584342995,18.701400156570053,0.04937215657005112,0.0,307.0,93.26014,1586.3246071803999,93.01327921714974,93.50700078285027,0.2468607828502627,0.0,1.0,0.3712875,0.08196621734375001,0.3695130101562766,0.3730619898437234,0.0017744898437234147,0.0318,0.030721059105504676,0.03290620774194883
T-discounted_distance_reverse-W-20-HS-random-D-5-C-5-H-5-RUNS-100000.csv,discounted_distance_reverse,20,random,5,5,5,100000,2.0,80.0,30.72795,183.08317879749998,30.64408508840591,30.81181491159409,0.08386491159409104,1.0,5.0,4.8266,0.19383244,4.823871215102827,4.829328784897173,0.0027287848971733197,0.0,0.1975,0.07115392499999999,0.0011326307695943751,0.07094533175072107,0.07136251824927892,0.00020859324927892386,0.0,57.2,18.673904,63.530108598784,18.62450184769941,18.72330615230059,0.04940215230059053,0.0,286.0,93.36952,1588.2527149695998,93.12250923849703,93.61653076150296,0.2470107615029633,0.0,1.0,0.372054,0.07178662108400001,0.37039335107998017,0.3737146489200198,0.001660648920019825,0.0007,0.0005457237254928445,0.0008843263332245019
T-discounted_distance_reverse-W-20-HS-weighted-D-1-C-5-H-1-RUNS-100000.csv,discounted_distance_reverse,20,weighted,1,5,1,100000,1.0,78.0,19.30098,120.6000310396,19.23291407025231,19.36904592974769,0.06806592974768932,0.0,1.0,0.9041,0.08670318999999997,0.9022749548643828,0.9059250451356172,0.0018250451356172093,0.0,0.1925,0.043354899999999995,0.0007355620209899999,0.043186800771571214,0.043522999228428776,0.00016809922842878078,0.0,77.0,17.48118,121.42672580760001,17.412881177911878,17.54947882208812,0.06829882208812066,0.0,77.0,17.48118,121.42672580760001,17.412881177911878,17.54947882208812,0.06829882208812066,0.0,1.0,0.0843,0.07719350999999997,0.08257794719007808,0.08602205280992192,0.0017220528099219229,0.0843,0.08258505255024669,0.08603910294861428
T-discounted_distance_reverse-W-20-HS-weighted-D-1-C-5-H-2-RUNS-100000.csv,discounted_distance_reverse,20,weighted,1,5,2,100000,2.0,79.0,20.33417,131.0569204111,20.263214502295362,20.40512549770464,0.07095549770463805,0.0,1.0,0.95346,0.04437402840000001,0.9521543688595111,0.9547656311404888,0.001305631140488872,0.0,0.195,0.0456164,0.0008061125510400001,0.0454404238091083,0.0457923761908917,0.00017597619089169958,0.0,78.0,18.40965,133.2817768775,18.338094757421093,18.481205242578906,0.07155524257890633,0.0,78.0,18.40965,133.2817768775,18.338094757421093,18.481205242578906,0.07155524257890633,0.0,1.0,0.128435,0.062191950775000004,0.1268893072811932,0.1299806927188068,0.001545692718806807,0.02894,0.02790966846644001,0.029997772670377416
T-discounted_distance_reverse-W-20-HS-weighted-D-1-C-5-H-3-RUNS-100000.csv,discounted_distance_reverse,20,weighted,1,5,3,100000,2.0,78.0,20.48486,138.30785078040003,20.411968063576417,20.557751936423585,0.07289193642358427,0.0,1.0,0.96358,0.03509358359999999,0.9624188991828537,0.9647411008171463,0.0011611008171462656,0.0,0.185,0.04592685,0.0008495600740775001,0.04574619369702177,0.046107506302978225,0.0001806563029782271,0.0,77.0,18.53447,140.49443181910001,18.46100412974202,18.60793587025798,0.07346587025798001,0.0,77.0,18.53447,140.49443181910001,18.46100412974202,18.60793587025798,0.07346587025798001,0.0,1.0,0.14564,0.05436454595555555,0.14419484658342838,0.1470851534165716,0.0014451534165716151,0.01319,0.012492035968891759,0.013916406578238765
T-discounted_distance_reverse-W-20-HS-weighted-D-1-C-5-H-4-RUNS-100000.csv,discounted_distance_reverse,20,weighted,1,5,4,100000,2.0,77.0,20.65923,141.68452580710002,20.58545363018279,20.73300636981721,0.07377636981721025,0.0,1.0,0.96556,0.033253886399999995,0.964429742816903,0.966690257183097,0.0011302571830970054,0.0,0.1875,0.0463281,0.0008690446503899999,0.04614538377387494,0.04651081622612505,0.00018271622612505561,0.0,76.0,18.69959,143.7697838319,18.62527270715583,18.77390729284417,0.07431729284417088,0.0,76.0,18.69959,143.7697838319,18.62527270715583,18.77390729284417,0.07431729284417088,0.0,1.0,0.15501,0.049853149900000004,0.15362610744399777,0.15639389255600225,0.001383892556002242,0.00592,0.0054539101330981785,0.0064150866124749305
T-discounted_distance_reverse-W-20-HS-weighted-D-1-C-5-H-5-RUNS-100000.csv,discounted_distance_reverse,20,weighted,1,5,5,100000,2.0,80.0,20.62641,142.3947205119,20.552448959017703,20.700371040982297,0.07396104098229728,0.0,1.0,0.96597,0.032871959100000014,0.9648462521720663,0.9670937478279337,0.0011237478279336743,0.0,0.195,0.046223225,0.000871406283099375,0.046040260676232916,0.04640618932376708,0.00018296432376708333,0.0,79.0,18.66054,144.3163469084,18.586081576817442,18.73499842318256,0.07445842318255913,0.0,79.0,18.66054,144.3163469084,18.586081576817442,18.73499842318256,0.07445842318255913,0.0,1.0,0.15971400000000002,0.046436638204,0.15837836910291622,0.16104963089708382,0.0013356308970838005,0.0001,4.795489513290308e-05,0.00018389584537648336
T-discounted_distance_reverse-W-20-HS-weighted-D-10-C-5-H-1-RUNS-100000.csv,discounted_distance_reverse,20,weighted,10,5,1,100000,1.0,78.0,27.0513,177.56958831,26.9687075469276,27.133892453072402,0.08259245307240093,0.0,10.0,9.04571,2.1645005959000003,9.036591258042247,9.054828741957753,0.009118741957752974,0.0,0.1925,0.06411055,0.0010364445036974998,0.06391101039978479,0.06431008960021521,0.00019953960021520945,0.0,53.7,17.401991000000002,55.393460735919,17.35586080178201,17.448121198217994,0.046130198217991136,0.0,537.0,174.01991,5539.3460735919,173.55860801782012,174.4812119821799,0.46130198217989005,0.0,1.0,0.43174,0.2453405724,0.42866998315488036,0.43481001684511966,0.0030700168451196497,0.43174,0.4286670563826353,0.43481690340093504
T-discounted_distance_reverse-W-20-HS-weighted-D-10-C-5-H-2-RUNS-100000.csv,discounted_distance_reverse,20,weighted,10,5,2,100000,2.0,82.0,32.11798,162.30316071960002,32.039017741786324,32.19694225821368,0.07896225821367864,2.0,10.0,9.5355,0.66239975,9.530455522941276,9.540544477058726,0.0050444770587247945,0.0,0.2,0.0755038,0.00099866556056,0.0753079308187221,0.07569966918127789,0.00019586918127789676,0.0,56.7,18.353661000000002,53.171283197079006,18.308465557582664,18.39885644241734,0.04519544241733797,0.0,567.0,183.53661,5317.1283197079,183.08465557582662,183.98856442417338,0.4519544241733797,0.0,1.0,0.45418,0.12850552759999997,0.4519581385398091,0.45640186146019085,0.002221861460190877,0.21539,0.21284535017539286,0.21795116742022186
T-discounted_distance_reverse-W-20-HS-weighted-D-10-C-5-H-3-RUNS-100000.csv,discounted_distance_reverse,20,weighted,10,5,3,100000,2.0,85.0,33.71505,168.4911134975,33.63459656864919,33.79550343135081,0.0804534313508114,3.0,10.0,9.63065,0.4877705775,9.626321236376834,9.634978763623165,0.004328763623165699,0.0,0.21,0.07896477500000001,0.001051912121699375,0.07876375197627586,0.07916579802372417,0.00020102302372415615,0.0,54.3,18.542267000000002,53.13571680071101,18.497086675780093,18.587447324219912,0.045180324219909807,0.0,543.0,185.42267,5313.5716800711,184.9708667578009,185.87447324219912,0.45180324219910517,0.0,1.0,0.46228,0.09576386826666665,0.46036196330500895,0.4641980366949911,0.0019180366949910765,0.11379,0.1118280241125344,0.11577440703795444
T-discounted_distance_reverse-W-20-HS-weighted-D-10-C-5-H-4-RUNS-100000.csv,discounted_distance_reverse,20,weighted,10,5,4,100000,2.0,83.0,34.48835,178.8773642775,34.40545396374925,34.57124603625074,0.08289603625074449,3.0,10.0,9.6554,0.45713084000000004,9.651209398808113,9.659590601191887,0.004190601191886856,0.0,0.205,0.08064445,0.0011184189341974999,0.0804371695576613,0.08085173044233872,0.00020728044233871146,0.0,52.7,18.61182,53.33544508759999,18.566554842776313,18.65708515722369,0.045265157223688846,0.0,527.0,186.1182,5333.54450876,185.66554842776313,186.57085157223688,0.45265157223687424,0.0,1.0,0.46617,0.08038053109999999,0.46441275827424405,0.4679272417257559,0.0017572417257559203,0.05072,0.04936805889296826,0.052098074454865625
T-discounted_distance_reverse-W-20-HS-weighted-D-10-C-5-H-5-RUNS-100000.csv,discounted_distance_reverse,20,weighted,10,5,5,100000,2.0,81.0,34.99931,185.9373895239,34.914793902385696,35.083826097614306,0.0845160976143049,3.0,10.0,9.6551,0.45300398999999997,9.650928357484174,9.659271642515824,0.004171642515824914,0.0,0.1975,0.08178382499999999,0.001161608155869375,0.08157258026298655,0.08199506973701343,0.0002112447370134357,0.0,50.8,18.686738,53.76348531935599,18.641291569424776,18.73218443057522,0.0454464305752218,0.0,508.0,186.86738,5376.3485319356005,186.4129156942478,187.3218443057522,0.45446430575219665,0.0,1.0,0.47149199999999997,0.07168809393600001,0.4698324910917246,0.47315150890827534,0.0016595089082753756,0.00131,0.001095400353122315,0.0015543095461096254
T-discounted_distance_reverse-W-20-HS-weighted-D-5-C-5-H-1-RUNS-100000.csv,discounted_distance_reverse,20,weighted,5,5,1,100000,1.0,80.0,25.79253,161.3812661991,25.71379231701209,25.87126768298791,0.07873768298791006,0.0,5.0,4.52218,0.7258880476,4.516899307314698,4.527460692685302,0.005280692685301958,0.0,0.1975,0.060251975,0.000955007321099375,0.06006043502702477,0.06044351497297523,0.00019153997297523262,0.0,58.4,17.444574000000003,62.855814358524,17.395434718723237,17.49371328127677,0.0491392812767657,0.0,292.0,87.22287,1571.3953589631,86.97717359361617,87.46856640638383,0.2456964063838285,0.0,1.0,0.27999,0.20159559990000006,0.27720710644009544,0.2827728935599046,0.0027828935599045757,0.27999,0.2772085699080687,0.2827841957746519
T-discounted_distance_reverse-W-20-HS-weighted-D-5-C-5-H-2-RUNS-100000.csv,discounted_distance_reverse,20,weighted,5,5,2,100000,2.0,82.0,29.06024,160.43593114240002,28.981733269519317,29.138746730480683,0.07850673048068302,0.0,5.0,4.7689,0.26935278999999995,4.765683253696569,4.772116746303432,0.0032167463034316057,0.0,0.2025,0.067515925,0.0009898879338943749,0.06732091850044554,0.06771093149955447,0.0001950064995544648,0.0,60.0,18.359426000000003,62.018723750523996,18.31061502488579,18.408236975114214,0.048810975114211175,0.0,300.0,91.79713,1550.4680937631001,91.55307512442894,92.04118487557105,0.24405487557105232,0.0,1.0,0.3296,0.11732884,0.3274769586161735,0.3317230413838265,0.0021230413838265183,0.12233,0.12030511262447965,0.12437682025305148
T-discounted_distance_reverse-W-20-HS-weighted-D-5-C-5-H-3-RUNS-100000.csv,discounted_distance_reverse,20,weighted,5,5,3,100000,2.0,82.0,30.08497,168.82791009910002,30.004436199677606,30.16550380032239,0.08053380032239232,1.0,5.0,4.81589,0.20533350790000002,4.8130814252654615,4.818698574734538,0.002808574734538105,0.0,0.1975,0.06975780000000001,0.0010480419641599999,0.06955714711540781,0.06995845288459221,0.00020065288459220065,0.0,60.4,18.549554,62.695316401084,18.500477495694334,18.598630504305667,0.0490765043056669,0.0,302.0,92.74777,1567.3829100270998,92.50238747847168,92.99315252152833,0.2453825215283274,0.0,1.0,0.3535833333333333,0.09181104861111111,0.3517052989237858,0.3554613677428808,0.00187803440954748,0.0626,0.06110629734650872,0.06411913338376696
T-discounted_distance_reverse-W-20-HS-weighted-D-5-C-5-H-4-RUNS-100000.csv,discounted_distance_reverse,20,weighted,5,5,4,100000,2.0,88.0,30.56287,178.1011673631,30.480154013362466,30.645585986637535,0.08271598663753466,0.0,5.0,4.82665,0.1930797775,4.823926518270221,4.829373481729779,0.002723481729779209,0.0,0.2175,0.070798575,0.0011034589654693749,0.07059268551601049,0.07100446448398952,0.0002058894839895159,0.0,59.0,18.67056,63.62545648639999,18.621120789484642,18.719999210515354,0.049439210515355825,0.0,295.0,93.3528,1590.63641216,93.10560394742323,93.59999605257677,0.24719605257676847,0.0,1.0,0.3649725,0.07913444924375002,0.36322893210566726,0.3667160678943327,0.0017435678943327204,0.02727,0.02626927426994018,0.028298269240512732
T-discounted_distance_reverse-W-20-HS-weighted-D-5-C-5-H-5-RUNS-100000.csv,discounted_distance_reverse,20,weighted,5,5,5,100000,2.0,82.0,30.7282,183.18988475999998,30.644310652565775,30.812089347434227,0.08388934743422638,0.0,5.0,4.83002,0.1904067996,4.827315435781234,4.832724564218767,0.0027045642187664143,0.0,0.2025,0.07114332500000001,0.0011333822454443752,0.07093466256365606,0.07135198743634395,0.00020866243634394543,0.0,63.6,18.678634,63.468008294044004,18.629255998758314,18.728012001241684,0.0493780012416849,0.0,318.0,93.39317,1586.7002073510998,93.14627999379157,93.64006000620843,0.2468900062084316,0.0,1.0,0.370442,0.07145472463600001,0.3687851944285413,0.3720988055714587,0.0016568055714586971,0.00059,0.0004491647299508476,0.0007609919160399891
T-divide_over_risks-W-20-HS-greedy-D-1-C-5-H-1-RUNS-100000.csv,divide_over_risks,20,greedy,1,5,1,100000,1.0,40.0,20.1166,70.35110444,20.064613386067496,20.1685866139325,0.05198661393250248,0.0,1.0,0.90793,0.08359311509999999,0.9061379862975742,0.9097220137024258,0.0017920137024257654,0.0,0.0975,0.045751850000000004,0.00044101584657749995,0.04562168831300217,0.045882011686997834,0.00013016168699783032,0.0,39.0,18.30074,70.5625354524,18.248675325200868,18.352804674799135,0.05206467479913357,0.0,39.0,18.30074,70.5625354524,18.248675325200868,18.352804674799135,0.05206467479913357,0.0,1.0,0.09207,0.08359311509999999,0.09027798629757426,0.09386201370242574,0.0017920137024257377,0.09207,0.09028486813692771,0.0938788323213952
T-divide_over_risks-W-20-HS-greedy-D-1-C-5-H-2-RUNS-100000.csv,divide_over_risks,20,greedy,1,5,2,100000,2.0,73.0,21.27749,88.46172929990001,21.21919466748714,21.33578533251286,0.05829533251285923,0.0,1.0,0.94443,0.05248197510000001,0.9430100888917113,0.9458499111082886,0.0014199111082886517,0.0,0.1825,0.0484295,0.00056730652975,0.04828187328274707,0.04857712671725293,0.00014762671725292859,0.0,73.0,19.38863,91.1648167231,19.329450716469065,19.447809283530933,0.05917928353093416,0.0,73.0,19.38863,91.1648167231,19.329450716469065,19.447809283530933,0.05917928353093416,0.0,1.0,0.08683,0.06366055110000002,0.08526616377741862,0.08839383622258139,0.0015638362225813829,0.05557,0.05415802061222145,0.057007825350364943
T-divide_over_risks-W-20-HS-greedy-D-1-C-5-H-3-RUNS-100000.csv,divide_over_risks,20,greedy,1,5,3,100000,2.0,94.0,22.02179,117.0614351959,21.95473008578528,22.08884991421472,0.06705991421472035,0.0,1.0,0.96664,0.0322471104,0.9655269838306987,0.9677530161693014,0.001113016169301373,0.0,0.2225,0.05008270000000001,0.0007364627857100001,0.049914497876422936,0.05025090212357708,0.00016820212357707143,0.0,92.0,20.08851,120.3325959799,20.020519581504715,20.156500418495284,0.06799041849528464,0.0,92.0,20.08851,120.3325959799,20.020519581504715,20.156500418495284,0.06799041849528464,0.0,1.0,0.07799666666666666,0.04762429776666666,0.07664406361218087,0.07934926972115244,0.0013526030544857848,0.03336,0.032255555244127515,0.0344916170017235
T-divide_over_risks-W-20-HS-greedy-D-1-C-5-H-4-RUNS-100000.csv,divide_over_risks,20,greedy,1,5,4,100000,2.0,119.0,22.43373,143.4116282871,22.35950533353206,22.507954666467942,0.07422466646794135,0.0,1.0,0.97966,0.019926284400000004,0.9787850782083464,0.9805349217916536,0.0008749217916536045,0.0,0.2875,0.05096065,0.0008794075265775002,0.050776847607357796,0.05114445239264221,0.0001838023926422072,0.0,117.0,20.47441,146.3998851519,20.399416013654456,20.549403986345542,0.0749939863455431,0.0,117.0,20.47441,146.3998851519,20.399416013654456,20.549403986345542,0.0749939863455431,0.0,1.0,0.0710775,0.03660611399374999,0.06989164146071974,0.07226335853928026,0.0011858585392802573,0.02034,0.01947402705222633,0.021233948134477328
T-divide_over_risks-W-20-HS-greedy-D-1-C-5-H-5-RUNS-100000.csv,divide_over_risks,20,greedy,1,5,5,100000,2.0,127.0,22.75642,167.94192878360002,22.676097791762484,22.836742208237514,0.08032220823751501,0.0,1.0,0.98626,0.013551212399999997,0.9855384853601219,0.9869815146398782,0.0007215146398781291,0.0,0.31,0.0516617,0.0010075806281099999,0.05146495850104903,0.05185844149895097,0.0001967414989509711,0.0,127.0,20.7839,170.67468079,20.70292692708543,20.86487307291457,0.08097307291457057,0.0,127.0,20.7839,170.67468079,20.70292692708543,20.86487307291457,0.08097307291457057,0.0,1.0,0.066722,0.029840574716000004,0.06565132006729843,0.06779267993270158,0.0010706799327015737,0.01374,0.013027628388483594,0.014480776797336108
T-divide_over_risks-W-20-HS-greedy-D-10-C-5-H-1-RUNS-100000.csv,divide_over_risks,20,greedy,10,5,1,100000,1.0,141.0,42.91018,538.5146923675999,42.76634822179367,43.05401177820632,0.14383177820632653,0.0,10.0,8.04177,6.680105267099999,8.025750545454326,8.057789454545674,0.016019454545673995,0.0,0.4,0.17999462500000002,0.005174967658609375,0.17954875331714368,0.18044049668285636,0.0004458716828563414,0.0,56.7,22.893033,65.876517560911,22.842726814509348,22.94333918549065,0.050306185490651245,0.0,567.0,228.93033,6587.6517560911,228.42726814509348,229.43339185490652,0.5030618549065196,0.0,1.0,0.44504,0.2469793984,0.44195974667130533,0.44812025332869465,0.00308025332869466,0.44504,0.4419564345650641,0.44812675365862464
T-divide_over_risks-W-20-HS-greedy-D-10-C-5-H-2-RUNS-100000.csv,divide_over_risks,20,greedy,10,5,2,100000,2.0,147.0,45.94527,445.16663462709994,45.81449721446786,46.07604278553214,0.13077278553213745,1.0,10.0,8.44829,4.7712660759,8.434751427048178,8.461828572951822,0.013538572951821592,0.0,0.405,0.1950097,0.0036205769059099997,0.19463675485333976,0.19538264514666026,0.0003729451466602529,0.0,58.1,24.041218999999998,51.829275294039,23.99659755403849,24.085840445961505,0.04462144596150708,0.0,581.0,240.41219,5182.9275294039,239.96597554038493,240.8584044596151,0.4462144596150779,0.0,1.0,0.65211,0.10699254790000001,0.6500826308377292,0.6541373691622707,0.0020273691622707535,0.41237,0.40931656840414965,0.41542851510708323
T-divide_over_risks-W-20-HS-greedy-D-10-C-5-H-3-RUNS-100000.csv,divide_over_risks,20,greedy,10,5,3,100000,2.0,140.0,47.49045,401.6256287975,47.36623707733942,47.614662922660585,0.12421292266058259,0.0,10.0,8.66545,3.8259062974999996,8.65332663345746,8.67757336654254,0.012123366542539316,0.0,0.4,0.201474375,0.0031694070308593745,0.20112543956113274,0.20182331043886728,0.0003489354388672705,0.0,56.4,24.546139,47.605060092679004,24.503374575667145,24.588903424332855,0.0427644243328551,0.0,564.0,245.46139,4760.5060092679,245.03374575667146,245.88903424332852,0.4276442433285297,0.0,1.0,0.7405066666666665,0.06289209884444444,0.7389522977049305,0.7420610356284025,0.0015543689617359968,0.39353,0.39050022310472243,0.3965659534374317
T-divide_over_risks-W-20-HS-greedy-D-10-C-5-H-4-RUNS-100000.csv,divide_over_risks,20,greedy,10,5,4,100000,2.0,143.0,49.28258,364.1563885436,49.16430307147085,49.40085692852916,0.11827692852915561,1.0,10.0,8.85808,3.1845387136,8.847019383415846,8.869140616584152,0.011060616584153138,0.0,0.4025,0.206701,0.003010336474,0.20636093370354416,0.20704106629645583,0.0003400662964558321,0.0,58.0,25.002291,45.950811051319,24.960276165032486,25.044305834967513,0.04201483496751379,0.0,580.0,250.02291,4595.081105131901,249.60276165032485,250.44305834967514,0.420148349675145,0.0,1.0,0.7764425,0.048150169193749995,0.775082449670142,0.7778025503298581,0.0013600503298580868,0.36656,0.3635723308735259,0.36955541048724294
T-divide_over_risks-W-20-HS-greedy-D-10-C-5-H-5-RUNS-100000.csv,divide_over_risks,20,greedy,10,5,5,100000,2.0,143.0,50.65239,350.0106372879,50.5364330741954,50.76834692580459,0.11595692580459627,1.0,10.0,8.97328,2.7846460416,8.962937129879279,8.983622870120723,0.01034287012072177,0.0,0.3925,0.2102618,0.00300099596076,0.20992226169460787,0.21060133830539213,0.0003395383053921286,0.0,56.9,25.325739000000002,46.07045760387899,25.28366950155623,25.367808498443775,0.04206949844377306,0.0,569.0,253.25739,4607.0457603878995,252.83669501556227,253.6780849844377,0.42069498443771636,0.0,1.0,0.800102,0.04040998959599999,0.7988560504984872,0.8013479495015128,0.0012459495015127997,0.35032,0.3473625190003276,0.3532861646972301
T-divide_over_risks-W-20-HS-greedy-D-2-C-5-H-1-RUNS-100000.csv,divide_over_risks,20,greedy,2,5,1,100000,1.0,141.0,35.65915,407.12127127749994,35.53409013130745,35.78420986869254,0.1250598686925457,0.0,2.0,1.82788,0.26653470560000003,1.8246801254320943,1.8310798745679056,0.003199874567905603,0.0,0.345,0.103499875,0.002814202687484375,0.10317107352426974,0.10382867647573027,0.0003288014757302643,0.0,82.0,24.93669,142.62687184390003,24.862668692873232,25.010711307126765,0.0740213071267668,0.0,164.0,49.87338,570.5074873756001,49.725337385746464,50.02142261425353,0.1480426142535336,0.0,1.0,0.1101,0.09797799000000001,0.108159916892543,0.112040083107457,0.0019400831074569969,0.1101,0.10816627991521831,0.1120563666527019
T-divide_over_risks-W-20-HS-greedy-D-2-C-5-H-2-RUNS-100000.csv,divide_over_risks,20,greedy,2,5,2,100000,2.0,151.0,36.32591,385.5022326719,36.20421590084017,36.44760409915983,0.12169409915983209,0.0,2.0,1.86687,0.19722640309999995,1.8641174285655973,1.8696225714344028,0.002752571434402773,0.0,0.36,0.105442475,0.002693800778374375,0.1051207840758165,0.10576416592418349,0.0003216909241834931,0.0,87.0,25.400945,135.915805606975,25.328686148720745,25.473203851279255,0.0722588512792548,0.0,174.0,50.80189,543.6632224279,50.65737229744149,50.94640770255851,0.1445177025585096,0.0,1.0,0.345055,0.09957454697500001,0.3430991738838558,0.3470108261161442,0.001955826116144199,0.09222,0.09043355280240768,0.09403013887746953
T-divide_over_risks-W-20-HS-greedy-D-2-C-5-H-3-RUNS-100000.csv,divide_over_risks,20,greedy,2,5,3,100000,2.0,138.0,37.29855,383.5752978974999,37.17716042613127,37.419939573868724,0.12138957386872562,0.0,2.0,1.91134,0.1234594044,1.9091621991644252,1.9135178008355749,0.002177800835574839,0.0,0.3475,0.107688225,0.0027351637588493754,0.10736407372210655,0.10801237627789345,0.000324151277893453,0.0,80.5,26.022875,141.550939234375,25.949133418232126,26.096616581767872,0.07374158176787304,0.0,161.0,52.04575,566.2037569375,51.89826683646425,52.193233163535744,0.1474831635357461,0.0,1.0,0.35423,0.10658221821111111,0.3522065221783281,0.3562534778216719,0.002023477821671893,0.06733,0.065784404185024,0.0689007478644506
T-divide_over_risks-W-20-HS-greedy-D-2-C-5-H-4-RUNS-100000.csv,divide_over_risks,20,greedy,2,5,4,100000,2.0,135.0,38.12363,399.33796562309993,37.9997713414921,38.2474886585079,0.12385865850789912,0.0,2.0,1.94049,0.0762285599,1.9387787442163376,1.9422012557836625,0.0017112557836624909,0.0,0.3325,0.10958577500000001,0.002871662855149375,0.10925363376461449,0.10991791623538553,0.00033214123538552465,0.0,92.5,26.534005,153.48949115997502,26.457216639603377,26.610793360396624,0.07678836039662329,0.0,185.0,53.06801,613.9579646399001,52.914433279206754,53.22158672079325,0.15357672079324658,0.0,1.0,0.3307225,0.10179325299375,0.3287450042080935,0.33269999579190646,0.0019774957919064806,0.04938,0.04804523637728069,0.050740976532488026
T-divide_over_risks-W-20-HS-greedy-D-2-C-5-H-5-RUNS-100000.csv,divide_over_risks,20,greedy,2,5,5,100000,2.0,142.0,38.83877,425.00367488710003,38.71099308043131,38.966546919568685,0.12777691956868864,0.0,2.0,1.95872,0.0484759616,1.9573553562586428,1.9600846437413573,0.001364643741357252,0.0,0.355,0.11123005000000001,0.0030430816019974996,0.11088813915954254,0.11157196084045748,0.00034191084045746833,0.0,114.5,26.950285,166.806910918775,26.870234676516233,27.03033532348377,0.08005032348376773,0.0,229.0,53.90057,667.2276436751,53.740469353032466,54.06067064696754,0.16010064696753545,0.0,1.0,0.30724,0.0918011824,0.3053620665019553,0.30911793349804473,0.0018779334980447149,0.03683,0.03567110163168711,0.038015861150848415
T-divide_over_risks-W-20-HS-greedy-D-3-C-5-H-1-RUNS-100000.csv,divide_over_risks,20,greedy,3,5,1,100000,1.0,144.0,43.13539,440.33965954790006,43.00532813640736,43.265451863592645,0.13006186359264404,0.0,3.0,2.73086,0.5597236604,2.7262229379842484,2.7354970620157513,0.004637062015751425,0.0,0.3475,0.14222842500000002,0.003590358059519375,0.14185703949245496,0.14259981050754508,0.0003713855075450634,0.0,82.33333333333333,26.818873333333336,123.00968868617777,26.750130768640357,26.887615898026315,0.0687425646929789,0.0,247.0,80.45662,1107.0871981756,80.25039230592107,80.66284769407893,0.20622769407893315,0.0,1.0,0.13442,0.1163512636,0.13230582163892032,0.1365341783610797,0.0021141783610796883,0.13442,0.13231148448144825,0.13654974356257218
T-divide_over_risks-W-20-HS-greedy-D-3-C-5-H-2-RUNS-100000.csv,divide_over_risks,20,greedy,3,5,2,100000,2.0,139.0,44.31355,412.2856763975,44.187699427714904,44.439400572285095,0.12585057228509555,0.0,3.0,2.79491,0.4007880919000001,2.790986140249903,2.7988338597500966,0.003923859750096792,0.0,0.375,0.146260075,0.0033316465234943748,0.1459023201497931,0.14661782985020688,0.0003577548502068928,0.0,88.0,27.46374333333333,115.66112989856668,27.39708571586778,27.530400950798878,0.06665761746554821,0.0,264.0,82.39123,1040.9501690871,82.19125714760335,82.59120285239663,0.1999728523966411,0.0,1.0,0.370285,0.104481518775,0.368281562447876,0.37228843755212393,0.0020034375521239545,0.1129,0.11094477782768954,0.11487770527302033
T-divide_over_risks-W-20-HS-greedy-D-3-C-5-H-3-RUNS-100000.csv,divide_over_risks,20,greedy,3,5,3,100000,2.0,151.0,44.93942,399.5725700635999,44.81552496437886,45.06331503562114,0.12389503562113902,0.0,3.0,2.8309,0.31570519,2.8274174534347636,2.834382546565237,0.0034825465652366105,0.0,0.3775,0.14786507499999998,0.003266224032744375,0.1475108501244733,0.14821929987552668,0.000354224875526693,0.0,86.66666666666667,27.75244,113.21735849084445,27.68649033704571,27.81838966295429,0.06594966295428861,0.0,260.0,83.25732,1018.9562264176001,83.05947101113713,83.45516898886288,0.19784898886287294,0.0,1.0,0.48704666666666674,0.08678776671111113,0.4852207316059447,0.4888726017273888,0.0018259350607220393,0.09935,0.09750263693222273,0.10122063769859925
T-divide_over_risks-W-20-HS-greedy-D-3-C-5-H-4-RUNS-100000.csv,divide_over_risks,20,greedy,3,5,4,100000,2.0,142.0,45.86985,393.7366909775001,45.746863054674115,45.992836945325884,0.12298694532588428,0.0,3.0,2.87168,0.2191739776,2.8687783129866435,2.8745816870133565,0.0029016870133564687,0.0,0.3925,0.14995155,0.0033136514025975,0.14959476262314622,0.15030833737685376,0.0003567873768537677,0.0,83.33333333333333,28.23566,117.6346754755111,28.16843609284587,28.30288390715413,0.06722390715412985,0.0,250.0,84.70698,1058.7120792796002,84.50530827853761,84.90865172146239,0.20167172146238954,0.0,1.0,0.4972025,0.09039404899375,0.49533901461338065,0.49906598538661934,0.0018634853866193457,0.08396,0.08224821951908509,0.08569595590676408
T-divide_over_risks-W-20-HS-greedy-D-3-C-5-H-5-RUNS-100000.csv,divide_over_risks,20,greedy,3,5,5,100000,2.0,137.0,46.5302,405.27702796000005,46.405423710961934,46.65497628903807,0.12477628903806703,0.0,3.0,2.91294,0.1332405564,2.9106775744841733,2.9152024255158264,0.0022624255158265605,0.0,0.37,0.15126785,0.0034470385563775,0.15090395244136323,0.1516317475586368,0.00036389755863677764,0.0,88.0,28.533393333333336,124.59491155195556,28.46420924468443,28.602577421982243,0.0691840886489068,0.0,264.0,85.60018,1121.3542039676001,85.39262773405328,85.80773226594671,0.20755226594671683,0.0,1.0,0.470682,0.09076765487599998,0.46881466761670115,0.4725493323832988,0.0018673323832988364,0.06393,0.062421469969664085,0.0654638823491873
T-divide_over_risks-W-20-HS-greedy-D-4-C-5-H-1-RUNS-100000.csv,divide_over_risks,20,greedy,4,5,1,100000,1.0,149.0,46.15119,401.0156115839,46.0270714448416,46.2753085551584,0.12411855515839676,0.0,4.0,3.59455,1.0082802974999998,3.588326327779457,3.600773672220543,0.006223672220543097,0.0,0.3775,0.169736075,0.003871783531094375,0.16935040877626434,0.17012174122373563,0.00038566622373564785,0.0,80.5,27.1801125,100.21342761234375,27.118065751212043,27.242159248787956,0.062046748787956574,0.0,322.0,108.72045,1603.4148417975,108.47226300484817,108.96863699515183,0.2481869951518263,0.0,1.0,0.17284,0.1429663344,0.17049645680596442,0.17518354319403556,0.002343543194035569,0.17284,0.17050101264932108,0.17519797866664197
T-divide_over_risks-W-20-HS-greedy-D-4-C-5-H-2-RUNS-100000.csv,divide_over_risks,20,greedy,4,5,2,100000,2.0,138.0,47.75476,364.76023734239993,47.636385047929274,47.87313495207072,0.1183749520707238,0.0,4.0,3.7063,0.6826203099999999,3.7011791073210856,3.7114208926789147,0.005120892678914579,0.0,0.375,0.175295075,0.003430203993244375,0.17493206712597453,0.17565808287402546,0.00036300787402546164,0.0,77.0,27.9203725,92.20857258624375,27.8608554056113,27.9798895943887,0.05951709438869912,0.0,308.0,111.68149,1475.3371613799,111.4434216224452,111.9195583775548,0.23806837755479648,0.0,1.0,0.396855,0.11071360897499999,0.3947926775222135,0.39891732247778655,0.002062322477786538,0.13956,0.13741769992117678,0.14172322863633793
T-divide_over_risks-W-20-HS-greedy-D-4-C-5-H-3-RUNS-100000.csv,divide_over_risks,20,greedy,4,5,3,100000,2.0,136.0,48.49254,354.31356434839995,48.37587248143546,48.60920751856454,0.11666751856454027,0.0,4.0,3.75365,0.5478216775,3.749062504216586,3.7582374957834137,0.004587495783413775,0.0,0.3775,0.1774165,0.0033718232777499996,0.17705659450818578,0.17777640549181423,0.00035990549181422193,0.0,82.0,28.230235,90.168628094775,28.171379940600755,28.289090059399246,0.058855059399245846,0.0,328.0,112.92094,1442.6980495164,112.68551976240302,113.15636023759699,0.23542023759698338,0.0,1.0,0.50968,0.0885574087111111,0.5078355430574161,0.511524456942584,0.0018444569425839497,0.12441,0.12237028797906355,0.12647152359307343
T-divide_over_risks-W-20-HS-greedy-D-4-C-5-H-4-RUNS-100000.csv,divide_over_risks,20,greedy,4,5,4,100000,2.0,141.0,48.82522,344.3069119516,48.71021176407956,48.94022823592044,0.11500823592044185,0.0,4.0,3.78192,0.46522111359999996,3.7776924789415003,3.7861475210584996,0.004227521058499661,0.0,0.375,0.178299725,0.003311856627424375,0.1779430342597233,0.1786564157402767,0.0003566907402766939,0.0,80.5,28.414925,89.826732244375,28.356181628068352,28.473668371931648,0.058743371931647914,0.0,322.0,113.6597,1437.22771591,113.42472651227341,113.89467348772659,0.23497348772659166,0.0,1.0,0.5796275,0.07267133624375,0.5779566493025587,0.5812983506974412,0.0016708506974412174,0.11556,0.11358470609651661,0.11755762175067824
T-divide_over_risks-W-20-HS-greedy-D-4-C-5-H-5-RUNS-100000.csv,divide_over_risks,20,greedy,4,5,5,100000,2.0,145.0,49.65366,341.1783686044,49.53917546738399,49.76814453261601,0.11448453261601088,0.0,4.0,3.82371,0.3456318359,3.8200661294468747,3.8273538705531256,0.003643870553125428,0.0,0.3775,0.18010544999999997,0.0033760378802975004,0.17974531964692,0.18046558035307994,0.0003601303530799682,0.0,87.0,28.7199175,91.57827566819375,28.66060417065432,28.779230829345682,0.0593133293456809,0.0,348.0,114.87967,1465.2524106911,114.64241668261728,115.11692331738273,0.2372533173827236,0.0,1.0,0.5865,0.07405055,0.5848133684667954,0.5881866315332046,0.0016866315332045856,0.10333,0.10144993276571702,0.10523310924283623
T-divide_over_risks-W-20-HS-greedy-D-5-C-5-H-1-RUNS-100000.csv,divide_over_risks,20,greedy,5,5,1,100000,1.0,136.0,43.74571,434.0776065958999,43.61657625020938,43.87484374979063,0.12913374979062553,0.0,5.0,4.3421,1.6361275900000003,4.33417198148984,4.3500280185101605,0.007928018510160229,0.0,0.3775,0.16445865,0.0040808631901775,0.164062707529035,0.164854592470965,0.00039594247096499946,0.0,73.8,24.663187999999998,79.975989676656,24.607759148131873,24.718616851868124,0.055428851868125406,0.0,369.0,123.31594,1999.3997419164002,123.03879574065938,123.59308425934061,0.2771442593406164,0.0,1.0,0.24861,0.18680306790000004,0.24593115199079038,0.25128884800920964,0.0026788480092096445,0.24861,0.245933521798822,0.251301065996769
T-divide_over_risks-W-20-HS-greedy-D-5-C-5-H-2-RUNS-100000.csv,divide_over_risks,20,greedy,5,5,2,100000,2.0,137.0,46.07571,370.52113799590006,45.95640392288215,46.19501607711785,0.11930607711784802,0.0,5.0,4.52347,1.1260491591000001,4.516892895432184,4.5300471045678155,0.006577104567815795,0.0,0.37,0.17319642500000001,0.0033665490547193752,0.17283680110134184,0.1735560488986582,0.000359623898658179,0.0,69.2,25.605748,69.241602160496,25.554172953818753,25.657323046181244,0.0515750461812452,0.0,346.0,128.02874,1731.0400540123999,127.77086476909378,128.28661523090622,0.25787523090622244,0.0,1.0,0.444495,0.126531694975,0.4422902683623262,0.44669973163767374,0.0022047316376737625,0.20372,0.20122731344318553,0.20622988235267528
T-divide_over_risks-W-20-HS-greedy-D-5-C-5-H-3-RUNS-100000.csv,divide_over_risks,20,greedy,5,5,3,100000,2.0,141.0,47.4061,347.30548279,47.29059204604504,47.52160795395496,0.11550795395496039,0.0,5.0,4.60855,0.8869568975,4.6027127629674345,4.614387237032566,0.0058372370325656675,0.0,0.375,0.177499725,0.0031982008124243747,0.17714920812107676,0.17785024187892323,0.0003505168789232349,0.0,69.0,26.118326,66.375736957724,26.067829561403126,26.168822438596873,0.05049643859687336,0.0,345.0,130.59163,1659.3934239431,130.33914780701565,130.84411219298437,0.2524821929843597,0.0,1.0,0.5468233333333333,0.09491646434444447,0.5449138017430588,0.5487328649236078,0.0019095315902745158,0.18088,0.17849857307480765,0.18327995060366162
T-divide_over_risks-W-20-HS-greedy-D-5-C-5-H-4-RUNS-100000.csv,divide_over_risks,20,greedy,5,5,4,100000,2.0,138.0,48.10987,336.4442185831,47.99618252882974,48.22355747117026,0.1136874711702589,0.0,5.0,4.65671,0.7537619759000002,4.65132887371769,4.662091126282311,0.005381126282310689,0.0,0.3725,0.17917059999999999,0.0031710242206400003,0.1788215755503405,0.17951962444965947,0.00034902444965947965,0.0,73.6,26.350664000000005,66.408322759104,26.300155167830635,26.401172832169376,0.05050883216937052,0.0,368.0,131.75332,1660.2080689776,131.50077583915314,132.00586416084687,0.2525441608468668,0.0,1.0,0.6095975,0.07611901299375,0.6078874742682732,0.6113075257317269,0.0017100257317268497,0.16727,0.16496149497653498,0.16959782038588886
T-divide_over_risks-W-20-HS-greedy-D-5-C-5-H-5-RUNS-100000.csv,divide_over_risks,20,greedy,5,5,5,100000,2.0,143.0,49.54769,333.9567256639,49.43442358144135,49.660956418558655,0.11326641855865205,0.0,5.0,4.74322,0.5246040315999999,4.7387307697232215,4.7477092302767785,0.0044892302767785,0.0,0.3925,0.182167425,0.003287280206369375,0.18181206017843224,0.18252278982156775,0.0003553648215677552,0.0,70.4,26.831694,69.717827890364,26.779941897856837,26.88344610214316,0.05175210214316195,0.0,352.0,134.15847,1742.9456972591001,133.8997094892842,134.4172305107158,0.25876051071580264,0.0,1.0,0.60935,0.07555537749999999,0.6076463171122418,0.6110536828877581,0.001703682887758129,0.13961,0.13746737618455104,0.1417735494604414
T-divide_over_risks-W-20-HS-greedy-D-6-C-5-H-1-RUNS-100000.csv,divide_over_risks,20,greedy,6,5,1,100000,1.0,146.0,43.71611,413.4485364679,43.59008207064721,43.84213792935279,0.12602792935278728,0.0,6.0,5.12231,2.4410502639000002,5.11262623074738,5.131993769252619,0.009683769252619712,0.0,0.395,0.18137384999999998,0.004454689911177499,0.1809601697277754,0.18178753027222455,0.0004136802722245758,0.0,67.16666666666667,24.39802166666667,68.75062014175278,24.346629801324326,24.44941353200901,0.05139186534234241,0.0,403.0,146.38813,2475.0223251031,146.07977880794593,146.69648119205405,0.3083511920540616,0.0,1.0,0.29369,0.20743618390000004,0.2908670815738491,0.2965129184261509,0.0028229184261509,0.29369,0.29086814917864146,0.29652382118363013
T-divide_over_risks-W-20-HS-greedy-D-6-C-5-H-2-RUNS-100000.csv,divide_over_risks,20,greedy,6,5,2,100000,2.0,137.0,46.30397,348.24235223909994,46.18830635746866,46.41963364253134,0.11566364253133798,0.0,6.0,5.3581,1.6810643900000002,5.350063846093669,5.366136153906331,0.008036153906330945,0.0,0.4,0.191927875,0.0035865588604843753,0.19155668603843948,0.19229906396156052,0.00037118896156052017,0.0,68.33333333333333,25.38721,58.522722304788886,25.339794718707353,25.434625281292647,0.04741528129264694,0.0,410.0,152.32326,2106.8180029724,152.03876831224412,152.6077516877559,0.28449168775588873,0.0,1.0,0.47928,0.13239068159999998,0.477024801466756,0.48153519853324395,0.002255198533243963,0.24492,0.2422570623131404,0.247597739791818
T-divide_over_risks-W-20-HS-greedy-D-6-C-5-H-3-RUNS-100000.csv,divide_over_risks,20,greedy,6,5,3,100000,2.0,141.0,47.77428,323.3000704816,47.66283541508166,47.885724584918336,0.11144458491833831,0.0,6.0,5.47841,1.3051338718999999,5.471329179226749,5.485490820773252,0.0070808207732513395,0.0,0.39,0.19671894999999998,0.0033769254608975005,0.1963587723098166,0.19707912769018335,0.000360177690183372,0.0,61.0,25.916855,55.234693853419444,25.87079095763426,25.962919042365744,0.04606404236574235,0.0,366.0,155.50113,1988.4489787231,155.22474574580554,155.77751425419444,0.2763842541944541,0.0,1.0,0.5725,0.09714597222222222,0.570568171935992,0.574431828064008,0.0019318280640080454,0.21741,0.21485666925862085,0.2199797309612194
T-divide_over_risks-W-20-HS-greedy-D-6-C-5-H-4-RUNS-100000.csv,divide_over_risks,20,greedy,6,5,4,100000,2.0,138.0,48.76489,313.9930932879,48.655061230218365,48.87471876978164,0.10982876978163603,0.0,6.0,5.55366,1.0801406044,5.5472183634487315,5.560101636551268,0.006441636551268282,0.0,0.3925,0.198799975,0.003377403127499375,0.1984397718371238,0.19916017816287618,0.00036020316287618814,0.0,63.333333333333336,26.16008333333333,55.258067770833335,26.114009545433003,26.206157121233655,0.046073787900326124,0.0,380.0,156.9605,1989.29043975,156.68405727259804,157.23694272740195,0.27644272740195674,0.0,1.0,0.63039,0.0758959479,0.6286824817030185,0.6320975182969815,0.0017075182969814584,0.19788,0.19541451767731646,0.20036301757453964
T-divide_over_risks-W-20-HS-greedy-D-6-C-5-H-5-RUNS-100000.csv,divide_over_risks,20,greedy,6,5,5,100000,2.0,137.0,49.38165,306.2057932775,49.27319170499889,49.490108295001114,0.10845829500111392,0.0,6.0,5.59214,0.9587302204000001,5.586071179674196,5.598208820325803,0.006068820325803692,0.0,0.41,0.200554225,0.003341599647149375,0.20019593616114942,0.2009125138388506,0.0003582888388505845,0.0,62.333333333333336,26.41000333333333,54.8319378222111,26.364107541332558,26.4558991253341,0.04589579200077054,0.0,374.0,158.46002,1973.9497615996,158.18464524799535,158.73539475200462,0.27537475200463746,0.0,1.0,0.6719959999999999,0.06290217598400001,0.6704415065157416,0.6735504934842582,0.0015544934842582903,0.188,0.18558245963401543,0.19043565001285823
T-divide_over_risks-W-20-HS-greedy-D-7-C-5-H-1-RUNS-100000.csv,divide_over_risks,20,greedy,7,5,1,100000,1.0,148.0,41.47017,430.31703017110004,41.3415968339386,41.5987431660614,0.12857316606140046,0.0,7.0,5.83728,3.1232222015999995,5.826326383971644,5.848233616028356,0.010953616028356095,0.0,0.3825,0.17595895,0.0046689710398975,0.17553543708228828,0.17638246291771173,0.00042351291771172694,0.0,62.285714285714285,22.981334285714286,62.267698529885706,22.9324254326637,23.030243138764874,0.04890885305058745,0.0,436.0,160.86934,3051.1172279644,160.52697802864589,161.2117019713541,0.3423619713541086,0.0,1.0,0.3617,0.23087311,0.3587218761956964,0.36467812380430364,0.002978123804303623,0.3617,0.35872097718729984,0.3646870461711867
T-divide_over_risks-W-20-HS-greedy-D-7-C-5-H-2-RUNS-100000.csv,divide_over_risks,20,greedy,7,5,2,100000,2.0,135.0,44.81714,351.63864222039996,44.700913711753586,44.93336628824642,0.11622628824641623,0.0,7.0,6.16159,2.1485586719,6.152504900664291,6.17067509933571,0.009085099335709224,0.0,0.385,0.18999002499999998,0.0035839164629993753,0.18961897280038031,0.19036107719961964,0.00037105219961966474,0.0,60.0,24.157524285714292,51.353684262675515,24.113108037171276,24.201940534257307,0.04441624854301551,0.0,420.0,169.10267,2516.3305288711,168.79175626019887,169.4135837398011,0.3109137398011228,0.0,1.0,0.522385,0.13943141177499999,0.520070610854945,0.524699389145055,0.002314389145054996,0.30225,0.29940446466127674,0.3051070088177487
T-divide_over_risks-W-20-HS-greedy-D-7-C-5-H-3-RUNS-100000.csv,divide_over_risks,20,greedy,7,5,3,100000,2.0,146.0,46.7221,325.19539159000004,46.61032922491401,46.833870775085984,0.11177077508598643,0.0,7.0,6.32306,1.6714922363999998,6.3150467580996485,6.331073241900351,0.008013241900351353,0.0,0.39,0.19596337500000002,0.0033363602211093748,0.19560536715894883,0.19632138284105122,0.00035800784105119443,0.0,59.714285714285715,24.698195714285713,49.21072417312449,24.654716073304737,24.74167535526669,0.04347964098097634,0.0,418.0,172.88737,2411.3254844831004,172.58301251313316,173.19172748686685,0.3043574868668486,0.0,1.0,0.6045566666666666,0.0997012367888889,0.6025995967362651,0.6065137365970682,0.001957069930401567,0.26825,0.2655057598132881,0.2710076874901424
T-divide_over_risks-W-20-HS-greedy-D-7-C-5-H-4-RUNS-100000.csv,divide_over_risks,20,greedy,7,5,4,100000,2.0,143.0,47.88422,305.6068549916,47.775867829087936,47.99257217091206,0.10835217091206317,0.0,7.0,6.42197,1.3919113190999999,6.414657567762054,6.429282432237946,0.007312432237945643,0.0,0.4025,0.19918565,0.0032699988340775003,0.19883122049331364,0.19954007950668634,0.000354429506686349,0.0,56.142857142857146,25.023928571428566,48.138462525510214,24.98092523229798,25.066931910559152,0.043003339130585516,0.0,393.0,175.1675,2358.78466375,174.8664766260859,175.46852337391408,0.3010233739140915,0.0,1.0,0.654765,0.07769279477499999,0.6530373870792112,0.6564926129207889,0.0017276129207888236,0.2439,0.2412408518493571,0.24657400949721955
T-divide_over_risks-W-20-HS-greedy-D-7-C-5-H-5-RUNS-100000.csv,divide_over_risks,20,greedy,7,5,5,100000,2.0,153.0,48.74836,303.9081973104,48.64030937618006,48.85641062381993,0.1080506238199348,0.0,7.0,6.4816,1.22488144,6.474740331976033,6.4884596680239675,0.0068596680239672025,0.0,0.3975,0.20091872499999996,0.003304599131874375,0.20056242529434462,0.2012750247056553,0.0003562997056553441,0.0,56.857142857142854,25.229818571428574,48.435458730348984,25.186682779067876,25.27295436378927,0.04313579236069742,0.0,398.0,176.60873,2373.3374777871,176.30677945347514,176.91068054652487,0.3019505465248642,0.0,1.0,0.690436,0.06420612990400001,0.6888654769385991,0.692006523061401,0.0015705230614009302,0.22877,0.22616950260145324,0.23138623760451077
T-divide_over_risks-W-20-HS-greedy-D-8-C-5-H-1-RUNS-100000.csv,divide_over_risks,20,greedy,8,5,1,100000,1.0,147.0,44.12515,506.4844674775,43.98566126460314,44.26463873539686,0.1394887353968599,0.0,8.0,6.61428,4.3729000816,6.601318930231854,6.627241069768146,0.012961069768145705,0.0,0.3925,0.18251115,0.0049039361256775,0.182077111280294,0.18294518871970603,0.0004340387197060147,0.0,64.375,23.617195,67.31762658197499,23.56634154443626,23.66804845556374,0.05085345556373966,0.0,515.0,188.93756,4308.3281012463995,188.53073235549007,189.3443876445099,0.40682764450991726,0.0,1.0,0.37095,0.2333460975,0.3679559686572182,0.3739440313427818,0.002994031342781811,0.37095,0.36795480198847724,0.37395268465076886
T-divide_over_risks-W-20-HS-greedy-D-8-C-5-H-2-RUNS-100000.csv,divide_over_risks,20,greedy,8,5,2,100000,2.0,142.0,46.46396,421.30070111839996,46.3367409458683,46.5911790541317,0.1272190541317002,0.0,8.0,6.91717,3.0420891911,6.906359593052743,6.927980406947256,0.010810406947256546,0.0,0.3975,0.19399050000000004,0.0036272294097500005,0.1936172123830008,0.19436378761699927,0.0003732876169992294,0.0,64.5,24.54946125,54.35799936599844,24.503764238022804,24.595158261977197,0.045697011977196667,0.0,516.0,196.39569,3478.9119594239,196.03011390418243,196.76126609581758,0.36557609581757333,0.0,1.0,0.607055,0.105516726975,0.6050416618308214,0.6090683381691786,0.002013338169178591,0.34101,0.33807151517791906,0.34395770877159393
T-divide_over_risks-W-20-HS-greedy-D-8-C-5-H-3-RUNS-100000.csv,divide_over_risks,20,greedy,8,5,3,100000,2.0,146.0,48.37179,377.8594221959,48.25130826875796,48.492271731242035,0.12048173124203743,0.0,8.0,7.11242,2.3663817436,7.102885487895957,7.121954512104043,0.009534512104043102,0.0,0.405,0.20102447499999998,0.003293875138474375,0.20066875389109634,0.20138019610890362,0.0003557211089036394,0.0,62.25,25.17596625,50.54595166011093,25.131900693394247,25.22003180660575,0.04406555660575151,0.0,498.0,201.40773,3234.9409062470995,201.05520554715397,201.760254452846,0.3525244528460121,0.0,1.0,0.68416,0.0747162055111111,0.6824658046892654,0.6858541953107345,0.0016941953107345586,0.31166,0.30878978013050395,0.3145411471634341
T-divide_over_risks-W-20-HS-greedy-D-8-C-5-H-4-RUNS-100000.csv,divide_over_risks,20,greedy,8,5,4,100000,2.0,137.0,49.89442,350.9192528636,49.77831266165307,50.010527338346925,0.11610733834692866,0.0,8.0,7.24124,1.9724632624000003,7.232535165211886,7.249944834788114,0.008704834788114013,0.0,0.4125,0.20497835000000003,0.0032038341562774996,0.20462752455487446,0.2053291754451256,0.00035082544512557434,0.0,68.875,25.56706625,49.675961961860935,25.523381564414237,25.610750935585763,0.043684685585763106,0.0,551.0,204.53653,3179.2615655591,204.1870525153139,204.8860074846861,0.34947748468610484,0.0,1.0,0.7234125,0.06030997984375,0.7218903737944318,0.7249346262055683,0.0015221262055682416,0.2873,0.28449661135271526,0.2901157299532583
T-divide_over_risks-W-20-HS-greedy-D-8-C-5-H-5-RUNS-100000.csv,divide_over_risks,20,greedy,8,5,5,100000,2.0,148.0,50.83674,341.22734617239996,50.722247250314446,50.95123274968555,0.11449274968555301,0.0,8.0,7.31635,1.7346926775,7.3081866701708895,7.32451332982911,0.008163329829110388,0.0,0.395,0.20733235,0.0031885850184775,0.2069823604543421,0.2076823395456579,0.00034998954565790275,0.0,61.75,25.82524875,49.77575059437344,25.781520209722128,25.868977290277872,0.043728540277871986,0.0,494.0,206.60199,3185.6480380399003,206.25216167777702,206.95181832222298,0.3498283222229759,0.0,1.0,0.7504460000000001,0.051047201084,0.7490456324493753,0.7518463675506248,0.0014003675506247815,0.27167,0.2689146768702144,0.2744385718605845
T-divide_over_risks-W-20-HS-greedy-D-9-C-5-H-1-RUNS-100000.csv,divide_over_risks,20,greedy,9,5,1,100000,1.0,136.0,45.33647,529.9524579391,45.19378624610984,45.47915375389016,0.14268375389016086,0.0,9.0,7.3726,5.81280924,7.35765661083409,7.38754338916591,0.01494338916590987,0.0,0.3875,0.185936675,0.0049992093274443756,0.1854984403305327,0.1863749096694673,0.0004382346694672967,0.0,61.22222222222222,24.051035555555554,70.4245971004642,23.999021794662774,24.103049316448335,0.052013760892780425,0.0,551.0,216.45932,5704.392365137601,215.99119615196497,216.927443848035,0.4681238480350203,0.0,1.0,0.38957,0.2378052151000001,0.3865474968745622,0.39259250312543786,0.0030225031254378365,0.38957,0.3865457912824174,0.39260061501266236
T-divide_over_risks-W-20-HS-greedy-D-9-C-5-H-2-RUNS-100000.csv,divide_over_risks,20,greedy,9,5,2,100000,2.0,143.0,47.80583,439.3416080111,47.675915615833524,47.935744384166476,0.12991438416647583,0.0,9.0,7.72154,4.0974600284,7.708993764530704,7.734086235469296,0.012546235469296008,0.0,0.4,0.19788340000000001,0.00362417162944,0.1975102697582391,0.19825653024176093,0.00037313024176091614,0.0,65.22222222222223,25.03168111111111,56.58896531954445,24.98505577795717,25.078306444265046,0.04662533315393702,0.0,587.0,225.28513,4583.7061908831,224.86550200161457,225.70475799838545,0.41962799838543674,0.0,1.0,0.618135,0.10555162177499998,0.6161213289488826,0.6201486710511174,0.0020136710511173828,0.35715,0.35417937095544866,0.3601289164184437
T-divide_over_risks-W-20-HS-greedy-D-9-C-5-H-3-RUNS-100000.csv,divide_over_risks,20,greedy,9,5,3,100000,2.0,137.0,49.00397,394.4463942391001,48.880872263704454,49.12706773629555,0.12309773629554854,0.0,9.0,7.88812,3.2977028656,7.87686457671676,7.89937542328324,0.011255423283239807,0.0,0.4025,0.20319432500000004,0.0032109168502943756,0.20284311198526267,0.2035455380147374,0.0003512130147373671,0.0,63.22222222222222,25.467675555555555,52.055527229056786,25.42295682196401,25.5123942891471,0.044718733591544435,0.0,569.0,229.20908,4216.4977055536,228.8066113976761,229.6115486023239,0.4024686023238928,0.0,1.0,0.71756,0.06225209084444445,0.7160135601137192,0.7191064398862808,0.0015464398862807816,0.34103,0.33809147302756315,0.34397774976160056
T-divide_over_risks-W-20-HS-greedy-D-9-C-5-H-4-RUNS-100000.csv,divide_over_risks,20,greedy,9,5,4,100000,2.0,138.0,50.52434,365.3971475644,50.405861745367204,50.6428182546328,0.11847825463279804,0.0,9.0,8.04654,2.7297740284,8.036299541071074,8.056780458928927,0.010240458928926444,0.0,0.3975,0.207432425,0.0030619613711193754,0.2070894551645437,0.20777539483545632,0.00034296983545631377,0.0,61.77777777777778,25.90651555555556,50.22987670802963,25.862587990819787,25.950443120291336,0.04392756473577464,0.0,556.0,233.15864,4068.6200133504003,232.763291917378,233.55398808262197,0.39534808262197885,0.0,1.0,0.7600525,0.04783082224375,0.7586969673123396,0.7614080326876604,0.0013555326876604212,0.31908,0.3161912913429686,0.3219792052973404
T-divide_over_risks-W-20-HS-greedy-D-9-C-5-H-5-RUNS-100000.csv,divide_over_risks,20,greedy,9,5,5,100000,2.0,141.0,51.68398,349.5497313596,51.56809944736104,51.799860552638954,0.11588055263895569,1.0,9.0,8.13793,2.3944653151,8.12833907827449,8.147520921725512,0.009590921725511237,0.0,0.395,0.21031935,0.0030275055155774997,0.20997831532157796,0.21066038467842202,0.00034103467842203083,0.0,62.77777777777778,26.194154444444443,49.90001281713458,26.150371355330233,26.237937533558654,0.04378308911421058,0.0,565.0,235.74739,4041.9010381879,235.3533421979721,236.1414378020279,0.3940478020278988,0.0,1.0,0.7848620000000002,0.040989640956,0.7836071462049444,0.7861168537950559,0.0012548537950557437,0.30549,0.3026358073556356,0.30835547805942753
T-divide_over_risks-W-20-HS-random-D-1-C-5-H-1-RUNS-100000.csv,divide_over_risks,20,random,1,5,1,100000,1.0,126.0,21.39852,118.25102180959999,21.331120213250802,21.4659197867492,0.06739978674919911,0.0,1.0,0.93338,0.0621817756,0.9318344337311362,0.9349255662688638,0.0015455662688638183,0.0,0.285,0.04869245,0.0007248360629975,0.0485255808830367,0.0488593191169633,0.0001668691169633002,0.0,126.0,19.53176,119.5335113024,19.46399570726265,19.599524292737346,0.06776429273734763,0.0,126.0,19.53176,119.5335113024,19.46399570726265,19.599524292737346,0.06776429273734763,0.0,1.0,0.06662,0.06218177559999999,0.0650744337311362,0.0681655662688638,0.0015455662688638044,0.06662,0.06508204760950595,0.0681831462406758
T-divide_over_risks-W-20-HS-random-D-1-C-5-H-2-RUNS-100000.csv,divide_over_risks,20,random,1,5,2,100000,2.0,134.0,22.335,139.752855,22.261728275046373,22.40827172495363,0.07327172495362788,0.0,1.0,0.97411,0.025219707900000003,0.9731257031450389,0.9750942968549612,0.000984296854961153,0.0,0.3075,0.05074825000000001,0.0008541022469375,0.05056711140135701,0.05092938859864301,0.00018113859864300058,0.0,132.0,20.38678,142.6504012316,20.31275258741714,20.460807412582863,0.07402741258286127,0.0,132.0,20.38678,142.6504012316,20.31275258741714,20.460807412582863,0.07402741258286127,0.0,1.0,0.06634,0.041714004400000004,0.06507410695829766,0.06760589304170234,0.00126589304170234,0.02589,0.02491449060621324,0.026893137897913272
T-divide_over_risks-W-20-HS-random-D-1-C-5-H-3-RUNS-100000.csv,divide_over_risks,20,random,1,5,3,100000,2.0,123.0,22.62035,156.61857587749998,22.54278287287188,22.697917127128118,0.07756712712811975,0.0,1.0,0.98132,0.01833105760000001,0.9804808302264967,0.9821591697735033,0.0008391697735032899,0.0,0.2925,0.0513749,0.00094665577499,0.05118419937532348,0.05156560062467652,0.00019070062467652082,0.0,123.0,20.65771,159.5063875559,20.57943102846647,20.735988971533533,0.07827897153353192,0.0,123.0,20.65771,159.5063875559,20.57943102846647,20.735988971533533,0.07827897153353192,0.0,1.0,0.06702333333333332,0.0354689839,0.06585603881801065,0.068190627848656,0.0011672945153226727,0.01868,0.017849827594257888,0.019538253352683797
T-divide_over_risks-W-20-HS-random-D-1-C-5-H-4-RUNS-100000.csv,divide_over_risks,20,random,1,5,4,100000,2.0,124.0,22.69042,161.2127602236,22.611723434657225,22.769116565342774,0.07869656534277425,0.0,1.0,0.98544,0.014348006400000002,0.9846975762572072,0.9861824237427927,0.0007424237427927638,0.0,0.3025,0.05151705,0.0009703275592974999,0.05132397979640045,0.05171012020359955,0.00019307020359955046,0.0,124.0,20.71954,163.8449421884,20.640203581508175,20.798876418491822,0.07933641849182393,0.0,124.0,20.71954,163.8449421884,20.640203581508175,20.798876418491822,0.07933641849182393,0.0,1.0,0.0663725,0.031360316243750005,0.06527489446574833,0.06747010553425167,0.0010976055342516722,0.01456,0.013826694929281182,0.015321655133377595
T-divide_over_risks-W-20-HS-random-D-1-C-5-H-5-RUNS-100000.csv,divide_over_risks,20,random,1,5,5,100000,2.0,144.0,22.71958,164.64122462359998,22.640051028642763,22.79910897135724,0.07952897135723802,0.0,1.0,0.98648,0.0133372096,0.9857642051662707,0.9871957948337293,0.0007157948337292996,0.0,0.32,0.05157610000000001,0.0009887890337899998,0.05138120177137266,0.05177099822862735,0.00019489822862734513,0.0,142.0,20.74662,167.29621857559997,20.666452353578265,20.826787646421735,0.08016764642173513,0.0,142.0,20.74662,167.29621857559997,20.666452353578265,20.826787646421735,0.08016764642173513,0.0,1.0,0.065906,0.029342399164000003,0.0648442949532548,0.06696770504674521,0.001061705046745201,0.01352,0.012813354745367656,0.014255065345126296
T-divide_over_risks-W-20-HS-random-D-10-C-5-H-1-RUNS-100000.csv,divide_over_risks,20,random,10,5,1,100000,1.0,129.0,28.72965,317.8762208775,28.61914419516953,28.84015580483047,0.11050580483047057,0.0,10.0,5.56151,11.334496519900002,5.5406431358774615,5.582376864122539,0.020866864122538686,0.0,0.3825,0.14580442500000002,0.004813006462919375,0.14537442912062498,0.14623442087937505,0.0004299958793750336,0.0,59.8,18.890282000000003,54.484178960475994,18.844531981213716,18.93603201878629,0.04575001878628626,0.0,598.0,188.90282,5448.417896047599,188.44531981213711,189.36032018786287,0.45750018786287683,0.0,1.0,0.80095,0.15942909749999998,0.7984752013799988,0.8034247986200013,0.0024747986200012173,0.80095,0.7984615342077939,0.8034209985513296
T-divide_over_risks-W-20-HS-random-D-10-C-5-H-2-RUNS-100000.csv,divide_over_risks,20,random,10,5,2,100000,2.0,137.0,38.0707,345.07040151,37.95556432114932,38.18583567885069,0.11513567885068454,0.0,10.0,7.27499,7.731730499899999,7.257755669177941,7.292224330822059,0.01723433082205883,0.0,0.4125,0.18138997499999998,0.003463467406999375,0.18102521129030932,0.18175473870969064,0.0003647637096906575,0.0,53.0,22.268522,44.880155935515994,22.226999523310635,22.310044476689367,0.04152247668936582,0.0,530.0,222.68522,4488.0155935516,222.26999523310636,223.10044476689362,0.41522476689362975,0.0,1.0,0.79951,0.0851687599,0.7977011763269135,0.8013188236730866,0.001808823673086546,0.64926,0.6462930320367127,0.6522183086370301
T-divide_over_risks-W-20-HS-random-D-10-C-5-H-3-RUNS-100000.csv,divide_over_risks,20,random,10,5,3,100000,2.0,138.0,43.64134,353.1950830044,43.524856772414665,43.757823227585334,0.11648322758533425,0.0,10.0,8.11792,5.331894873599999,8.103608114258973,8.132231885741026,0.014311885741026487,0.0,0.4075,0.19651915,0.0030633448082775,0.19617610269399866,0.19686219730600135,0.00034304730600134836,0.0,57.0,23.76586,43.8035600604,23.724838571901014,23.806881428098986,0.041021428098986235,0.0,570.0,237.6586,4380.3560060400005,237.24838571901014,238.06881428098987,0.41021428098986235,0.0,1.0,0.7991966666666666,0.06058135465555556,0.7976711197744185,0.8007222135589146,0.001525546892248042,0.52949,0.5263906018143094,0.5325876874898307
T-divide_over_risks-W-20-HS-random-D-10-C-5-H-4-RUNS-100000.csv,divide_over_risks,20,random,10,5,4,100000,2.0,139.0,47.61757,351.83863729509994,47.50131066450246,47.73382933549754,0.11625933549753853,0.0,10.0,8.61997,3.8534671991,8.607803044919923,8.632136955080078,0.012166955080077813,0.0,0.4025,0.20533165,0.0029705062582774996,0.2049938409290472,0.2056694590709528,0.00033780907095279367,0.0,62.9,24.7424,44.24025004,24.701174601935982,24.783625398064018,0.04122539806401804,0.0,629.0,247.424,4424.025004,247.01174601935983,247.83625398064018,0.41225398064017327,0.0,1.0,0.79921,0.04825962590000001,0.7978484046898676,0.8005715953101323,0.0013615953101323575,0.43166,0.42858712707356705,0.4347368373506028
T-divide_over_risks-W-20-HS-random-D-10-C-5-H-5-RUNS-100000.csv,divide_over_risks,20,random,10,5,5,100000,2.0,144.0,50.69657,348.6823002351,50.58083331935885,50.81230668064115,0.11573668064114884,1.0,10.0,8.98174,2.7745665724000004,8.971415865680585,8.992064134319415,0.010324134319414924,0.0,0.39,0.21027055,0.0029752220526975005,0.2099324728928537,0.2106086271071463,0.0003380771071463118,0.0,58.2,25.338922,45.245036277916,25.29723107396504,25.38061292603496,0.04169092603495983,0.0,582.0,253.38922,4524.5036277916,252.9723107396504,253.8061292603496,0.4169092603495983,0.0,1.0,0.79878,0.04070571160000001,0.7975294998533284,0.8000305001466717,0.001250500146671607,0.3476,0.34464793997034243,0.35056090156438685
T-divide_over_risks-W-20-HS-random-D-2-C-5-H-1-RUNS-100000.csv,divide_over_risks,20,random,2,5,1,100000,1.0,130.0,30.90506,265.1383863964,30.80413648315777,31.005983516842228,0.10092351684222933,0.0,2.0,1.59476,0.44838054239999997,1.590609700382281,1.598910299617719,0.0041502996177189555,0.0,0.3375,0.093161525,0.002174941572174375,0.09287247041097459,0.0934505795890254,0.0002890545890254087,0.0,95.0,22.731585,113.09872588777499,22.66566989813628,22.79750010186372,0.06591510186371963,0.0,190.0,45.46317,452.39490355109996,45.33133979627256,45.59500020372744,0.13183020372743925,0.0,1.0,0.30156,0.2106215664,0.29871548983218155,0.30440451016781844,0.002844510167818448,0.30156,0.2987163299869908,0.3044151835432557
T-divide_over_risks-W-20-HS-random-D-2-C-5-H-2-RUNS-100000.csv,divide_over_risks,20,random,2,5,2,100000,2.0,142.0,35.78402,318.85829263959994,35.673343624155635,35.89469637584436,0.1106763758443634,0.0,2.0,1.81866,0.1979158044,1.8159026219806071,1.8214173780193927,0.0027573780193927977,0.0,0.3375,0.10517670000000003,0.00249367752711,0.10486718890830628,0.10548621109169377,0.00030951109169374824,0.0,98.0,25.426275,132.09670212437499,25.355038584391057,25.497511415608944,0.07123641560894356,0.0,196.0,50.85255,528.3868084974999,50.710077168782114,50.99502283121789,0.14247283121788712,0.0,1.0,0.306545,0.137607662975,0.3042457966638752,0.30884420333612483,0.002299203336124822,0.15661,0.15436244456239953,0.15887749115652924
T-divide_over_risks-W-20-HS-random-D-2-C-5-H-3-RUNS-100000.csv,divide_over_risks,20,random,2,5,3,100000,2.0,149.0,37.47035,363.08362087750004,37.35224741586388,37.58845258413613,0.11810258413612473,0.0,2.0,1.89427,0.11511116709999998,1.8921671185018376,1.8963728814981622,0.00210288149816229,0.0,0.36,0.10870650000000001,0.0027501601077500005,0.10838146130891951,0.10903153869108051,0.0003250386910804981,0.0,105.0,26.283905,147.693745450975,26.208580349816646,26.359229650183355,0.07532465018335444,0.0,210.0,52.56781,590.7749818039,52.41716069963329,52.71845930036671,0.15064930036670887,0.0,1.0,0.3067133333333333,0.11181359782222224,0.3046407911325715,0.3087858755340951,0.0020725422007618066,0.09545,0.09363557333568774,0.09728792936081643
T-divide_over_risks-W-20-HS-random-D-2-C-5-H-4-RUNS-100000.csv,divide_over_risks,20,random,2,5,4,100000,2.0,143.0,38.40932,395.91303713760004,38.285993623118664,38.53264637688134,0.1233263768813373,0.0,2.0,1.93234,0.07584212439999999,1.9306330872749462,1.9340469127250537,0.0017069127250537441,0.0,0.355,0.11047904999999998,0.0028997882610975,0.110145286212512,0.11081281378748796,0.0003337637874879784,0.0,106.5,26.7513,157.54794331,26.67350307338849,26.829096926611513,0.07779692661151216,0.0,213.0,53.5026,630.19177324,53.34700614677698,53.658193853223025,0.15559385322302433,0.0,1.0,0.3066525,0.09953736924374999,0.30469703903724266,0.30860796096275733,0.0019554609627573383,0.06128,0.059801203900676586,0.06278430469333263
T-divide_over_risks-W-20-HS-random-D-2-C-5-H-5-RUNS-100000.csv,divide_over_risks,20,random,2,5,5,100000,2.0,139.0,38.69869,420.2771822839,38.571625574472556,38.82575442552744,0.12706442552744335,0.0,2.0,1.95895,0.04860489750000001,1.95758354263061,1.9603164573693899,0.0013664573693898951,0.0,0.3475,0.11090932499999999,0.003013079315544375,0.11056910381461325,0.11124954618538672,0.0003402211853867354,0.0,106.5,26.86954,164.2871801884,26.790096584199084,26.948983415800917,0.07944341580091674,0.0,213.0,53.73908,657.1487207536,53.58019316839817,53.897966831601835,0.15888683160183348,0.0,1.0,0.304746,0.091309475484,0.3028731025628206,0.30661889743717946,0.0018728974371794438,0.03643,0.03527722864902298,0.037609758218327745
T-divide_over_risks-W-20-HS-random-D-3-C-5-H-1-RUNS-100000.csv,divide_over_risks,20,random,3,5,1,100000,1.0,132.0,33.36261,313.1878439879,33.25292215101644,33.47229784898355,0.10968784898355466,0.0,3.0,2.11793,1.1712425151,2.111222209569457,2.1246377904305427,0.006707790430542815,0.0,0.3425,0.119954275,0.0031027984717243748,0.11960902566098577,0.12029952433901422,0.0003452493390142253,0.0,85.0,22.71692333333333,96.02721982301112,22.656186345618092,22.777660321048568,0.060736987715237944,0.0,255.0,68.15077,864.2449784071,67.96855903685429,68.3329809631457,0.18221096314570673,0.0,1.0,0.47241,0.24923879190000006,0.4693156895065895,0.4755043104934105,0.0030943104934105237,0.47241,0.4693115841387387,0.4755100163385552
T-divide_over_risks-W-20-HS-random-D-3-C-5-H-2-RUNS-100000.csv,divide_over_risks,20,random,3,5,2,100000,2.0,137.0,40.8467,328.35927911,40.734386821493246,40.95901317850675,0.11231317850675282,0.0,3.0,2.57355,0.6069303975,2.5687213523476693,2.5783786476523307,0.004828647652330709,0.0,0.365,0.14023122500000001,0.0029786640974993747,0.13989295238808835,0.14056949761191168,0.0003382726119116608,0.0,86.66666666666667,26.24864,99.48353148373332,26.186819620306256,26.310460379693748,0.061820379693745764,0.0,260.0,78.74592,895.3517833535999,78.56045886091876,78.93138113908124,0.18546113908124084,0.0,1.0,0.47396,0.15016191840000004,0.4715582047844884,0.4763617952155116,0.002401795215511593,0.27564,0.27287206967441535,0.2784209485584546
T-divide_over_risks-W-20-HS-random-D-3-C-5-H-3-RUNS-100000.csv,divide_over_risks,20,random,3,5,3,100000,2.0,150.0,44.08282,357.40820084759997,43.96564409187994,44.19999590812006,0.11717590812006051,0.0,3.0,2.75398,0.3558541596,2.7502826369673516,2.757677363032648,0.0036973630326482265,0.0,0.3825,0.147201075,0.0031746912063443755,0.14685184880198082,0.14755030119801915,0.00034922619801916466,0.0,86.66666666666667,27.62203,110.20047312354446,27.556964945051018,27.68709505494898,0.06506505494898107,0.0,260.0,82.86609,991.8042581119001,82.67089483515305,83.06128516484695,0.19519516484695032,0.0,1.0,0.47316666666666674,0.11711997222222224,0.47104551583447946,0.475287817498854,0.0021211508321872796,0.17215,0.16981473977207903,0.17450429168253573
T-divide_over_risks-W-20-HS-random-D-3-C-5-H-4-RUNS-100000.csv,divide_over_risks,20,random,3,5,4,100000,2.0,139.0,45.64894,381.84275687639996,45.52782488389898,45.77005511610103,0.12111511610102355,0.0,3.0,2.84924,0.2239114224,2.846307120663423,2.852172879336577,0.0029328793365768213,0.0,0.3775,0.15019092499999998,0.0033268988601443754,0.14983342514459957,0.15054842485540038,0.0003574998554004005,0.0,85.0,28.25585666666667,117.84696069945555,28.188572130239418,28.323141203093922,0.06728453642725185,0.0,255.0,84.76757,1060.6226462951,84.56571639071825,84.96942360928176,0.20185360928175555,0.0,1.0,0.4734525,0.10059710524375,0.47148665707772874,0.47541834292227125,0.001965842922271255,0.1085,0.10657874384055266,0.11044399615761596
T-divide_over_risks-W-20-HS-random-D-3-C-5-H-5-RUNS-100000.csv,divide_over_risks,20,random,3,5,5,100000,2.0,149.0,46.51772,403.45276600159997,46.393224853674056,46.64221514632594,0.12449514632594116,0.0,3.0,2.91017,0.1379805711,2.9078676834232935,2.9124723165767064,0.0023023165767064313,0.0,0.36,0.15139945,0.0034240791646975004,0.15103676635659843,0.15176213364340155,0.0003626836434015568,0.0,93.66666666666667,28.57276666666667,123.77230501222223,28.503811341496313,28.641721991837027,0.06895532517035718,0.0,281.0,85.7183,1113.95074511,85.51143402448893,85.92516597551106,0.20686597551106445,0.0,1.0,0.47109,0.09097941190000002,0.4692204906826789,0.4729595093173211,0.0018695093173211053,0.06537,0.06384562722885603,0.06691964023950427
T-divide_over_risks-W-20-HS-random-D-4-C-5-H-1-RUNS-100000.csv,divide_over_risks,20,random,4,5,1,100000,1.0,135.0,32.65875,322.0535784375,32.54752046134567,32.769979538654326,0.11122953865432805,0.0,4.0,2.52419,2.2045948439,2.5149871898029317,2.533392810197068,0.009202810197068256,0.0,0.3725,0.137177175,0.003881910471519375,0.1367910047361605,0.13756334526383954,0.0003861702638395248,0.0,76.0,21.8708,81.86824361000001,21.814719250660126,21.926880749339873,0.05608074933987339,0.0,304.0,87.4832,1309.8918977600001,87.2588770026405,87.70752299735949,0.22432299735949357,0.0,1.0,0.58994,0.2419107964,0.5868915175653282,0.5929884824346718,0.0030484824346718176,0.58994,0.5868840011986092,0.5929907812749797
T-divide_over_risks-W-20-HS-random-D-4-C-5-H-2-RUNS-100000.csv,divide_over_risks,20,random,4,5,2,100000,2.0,132.0,41.37628,319.0983933616,41.265561962267306,41.4869980377327,0.1107180377326955,0.0,4.0,3.21604,1.3955067183999996,3.2087181296041205,3.2233618703958795,0.007321870395879504,0.0,0.375,0.1635653,0.0032190457609099997,0.16321364269245311,0.16391695730754688,0.00035165730754688207,0.0,80.0,25.71843,76.8403658351,25.66409861409902,25.77276138590098,0.05433138590097997,0.0,320.0,102.87372,1229.4458533616,102.65639445639609,103.09104554360393,0.21732554360391987,0.0,1.0,0.585355,0.13666202397500002,0.5830637103384723,0.5876462896615277,0.0022912896615276956,0.37325,0.37025096335019075,0.37625638983767673
T-divide_over_risks-W-20-HS-random-D-4-C-5-H-3-RUNS-100000.csv,divide_over_risks,20,random,4,5,3,100000,2.0,134.0,45.66518,319.6351155676,45.554368887742946,45.77599111225705,0.11081111225705342,0.0,4.0,3.52631,0.8877877838999999,3.520470029494398,3.532149970505602,0.005839970505602032,0.0,0.39,0.17332987500000002,0.0031639769949843755,0.1729812385988034,0.17367851140119664,0.000348636401196617,0.0,79.75,27.3396875,80.74612552734375,27.283992409029086,27.395382590970915,0.05569509097091441,0.0,319.0,109.35875,1291.9380084375,109.13596963611634,109.58153036388366,0.22278036388365763,0.0,1.0,0.58661,0.10208537456666669,0.5846296687778674,0.5885903312221326,0.001980331222132592,0.24791,0.24523607025638175,0.25059855819319937
T-divide_over_risks-W-20-HS-random-D-4-C-5-H-4-RUNS-100000.csv,divide_over_risks,20,random,4,5,4,100000,2.0,150.0,48.09259,331.87707709189993,47.97967680416549,48.20550319583451,0.11291319583450843,0.0,4.0,3.71141,0.5573858119,3.7067826321358734,3.7160373678641263,0.00462736786412643,0.0,0.3875,0.1776789,0.00329107899479,0.17732332990752336,0.17803447009247664,0.00035557009247663696,0.0,78.5,28.1806825,87.10187820919376,28.122836966436168,28.23852803356383,0.05784553356383171,0.0,314.0,112.72273,1393.6300513471,112.49134786574467,112.95411213425533,0.23138213425532683,0.0,1.0,0.5850025,0.08436519999374999,0.583202229597266,0.586802770402734,0.0018002704027340055,0.16021,0.15794146555580693,0.16249826063212014
T-divide_over_risks-W-20-HS-random-D-4-C-5-H-5-RUNS-100000.csv,divide_over_risks,20,random,4,5,5,100000,2.0,138.0,49.60862,341.8158016956,49.49402856996294,49.72321143003706,0.11459143003705918,0.0,4.0,3.8281,0.33521039,3.8245114846604427,3.8316885153395575,0.0035885153395573965,0.0,0.3775,0.179908275,0.003389700774024375,0.17954741665530652,0.1802691333446935,0.00036085834469348765,0.0,82.75,28.69006,92.1187809464,28.630571891198013,28.749548108801985,0.05948810880198607,0.0,331.0,114.76024,1473.9004951424,114.52228756479205,114.99819243520794,0.2379524352079443,0.0,1.0,0.5848519999999999,0.073950538096,0.5831665078251453,0.5865374921748545,0.001685492174854586,0.10111,0.09924806452124792,0.102995107226977
T-divide_over_risks-W-20-HS-random-D-5-C-5-H-1-RUNS-100000.csv,divide_over_risks,20,random,5,5,1,100000,1.0,134.0,32.35711,318.83992244790005,32.246436812367406,32.46778318763259,0.11067318763259237,0.0,5.0,3.24009,3.1981467919,3.22900577665519,3.25117422334481,0.011084223344810074,0.0,0.37,0.13759369999999999,0.0039002892203099998,0.1372066166618318,0.13798078333816818,0.0003870833381681982,0.0,71.0,20.848412000000003,67.525907478256,20.79747993483782,20.899344065162186,0.05093206516218274,0.0,355.0,104.24206,1688.1476869563999,103.98739967418909,104.4967203258109,0.25466032581090303,0.0,1.0,0.60913,0.23809064309999997,0.606105683524277,0.6121543164757229,0.003024316475722988,0.60913,0.6060976094285583,0.6121560597006158
T-divide_over_risks-W-20-HS-random-D-5-C-5-H-2-RUNS-100000.csv,divide_over_risks,20,random,5,5,2,100000,2.0,137.0,41.0236,313.38382304,40.91387783748985,41.133322162510154,0.10972216251015254,0.0,5.0,4.05908,1.8823495536000001,4.05057633370533,4.067583666294669,0.008503666294669365,0.0,0.37,0.164692375,0.003146773554359375,0.1643446877082215,0.1650400622917785,0.00034768729177850344,0.0,68.0,24.225844000000002,60.146456087664,24.177775442115834,24.27391255788417,0.04806855788416797,0.0,340.0,121.12922,1503.6614021916002,120.88887721057915,121.36956278942085,0.24034278942085052,0.0,1.0,0.610955,0.13595148797499998,0.6086696745610204,0.6132403254389797,0.002285325438979635,0.40748,0.4044322609801284,0.4105331062264901
T-divide_over_risks-W-20-HS-random-D-5-C-5-H-3-RUNS-100000.csv,divide_over_risks,20,random,5,5,3,100000,2.0,136.0,45.26986,312.4967755804,45.16029323436965,45.379426765630356,0.10956676563035472,0.0,5.0,4.42103,1.1637837391,4.4143436021565226,4.4277163978434775,0.006686397843477465,0.0,0.3875,0.174440225,0.0030906798394493753,0.1740956505425713,0.1747847994574287,0.0003445744574286924,0.0,70.2,25.58812,62.26600046560001,25.539211813835653,25.637028186164347,0.048908186164347,0.0,351.0,127.9406,1556.65001164,127.69605906917826,128.18514093082175,0.2445409308217421,0.0,1.0,0.6094233333333333,0.10296431190000001,0.6074344952288234,0.6114121714378432,0.0019888381045098935,0.28277,0.2799801124230053,0.28557249186510547
T-divide_over_risks-W-20-HS-random-D-5-C-5-H-4-RUNS-100000.csv,divide_over_risks,20,random,5,5,4,100000,2.0,145.0,47.85705,323.7112752975,47.74553456451312,47.96856543548688,0.11151543548687926,0.0,5.0,4.61292,0.7842090735999998,4.607431268291179,4.618408731708821,0.005488731708821248,0.0,0.3675,0.17967740000000001,0.0031916691792400003,0.17932724123145397,0.18002755876854606,0.00035015876854604944,0.0,77.4,26.381252000000003,66.346834112496,26.330766556758753,26.431737443241254,0.05048544324125004,0.0,387.0,131.90626,1658.6708528124,131.65383278379375,132.15868721620626,0.2524272162062573,0.0,1.0,0.610945,0.085922456975,0.6091281904042658,0.6127618095957341,0.001816809595734159,0.20104,0.19855969556033315,0.20353765600779858
T-divide_over_risks-W-20-HS-random-D-5-C-5-H-5-RUNS-100000.csv,divide_over_risks,20,random,5,5,5,100000,2.0,135.0,49.44691,332.2718614519,49.33392966618241,49.5598903338176,0.11298033381759609,0.0,5.0,4.73803,0.5349617191,4.733496669061171,4.74256333093883,0.004533330938829572,0.0,0.37,0.182033,0.003291093161,0.18167742914226137,0.18238857085773863,0.0003555708577386296,0.0,73.8,26.836322000000003,69.515485912316,26.784645052462366,26.88799894753764,0.05167694753763641,0.0,369.0,134.18161,1737.8871478079004,133.92322526231183,134.43999473768818,0.25838473768817494,0.0,1.0,0.6104859999999999,0.07601204380399999,0.6087771762306268,0.612194823769373,0.0017088237693730912,0.14248,0.14031894835531178,0.14466181010609452
T-divide_over_risks-W-20-HS-random-D-6-C-5-H-1-RUNS-100000.csv,divide_over_risks,20,random,6,5,1,100000,1.0,134.0,30.41586,306.4114804604,30.30736528384586,30.524354716154136,0.1084947161541372,0.0,6.0,3.57642,4.764759983599999,3.562890660787386,3.5899493392126143,0.013529339212614122,0.0,0.3925,0.14690715000000001,0.0046355127788775,0.14648515727623174,0.1473291427237683,0.00042199272376827746,0.0,62.0,19.92191,60.42460584078889,19.87373042281236,19.97008957718764,0.04817957718763921,0.0,372.0,119.53146,2175.2858102684004,119.24238253687416,119.82053746312583,0.28907746312583527,0.0,1.0,0.67339,0.21993590789999998,0.670483273690578,0.6762967263094221,0.002906726309422014,0.67339,0.670473330037462,0.6762966103387632
T-divide_over_risks-W-20-HS-random-D-6-C-5-H-2-RUNS-100000.csv,divide_over_risks,20,random,6,5,2,100000,2.0,138.0,39.32421,305.82945787589995,39.21581837461427,39.43260162538573,0.10839162538572822,0.0,6.0,4.62675,3.1494944374999996,4.615750410084417,4.637749589915583,0.01099958991558303,0.0,0.3975,0.17841245000000003,0.0034857953099974998,0.17804651241976419,0.17877838758023587,0.0003659375802358422,0.0,62.5,23.39645,50.58651684194444,23.35236676473987,23.440533235260133,0.044083235260131914,0.0,375.0,140.3787,1821.1146063100002,140.11420058843922,140.6431994115608,0.2644994115607915,0.0,1.0,0.67215,0.12168437750000001,0.6699879114157741,0.674312088584226,0.002162088584225952,0.47479,0.471690735177468,0.47789072723687975
T-divide_over_risks-W-20-HS-random-D-6-C-5-H-3-RUNS-100000.csv,divide_over_risks,20,random,6,5,3,100000,2.0,141.0,44.16294,303.7989505564,44.05490879855998,44.27097120144002,0.10803120144002065,0.0,6.0,5.12634,2.0682582044,5.1174262910536505,5.135253708946349,0.008913708946349352,0.0,0.385,0.19079125,0.0032770316734374995,0.19043643955938871,0.19114606044061128,0.00035481044061128064,0.0,62.0,24.931276666666665,50.91059099234445,24.887052450861724,24.975500882471607,0.044224215804941736,0.0,372.0,149.58766,1832.7812757244,149.32231470517036,149.85300529482964,0.2653452948296433,0.0,1.0,0.6708766666666667,0.08965227590000001,0.6690208429059139,0.6727324904274194,0.0018558237607527728,0.34472,0.34177379553684945,0.3476752131215303
T-divide_over_risks-W-20-HS-random-D-6-C-5-H-4-RUNS-100000.csv,divide_over_risks,20,random,6,5,4,100000,2.0,135.0,47.34186,305.04877174039996,47.23360680782915,47.450113192170846,0.10825319217084939,0.0,6.0,5.41293,1.4002588151000002,5.405595673675048,5.420264326324952,0.007334326324952123,0.0,0.395,0.19736040000000002,0.00327627913684,0.19700563030101087,0.19771516969898917,0.0003547696989891491,0.0,62.833333333333336,25.855346666666666,52.26827930204445,25.810536643037267,25.900156690296065,0.0448100236293989,0.0,377.0,155.13208,1881.6580548736,154.8632198582236,155.4009401417764,0.2688601417764005,0.0,1.0,0.6714175,0.07261041569375,0.6697473497884049,0.6730876502115951,0.0016701502115951117,0.2525,0.24980953026079727,0.2552048316212023
T-divide_over_risks-W-20-HS-random-D-6-C-5-H-5-RUNS-100000.csv,divide_over_risks,20,random,6,5,5,100000,2.0,140.0,49.36482,306.85706636760005,49.25624642558349,49.47339357441651,0.10857357441651061,0.0,6.0,5.59302,0.9636872796,5.586935510659627,5.599104489340373,0.006084489340373089,0.0,0.4075,0.2004096,0.00335461997784,0.20005061381493336,0.20076858618506663,0.00035898618506663427,0.0,65.66666666666667,26.38755,55.14965555305555,26.341521430961564,26.43357856903844,0.04602856903843744,0.0,394.0,158.3253,1985.38759991,158.04912858576938,158.60147141423062,0.27617141423061753,0.0,1.0,0.670832,0.063077227776,0.6692753450021784,0.6723886549978215,0.0015566549978215383,0.18674,0.18432875290445663,0.18916943000642403
T-divide_over_risks-W-20-HS-random-D-7-C-5-H-1-RUNS-100000.csv,divide_over_risks,20,random,7,5,1,100000,1.0,127.0,30.08499,301.23074669989995,29.977416395592492,30.19256360440751,0.1075736044075093,0.0,7.0,4.23645,6.2928813974999995,4.22090177399938,4.2519982260006195,0.015548226000619891,0.0,0.38,0.14688389999999998,0.00462588404579,0.1464623457786914,0.14730545422130856,0.00042155422130857323,0.0,54.285714285714285,19.36508142857143,55.22202799949184,19.31902266797555,19.41114018916731,0.04605876059587999,0.0,380.0,135.55557,2705.8793719751,135.23315867582883,135.87798132417115,0.32241132417115637,0.0,1.0,0.69175,0.21323193750000002,0.6888879171725821,0.6946120828274178,0.0028620828274178445,0.69175,0.6888774387382646,0.6946114360454406
T-divide_over_risks-W-20-HS-random-D-7-C-5-H-2-RUNS-100000.csv,divide_over_risks,20,random,7,5,2,100000,2.0,135.0,38.92692,301.9053193136,38.81922601341416,39.034613986585846,0.1076939865858435,0.0,7.0,5.44147,3.9328142391000003,5.429178417847597,5.453761582152403,0.012291582152403002,0.0,0.3825,0.17864817500000002,0.0034394721316693745,0.17828467704758458,0.17901167295241546,0.00036349795241544247,0.0,57.57142857142857,22.609598571428574,45.89736978579387,22.56760817541126,22.65158896744589,0.041990396017315135,0.0,403.0,158.26719,2248.9711195039,157.97325722787878,158.56112277212122,0.2939327721212237,0.0,1.0,0.69199,0.11974483990000001,0.6898452114860438,0.6941347885139562,0.002144788513956164,0.5052,0.5020960792612472,0.5083036190915304
T-divide_over_risks-W-20-HS-random-D-7-C-5-H-3-RUNS-100000.csv,divide_over_risks,20,random,7,5,3,100000,2.0,134.0,43.70391,301.8314407119,43.59622919100235,43.81159080899765,0.10768080899764954,0.0,7.0,5.98429,2.5378031959,5.974416183738103,5.994163816261897,0.009873816261896984,0.0,0.395,0.19150362499999998,0.0032241259243593755,0.19115169031641482,0.19185555968358514,0.0003519346835851589,0.0,66.28571428571429,24.022624285714286,45.28668793761428,23.98091417418469,24.064334397243883,0.04171011152959636,0.0,464.0,168.15837,2219.0477089431,167.86639921929282,168.45034078070717,0.2919707807071745,0.0,1.0,0.6912433333333334,0.08860820967777777,0.6893983474301403,0.6930883192365266,0.0018449859031931526,0.37938,0.37637108565675564,0.38239591185968724
T-divide_over_risks-W-20-HS-random-D-7-C-5-H-4-RUNS-100000.csv,divide_over_risks,20,random,7,5,4,100000,2.0,145.0,46.67218,300.3135140476,46.5647702985962,46.77958970140379,0.10740970140379602,0.0,7.0,6.28383,1.7334105311,6.275669687569539,6.291990312430461,0.008160312430461225,0.0,0.4025,0.19762114999999997,0.0032207500726775004,0.1972693996129469,0.19797290038705304,0.00035175038705306805,0.0,60.285714285714285,24.781888571428574,46.72811638431837,24.739519864591806,24.824257278265343,0.04236870683676841,0.0,422.0,173.47322,2289.6777028316,173.17663905214263,173.76980094785736,0.29658094785736466,0.0,1.0,0.6926325,0.07311459494374999,0.6909565613736299,0.69430843862637,0.0016759386263700549,0.29558,0.292752817447076,0.2984190432031767
T-divide_over_risks-W-20-HS-random-D-7-C-5-H-5-RUNS-100000.csv,divide_over_risks,20,random,7,5,5,100000,2.0,138.0,48.85143,304.3418369551,48.743302316179125,48.959557683820876,0.10812768382087512,0.0,7.0,6.48391,1.2136811119000002,6.477081766436717,6.490738233563283,0.006828233563282993,0.0,0.3925,0.20101202499999998,0.003282350117899375,0.20065692675707386,0.2013671232429261,0.0003550982429261218,0.0,59.0,25.232421428571428,48.262291912193874,25.189362814960457,25.275480042182398,0.0430586136109703,0.0,413.0,176.62695,2364.8523036975,176.3255397047232,176.92836029527678,0.3014102952767814,0.0,1.0,0.6918139999999999,0.063312189404,0.6902544484400495,0.6933735515599504,0.0015595515599504672,0.22745,0.22485484189856111,0.2300609749922844
T-divide_over_risks-W-20-HS-random-D-8-C-5-H-1-RUNS-100000.csv,divide_over_risks,20,random,8,5,1,100000,1.0,136.0,29.67551,320.56679623989993,29.564537507713162,29.786482492286837,0.11097249228683737,0.0,8.0,4.62165,7.6623212775,4.6044932015167035,4.638806798483296,0.01715679848329632,0.0,0.3925,0.147029225,0.004789877058399374,0.14660026355992006,0.14745818644007996,0.0004289614400799502,0.0,57.75,19.33069875,57.235045055498446,19.28380801007353,19.37758948992647,0.046890739926471525,0.0,462.0,154.64559,3663.0428835519006,154.27046408058823,155.02071591941177,0.3751259194117722,0.0,1.0,0.74973,0.18763492710000007,0.7470451939810344,0.7524148060189656,0.002684806018965591,0.74973,0.7470330244687159,0.7524124841423209
T-divide_over_risks-W-20-HS-random-D-8-C-5-H-2-RUNS-100000.csv,divide_over_risks,20,random,8,5,2,100000,2.0,153.0,38.92023,336.75728674710007,38.80648964688081,39.03397035311918,0.11374035311918362,0.0,8.0,5.96563,5.1844887030999995,5.951517334836456,5.979742665163544,0.014112665163543703,0.0,0.39,0.181140625,0.0035141337871093755,0.18077320294899382,0.18150804705100618,0.00036742205100617764,0.0,58.125,22.77529125,47.475105508923434,22.732585235748715,22.817997264251282,0.04270601425128362,0.0,465.0,182.20233,3038.4067525711,181.86068188598972,182.54397811401026,0.34164811401026896,0.0,1.0,0.75189,0.10154142790000002,0.7499149517742074,0.7538650482257925,0.0019750482257925306,0.58187,0.578805511994485,0.5849297386587885
T-divide_over_risks-W-20-HS-random-D-8-C-5-H-3-RUNS-100000.csv,divide_over_risks,20,random,8,5,3,100000,2.0,138.0,44.34251,340.8814368999,44.228075296872206,44.45694470312779,0.11443470312779169,0.0,8.0,6.6444,3.49422864,6.632814047840845,6.655985952159155,0.011585952159155255,0.0,0.3875,0.19508630000000002,0.00318166880231,0.19473669023367543,0.1954359097663246,0.00034960976632458785,0.0,60.5,24.30116,46.90991484189999,24.258708954211155,24.343611045788844,0.04245104578884451,0.0,484.0,194.40928,3002.2345498815994,194.06967163368924,194.74888836631075,0.3396083663107561,0.0,1.0,0.7498766666666665,0.07408831812222223,0.748189605070582,0.7515637282627511,0.0016870615960845603,0.45303,0.44994112860549895,0.4561215961095324
T-divide_over_risks-W-20-HS-random-D-8-C-5-H-4-RUNS-100000.csv,divide_over_risks,20,random,8,5,4,100000,2.0,147.0,48.05807,339.8145178751,47.943814520837336,48.172325479162666,0.1142554791626651,0.0,8.0,7.04549,2.4535006598999995,7.03578156648317,7.05519843351683,0.009708433516830262,0.0,0.3975,0.20270440000000003,0.00313846834564,0.20235717183298862,0.20305162816701144,0.0003472281670114097,0.0,63.75,25.2044625,47.80730133609375,25.16160733358885,25.247317666411153,0.04285516641115095,0.0,510.0,201.6357,3059.66728551,201.2928586687108,201.97854133128922,0.3428413312892076,0.0,1.0,0.7505325,0.05939159144375,0.749022007571385,0.752042992428615,0.0015104924286150068,0.35278,0.3498177071498005,0.3557508338004592
T-divide_over_risks-W-20-HS-random-D-8-C-5-H-5-RUNS-100000.csv,divide_over_risks,20,random,8,5,5,100000,2.0,150.0,50.98391,342.1358111119,50.8692649420181,51.098555057981905,0.11464505798190316,0.0,8.0,7.30717,1.7718165911000001,7.29891978144752,7.315420218552481,0.008250218552480426,0.0,0.3975,0.20766050000000003,0.0031467787397500002,0.2073128124217545,0.20800818757824555,0.0003476875782455202,0.0,64.0,25.90495875,49.59810075454844,25.861308313134067,25.94860918686593,0.0436504368659314,0.0,512.0,207.23967,3174.2784482911,206.89046650507254,207.58887349492744,0.3492034949274512,0.0,1.0,0.7520840000000001,0.050502456944000004,0.7506911244183487,0.7534768755816514,0.0013928755816513538,0.27308,0.2703201676736346,0.27585299919144896
T-divide_over_risks-W-20-HS-random-D-9-C-5-H-1-RUNS-100000.csv,divide_over_risks,20,random,9,5,1,100000,1.0,134.0,29.16016,329.3767687744,29.047672943192396,29.272647056807607,0.11248705680760551,0.0,9.0,4.96905,9.301872097499999,4.950146542155004,4.987953457844997,0.018903457844996474,0.0,0.3975,0.14619022499999998,0.004840731176949375,0.14575899243062043,0.14662145756937953,0.0004312325693795471,0.0,56.77777777777778,19.25441222222222,58.6609987421716,19.20694095799133,19.301883486453114,0.047471264230892984,0.0,511.0,173.28971,4751.5408981159,172.86246862192198,173.71695137807805,0.42724137807803686,0.0,1.0,0.78567,0.1683926511,0.7831265825972409,0.7882134174027591,0.002543417402759096,0.78567,0.7831133626664358,0.7882100581427525
T-divide_over_risks-W-20-HS-random-D-9-C-5-H-2-RUNS-100000.csv,divide_over_risks,20,random,9,5,2,100000,2.0,145.0,38.73276,355.17996278239997,38.615949925733055,38.84957007426694,0.11681007426694379,0.0,9.0,6.51706,6.574308956399999,6.501167905963371,6.532952094036629,0.015892094036629167,0.0,0.3875,0.181855425,0.003491044960569375,0.18148921197018641,0.18222163802981356,0.0003662130298135724,0.0,57.888888888888886,22.86030222222222,48.78247317285925,22.817012183074528,22.903592261369912,0.04329003914769203,0.0,521.0,205.74272,3951.3803270016,205.35310964767078,206.1323303523292,0.38961035232921404,0.0,1.0,0.78534,0.0885760844,0.7834953485808126,0.7871846514191875,0.0018446514191874375,0.62533,0.62232135879838,0.6283313704049661
T-divide_over_risks-W-20-HS-random-D-9-C-5-H-3-RUNS-100000.csv,divide_over_risks,20,random,9,5,3,100000,2.0,140.0,44.41997,360.3830951991,44.302307444421906,44.53763255557809,0.11766255557809302,0.0,9.0,7.29004,4.6578967983999995,7.276663237932619,7.303416762067382,0.013376762067381698,0.0,0.39,0.196870325,0.003118127696894375,0.19652422386795348,0.19721642613204654,0.0003461011320465279,0.0,61.44444444444444,24.51386666666667,47.52854080197532,24.471136625437474,24.556596707895864,0.04273004122919488,0.0,553.0,220.6248,3849.81180496,220.24022962893724,221.00937037106274,0.3845703710627504,0.0,1.0,0.7872733333333333,0.061842920844444454,0.785731984038994,0.7888146826276725,0.0015413492943392448,0.50265,0.49954602915401025,0.5057538171217694
T-divide_over_risks-W-20-HS-random-D-9-C-5-H-4-RUNS-100000.csv,divide_over_risks,20,random,9,5,4,100000,2.0,143.0,48.55824,355.4496081024,48.441385594242824,48.67509440575717,0.11685440575717365,0.0,9.0,7.8011,3.3042587899999996,7.78983339422556,7.812366605774439,0.011266605774439498,0.0,0.425,0.204979525,0.003011986518274375,0.20463936551668954,0.20531968448331045,0.00034015948331045376,0.0,60.55555555555556,25.48043,48.28113676818642,25.43736298071509,25.523497019284907,0.043067019284908525,0.0,545.0,229.32387,3910.7720782231,228.93626682643583,229.71147317356417,0.3876031735641732,0.0,1.0,0.785045,0.048941847975,0.7836738143700405,0.7864161856299595,0.001371185629959526,0.39349,0.3904602783051914,0.39652590055769654
T-divide_over_risks-W-20-HS-random-D-9-C-5-H-5-RUNS-100000.csv,divide_over_risks,20,random,9,5,5,100000,2.0,148.0,51.62654,346.7398876284,51.51112613808068,51.74195386191932,0.1154138619193219,0.0,9.0,8.13353,2.3918197390999993,8.123944378105868,8.143115621894133,0.009585621894132146,0.0,0.42,0.21009055000000001,0.0030319114256975002,0.2097492672589632,0.21043183274103683,0.00034128274103681355,0.0,62.111111111111114,26.19424666666667,49.98991638063705,26.150424153871548,26.23806917946179,0.043822512795120616,0.0,559.0,235.74822,4049.1832268315993,235.35381738484392,236.14262261515609,0.394402615156082,0.0,1.0,0.785972,0.040784015215999996,0.7847202976677589,0.7872237023322411,0.0012517023322411447,0.30851,0.30564788779731117,0.31138322232802096
T-divide_over_risks-W-20-HS-weighted-D-1-C-5-H-1-RUNS-100000.csv,divide_over_risks,20,weighted,1,5,1,100000,1.0,115.0,20.45219,82.8401342039,20.395777354293767,20.508602645706237,0.056412645706235054,0.0,1.0,0.91303,0.0794062191,0.9112834407216056,0.9147765592783944,0.0017465592783943995,0.0,0.2625,0.046529925,0.0005146342669943751,0.046389318492323944,0.046670531507676055,0.00014060650767605543,0.0,115.0,18.62613,83.35549122309999,18.56954215191557,18.68271784808443,0.05658784808442974,0.0,115.0,18.62613,83.35549122309999,18.56954215191557,18.68271784808443,0.05658784808442974,0.0,1.0,0.08697,0.0794062191,0.08522344072160559,0.08871655927839442,0.0017465592783944134,0.08697,0.085230469277186,0.0887335297849097
T-divide_over_risks-W-20-HS-weighted-D-1-C-5-H-2-RUNS-100000.csv,divide_over_risks,20,weighted,1,5,2,100000,2.0,126.0,22.07809,126.8149119519,22.008292280427337,22.147887719572662,0.06979771957266223,0.0,1.0,0.96691,0.0319950519,0.9658013422918726,0.9680186577081275,0.001108657708127403,0.0,0.31,0.05019355,0.0007825432883975,0.05002016550540179,0.05036693449459822,0.0001733844945982152,0.0,126.0,20.14427,129.6572361671,20.073694420763303,20.214845579236695,0.07057557923669577,0.0,126.0,20.14427,129.6572361671,20.073694420763303,20.214845579236695,0.07057557923669577,0.0,1.0,0.074925,0.048393744374999985,0.0735615139957044,0.07628848600429561,0.0013634860042956026,0.03309,0.031989921500189686,0.03421726709796814
T-divide_over_risks-W-20-HS-weighted-D-1-C-5-H-3-RUNS-100000.csv,divide_over_risks,20,weighted,1,5,3,100000,2.0,122.0,22.44225,145.5895449375,22.36746385182857,22.51703614817143,0.07478614817143026,0.0,1.0,0.97918,0.020386527600000003,0.9782950317269633,0.9800649682730368,0.0008849682730367459,0.0,0.2975,0.050982675,0.0008895977873443749,0.05079781075630041,0.051167539243699586,0.00018486424369958815,0.0,120.0,20.48389,148.4779404679,20.4083656425978,20.559414357402197,0.0755243574021982,0.0,120.0,20.48389,148.4779404679,20.4083656425978,20.559414357402197,0.0755243574021982,0.0,1.0,0.07024333333333332,0.0382047630111111,0.06903185730144708,0.07145480936521957,0.0012114760318862466,0.02082,0.01994396656701169,0.021723978251793945
T-divide_over_risks-W-20-HS-weighted-D-1-C-5-H-4-RUNS-100000.csv,divide_over_risks,20,weighted,1,5,4,100000,2.0,135.0,22.66369,158.5885055839,22.5856365821984,22.741743417801597,0.07805341780159836,0.0,1.0,0.9847,0.015065909999999998,0.9839392293390515,0.9854607706609485,0.0007607706609484843,0.0,0.315,0.0514665,0.0009572377527500001,0.05127473648545762,0.05165826351454238,0.0001917635145423785,0.0,133.0,20.69429,161.23107139590002,20.615588965453146,20.772991034546852,0.07870103454685307,0.0,133.0,20.69429,161.23107139590002,20.615588965453146,20.772991034546852,0.07870103454685307,0.0,1.0,0.06834,0.0328958944,0.06721584312515094,0.06946415687484905,0.0011241568748490555,0.0153,0.014548326103892553,0.016079974739476793
T-divide_over_risks-W-20-HS-weighted-D-1-C-5-H-5-RUNS-100000.csv,divide_over_risks,20,weighted,1,5,5,100000,2.0,138.0,22.66038,165.43469825559998,22.580659617611385,22.740100382388615,0.07972038238861501,0.0,1.0,0.98708,0.012753073600000003,0.9863800556626291,0.9877799443373708,0.0006999443373708614,0.0,0.34,0.051421525,0.000991748829174375,0.051226335289662694,0.05161671471033731,0.0001951897103373082,0.0,138.0,20.68622,167.95798211160002,20.605893952911902,20.766546047088095,0.08032604708809643,0.0,138.0,20.68622,167.95798211160002,20.605893952911902,20.766546047088095,0.08032604708809643,0.0,1.0,0.065046,0.028958217884000007,0.0639912683288003,0.06610073167119972,0.0010547316711997101,0.01292,0.012229223146076593,0.013639237867958573
T-divide_over_risks-W-20-HS-weighted-D-10-C-5-H-1-RUNS-100000.csv,divide_over_risks,20,weighted,10,5,1,100000,1.0,141.0,39.26816,521.0211102144,39.12668368760108,39.40963631239892,0.14147631239892178,0.0,10.0,7.41004,8.9799471984,7.3914665336683285,7.428613466331672,0.018573466331671895,0.0,0.385,0.171145075,0.005292055865744376,0.17069418741075137,0.17159596258924864,0.00045088758924863304,0.0,60.5,21.866710999999995,66.218707142479,21.816274328286,21.91714767171399,0.050436671713995906,0.0,605.0,218.66711,6621.870714247899,218.16274328286005,219.17147671713997,0.5043667171399591,0.0,1.0,0.53739,0.2486019878999999,0.534299645009523,0.5404803549904771,0.003090354990477051,0.53739,0.5342936547432636,0.5404841762816404
T-divide_over_risks-W-20-HS-weighted-D-10-C-5-H-2-RUNS-100000.csv,divide_over_risks,20,weighted,10,5,2,100000,2.0,135.0,44.99402,426.4227642396,44.866029934326804,45.122010065673194,0.12799006567319537,0.0,10.0,8.29351,5.3816618799,8.279131477030715,8.307888522969284,0.014378522969284546,0.0,0.3975,0.193945975,0.0035866319687993748,0.19357478225530608,0.1943171677446939,0.00037119274469391006,0.0,62.9,23.849145999999998,50.551302870684,23.805078110884676,23.89321388911532,0.04406788911532189,0.0,629.0,238.49146,5055.130287068399,238.0507811088468,238.9321388911532,0.4406788911531976,0.0,1.0,0.687375,0.09492310937499998,0.6854654015684574,0.6892845984315426,0.0019095984315425918,0.44744,0.44435475629264604,0.45052829270372075
T-divide_over_risks-W-20-HS-weighted-D-10-C-5-H-3-RUNS-100000.csv,divide_over_risks,20,weighted,10,5,3,100000,2.0,141.0,47.84209,386.92579443189993,47.720171415203026,47.96400858479697,0.1219185847969726,0.0,10.0,8.66006,3.931460796399999,8.647770533048398,8.672349466951601,0.012289466951601824,0.0,0.395,0.20277040000000002,0.00314045075884,0.20242306218698278,0.20311773781301726,0.00034733781301724,0.0,64.0,24.620932999999997,47.003078709510994,24.57843982088023,24.663426179119764,0.04249317911976647,0.0,640.0,246.20933,4700.3078709511,245.78439820880232,246.63426179119767,0.4249317911976789,0.0,1.0,0.74625,0.061063159722222225,0.7447183987647272,0.7477816012352727,0.0015316012352727393,0.39982,0.3967818066668208,0.4028640049451838
T-divide_over_risks-W-20-HS-weighted-D-10-C-5-H-4-RUNS-100000.csv,divide_over_risks,20,weighted,10,5,4,100000,2.0,136.0,49.42368,363.36133525759993,49.30553225751096,49.54182774248903,0.11814774248903603,0.0,10.0,8.84657,3.2337892350999997,8.835424182521878,8.857715817478121,0.0111458174781216,0.0,0.395,0.207287975,0.0030256664828993748,0.20694704391663116,0.20762890608336887,0.00034093108336885614,0.0,56.7,25.061463,45.675970799631,25.019574002706694,25.103351997293306,0.04188899729330586,0.0,567.0,250.61463,4567.5970799630995,250.19574002706693,251.03351997293308,0.41888997293307284,0.0,1.0,0.77884,0.0478207544,0.7774846099819497,0.7801953900180503,0.0013553900180502954,0.372,0.3690030405625655,0.3750043851527614
T-divide_over_risks-W-20-HS-weighted-D-10-C-5-H-5-RUNS-100000.csv,divide_over_risks,20,weighted,10,5,5,100000,2.0,143.0,50.70416,350.68447869440007,50.588091507576245,50.82022849242376,0.11606849242375716,1.0,10.0,8.97478,2.7893039516,8.964428483173725,8.985131516826277,0.010351516826275997,0.0,0.3975,0.21022330000000003,0.00294830976211,0.2098867553999524,0.21055984460004765,0.0003365446000476169,0.0,62.0,25.355001,45.48435698999901,25.313199958647807,25.396802041352196,0.04180104135219409,0.0,620.0,253.55001,4548.4356989999005,253.13199958647806,253.9680204135219,0.4180104135219267,0.0,1.0,0.7999820000000001,0.040385199675999996,0.7987364327273274,0.8012275672726727,0.0012455672726726652,0.34983,0.3468734877589624,0.3527952243727296
T-divide_over_risks-W-20-HS-weighted-D-2-C-5-H-1-RUNS-100000.csv,divide_over_risks,20,weighted,2,5,1,100000,1.0,138.0,34.22846,373.29408602840005,34.108708316885036,34.34821168311496,0.11975168311496276,0.0,2.0,1.75743,0.33682979510000005,1.7538328270254877,1.7610271729745124,0.0035971729745123415,0.0,0.3375,0.10037579999999999,0.00267188652436,0.10005542023671926,0.10069617976328071,0.0003203797632807259,0.0,108.5,24.263675,136.01932299437502,24.191388636748332,24.335961363251666,0.07228636325166704,0.0,217.0,48.52735,544.0772919775001,48.382777273496664,48.67192272650333,0.14457272650333408,0.0,1.0,0.16602,0.13845735959999997,0.16371370905426189,0.16832629094573812,0.0023062909457381153,0.16602,0.16371846147897345,0.16834092661334552
T-divide_over_risks-W-20-HS-weighted-D-2-C-5-H-2-RUNS-100000.csv,divide_over_risks,20,weighted,2,5,2,100000,2.0,143.0,37.24553,385.9912050191,37.12375874669277,37.36730125330723,0.12177125330723015,0.0,2.0,1.89919,0.1354473439,1.8969089157921588,1.901471084207841,0.002281084207841122,0.0,0.3425,0.1077142,0.0027692513683600004,0.10738803507152528,0.10804036492847471,0.00032616492847471756,0.0,94.5,26.03031,145.5055613039,25.955545425213202,26.105074574786798,0.07476457478679777,0.0,189.0,52.06062,582.0222452156,51.911090850426405,52.210149149573596,0.14952914957359553,0.0,1.0,0.24779,0.10170011590000001,0.24581340908319035,0.24976659091680967,0.0019765909168096563,0.07841,0.0767511379088374,0.08009336299187744
T-divide_over_risks-W-20-HS-weighted-D-2-C-5-H-3-RUNS-100000.csv,divide_over_risks,20,weighted,2,5,3,100000,2.0,135.0,38.18071,403.62033389589993,38.056189002786894,38.3052309972131,0.12452099721310361,0.0,2.0,1.93557,0.0817187751,1.9337981906241806,1.9373418093758195,0.0017718093758194442,0.0,0.34,0.10976744999999999,0.0028953919204975,0.1094339393164862,0.11010096068351377,0.00033351068351378244,0.0,98.0,26.566385,155.681150531775,26.48905035654166,26.64371964345834,0.07733464345833951,0.0,196.0,53.13277,622.7246021271,52.97810071308332,53.28743928691668,0.15466928691667903,0.0,1.0,0.2815333333333333,0.09555231555555554,0.279617416384616,0.2834492502820506,0.001915916948717289,0.05371,0.05232066556147809,0.05512529051433347
T-divide_over_risks-W-20-HS-weighted-D-2-C-5-H-4-RUNS-100000.csv,divide_over_risks,20,weighted,2,5,4,100000,2.0,143.0,38.54895,416.00684389750006,38.42253275863172,38.67536724136828,0.12641724136828003,0.0,2.0,1.9504,0.06073984,1.9488724589388693,1.9519275410611305,0.0015275410611306217,0.0,0.3575,0.11053435000000002,0.0029875057200775,0.11019557570973805,0.11087312429026198,0.00033877429026196726,0.0,99.0,26.78346,162.8999354284,26.704352706281803,26.8625672937182,0.07910729371819869,0.0,198.0,53.56692,651.5997417136,53.408705412563606,53.7251345874364,0.15821458743639738,0.0,1.0,0.2977975,0.09353352399375,0.29590193046612795,0.29969306953387204,0.0018955695338720435,0.0428,0.041553774316508585,0.044072830527435526
T-divide_over_risks-W-20-HS-weighted-D-2-C-5-H-5-RUNS-100000.csv,divide_over_risks,20,weighted,2,5,5,100000,2.0,138.0,38.81037,424.4685904631,38.68267354205683,38.938066457943165,0.1276964579431663,0.0,2.0,1.95793,0.04978011509999999,1.956547121515938,1.9593128784840619,0.0013828784840619335,0.0,0.3425,0.11114130000000001,0.00303052405931,0.11080009535134697,0.11148250464865306,0.00034120464865304567,0.0,112.0,26.9326,166.25525724,26.852682154920622,27.01251784507938,0.07991784507937894,0.0,224.0,53.8652,665.02102896,53.705364309841244,54.02503569015876,0.15983569015875787,0.0,1.0,0.30591799999999997,0.09214977727600002,0.30403650435986823,0.3077994956401317,0.0018814956401317362,0.03733,0.03616349497818714,0.03852343771850139
T-divide_over_risks-W-20-HS-weighted-D-3-C-5-H-1-RUNS-100000.csv,divide_over_risks,20,weighted,3,5,1,100000,1.0,158.0,40.65224,428.88254298239997,40.52388131594936,40.78059868405064,0.12835868405063877,0.0,3.0,2.56343,0.8064366350999999,2.5578640257120604,2.5689959742879394,0.005565974287939479,0.0,0.3575,0.136512875,0.003550268521734375,0.1361435687374875,0.1368821812625125,0.00036930626251249765,0.0,83.0,25.77184,119.61029412551113,25.704053946426086,25.839626053573916,0.06778605357391498,0.0,249.0,77.31552,1076.4926471296,77.11216183927826,77.51887816072175,0.2033581607217485,0.0,1.0,0.22528,0.1745289216,0.22269065586447348,0.22786934413552654,0.002589344135526528,0.22528,0.2226936991418052,0.22788224381862676
T-divide_over_risks-W-20-HS-weighted-D-3-C-5-H-2-RUNS-100000.csv,divide_over_risks,20,weighted,3,5,2,100000,2.0,145.0,44.3232,394.14850176,44.20014875521307,44.44625124478693,0.12305124478692875,0.0,3.0,2.78844,0.37532236639999994,2.784642845272099,2.7922371547279012,0.0037971547279012086,0.0,0.3725,0.14644345,0.0032767500770975004,0.14608865480420138,0.14679824519579862,0.0003547951957986184,0.0,85.33333333333333,27.55237,114.71819071643334,27.485984655122063,27.618755344877936,0.06638534487793635,0.0,256.0,82.65711,1032.4637164479,82.4579539653662,82.8562660346338,0.19915603463380194,0.0,1.0,0.37082,0.1119725276,0.3687459853857116,0.37289401461428834,0.0020740146142883553,0.12814,0.12607416781649408,0.13022742626927922
T-divide_over_risks-W-20-HS-weighted-D-3-C-5-H-3-RUNS-100000.csv,divide_over_risks,20,weighted,3,5,3,100000,2.0,145.0,45.6619,393.82364839,45.53889947448669,45.784900525513315,0.1230005255133122,0.0,3.0,2.86202,0.2303215196,2.859045435914801,2.8649945640851984,0.0029745640851985833,0.0,0.37,0.149539125,0.003322316531734375,0.14918187143195188,0.1498963785680481,0.00035725356804811037,0.0,84.0,28.169056666666666,118.20629651012223,28.10166962721001,28.23644370612332,0.06738703945665492,0.0,252.0,84.50717,1063.8566685911,84.30500888163003,84.70933111836997,0.20216111836997186,0.0,1.0,0.4254833333333334,0.09849837749999998,0.42353810489686633,0.42742856176980043,0.0019452284364670502,0.09183,0.0900469756739889,0.09363673883014893
T-divide_over_risks-W-20-HS-weighted-D-3-C-5-H-4-RUNS-100000.csv,divide_over_risks,20,weighted,3,5,4,100000,2.0,137.0,46.19538,400.0803066556,46.0714062727007,46.3193537272993,0.12397372729930112,0.0,3.0,2.89211,0.1712297479,2.8895452462115583,2.894674753788442,0.002564753788441898,0.0,0.37,0.15062205,0.0033746743037975,0.15026199238231266,0.15098210761768735,0.0003600576176873427,0.0,87.0,28.37826,120.68632826128889,28.310169721791688,28.446350278208314,0.06809027820831304,0.0,261.0,85.13478,1086.1769543516,84.93050916537506,85.33905083462496,0.20427083462494977,0.0,1.0,0.45527,0.0933454771,0.4533763369232428,0.4571636630767572,0.0018936630767572016,0.07592,0.07428566469989574,0.07757898235984573
T-divide_over_risks-W-20-HS-weighted-D-3-C-5-H-5-RUNS-100000.csv,divide_over_risks,20,weighted,3,5,5,100000,2.0,142.0,46.64382,403.45757580759994,46.51932411158506,46.76831588841494,0.12449588841494119,0.0,3.0,2.90902,0.1397426396,2.906703029296069,2.911336970703931,0.0023169707039309984,0.0,0.37,0.15172134999999998,0.0034140633291775005,0.15135919719129393,0.15208350280870603,0.00036215280870605104,0.0,87.66666666666667,28.628396666666664,123.32720540710001,28.559565438848768,28.69722789448456,0.06883122781789552,0.0,263.0,85.88519,1109.9448486639,85.67869631654631,86.09168368345368,0.20649368345368657,0.0,1.0,0.47312399999999993,0.091081680624,0.4712534402327507,0.4749945597672492,0.001870559767249258,0.0664,0.06486442618283812,0.0679607806216554
T-divide_over_risks-W-20-HS-weighted-D-4-C-5-H-1-RUNS-100000.csv,divide_over_risks,20,weighted,4,5,1,100000,1.0,142.0,42.67264,419.0349754304001,42.54576349462515,42.799516505374854,0.1268765053748524,0.0,4.0,3.32096,1.5394646784,3.3132697415462538,3.328650258453746,0.007690258453746157,0.0,0.365,0.161340625,0.004103397912109375,0.1609435908274259,0.16173765917257407,0.00039703417257408447,0.0,82.5,25.800295,101.49399916297502,25.737853079210797,25.8627369207892,0.06244192078920108,0.0,330.0,103.20118,1623.9039866076002,102.95141231684319,103.4509476831568,0.2497676831568043,0.0,1.0,0.27775,0.20060493750000005,0.27497395257983587,0.2805260474201641,0.0027760474201641294,0.27775,0.274975480762858,0.2805374149669087
T-divide_over_risks-W-20-HS-weighted-D-4-C-5-H-2-RUNS-100000.csv,divide_over_risks,20,weighted,4,5,2,100000,2.0,163.0,46.84171,358.89629427590006,46.724290410318794,46.959129589681204,0.11741958968120514,0.0,4.0,3.63196,0.8058665583999999,3.626395993376397,3.6375240066236025,0.00556400662360268,0.0,0.37,0.173706525,0.0033974259849243746,0.17334525568683204,0.17406779431316796,0.0003612693131679612,0.0,89.0,27.634175,90.594518319375,27.575181110352364,27.693168889647634,0.058993889647634745,0.0,356.0,110.5367,1449.51229311,110.30072444140946,110.77267555859054,0.23597555859053898,0.0,1.0,0.45442,0.11007246359999999,0.4523636576740101,0.4564763423259899,0.0020563423259898905,0.17872,0.17634979830958764,0.18110885099111995
T-divide_over_risks-W-20-HS-weighted-D-4-C-5-H-3-RUNS-100000.csv,divide_over_risks,20,weighted,4,5,3,100000,2.0,142.0,48.3947,344.83591191,48.27960344752368,48.509796552476324,0.11509655247632367,0.0,4.0,3.741,0.546579,3.736417710303353,3.7455822896966473,0.0045822896966472015,0.0,0.3775,0.17751025,0.0033187775199375,0.1771531867602148,0.17786731323978522,0.00035706323978521026,0.0,82.5,28.245025,89.87832024937501,28.186264762162665,28.30378523783733,0.05876023783733331,0.0,330.0,112.9801,1438.0531239900001,112.74505904865066,113.21514095134933,0.23504095134933323,0.0,1.0,0.5242333333333333,0.08761274555555555,0.5223987403993934,0.5260679262672733,0.0018345929339399492,0.13671,0.13458630809859895,0.13885478650581531
T-divide_over_risks-W-20-HS-weighted-D-4-C-5-H-4-RUNS-100000.csv,divide_over_risks,20,weighted,4,5,4,100000,2.0,142.0,49.25956,345.17692860640005,49.144406550684124,49.37471344931588,0.11515344931587634,0.0,4.0,3.79305,0.41560169750000003,3.7890542829415534,3.7970457170584466,0.003995717058446591,0.0,0.39,0.17930982499999998,0.0033727113459693747,0.1789498721154904,0.17966977788450955,0.0003599528845095734,0.0,77.0,28.606405,91.82190047597501,28.54701282771539,28.66579717228461,0.05939217228461047,0.0,308.0,114.42562,1469.1504076156002,114.18805131086155,114.66318868913844,0.23756868913844187,0.0,1.0,0.56305,0.0791884475,0.5613058373358084,0.5647941626641917,0.0017441626641916397,0.11667,0.11468643011122802,0.11867583296157251
T-divide_over_risks-W-20-HS-weighted-D-4-C-5-H-5-RUNS-100000.csv,divide_over_risks,20,weighted,4,5,5,100000,2.0,142.0,49.73484,342.25111017439997,49.6201756260713,49.849504373928696,0.11466437392869722,0.0,4.0,3.82678,0.3389748316,3.823171391247205,3.8303886087527945,0.003608608752794673,0.0,0.3825,0.18032822499999998,0.0033902033308493753,0.1799673399058801,0.18068911009411986,0.0003608850941198838,0.0,84.5,28.75693,92.2817582251,28.697389291035666,28.816470708964335,0.0595407089643345,0.0,338.0,115.02772,1476.5081316016,114.78955716414266,115.26588283585734,0.238162835857338,0.0,1.0,0.585882,0.07378908207599999,0.5841983487959106,0.5875656512040894,0.0016836512040894203,0.10193,0.1000613351726442,0.10382178864953942
T-divide_over_risks-W-20-HS-weighted-D-5-C-5-H-1-RUNS-100000.csv,divide_over_risks,20,weighted,5,5,1,100000,1.0,145.0,40.62925,428.4417544374999,40.50095729389996,40.75754270610004,0.12829270610004073,0.0,5.0,4.0451,2.3085059899999996,4.0356828047640585,4.054517195235941,0.0094171952359412,0.0,0.3875,0.15694585,0.0041870339177774996,0.1565447900356738,0.1573469099643262,0.0004010599643262114,0.0,76.2,23.594592000000002,79.677370753536,23.539266726617328,23.649917273382677,0.05532527338267457,0.0,381.0,117.97296,1991.9342688384,117.69633363308662,118.24958636691338,0.2766263669133764,0.0,1.0,0.34341,0.22547957190000004,0.34046686846469437,0.3463531315353056,0.002943131535305621,0.34341,0.340466498573182,0.3463625861040432
T-divide_over_risks-W-20-HS-weighted-D-5-C-5-H-2-RUNS-100000.csv,divide_over_risks,20,weighted,5,5,2,100000,2.0,140.0,45.67578,358.1991613916,45.55847450573814,45.79308549426187,0.11730549426186343,0.0,5.0,4.47289,1.2037850479,4.466089661302543,4.4796903386974565,0.006800338697456887,0.0,0.3775,0.17300909999999997,0.0033251591921900003,0.1726516936269074,0.17336650637309253,0.0003574063730925614,0.0,73.2,25.571182,68.327141122876,25.519948656820226,25.622415343179775,0.05123334317977424,0.0,366.0,127.85591,1708.1785280719,127.59974328410112,128.11207671589887,0.2561667158988712,0.0,1.0,0.49458,0.1190556236,0.4924413927812201,0.4967186072187799,0.0021386072187798977,0.23275,0.2301336234372669,0.23538188556192075
T-divide_over_risks-W-20-HS-weighted-D-5-C-5-H-3-RUNS-100000.csv,divide_over_risks,20,weighted,5,5,3,100000,2.0,142.0,47.73555,338.5200361975,47.62151234959207,47.84958765040794,0.11403765040793701,0.0,5.0,4.61379,0.8429318359,4.608099475471634,4.619480524528366,0.005690524528366048,0.0,0.405,0.1783873,0.00321334157371,0.17803595440105838,0.17873864559894162,0.00035134559894162143,0.0,70.2,26.263796,67.570210070384,26.212847229749247,26.31474477025075,0.05094877025075206,0.0,351.0,131.31898,1689.2552517595998,131.06423614874626,131.57372385125376,0.25474385125374965,0.0,1.0,0.5579833333333333,0.09282459972222223,0.5560949610652334,0.5598717056014332,0.0018883722680999027,0.18757,0.18515460268544293,0.19000353196383793
T-divide_over_risks-W-20-HS-weighted-D-5-C-5-H-4-RUNS-100000.csv,divide_over_risks,20,weighted,5,5,4,100000,2.0,143.0,48.86853,336.6264656391,48.754811741554,48.982248258446,0.11371825844599925,0.0,5.0,4.69023,0.6506125471,4.68523060687589,4.69522939312411,0.004999393124109908,0.0,0.385,0.180879225,0.0032480546508993745,0.18052598674121573,0.18123246325878428,0.0003532382587842775,0.0,70.0,26.639272000000002,68.34066571001601,26.588033586539826,26.690510413460178,0.05123841346017599,0.0,350.0,133.19636,1708.5166427504,132.94016793269913,133.45255206730087,0.25619206730087285,0.0,1.0,0.5913425,0.08145717269375,0.589573528901818,0.593111471098182,0.0017689710981819706,0.16072,0.15844852669663662,0.16301116981027153
T-divide_over_risks-W-20-HS-weighted-D-5-C-5-H-5-RUNS-100000.csv,divide_over_risks,20,weighted,5,5,5,100000,2.0,140.0,49.5077,336.46088071,49.39400971372472,49.62139028627528,0.1136902862752791,0.0,5.0,4.73677,0.5430599670999999,4.732202485172863,4.741337514827137,0.004567514827137131,0.0,0.38,0.182187525,0.0033083270468743753,0.18183102438031928,0.1825440256196807,0.00035650061968070523,0.0,70.4,26.852368,70.033421592576,26.8004988962493,26.904237103750695,0.051869103750696866,0.0,352.0,134.26184,1750.8355398144001,134.00249448124654,134.52118551875347,0.259345518753463,0.0,1.0,0.61079,0.0757327759,0.6090843182245875,0.6124956817754126,0.0017056817754125264,0.14209,0.13993143476978923,0.14426934640810055
T-divide_over_risks-W-20-HS-weighted-D-6-C-5-H-1-RUNS-100000.csv,divide_over_risks,20,weighted,6,5,1,100000,1.0,136.0,40.1252,418.53284496,39.998399535600285,40.252000464399714,0.12680046439971449,0.0,6.0,4.70953,3.5445571791,4.697860907979097,4.721199092020903,0.011669092020903271,0.0,0.405,0.1719707,0.00471851809151,0.17154494585615235,0.17239645414384766,0.0004257541438476564,0.0,60.5,23.199145,70.2795398800861,23.147184834449522,23.25110516555048,0.05196016555047933,0.0,363.0,139.19487,2530.0634356831,138.8831090066971,139.5066309933029,0.3117609933028973,0.0,1.0,0.39202,0.23834031959999993,0.3889940981976023,0.3950459018023977,0.0030259018023977013,0.39202,0.38899232168154096,0.3950539424680896
T-divide_over_risks-W-20-HS-weighted-D-6-C-5-H-2-RUNS-100000.csv,divide_over_risks,20,weighted,6,5,2,100000,2.0,136.0,45.34663,346.09443764310004,45.231323608518444,45.46193639148155,0.1153063914815533,0.0,6.0,5.2443,1.96961751,5.235601446886743,5.252998553113257,0.00869855311325729,0.0,0.39,0.19008495,0.0035500220334975002,0.18971565655781772,0.19045424344218229,0.00036929344218228355,0.0,59.333333333333336,25.148998333333335,57.20878699666388,25.102118350811327,25.195878315855342,0.046879982522007424,0.0,356.0,150.89399,2059.5163318799,150.61271010486794,151.17526989513206,0.28127989513205875,0.0,1.0,0.547295,0.11555568297500002,0.5451880621468188,0.5494019378531811,0.0021069378531811678,0.28288,0.2800897804786306,0.2856828174237825
T-divide_over_risks-W-20-HS-weighted-D-6-C-5-H-3-RUNS-100000.csv,divide_over_risks,20,weighted,6,5,3,100000,2.0,143.0,47.361,324.257679,47.2493904887724,47.472609511227596,0.11160951122759855,0.0,6.0,5.43201,1.4036173599000001,5.424666883189141,5.439353116810859,0.007343116810859307,0.0,0.405,0.19557357500000003,0.003379308324219375,0.19521327025595242,0.19593387974404763,0.00036030474404760704,0.0,64.0,25.75471333333333,55.20815056226667,25.708660360443407,25.800766306223256,0.046052972889924604,0.0,384.0,154.52828,1987.4934202416,154.25196216266045,154.80459783733954,0.2763178373395476,0.0,1.0,0.61171,0.08530754256666666,0.6098997031858723,0.6135202968141277,0.0018102968141276987,0.23633,0.23369961820721927,0.23897568283416415
T-divide_over_risks-W-20-HS-weighted-D-6-C-5-H-4-RUNS-100000.csv,divide_over_risks,20,weighted,6,5,4,100000,2.0,138.0,48.67072,313.4314546816,48.56098949939489,48.78045050060511,0.10973050060511014,0.0,6.0,5.53209,1.1153702319000003,5.525544156828286,5.538635843171714,0.0065458431717138055,0.0,0.4075,0.198683525,0.0033285968310743748,0.1983259339264781,0.1990411160735219,0.0003575910735219012,0.0,64.5,26.16860333333333,55.03994736043334,26.12262056897756,26.2145860976891,0.0459827643557702,0.0,387.0,157.01162,1981.4381049756,156.73572341386537,157.28751658613461,0.2758965861346212,0.0,1.0,0.6498125,0.07089933984374999,0.648162145783646,0.6514628542163541,0.0016503542163540663,0.20832,0.20580645629393934,0.21085047215417893
T-divide_over_risks-W-20-HS-weighted-D-6-C-5-H-5-RUNS-100000.csv,divide_over_risks,20,weighted,6,5,5,100000,2.0,150.0,49.33756,310.6087532464,49.228324722434955,49.44679527756505,0.10923527756504825,0.0,6.0,5.58736,0.9659682303999999,5.581268314228471,5.593451685771529,0.006091685771528965,0.0,0.4075,0.20020849999999998,0.00338223290275,0.19984803937913823,0.20056896062086174,0.0003604606208617578,0.0,63.0,26.370146666666667,55.444914778488894,26.32399504864378,26.416298284689553,0.046151618022886254,0.0,378.0,158.22088,1996.0169320256,157.94397029186268,158.4977897081373,0.2769097081373104,0.0,1.0,0.67192,0.0635339136,0.6703577199915324,0.6734822800084675,0.001562280008467587,0.18991,0.1874829983787436,0.19235500021481552
T-divide_over_risks-W-20-HS-weighted-D-7-C-5-H-1-RUNS-100000.csv,divide_over_risks,20,weighted,7,5,1,100000,1.0,140.0,38.5088,422.06526255999995,38.38146556189897,38.63613443810103,0.1273344381010304,0.0,7.0,5.43013,4.4234581831,5.417094219641235,5.443165780358766,0.013035780358765514,0.0,0.3775,0.16833767500000002,0.004848067488094375,0.16790611577970385,0.1687692342202962,0.0004315592202961682,0.0,61.714285714285715,22.020008571428573,63.22831557543674,21.970723898647414,22.06929324420973,0.04928467278115889,0.0,432.0,154.14006,3098.1874631964006,153.79506729053188,154.48505270946814,0.34499270946813,0.0,1.0,0.4445,0.24691975,0.4414201186522855,0.44757988134771454,0.0030798813477145304,0.4445,0.4414168221929361,0.44758639735688577
T-divide_over_risks-W-20-HS-weighted-D-7-C-5-H-2-RUNS-100000.csv,divide_over_risks,20,weighted,7,5,2,100000,2.0,139.0,44.05784,350.08191453439997,43.94187126788331,44.17380873211669,0.11596873211669134,0.0,7.0,6.03942,2.5061260636000005,6.029608000261962,6.049231999738038,0.009811999738038146,0.0,0.385,0.18859392499999997,0.0035423402655943748,0.18822503132474505,0.18896281867525488,0.00036889367525491656,0.0,61.714285714285715,23.961278571428572,50.678660446887754,23.91715520551291,24.005401937344235,0.044123365915663015,0.0,432.0,167.72895,2483.2543618975,167.42008643859035,168.03781356140965,0.30886356140965177,0.0,1.0,0.58436,0.12023839039999999,0.5822107959599874,0.5865092040400126,0.00214920404001262,0.33907,0.3361356314791007,0.34201370505039536
T-divide_over_risks-W-20-HS-weighted-D-7-C-5-H-3-RUNS-100000.csv,divide_over_risks,20,weighted,7,5,3,100000,2.0,133.0,46.47705,321.8249132975,46.365859956069635,46.58824004393036,0.11119004393036391,0.0,7.0,6.27562,1.8076736156000002,6.267286717956478,6.283953282043522,0.008333282043522239,0.0,0.3925,0.19581919999999997,0.0033224977863600003,0.19546193668679696,0.196176463313203,0.00035726331320301563,0.0,57.285714285714285,24.675682857142853,48.592466962277555,24.632477206924126,24.71888850736158,0.04320565021872724,0.0,401.0,172.72978,2381.0308811515997,172.42734044846893,173.03221955153109,0.30243955153108004,0.0,1.0,0.63993,0.08692848398888889,0.6381025852575518,0.6417574147424482,0.0018274147424481857,0.2838,0.2810070122444712,0.2866055322478496
T-divide_over_risks-W-20-HS-weighted-D-7-C-5-H-4-RUNS-100000.csv,divide_over_risks,20,weighted,7,5,4,100000,2.0,136.0,47.88204,308.71440543840004,47.77313833518573,47.99094166481428,0.10890166481427599,0.0,7.0,6.40043,1.4359058151000001,6.3930029038115235,6.407857096188477,0.00742709618847659,0.0,0.4,0.199218275,0.0032657453435243748,0.19886407608255835,0.19957247391744165,0.00035419891744165044,0.0,60.57142857142857,25.006074285714288,47.707977796930614,24.963263659988343,25.048884911440233,0.04281062572594507,0.0,424.0,175.04252,2337.6909120496,174.7428456199184,175.3421943800816,0.29967438008159775,0.0,1.0,0.6711425,0.07250961969375001,0.6694735094217896,0.6728114905782103,0.0016689905782103498,0.25325,0.25055686567970764,0.25595745264698055
T-divide_over_risks-W-20-HS-weighted-D-7-C-5-H-5-RUNS-100000.csv,divide_over_risks,20,weighted,7,5,5,100000,2.0,137.0,48.81661,304.3180181079,48.7084865474856,48.924733452514396,0.10812345251439837,0.0,7.0,6.474,1.244264,6.46708627120694,6.480913728793061,0.006913728793060514,0.0,0.42,0.2012618,0.0032897679857599995,0.20090630073566748,0.2016172992643325,0.00035549926433250945,0.0,58.57142857142857,25.276828571428574,48.376381860408166,25.233719093520005,25.319938049337143,0.043109477908569005,0.0,410.0,176.9378,2370.44271116,176.63603365464002,177.23956634536,0.3017663453599937,0.0,1.0,0.6921360000000001,0.063731757504,0.6905712894209237,0.6937007105790765,0.0015647105790763671,0.23038,0.2277730395697853,0.2330026071058423
T-divide_over_risks-W-20-HS-weighted-D-8-C-5-H-1-RUNS-100000.csv,divide_over_risks,20,weighted,8,5,1,100000,1.0,148.0,40.36762,499.50777553560005,40.2290953065155,40.50614469348451,0.1385246934845057,0.0,8.0,6.09152,6.0101040896,6.076325127223104,6.106714872776896,0.01519487277689624,0.0,0.405,0.17316525000000002,0.005112419442437501,0.1727220810646033,0.17360841893539675,0.0004431689353967261,0.0,60.5,22.496615,68.411206354275,22.445350149436422,22.547879850563575,0.05126485056357666,0.0,484.0,179.97292,4378.3172066736,179.56280119549137,180.3830388045086,0.41011880450861327,0.0,1.0,0.46997,0.24909819909999995,0.4668765623625769,0.4730634376374231,0.003093437637423091,0.46997,0.4668725277287165,0.47306921429242366
T-divide_over_risks-W-20-HS-weighted-D-8-C-5-H-2-RUNS-100000.csv,divide_over_risks,20,weighted,8,5,2,100000,2.0,138.0,45.85507,410.28538529510007,45.729525094243144,45.98061490575685,0.12554490575685406,0.0,8.0,6.79886,3.4746227004,6.787306597658761,6.81041340234124,0.011553402341239583,0.0,0.405,0.193590625,0.0036141595996093748,0.1932180105139979,0.19396323948600208,0.000372614486002093,0.0,64.0,24.44249375,53.98709224996094,24.396952909692924,24.488034590307077,0.04554084030707628,0.0,512.0,195.53995,3455.1739039975,195.1756232775434,195.90427672245661,0.36432672245661024,0.0,1.0,0.63125,0.1038184375,0.6292529298722879,0.6332470701277121,0.0019970701277121083,0.37334,0.3703408146171962,0.3763465333486436
T-divide_over_risks-W-20-HS-weighted-D-8-C-5-H-3-RUNS-100000.csv,divide_over_risks,20,weighted,8,5,3,100000,2.0,137.0,48.41471,370.41586561590003,48.29542087269369,48.53399912730631,0.1192891273063097,0.0,8.0,7.08881,2.4941227839,7.079021526121692,7.098598473878307,0.009788473878307613,0.0,0.3825,0.20092525000000003,0.0032741437874375004,0.20057059593229715,0.2012799040677029,0.0003546540677028809,0.0,61.375,25.15455875,51.03125143654843,25.11028215849629,25.19883534150371,0.044276591503709994,0.0,491.0,201.23647,3266.0000919390995,200.88225726797032,201.59068273202968,0.35421273202967996,0.0,1.0,0.6925366666666666,0.07094518754444444,0.6908857789282945,0.6941875544050387,0.0016508877383720755,0.31961,0.31672000313662635,0.3225104627436757
T-divide_over_risks-W-20-HS-weighted-D-8-C-5-H-4-RUNS-100000.csv,divide_over_risks,20,weighted,8,5,4,100000,2.0,157.0,49.86319,355.2106330239,49.746374882492695,49.98000511750731,0.11681511750730778,0.0,8.0,7.22123,2.0445872871,7.212367445897416,7.230092554102584,0.008862554102583964,0.0,0.4,0.205046525,0.003177990897924375,0.2046971173607952,0.2053959326392048,0.00034940763920479623,0.0,66.0,25.593135,49.953112121775,25.549328621979555,25.636941378020445,0.04380637802044518,0.0,528.0,204.74508,3196.9991757936,204.39462897583644,205.09553102416356,0.35045102416356144,0.0,1.0,0.7288275,0.057848600243749985,0.7273367579609591,0.7303182420390408,0.001490742039040871,0.29232,0.2895020505839771,0.2951499993057431
T-divide_over_risks-W-20-HS-weighted-D-8-C-5-H-5-RUNS-100000.csv,divide_over_risks,20,weighted,8,5,5,100000,2.0,141.0,50.85101,339.2840119799,50.73684374139344,50.96517625860656,0.11416625860655927,1.0,8.0,7.30799,1.7567721599,7.299774882271403,7.316205117728598,0.008215117728597399,0.0,0.3925,0.20741489999999999,0.00317126825799,0.2070658621203953,0.20776393787960468,0.0003490378796046911,0.0,62.125,25.8549525,49.63014247274375,25.811287965727516,25.898617034272483,0.043664534272483735,0.0,497.0,206.83962,3176.3291182556,206.49030372582013,207.18893627417987,0.3493162741798699,0.0,1.0,0.7512660000000001,0.051018197243999995,0.749866030334141,0.7526659696658592,0.001399969665859091,0.27382,0.27105781509293125,0.2765953088085852
T-divide_over_risks-W-20-HS-weighted-D-9-C-5-H-1-RUNS-100000.csv,divide_over_risks,20,weighted,9,5,1,100000,1.0,134.0,40.99852,527.1141978095999,40.85621884391526,41.14082115608474,0.14230115608474136,0.0,9.0,6.74029,7.890100715899999,6.722880057176946,6.757699942823054,0.01740994282305408,0.0,0.4175,0.1748602,0.00527854120596,0.1744098885089539,0.1753105114910461,0.00045031149104610146,0.0,60.44444444444444,22.73322888888889,72.14492280390617,22.680583667316224,22.785874110461553,0.05264522157266427,0.0,544.0,204.59906,5843.7387471164,204.12525300584605,205.07286699415397,0.47380699415396066,0.0,1.0,0.49216,0.2499385344,0.48906134888419,0.49525865111580997,0.0030986511158099805,0.49216,0.4890566708622053,0.4952637839294856
T-divide_over_risks-W-20-HS-weighted-D-9-C-5-H-2-RUNS-100000.csv,divide_over_risks,20,weighted,9,5,2,100000,2.0,147.0,46.63788,428.18208910559997,46.50962617691827,46.76613382308174,0.12825382308173516,0.0,9.0,7.54624,4.632961862399999,7.532899090626724,7.559580909373276,0.0133409093732757,0.0,0.4025,0.1962133,0.00355886515311,0.1958435468881512,0.19658305311184882,0.00036975311184880844,0.0,61.0,24.766966666666665,55.50027818160494,24.720792012508518,24.813141320824812,0.04617465415814692,0.0,549.0,222.9027,4495.522532710001,222.48712811257667,223.31827188742335,0.41557188742334006,0.0,1.0,0.659615,0.095075551775,0.6577038688174307,0.6615261311825692,0.0019111311825692479,0.40072,0.3976806451531961,0.40376511424359385
T-divide_over_risks-W-20-HS-weighted-D-9-C-5-H-3-RUNS-100000.csv,divide_over_risks,20,weighted,9,5,3,100000,2.0,146.0,49.18275,386.81077243749996,49.0608495380076,49.304650461992395,0.12190046199239646,0.0,9.0,7.85993,3.4212103951,7.848465741692627,7.871394258307373,0.011464258307372965,0.0,0.39,0.20414614999999997,0.0031608681901775003,0.20379768491940528,0.20449461508059466,0.00034846508059468984,0.0,58.333333333333336,25.55761777777778,51.17367475958519,25.513279443465763,25.601956112089795,0.04433833431201606,0.0,525.0,230.01856,4145.0676555264,229.61951499119186,230.41760500880815,0.39904500880814453,0.0,1.0,0.7260466666666666,0.06106512671111112,0.7245150407633423,0.727578292569991,0.0015316259033243407,0.35498,0.3520134766806811,0.35795493661046596
T-divide_over_risks-W-20-HS-weighted-D-9-C-5-H-4-RUNS-100000.csv,divide_over_risks,20,weighted,9,5,4,100000,2.0,154.0,50.74439,365.64037352790007,50.625872319506975,50.86290768049303,0.11851768049302791,0.0,9.0,8.02766,2.7758349244000002,8.017333506187686,8.037986493812312,0.010326493812312876,0.0,0.39,0.208205275,0.003070644774674375,0.20786181919547211,0.20854873080452788,0.00034345580452788127,0.0,63.0,25.97800111111111,50.494625061233336,25.933957933247196,26.02204428897502,0.04404317786391232,0.0,567.0,233.80201,4090.0646299599002,233.40562139922477,234.19839860077522,0.3963886007752251,0.0,1.0,0.763175,0.047736419375,0.7618208056687794,0.7645291943312207,0.0013541943312206373,0.32825,0.3253396042494518,0.33117036019681306
T-divide_over_risks-W-20-HS-weighted-D-9-C-5-H-5-RUNS-100000.csv,divide_over_risks,20,weighted,9,5,5,100000,2.0,140.0,51.81347,351.6957165591,51.697234279813244,51.92970572018676,0.11623572018675787,1.0,9.0,8.13436,2.4080473904000006,8.124741915546762,8.143978084453236,0.009618084453236975,0.0,0.39,0.210876325,0.0030343657419943746,0.21053490415361764,0.21121774584638237,0.00034142084638236203,0.0,65.22222222222223,26.27204888888889,50.073224216869136,26.22818987634283,26.315907901434947,0.04385901254605784,0.0,587.0,236.44844,4055.9311615664,236.0537088870855,236.84317111291452,0.39473111291451346,0.0,1.0,0.7860739999999999,0.040488066524000006,0.7848268474176805,0.7873211525823194,0.001247152582319444,0.30613,0.3032741170037481,0.3089971312636903
T-horizontal_scan_traversal-W-20-HS-greedy-D-1-C-5-H-1-RUNS-100000.csv,horizontal_scan_traversal,20,greedy,1,5,1,100000,1.0,401.0,126.30747,9344.2267321991,125.70833077232068,126.90660922767931,0.5991392276793164,0.0,1.0,0.95178,0.0458948316,0.9504521838038548,0.9531078161961452,0.0013278161961451929,0.0,0.9975,0.30853205,0.0584065939977975,0.30703413554482595,0.31002996445517406,0.0014979144551740542,0.0,400.0,124.4036,9347.33466704,123.80436114230717,125.00283885769282,0.5992388576928249,0.0,400.0,124.4036,9347.33466704,123.80436114230717,125.00283885769282,0.5992388576928249,0.0,1.0,0.04791,0.045614631899999994,0.04658624333842266,0.049233756661577345,0.0013237566615773438,0.04791,0.046594395474603305,0.04925190480603897
T-horizontal_scan_traversal-W-20-HS-greedy-D-1-C-5-H-2-RUNS-100000.csv,horizontal_scan_traversal,20,greedy,1,5,2,100000,2.0,401.0,130.27955,9708.0115017975,129.66885943199273,130.89024056800727,0.6106905680072714,0.0,1.0,0.9723,0.02693271,0.9712828240135749,0.9733171759864252,0.001017175986425145,0.0,0.9975,0.31835807499999996,0.06073325676979438,0.3168306167216603,0.31988553327833963,0.0015274582783396662,0.0,400.0,128.33456,9719.532849606401,127.72350715944489,128.94561284055513,0.6110528405551179,0.0,400.0,128.33456,9719.532849606401,127.72350715944489,128.94561284055513,0.6110528405551179,0.0,1.0,0.13548,0.06304016960000002,0.1339238023405256,0.1370361976594744,0.001556197659474401,0.02731,0.026308553798982955,0.028338987253012406
T-horizontal_scan_traversal-W-20-HS-greedy-D-1-C-5-H-3-RUNS-100000.csv,horizontal_scan_traversal,20,greedy,1,5,3,100000,2.0,401.0,131.87097,9968.774261259101,131.25213203088327,132.48980796911673,0.6188379691167256,0.0,1.0,0.97916,0.0204056944,0.9782746158144228,0.9800453841855773,0.0008853841855772648,0.0,0.9975,0.32230152500000003,0.06237240042017437,0.32075359149543936,0.3238494585045607,0.0015479335045606724,0.0,400.0,129.91218,9981.7609276476,129.29293907128445,130.53142092871556,0.6192409287155556,0.0,400.0,129.91218,9981.7609276476,129.29293907128445,130.53142092871556,0.6192409287155556,0.0,1.0,0.16687,0.061713291988888884,0.16533026696305977,0.1684097330369402,0.0015397330369402162,0.02037,0.01950339459829575,0.021264578687976786
T-horizontal_scan_traversal-W-20-HS-greedy-D-1-C-5-H-4-RUNS-100000.csv,horizontal_scan_traversal,20,greedy,1,5,4,100000,2.0,401.0,133.27349,10194.324233219899,132.64769038371426,133.89928961628576,0.6257996162857467,0.0,1.0,0.9824,0.017290240000000005,0.9815850019264809,0.9832149980735192,0.0008149980735191464,0.0,0.9975,0.325791975,0.06378225246309938,0.3242266446800284,0.32735730531997165,0.0015653303199716362,0.0,400.0,131.30815,10207.415773577499,130.68194868703608,131.93435131296394,0.6262013129639286,0.0,400.0,131.30815,10207.415773577499,130.68194868703608,131.93435131296394,0.6262013129639286,0.0,1.0,0.185415,0.06034377777500001,0.18389244735164775,0.18693755264835224,0.0015225526483522434,0.01706,0.016266426532034278,0.017881758926344915
T-horizontal_scan_traversal-W-20-HS-greedy-D-1-C-5-H-5-RUNS-100000.csv,horizontal_scan_traversal,20,greedy,1,5,5,100000,2.0,401.0,133.05074,10230.456885452399,132.42383232600682,133.67764767399316,0.6269076739931734,0.0,1.0,0.98406,0.0156859164,0.9832837331873496,0.9848362668126505,0.0007762668126504169,0.0,0.9975,0.32522535,0.0640066239673775,0.3236572688584991,0.32679343114150095,0.001568081141500921,0.0,400.0,131.0819,10243.20683239,130.45460179844582,131.70919820155416,0.6272982015541686,0.0,400.0,131.0819,10243.20683239,130.45460179844582,131.70919820155416,0.6272982015541686,0.0,1.0,0.19594200000000003,0.058879132636,0.19443803831187612,0.19744596168812395,0.001503961688123917,0.01522,0.01447028919657183,0.015998016946034595
T-horizontal_scan_traversal-W-20-HS-greedy-D-10-C-5-H-1-RUNS-100000.csv,horizontal_scan_traversal,20,greedy,10,5,1,100000,1.0,401.0,197.44668,12826.605276977598,196.74472069325893,198.14863930674105,0.7019593067410597,4.0,10.0,9.51373,0.5433714870999999,9.509161175309949,9.518298824690053,0.004568824690052153,0.0,0.9975,0.4879549,0.07978860369098999,0.48620414045072063,0.4897056595492794,0.0017507595492793904,0.0,375.0,124.82493299999999,4793.275471045511,124.39581941306095,125.25404658693903,0.4291135869390388,0.0,3750.0,1248.24933,479327.5471045511,1243.9581941306099,1252.5404658693903,4.291135869390246,0.0,1.0,0.36538,0.23187745559999995,0.3623954054991792,0.36836459450082076,0.002984594500820781,0.36538,0.362394400010478,0.3683734098183245
T-horizontal_scan_traversal-W-20-HS-greedy-D-10-C-5-H-2-RUNS-100000.csv,horizontal_scan_traversal,20,greedy,10,5,2,100000,2.0,401.0,225.72914,11232.6027748604,225.07224452262247,226.38603547737753,0.6568954773775317,4.0,10.0,9.72528,0.28914892159999994,9.721947141621342,9.728612858378657,0.0033328583786573773,0.0,0.9975,0.5579969250000001,0.07029946625304437,0.5563535673713699,0.5596402826286303,0.0016433576286302154,0.0,374.8,128.537312,4520.111508814656,128.1206051441377,128.95401885586227,0.4167068558622873,0.0,3748.0,1285.37312,452011.1508814656,1281.2060514413772,1289.5401885586227,4.167068558622759,0.0,1.0,0.480455,0.125530492975,0.47825900832922175,0.4826509916707783,0.0021959916707782745,0.23228,0.22966548156461883,0.23491005473715212
T-horizontal_scan_traversal-W-20-HS-greedy-D-10-C-5-H-3-RUNS-100000.csv,horizontal_scan_traversal,20,greedy,10,5,3,100000,2.0,401.0,237.24902,11206.1583490396,236.59289822842348,237.90514177157652,0.6561217715765224,5.0,10.0,9.79138,0.21277769559999998,9.788520967304459,9.794239032695542,0.0028590326955413303,0.0,0.9975,0.586553475,0.07027529777792436,0.5849103998832033,0.5881965501167967,0.0016430751167967328,0.0,380.5,130.08178800000002,4482.932033923056,129.66679846155935,130.49677753844068,0.4149895384406648,0.0,3805.0,1300.81788,448293.2033923056,1296.6679846155935,1304.9677753844067,4.149895384406591,0.0,1.0,0.52388,0.10054307893333332,0.5219146850327994,0.5258453149672007,0.0019653149672006487,0.18313,0.18073701489445054,0.18554137793654582
T-horizontal_scan_traversal-W-20-HS-greedy-D-10-C-5-H-4-RUNS-100000.csv,horizontal_scan_traversal,20,greedy,10,5,4,100000,2.0,401.0,242.04155,11387.268963597498,241.38014745653228,242.70295254346772,0.661402543467716,5.0,10.0,9.82435,0.17855707750000002,9.821730945077087,9.826969054922914,0.0026190549229134774,0.0,0.9975,0.59840195,0.0714675241111975,0.5967449960458251,0.6000589039541748,0.0016569539541748668,0.0,375.3,130.545402,4449.9422828583965,130.1319422283918,130.95886177160818,0.4134597716081885,0.0,3753.0,1305.45402,444994.2282858396,1301.3194222839181,1309.5886177160817,4.134597716081771,0.0,1.0,0.5434625,0.09015163609374999,0.5416015149779814,0.5453234850220186,0.0018609850220185908,0.15663,0.1543823268675123,0.15889760768727162
T-horizontal_scan_traversal-W-20-HS-greedy-D-10-C-5-H-5-RUNS-100000.csv,horizontal_scan_traversal,20,greedy,10,5,5,100000,2.0,401.0,244.58565,11699.379864077502,243.9152446175198,245.25605538248018,0.6704053824801974,5.0,10.0,9.84039,0.16043464789999998,9.837907409128807,9.842872590871192,0.0024825908711925138,0.0,0.9975,0.6046965249999999,0.07344863596542438,0.6030167622788849,0.606376287721115,0.0016797627211150301,0.0,381.2,131.049811,4473.909240164278,130.63523929646712,131.4643827035329,0.41457170353288575,0.0,3812.0,1310.49811,447390.9240164279,1306.3523929646713,1314.6438270353287,4.145717035328744,0.0,1.0,0.554734,0.085814589244,0.55291833118097,0.5565496688190299,0.0018156688190299475,0.14338,0.14121323150576165,0.14556747453461416
T-horizontal_scan_traversal-W-20-HS-greedy-D-5-C-5-H-1-RUNS-100000.csv,horizontal_scan_traversal,20,greedy,5,5,1,100000,1.0,401.0,186.38328,12040.0691164416,185.70318346628056,187.06337653371946,0.6800965337194498,1.0,5.0,4.75754,0.2507731484,4.754436179568832,4.760643820431167,0.0031038204311677475,0.0,0.9975,0.459520625,0.07506067488710937,0.457822528746408,0.46121872125359203,0.0016980962535920185,0.0,395.0,124.82352399999999,5301.787845821424,124.3722220147561,125.27482598524388,0.4513019852438873,0.0,1975.0,624.11762,132544.6961455356,621.8611100737805,626.3741299262194,2.256509926219451,0.0,1.0,0.21003,0.16591739910000003,0.20750534501291254,0.21255465498708745,0.0025246549870874546,0.21003,0.2075088283372261,0.21256800073421073
T-horizontal_scan_traversal-W-20-HS-greedy-D-5-C-5-H-2-RUNS-100000.csv,horizontal_scan_traversal,20,greedy,5,5,2,100000,2.0,401.0,202.37848,11490.1981128896,201.71409498308228,203.04286501691772,0.6643850169177199,2.0,5.0,4.86319,0.1367930239,4.860897612422355,4.865482387577646,0.002292387577645272,0.0,0.9975,0.49908875,0.0719213916234375,0.4974265429790168,0.5007509570209833,0.0016622070209832418,0.0,385.6,128.4722,5099.4400727600005,128.02959397898903,128.91480602101095,0.4426060210109597,0.0,1928.0,642.361,127486.00181900001,640.1479698949453,644.5740301050547,2.213030105054713,0.0,1.0,0.356255,0.11421487497499998,0.3541603213523216,0.35834967864767836,0.002094678647678372,0.12601,0.12395901150320413,0.12808270677003578
T-horizontal_scan_traversal-W-20-HS-greedy-D-5-C-5-H-3-RUNS-100000.csv,horizontal_scan_traversal,20,greedy,5,5,3,100000,2.0,401.0,208.74896,11864.9667189184,208.07382700460283,209.4240929953972,0.6751329953971776,1.0,5.0,4.89554,0.1045681084,4.893535732439943,4.897544267560056,0.0020042675600562276,0.0,0.9975,0.514871,0.07434535998399999,0.5131810143938053,0.5165609856061947,0.0016899856061947105,0.0,391.0,129.74579,5093.7414400759,129.30343135459793,130.18814864540207,0.4423586454020665,0.0,1955.0,648.72895,127343.5360018975,646.5171567729897,650.9407432270104,2.2117932270103893,0.0,1.0,0.4068633333333333,0.0964344502111111,0.40493859287308676,0.40878807379357984,0.0019247404602465434,0.09695,0.09512279825555729,0.09880061670865403
T-horizontal_scan_traversal-W-20-HS-greedy-D-5-C-5-H-4-RUNS-100000.csv,horizontal_scan_traversal,20,greedy,5,5,4,100000,2.0,401.0,211.28886,12043.116139900401,210.60867741449047,211.96904258550953,0.6801825855095274,1.0,5.0,4.91286,0.0872266204,4.911029454220926,4.914690545779075,0.0018305457790743773,0.0,0.9975,0.52114105,0.07548241362989751,0.5194381899346963,0.5228439100653037,0.0017028600653037351,0.0,397.0,130.662756,5088.125010484464,130.220641297233,131.10487070276702,0.4421147027670145,0.0,1985.0,653.31378,127203.1252621116,651.1032064861648,655.5243535138351,2.2105735138351292,0.0,1.0,0.4302425,0.08721951619374999,0.4284120287672026,0.4320729712327975,0.0018304712327974482,0.08094,0.07925672369481193,0.08264762878702554
T-horizontal_scan_traversal-W-20-HS-greedy-D-5-C-5-H-5-RUNS-100000.csv,horizontal_scan_traversal,20,greedy,5,5,5,100000,2.0,401.0,212.81554,12311.0995945084,212.12783133928485,213.50324866071514,0.6877086607151455,1.0,5.0,4.91846,0.08135122840000003,4.916692179649903,4.920227820350096,0.0017678203500963718,0.0,0.9975,0.5249315,0.07717398830774999,0.5232096649513294,0.5266533350486706,0.001721835048670628,0.0,394.4,130.764424,5091.1843015482245,130.32217640404465,131.20667159595533,0.4422475959553367,0.0,1972.0,653.82212,127279.60753870559,651.6108820202234,656.0333579797767,2.2112379797766835,0.0,1.0,0.44665800000000005,0.083220231036,0.4448699875852,0.4484460124148001,0.0017880124148000331,0.07562,0.07398865417954661,0.07727601049621056
T-horizontal_scan_traversal-W-20-HS-random-D-1-C-5-H-1-RUNS-100000.csv,horizontal_scan_traversal,20,random,1,5,1,100000,1.0,401.0,111.14319,7604.0506666239,110.60271131364038,111.68366868635962,0.54047868635962,0.0,1.0,0.806,0.156364,0.8035491064029624,0.8084508935970377,0.002450893597037651,0.0,0.9975,0.27135165,0.047554379542277495,0.2700000402025747,0.2727032597974253,0.0013516097974253238,0.0,400.0,109.53104,7610.7923965184,108.99032177328237,110.07175822671763,0.5407182267176296,0.0,400.0,109.53104,7610.7923965184,108.99032177328237,110.07175822671763,0.5407182267176296,0.0,1.0,0.19385,0.1562721775,0.1913998261345692,0.19630017386543078,0.0024501738654307825,0.19385,0.19140377618298013,0.1963139933441761
T-horizontal_scan_traversal-W-20-HS-random-D-1-C-5-H-2-RUNS-100000.csv,horizontal_scan_traversal,20,random,1,5,2,100000,2.0,401.0,126.19842,8888.737489503601,125.6140658784292,126.7827741215708,0.5843541215707972,0.0,1.0,0.92756,0.0671924464,0.9259533684240305,0.9291666315759696,0.0016066315759695193,0.0,0.9975,0.30838017500000003,0.05568014510446938,0.30691764005876504,0.30984270994123503,0.0014625349412349942,0.0,400.0,124.34311,8911.0371455279,123.75802333720328,124.92819666279671,0.5850866627967122,0.0,400.0,124.34311,8911.0371455279,123.75802333720328,124.92819666279671,0.5850866627967122,0.0,1.0,0.19508,0.09560879359999999,0.19316351691504005,0.19699648308495996,0.0019164830849599523,0.07225,0.07065276441965664,0.07387209823638921
T-horizontal_scan_traversal-W-20-HS-random-D-1-C-5-H-3-RUNS-100000.csv,horizontal_scan_traversal,20,random,1,5,3,100000,2.0,401.0,130.16532,9546.5708692976,129.55972849864375,130.77091150135627,0.6055915013562583,0.0,1.0,0.96272,0.03589020159999999,0.9615457947433836,0.9638942052566164,0.0011742052566163785,0.0,0.9975,0.318119725,0.05977511400342437,0.31660436339973574,0.3196350866002643,0.0015153616002642756,0.0,400.0,128.23952,9566.1515501696,127.63330776162856,128.84573223837145,0.6062122383714552,0.0,400.0,128.23952,9566.1515501696,127.63330776162856,128.84573223837145,0.6062122383714552,0.0,1.0,0.19465666666666664,0.07502322656666666,0.1929589940622505,0.19635433927108278,0.0016976726044161394,0.03692,0.03575972818765478,0.038107229177885914
T-horizontal_scan_traversal-W-20-HS-random-D-1-C-5-H-4-RUNS-100000.csv,horizontal_scan_traversal,20,random,1,5,4,100000,2.0,401.0,131.71955,9981.3130177975,131.10032296498642,132.33877703501358,0.61922703501358,0.0,1.0,0.97796,0.021554238400000005,0.9770500397687952,0.9788699602312049,0.0009099602312048205,0.0,0.9975,0.32192835,0.0624654559662775,0.32037926221798096,0.323477437782019,0.0015490877820190097,0.0,400.0,129.76318,9996.5781362876,129.1434796323354,130.3828803676646,0.619700367664592,0.0,400.0,129.76318,9996.5781362876,129.1434796323354,130.3828803676646,0.619700367664592,0.0,1.0,0.1942775,0.06440062799375,0.1927045999634408,0.19585040003655918,0.0015729000365591883,0.02159,0.020698082411716,0.022509813868838536
T-horizontal_scan_traversal-W-20-HS-random-D-1-C-5-H-5-RUNS-100000.csv,horizontal_scan_traversal,20,random,1,5,5,100000,2.0,401.0,133.35184,10320.9263486144,132.72216650793578,133.98151349206424,0.629673492064228,0.0,1.0,0.98337,0.016353443099999997,0.9825773879447487,0.9841626120552512,0.0007926120552512739,0.0,0.9975,0.3259832,0.06457468031776,0.3244081758988869,0.32755822410111307,0.0015750241011130983,0.0,400.0,131.38443,10334.2603435751,130.75434988972927,132.01451011027075,0.6300801102707396,0.0,400.0,131.38443,10334.2603435751,130.75434988972927,132.01451011027075,0.6300801102707396,0.0,1.0,0.19659200000000002,0.05956278553600001,0.19507933216826995,0.19810466783173009,0.001512667831730069,0.01596,0.015192331517884305,0.016755925800067437
T-horizontal_scan_traversal-W-20-HS-random-D-10-C-5-H-1-RUNS-100000.csv,horizontal_scan_traversal,20,random,10,5,1,100000,1.0,401.0,169.46339,11286.4711797079,168.8049212635822,170.1218587364178,0.6584687364178023,0.0,10.0,8.05272,6.1694606016,8.03732500086161,8.068114999138391,0.015394999138390375,0.0,0.9975,0.418948125,0.07031215674648437,0.41730461904820887,0.42059163095179114,0.0016435059517911355,0.0,377.5,109.46795900000001,4518.730902874319,109.05131578768902,109.884602212311,0.4166432123109871,0.0,3775.0,1094.67959,451873.09028743196,1090.51315787689,1098.8460221231098,4.166432123109871,0.0,1.0,0.55515,0.2469584775,0.5520698771336779,0.5582301228663221,0.003080122866322088,0.55515,0.5520633712868739,0.5582334294671589
T-horizontal_scan_traversal-W-20-HS-random-D-10-C-5-H-2-RUNS-100000.csv,horizontal_scan_traversal,20,random,10,5,2,100000,2.0,401.0,213.53752,10624.2034122496,212.8986621141717,214.1763778858283,0.638857885828287,0.0,10.0,9.27016,1.6885535744,9.262105965351816,9.278214034648185,0.008054034648184327,0.0,0.9975,0.5281327,0.06653285044071001,0.5265339736373819,0.5297314263626182,0.0015987263626181525,0.0,378.5,124.286981,4375.40982980564,123.87699838570786,124.69696361429213,0.409982614292133,0.0,3785.0,1242.86981,437540.98298056395,1238.7699838570786,1246.9696361429212,4.099826142921302,0.0,1.0,0.55655,0.1464520975,0.5541780590695466,0.5589219409304533,0.0023719409304533423,0.35585,0.35288182262458206,0.3588265401835581
T-horizontal_scan_traversal-W-20-HS-random-D-10-C-5-H-3-RUNS-100000.csv,horizontal_scan_traversal,20,random,10,5,3,100000,2.0,401.0,231.33565,10803.530209077499,230.6914230085506,231.97987699144937,0.6442269914493863,2.0,10.0,9.62892,0.6243396335999999,9.624022589320429,9.633817410679573,0.004897410679571834,0.0,0.9975,0.572077125,0.06779793011423438,0.5704632708296151,0.5736909791703848,0.001613854170384843,0.0,374.3,128.65334099999998,4394.6596030377195,128.242457508837,129.06422449116297,0.4108834911629913,0.0,3743.0,1286.53341,439465.9603037719,1282.42457508837,1290.64224491163,4.108834911630083,0.0,1.0,0.5547333333333334,0.11238426222222221,0.55265550903433,0.5568111576323368,0.0020778242990033835,0.24508,0.24241646971747907,0.24775832309464602
T-horizontal_scan_traversal-W-20-HS-random-D-10-C-5-H-4-RUNS-100000.csv,horizontal_scan_traversal,20,random,10,5,4,100000,2.0,401.0,239.86132,11277.562947857601,239.2031111743186,240.51952882568142,0.6582088256814131,4.0,10.0,9.77128,0.29400716159999996,9.767919259141198,9.774640740858803,0.003360740858802558,0.0,0.9975,0.593074825,0.07080823076371938,0.5914255315170143,0.5947241184829857,0.001649293482985703,0.0,377.6,130.003465,4422.953275693775,129.59126095703215,130.41566904296786,0.41220404296785773,0.0,3776.0,1300.03465,442295.3275693776,1295.9126095703214,1304.1566904296787,4.122040429678691,0.0,1.0,0.5535625,0.09592043359375,0.5516428960364341,0.5554821039635658,0.0019196039635658302,0.18147,0.17908552903886937,0.18387296032751177
T-horizontal_scan_traversal-W-20-HS-random-D-10-C-5-H-5-RUNS-100000.csv,horizontal_scan_traversal,20,random,10,5,5,100000,2.0,401.0,244.56164,11669.235560510398,243.8920988486937,245.23118115130632,0.669541151306305,5.0,10.0,9.8389,0.16306679,9.836397126890025,9.841402873109976,0.002502873109975212,0.0,0.9975,0.604640925,0.07326499962764438,0.6029632634650962,0.6063185865349038,0.0016776615349037849,0.0,371.7,130.81438899999998,4435.973998856679,130.40157865960128,131.22719934039867,0.4128103403986927,0.0,3717.0,1308.14389,443597.3998856679,1304.0157865960132,1312.271993403987,4.12810340398687,0.0,1.0,0.55542,0.08586142360000001,0.5536038357868801,0.5572361642131199,0.0018161642131199196,0.1442,0.1420280482123037,0.14639261006865825
T-horizontal_scan_traversal-W-20-HS-random-D-5-C-5-H-1-RUNS-100000.csv,horizontal_scan_traversal,20,random,5,5,1,100000,1.0,401.0,155.24254,10436.4116743484,154.60935346280755,155.87572653719243,0.6331865371924437,0.0,5.0,4.02851,1.8127571798999997,4.020165008698444,4.0368549913015555,0.008344991301555638,0.0,0.9975,0.38284254999999995,0.0650511321594975,0.38126172607146164,0.38442337392853826,0.0015808239285383108,0.0,379.2,109.35356800000001,4903.9769992693755,108.91952747147309,109.78760852852693,0.4340405285269213,0.0,1896.0,546.76784,122599.4249817344,544.5976373573653,548.9380426426346,2.1702026426346492,0.0,1.0,0.44437,0.24690530310000003,0.44129020875319613,0.44744979124680384,0.0030797912468038535,0.44437,0.44128691606067144,0.44745631103091016
T-horizontal_scan_traversal-W-20-HS-random-D-5-C-5-H-2-RUNS-100000.csv,horizontal_scan_traversal,20,random,5,5,2,100000,2.0,401.0,190.97732,10598.7226856176,190.3392286815426,191.61541131845738,0.6380913184573842,0.0,5.0,4.63762,0.5580607356,4.6329898314049265,4.642250168595074,0.004630168595073592,0.0,0.9975,0.47116052500000005,0.06639494699422438,0.46956345634658214,0.47275759365341796,0.0015970686534179102,0.0,387.8,124.154052,4875.1429015812955,123.72128937487261,124.58681462512737,0.4327626251273813,0.0,1939.0,620.77026,121878.5725395324,618.6064468743631,622.9340731256369,2.1638131256369206,0.0,1.0,0.44627,0.14468308710000002,0.44391242805538544,0.44862757194461456,0.002357571944614556,0.24141,0.23876018845341704,0.24407481751682922
T-horizontal_scan_traversal-W-20-HS-random-D-5-C-5-H-3-RUNS-100000.csv,horizontal_scan_traversal,20,random,5,5,3,100000,2.0,401.0,205.00201,11321.364285959899,204.34252419241244,205.66149580758758,0.659485807587572,0.0,5.0,4.81375,0.23766093749999997,4.81072841389747,4.816771586102529,0.003021586102529561,0.0,0.9975,0.50576175,0.0710004508619375,0.504110219400734,0.507413280599266,0.0016515305992660378,0.0,381.4,128.990868,4990.487915806576,128.5530157603419,129.4287202396581,0.43785223965809905,0.0,1907.0,644.95434,124762.19789516441,642.7650788017095,647.1436011982905,2.1892611982905237,0.0,1.0,0.44813,0.10996061421111111,0.4460747027087221,0.4501852972912778,0.0020552972912778467,0.14901,0.1468081222742011,0.15123225589724548
T-horizontal_scan_traversal-W-20-HS-random-D-5-C-5-H-4-RUNS-100000.csv,horizontal_scan_traversal,20,random,5,5,4,100000,2.0,401.0,210.07271,11886.691823255902,209.39695919305842,210.74846080694158,0.6757508069415792,0.0,5.0,4.88433,0.1295104511,4.882099467890961,4.88656053210904,0.0022305321090394514,0.0,0.9975,0.51820305,0.07453727647069751,0.516510884519647,0.519895215480353,0.0016921654803530028,0.0,400.0,130.330908,5064.657795095536,129.8898140260484,130.77200197395157,0.4410939739515811,0.0,2000.0,651.65454,126616.44487738838,649.4490701302421,653.8600098697578,2.2054698697578488,0.0,1.0,0.447445,0.092819221975,0.4455566824336485,0.4493333175663515,0.001888317566351494,0.10158,0.09971420283041015,0.10346894144739335
T-horizontal_scan_traversal-W-20-HS-random-D-5-C-5-H-5-RUNS-100000.csv,horizontal_scan_traversal,20,random,5,5,5,100000,2.0,401.0,212.24388,12269.2694225456,211.5573406681795,212.93041933182047,0.6865393318204838,2.0,5.0,4.92039,0.0794322479,4.9186431544901374,4.922136845509863,0.0017468455098628155,0.0,0.9975,0.52349545,0.07690813595429749,0.5217765832364548,0.5252143167635451,0.001718866763545157,0.0,395.2,130.421364,5079.759476379504,129.9796128935559,130.86311510644413,0.44175110644411575,0.0,1976.0,652.10682,126993.9869094876,649.8980644677795,654.3155755322205,2.2087555322204935,0.0,1.0,0.44598800000000005,0.082435503856,0.44420843760544004,0.44776756239456006,0.001779562394560008,0.07415,0.0725334124893968,0.07579133852322584
T-horizontal_scan_traversal-W-20-HS-weighted-D-1-C-5-H-1-RUNS-100000.csv,horizontal_scan_traversal,20,weighted,1,5,1,100000,1.0,401.0,122.64899,9007.2828619799,122.06075214128482,123.23722785871517,0.5882378587151749,0.0,1.0,0.91341,0.07909217190000001,0.9116668979158666,0.9151531020841335,0.0017431020841334188,0.0,0.9975,0.29957715,0.0562952459478775,0.2981065589051223,0.30104774109487775,0.0014705910948777379,0.0,400.0,120.82186,9009.398726140398,120.23355305506104,121.41016694493896,0.5883069449389637,0.0,400.0,120.82186,9009.398726140398,120.23355305506104,121.41016694493896,0.5883069449389637,0.0,1.0,0.08628,0.07883576159999998,0.0845397257062102,0.0880202742937898,0.001740274293789798,0.08628,0.0845467741105357,0.08803726537161792
T-horizontal_scan_traversal-W-20-HS-weighted-D-1-C-5-H-2-RUNS-100000.csv,horizontal_scan_traversal,20,weighted,1,5,2,100000,2.0,401.0,130.19603,9699.5937222391,129.58560425313678,130.80645574686324,0.6104257468632284,0.0,1.0,0.96385,0.0348431775,0.962693049047349,0.965006950952651,0.0011569509526510036,0.0,0.9975,0.318189525,0.06069850099277437,0.3166625038429303,0.3197165461570696,0.0015270211570696524,0.0,400.0,128.26794,9713.7667681564,127.65706843889613,128.8788115611039,0.6108715611038917,0.0,400.0,128.26794,9713.7667681564,127.65706843889613,128.8788115611039,0.6108715611038917,0.0,1.0,0.149335,0.070246557775,0.14769226089609933,0.15097773910390067,0.00164273910390067,0.03576,0.034617576165711324,0.03692945107757309
T-horizontal_scan_traversal-W-20-HS-weighted-D-1-C-5-H-3-RUNS-100000.csv,horizontal_scan_traversal,20,weighted,1,5,3,100000,2.0,401.0,131.39267,9930.8674402711,130.7750097344936,132.0103302655064,0.6176602655064016,0.0,1.0,0.97725,0.0222324375,0.9763258347988589,0.978174165201141,0.0009241652011410251,0.0,0.9975,0.321115775,0.06214042935864938,0.319570722659708,0.322660827340292,0.001545052340292008,0.0,400.0,129.43768,9944.6893162176,128.81959005122894,130.05576994877106,0.6180899487710576,0.0,400.0,129.43768,9944.6893162176,128.81959005122894,130.05576994877106,0.6180899487710576,0.0,1.0,0.17327333333333333,0.06401412973333333,0.17170516025365248,0.17484150641301419,0.0015681730796808513,0.02226,0.02135450525822752,0.023193348952626383
T-horizontal_scan_traversal-W-20-HS-weighted-D-1-C-5-H-4-RUNS-100000.csv,horizontal_scan_traversal,20,weighted,1,5,4,100000,2.0,401.0,132.20339,10126.9157625079,131.5796628193092,132.82711718069083,0.6237271806908211,0.0,1.0,0.98226,0.017425292399999997,0.9814418251819823,0.9830781748180177,0.000818174818017714,0.0,0.9975,0.32311755000000003,0.0633598938819975,0.3215574110051118,0.32467768899488825,0.001560138994888216,0.0,400.0,130.23845,10139.8024115975,129.6143260944781,130.8625739055219,0.6241239055219125,0.0,400.0,130.23845,10139.8024115975,129.6143260944781,130.8625739055219,0.6241239055219125,0.0,1.0,0.1865725,0.06086757724374999,0.18504335355593524,0.18810164644406477,0.0015291464440647662,0.01732,0.01652043289944624,0.018147735686612813
T-horizontal_scan_traversal-W-20-HS-weighted-D-1-C-5-H-5-RUNS-100000.csv,horizontal_scan_traversal,20,weighted,1,5,5,100000,2.0,401.0,132.84986,10250.5542779804,132.2223368584802,133.47738314151982,0.6275231415198164,0.0,1.0,0.984,0.015744000000000005,0.9832222972907337,0.9847777027092662,0.0007777027092662481,0.0,0.9975,0.324724925,0.06413142127124438,0.3231553159150505,0.3262945340849495,0.0015696090849495192,0.0,400.0,130.88107,10263.3425456551,130.25315554146772,131.50898445853227,0.627914458532274,0.0,400.0,130.88107,10263.3425456551,130.25315554146772,131.50898445853227,0.627914458532274,0.0,1.0,0.19530599999999998,0.058782366364,0.19380327468037586,0.1968087253196241,0.0015027253196241153,0.01521,0.014460534962803036,0.015987771842502392
T-horizontal_scan_traversal-W-20-HS-weighted-D-10-C-5-H-1-RUNS-100000.csv,horizontal_scan_traversal,20,weighted,10,5,1,100000,1.0,401.0,190.94107,12602.0821772551,190.2452815343573,191.6368584656427,0.6957884656426927,0.0,10.0,9.12886,2.4262351003999996,9.119205661720398,9.1385143382796,0.009654338279601049,0.0,0.9975,0.471942975,0.07838432316064937,0.4702076905395903,0.4736782594604097,0.001735284460409714,0.0,379.7,121.43664600000001,4788.945251870684,121.0077262863054,121.86556571369462,0.42891971369461146,0.0,3797.0,1214.36646,478894.5251870683,1210.0772628630539,1218.655657136946,4.289197136946086,0.0,1.0,0.41574,0.24290025239999996,0.41268528952334294,0.41879471047665706,0.003054710476657063,0.41574,0.41268282619238184,0.4188020618089049
T-horizontal_scan_traversal-W-20-HS-weighted-D-10-C-5-H-2-RUNS-100000.csv,horizontal_scan_traversal,20,weighted,10,5,2,100000,2.0,401.0,223.5825,11193.33059375,222.92675386917688,224.23824613082314,0.6557461308231325,1.0,10.0,9.65755,0.5091579975,9.653127352192186,9.661972647807815,0.004422647807814428,0.0,0.9975,0.5527302749999999,0.07004835153592437,0.5510898550925969,0.554370694907403,0.0016404199074030457,0.0,374.1,127.86772899999998,4531.711020082558,127.45048781010199,128.28497018989796,0.41724118989797887,0.0,3741.0,1278.67729,453171.1020082559,1274.5048781010203,1282.84970189898,4.172411898979817,0.0,1.0,0.492635,0.129843256775,0.4904016038075907,0.4948683961924093,0.0022333961924093093,0.25243,0.2497397794968506,0.2551345864502871
T-horizontal_scan_traversal-W-20-HS-weighted-D-10-C-5-H-3-RUNS-100000.csv,horizontal_scan_traversal,20,weighted,10,5,3,100000,2.0,401.0,235.74567,11077.710626251099,235.09331937999718,236.3980206200028,0.6523506200028066,4.0,10.0,9.77078,0.25755819160000004,9.767634470555137,9.773925529444863,0.0031455294448630156,0.0,0.9975,0.5828499,0.06947436769499,0.5812162148071398,0.5844835851928603,0.0016336851928602236,0.0,374.0,129.691898,4472.206232757596,129.27740520797872,130.1063907920213,0.4144927920212922,0.0,3740.0,1296.91898,447220.6232757596,1292.7740520797868,1301.063907920213,4.144927920213149,0.0,1.0,0.5273366666666667,0.10355937332222223,0.525342089797868,0.5293312435354653,0.00199457686879867,0.19434,0.19189141301453472,0.19680632802613104
T-horizontal_scan_traversal-W-20-HS-weighted-D-10-C-5-H-4-RUNS-100000.csv,horizontal_scan_traversal,20,weighted,10,5,4,100000,2.0,401.0,240.74176,11392.0481521024,240.08021867717036,241.40330132282963,0.6615413228296347,5.0,10.0,9.8176,0.19141023999999998,9.81488831864338,9.820311681356621,0.0027116813566205877,0.0,0.9975,0.595171,0.071503106259,0.5935136336162316,0.5968283663837685,0.001657366383768455,0.0,384.0,130.576849,4462.185173531199,130.16282085406502,130.990877145935,0.41402814593499215,0.0,3840.0,1305.76849,446218.5173531199,1301.62820854065,1309.90877145935,4.140281459350035,0.0,1.0,0.5418325,0.09165441694375,0.5399560682582862,0.5437089317417139,0.0018764317417138132,0.16052,0.15824967821910826,0.16281002992730734
T-horizontal_scan_traversal-W-20-HS-weighted-D-10-C-5-H-5-RUNS-100000.csv,horizontal_scan_traversal,20,weighted,10,5,5,100000,2.0,401.0,244.35818,11646.8681870876,243.68928083848525,245.02707916151476,0.6688991615147586,6.0,10.0,9.8407,0.16114351000000002,9.83821193065206,9.84318806934794,0.002488069347940325,0.0,0.9975,0.604124925,0.07311417430624438,0.6024489911945803,0.6058008588054198,0.0016759338054197492,0.0,376.5,130.76164699999998,4441.636707147391,130.34857325871184,131.17472074128813,0.41307374128814445,0.0,3765.0,1307.61647,444163.67071473907,1303.4857325871187,1311.7472074128812,4.130737412881217,0.0,1.0,0.5558919999999999,0.08501368433600001,0.5540848238333101,0.5576991761666897,0.0018071761666897945,0.14258,0.14041831170275998,0.14476244093424243
T-horizontal_scan_traversal-W-20-HS-weighted-D-5-C-5-H-1-RUNS-100000.csv,horizontal_scan_traversal,20,weighted,5,5,1,100000,1.0,401.0,178.20424,11781.843446022402,177.53147607571273,178.87700392428727,0.672763924287267,0.0,5.0,4.57037,0.7490480631000002,4.5650057264804955,4.575734273519504,0.005364273519504081,0.0,0.9975,0.439376475,0.07340596490407438,0.43769720029115844,0.44105574970884154,0.0016792747088415494,0.0,389.4,120.83974800000001,5231.682535296496,120.39143971736857,121.28805628263146,0.4483082826314444,0.0,1947.0,604.19874,130792.06338241241,601.9571985868429,606.4402814131572,2.241541413157165,0.0,1.0,0.27072,0.1974306816,0.26796600343784793,0.2734739965621521,0.0027539965621520834,0.27072,0.26796773470572954,0.27348556918317946
T-horizontal_scan_traversal-W-20-HS-weighted-D-5-C-5-H-2-RUNS-100000.csv,horizontal_scan_traversal,20,weighted,5,5,2,100000,2.0,401.0,201.19566,11420.056037164399,200.53330596119318,201.85801403880683,0.662354038806825,0.0,5.0,4.82458,0.21082782359999996,4.821734097388979,4.827425902611021,0.002845902611021245,0.0,0.9975,0.4962383,0.07148855973811,0.49458110221129187,0.4978954977887082,0.0016571977887081535,0.0,396.0,128.00693800000002,5063.011133864156,127.56591573784252,128.44796026215752,0.44102226215750306,0.0,1980.0,640.03469,126575.2783466039,637.8295786892124,642.2398013107875,2.2051113107875153,0.0,1.0,0.37356,0.1210129264,0.3714038848406028,0.3757161151593972,0.002156115159397176,0.14756,0.14536705853668183,0.149773404068101
T-horizontal_scan_traversal-W-20-HS-weighted-D-5-C-5-H-3-RUNS-100000.csv,horizontal_scan_traversal,20,weighted,5,5,3,100000,2.0,401.0,207.26836,11662.520262910399,206.59901152691594,207.93770847308406,0.6693484730840566,1.0,5.0,4.88688,0.11972386559999999,4.884735399333001,4.889024600666998,0.0021446006669982864,0.0,0.9975,0.5111975,0.07308316461875,0.5095219216365702,0.5128730783634298,0.0016755783634297972,0.0,390.6,129.24276600000002,5025.1977938692435,128.80339372225677,129.68213827774326,0.43937227774324583,0.0,1953.0,646.21383,125629.94484673112,644.0169686112838,648.4106913887163,2.196861388716229,0.0,1.0,0.40957,0.09850019287777777,0.4076247536378153,0.4115152463621847,0.0019452463621846827,0.10263,0.10075562038626375,0.1045274625273174
T-horizontal_scan_traversal-W-20-HS-weighted-D-5-C-5-H-4-RUNS-100000.csv,horizontal_scan_traversal,20,weighted,5,5,4,100000,2.0,401.0,210.91124,12014.3430616624,210.23187043705445,211.59060956294553,0.6793695629455385,1.0,5.0,4.90862,0.09232969559999998,4.906736668487448,4.910503331512552,0.0018833315125519334,0.0,0.9975,0.52021565,0.0753070311200775,0.5185147693729397,0.5219165306270603,0.0017008806270603083,0.0,396.0,130.635416,5090.024806506944,130.1932187668938,131.07761323310618,0.4421972331061852,0.0,1980.0,653.17708,127250.6201626736,650.9660938344691,655.388066165531,2.210986165530926,0.0,1.0,0.432215,0.088627693775,0.430369811260586,0.43406018873941404,0.0018451887394140276,0.08475,0.08303087380893924,0.08649325531850903
T-horizontal_scan_traversal-W-20-HS-weighted-D-5-C-5-H-5-RUNS-100000.csv,horizontal_scan_traversal,20,weighted,5,5,5,100000,2.0,401.0,213.16561,12299.4632033279,212.47822642555334,213.85299357444663,0.6873835744466419,2.0,5.0,4.92062,0.0789188156,4.918878809252239,4.922361190747762,0.0017411907477615785,0.0,0.9975,0.52579845,0.0770941358525975,0.5240775059791459,0.5275193940208541,0.0017209440208540983,0.0,394.2,131.052572,5099.767775384816,130.609951757739,131.495192242261,0.4426202422610004,0.0,1971.0,655.26286,127494.1943846204,653.049758788695,657.475961211305,2.213101211305002,0.0,1.0,0.4469660000000001,0.08291939484400002,0.44518122229050033,0.44875077770949984,0.001784777709499752,0.07404,0.07242452427613472,0.07568023319824319
T-lidbetter-W-20-HS-greedy-D-1-C-5-H-1-RUNS-100000.csv,lidbetter,20,greedy,1,5,1,100000,1.0,136.0,23.87641,159.5900355119,23.79811050572178,23.95470949427822,0.07829949427821958,0.0,1.0,0.91347,0.07904255909999999,0.911727444706649,0.915212555293351,0.0017425552933509891,0.0,0.295,0.054022350000000004,0.0008250938254774999,0.053844314036218685,0.05420038596378132,0.00017803596378131864,0.0,134.0,22.04947,159.31434271909998,21.97123816639055,22.12770183360945,0.07823183360945052,0.0,134.0,22.04947,159.31434271909998,21.97123816639055,22.12770183360945,0.07823183360945052,0.0,1.0,0.08653,0.07904255909999999,0.08478744470664899,0.088272555293351,0.001742555293351003,0.08653,0.08479448591942858,0.08828953891714317
T-lidbetter-W-20-HS-greedy-D-1-C-5-H-2-RUNS-100000.csv,lidbetter,20,greedy,1,5,2,100000,2.0,128.0,27.51013,193.4127973831,27.42393170521252,27.59632829478748,0.08619829478747931,0.0,1.0,0.96516,0.03362617440000001,0.9640234336289726,0.9662965663710275,0.0011365663710274365,0.0,0.275,0.06171512500000001,0.000990269408734375,0.06152008092906747,0.06191016907093255,0.00019504407093254295,0.0,128.0,25.57981,196.1322503639,25.4930078310756,25.666612168924395,0.08680216892439674,0.0,128.0,25.57981,196.1322503639,25.4930078310756,25.666612168924395,0.08680216892439674,0.0,1.0,0.10447,0.058741019100000014,0.10296780327861307,0.10597219672138691,0.0015021967213869197,0.03484,0.03371196232843593,0.03599512042721484
T-lidbetter-W-20-HS-greedy-D-1-C-5-H-3-RUNS-100000.csv,lidbetter,20,greedy,1,5,3,100000,2.0,146.0,30.39945,247.9119696975,30.301860112061245,30.497039887938758,0.09758988793875645,0.0,1.0,0.978,0.021516000000000004,0.9770908472867554,0.9789091527132445,0.0009091527132445432,0.0,0.295,0.067777075,0.001219050416944375,0.06756067019224996,0.06799347980775006,0.00021640480775005078,0.0,144.0,28.44345,250.6869220975,28.34531545562699,28.541584544373006,0.09813454437300706,0.0,144.0,28.44345,250.6869220975,28.34531545562699,28.541584544373006,0.09813454437300706,0.0,1.0,0.1342033333333333,0.05232168754444444,0.13278559219027955,0.13562107447638708,0.0014177411430537634,0.022,0.02109974774421014,0.022928122775016956
T-lidbetter-W-20-HS-greedy-D-1-C-5-H-4-RUNS-100000.csv,lidbetter,20,greedy,1,5,4,100000,2.0,140.0,32.45684,309.7912972144,32.34774855911765,32.56593144088235,0.10909144088235223,0.0,1.0,0.98165,0.018013277500000004,0.9808181357872585,0.9824818642127415,0.0008318642127415066,0.0,0.2875,0.07218855,0.0015009531238975,0.07194842375152298,0.07242867624847703,0.0002401262484770239,0.0,140.0,30.49354,312.50921826840005,30.383971053080725,30.603108946919274,0.10956894691927488,0.0,140.0,30.49354,312.50921826840005,30.383971053080725,30.603108946919274,0.10956894691927488,0.0,1.0,0.166215,0.053668823775,0.16477912342656467,0.16765087657343533,0.0014358765734353296,0.01835,0.01752714282065628,0.019200959302127875
T-lidbetter-W-20-HS-greedy-D-1-C-5-H-5-RUNS-100000.csv,lidbetter,20,greedy,1,5,5,100000,2.0,137.0,34.17087,365.2026534431,34.052423281452505,34.2893167185475,0.11844671854749578,0.0,1.0,0.98475,0.015017437500000001,0.9839904541626735,0.9855095458373265,0.000759545837326514,0.0,0.2925,0.075565375,0.0017116381636093749,0.07530894900347622,0.07582180099652379,0.00025642599652378473,0.0,135.0,32.20137,367.6565401231,32.08252601132001,32.32021398867998,0.11884398867998414,0.0,135.0,32.20137,367.6565401231,32.08252601132001,32.32021398867998,0.11884398867998414,0.0,1.0,0.19533,0.0587249911,0.19382800823634164,0.19683199176365837,0.0015019917636583668,0.01525,0.014499552406046381,0.016028751748962497
T-lidbetter-W-20-HS-greedy-D-10-C-5-H-1-RUNS-100000.csv,lidbetter,20,greedy,10,5,1,100000,1.0,138.0,27.07061,308.3638242279,26.96177018802139,27.179449811978607,0.10883981197860848,3.0,10.0,9.13694,0.8587674363999999,9.131196272130685,9.142683727869313,0.005743727869313986,0.0,0.295,0.062911175,0.001415561622619375,0.0626779793411756,0.0631443706588244,0.0002331956588244033,0.0,90.2,22.003652,114.405355462896,21.937357232970747,22.06994676702925,0.06629476702925174,0.0,902.0,220.03652,11440.5355462896,219.37357232970749,220.6994676702925,0.6629476702925103,0.0,1.0,0.57498,0.24437799959999998,0.5719160115482212,0.5780439884517788,0.0030639884517787985,0.57498,0.5719089298055637,0.5780467205629402
T-lidbetter-W-20-HS-greedy-D-10-C-5-H-2-RUNS-100000.csv,lidbetter,20,greedy,10,5,2,100000,2.0,136.0,40.97694,371.44610823640005,40.85748509765602,41.09639490234398,0.11945490234398193,5.0,10.0,9.65609,0.3566959119,9.652388266601774,9.659791733398228,0.0037017333982269918,0.0,0.29,0.09149700000000001,0.001748068366,0.09123785950847417,0.09175614049152585,0.00025914049152583885,0.0,87.2,25.562769,109.959400152639,25.49777515170446,25.62776284829554,0.06499384829553989,0.0,872.0,255.62769,10995.9400152639,254.9777515170446,256.27762848295544,0.6499384829554344,0.0,1.0,0.469525,0.15751877437500003,0.46706507292051375,0.4719849270794863,0.0024599270794862793,0.28642,0.28361920706703925,0.28923318532513237
T-lidbetter-W-20-HS-greedy-D-10-C-5-H-3-RUNS-100000.csv,lidbetter,20,greedy,10,5,3,100000,2.0,148.0,46.94985,397.2778349775,46.82631123965129,47.073388760348706,0.12353876034870837,6.0,10.0,9.77628,0.22352936159999998,9.773349623922561,9.779210376077438,0.0029303760774386234,0.0,0.3,0.10323244999999999,0.0018413155169975,0.10296648764006729,0.10349841235993269,0.00026596235993270323,0.0,88.4,28.173937000000002,125.31111722003098,28.104554351743218,28.243319648256787,0.06938264825678431,0.0,884.0,281.73937,12531.1117220031,281.0455435174322,282.43319648256784,0.6938264825678289,0.0,1.0,0.46863666666666665,0.11996967465555557,0.4664898655530169,0.4707834677803164,0.0021468011136497323,0.20069,0.19821132533609742,0.20318604657606276
T-lidbetter-W-20-HS-greedy-D-10-C-5-H-4-RUNS-100000.csv,lidbetter,20,greedy,10,5,4,100000,2.0,148.0,52.35881,433.0423653839,52.22983032908792,52.48778967091208,0.12897967091208073,6.0,10.0,9.82047,0.17639897910000002,9.817866820563022,9.823073179436978,0.002603179436977854,0.0,0.3375,0.11393427500000002,0.001976457417724375,0.11365872538893279,0.11420982461106724,0.00027554961106722453,0.0,97.0,30.809642999999998,136.123768512551,30.737328888713346,30.88195711128665,0.07231411128665144,0.0,970.0,308.09643,13612.376851255101,307.37328888713347,308.8195711128665,0.7231411128665286,0.0,1.0,0.5028,0.09591716,0.5008804287930478,0.5047195712069522,0.0019195712069521864,0.16577,0.16346986040513214,0.1680895422336339
T-lidbetter-W-20-HS-greedy-D-10-C-5-H-5-RUNS-100000.csv,lidbetter,20,greedy,10,5,5,100000,2.0,148.0,55.98244,488.15829164639996,55.84549808190372,56.11938191809627,0.13694191809627654,6.0,10.0,9.84309,0.1550092519,9.840649746853092,9.845530253146908,0.002440253146907878,0.0,0.34,0.12133854999999999,0.0021831409088975,0.12104895106844774,0.12162814893155224,0.000289598931552254,0.0,97.1,31.872353999999998,152.024300298684,31.79593302434361,31.948774975656384,0.0764209756563865,0.0,971.0,318.72354,15202.430029868397,317.9593302434361,319.4877497565639,0.7642097565639006,0.0,1.0,0.556406,0.086015163164,0.5545882105435149,0.558223789456485,0.0018177894564850305,0.14607,0.1438863174020578,0.14827423197153572
T-lidbetter-W-20-HS-greedy-D-2-C-5-H-1-RUNS-100000.csv,lidbetter,20,greedy,2,5,1,100000,1.0,137.0,25.25841,205.30767427189997,25.16960065581354,25.347219344186463,0.08880934418646191,0.0,2.0,1.82609,0.16008531189999997,1.8236101134417175,1.8285698865582825,0.0024798865582824625,0.0,0.3,0.05729435,0.0010135164580775,0.05709702983313025,0.05749167016686975,0.00019732016686974801,0.0,109.0,21.98554,132.7016559084,21.91414065257037,22.05693934742963,0.0713993474296295,0.0,218.0,43.97108,530.8066236336,43.82828130514074,44.11387869485926,0.142798694859259,0.0,1.0,0.1657,0.13824351000000001,0.16339549079408217,0.1680045092059178,0.0023045092059178207,0.1657,0.16340025244176473,0.16801915426992056
T-lidbetter-W-20-HS-greedy-D-2-C-5-H-2-RUNS-100000.csv,lidbetter,20,greedy,2,5,2,100000,2.0,137.0,31.32835,249.57859627749997,31.23043262996487,31.42626737003513,0.09791737003513035,0.0,2.0,1.93067,0.06742335109999999,1.92906061022252,1.9322793897774801,0.0016093897774800414,0.0,0.2725,0.07016295,0.0012410950722975,0.06994459728465764,0.07038130271534236,0.00021835271534235978,0.0,128.5,25.86056,152.35440148639998,25.78405610018109,25.93706389981891,0.07650389981890982,0.0,257.0,51.72112,609.4176059455999,51.56811220036218,51.87412779963782,0.15300779963781963,0.0,1.0,0.17394,0.09065487639999999,0.17207382805406835,0.17580617194593168,0.0018661719459316661,0.06788,0.06632851737983521,0.06945660229592127
T-lidbetter-W-20-HS-greedy-D-2-C-5-H-3-RUNS-100000.csv,lidbetter,20,greedy,2,5,3,100000,2.0,130.0,35.11799,297.46696835989997,35.011090556332064,35.224889443667934,0.10689944366793469,0.0,2.0,1.95512,0.043865785600000005,1.953821867487654,1.956418132512346,0.0012981325123460064,0.0,0.2975,0.077908875,0.001433858883734375,0.07767417706034663,0.07814357293965338,0.00023469793965337493,0.0,112.0,28.35226,177.78881289240002,28.26961657899098,28.43490342100902,0.08264342100902056,0.0,224.0,56.70452,711.1552515696001,56.53923315798196,56.86980684201804,0.1652868420180411,0.0,1.0,0.21415,0.07480088861111109,0.2124548448634758,0.21584515513652422,0.0016951551365242123,0.04438,0.04311183747743742,0.045674673042741594
T-lidbetter-W-20-HS-greedy-D-2-C-5-H-4-RUNS-100000.csv,lidbetter,20,greedy,2,5,4,100000,2.0,145.0,36.74345,356.6683920975,36.62639542746729,36.86050457253272,0.1170545725327159,0.0,2.0,1.96427,0.035213367100000004,1.9631069193018051,1.9654330806981948,0.0011630806981948183,0.0,0.31,0.08098115,0.0016879507196775,0.08072650453106892,0.08123579546893109,0.0002546454689310862,0.0,116.5,28.9091,207.71075718999998,28.81977242056223,28.998427579437767,0.08932757943776792,0.0,233.0,57.8182,830.8430287599999,57.63954484112446,57.99685515887553,0.17865515887553585,0.0,1.0,0.2573925,0.06908597594375,0.25576338771048307,0.259021612289517,0.001629112289516954,0.03535,0.03421396162659264,0.03651309034534746
T-lidbetter-W-20-HS-greedy-D-2-C-5-H-5-RUNS-100000.csv,lidbetter,20,greedy,2,5,5,100000,2.0,149.0,40.77415,435.1373017775,40.64485872192957,40.903441278070424,0.12929127807042562,0.0,2.0,1.96854,0.03115026840000001,1.967446076460234,1.969633923539766,0.0010939235397660063,0.0,0.325,0.08935365000000002,0.0019849324816775,0.08907751024151507,0.08962978975848497,0.0002761397584849501,0.0,131.5,31.878145,246.546498858975,31.780824240137747,31.975465759862253,0.09732075986225297,0.0,263.0,63.75629,986.1859954359,63.561648480275494,63.950931519724506,0.19464151972450594,0.0,1.0,0.30209600000000003,0.072408406784,0.3004281746629176,0.30376382533708246,0.0016678253370824292,0.03112,0.030052391816458583,0.03221491636442405
T-lidbetter-W-20-HS-greedy-D-3-C-5-H-1-RUNS-100000.csv,lidbetter,20,greedy,3,5,1,100000,1.0,140.0,26.10309,241.50962245190001,26.006768488092682,26.19941151190732,0.09632151190731975,0.0,3.0,2.74161,0.23952460789999996,2.738576589817205,2.7446434101827952,0.0030334101827951265,0.0,0.2975,0.0593723,0.00116044799271,0.059161160780317947,0.05958343921968206,0.00021113921968205634,0.0,115.0,22.04889333333333,126.95952055306665,21.97905582950074,22.118730837165916,0.0698375038325878,0.0,345.0,66.14668,1142.6356849776,65.93716748850224,66.35619251149777,0.2095125114977634,0.0,1.0,0.23528,0.1799233216,0.23265094421463034,0.23790905578536964,0.0026290557853696495,0.23528,0.2326536988602109,0.23792166317333568
T-lidbetter-W-20-HS-greedy-D-3-C-5-H-2-RUNS-100000.csv,lidbetter,20,greedy,3,5,2,100000,2.0,140.0,33.46211,276.3153243479,33.359081220039506,33.5651387799605,0.10302877996049631,0.0,3.0,2.89832,0.10064117759999998,2.8963537264995223,2.9002862735004777,0.001966273500477733,0.0,0.31,0.074794,0.0013473154390000002,0.07456649512114105,0.07502150487885895,0.00022750487885894732,0.0,104.0,25.78359333333333,131.9576281546222,25.712394427139568,25.85479223952709,0.07119890619376079,0.0,312.0,77.35078,1187.6186533916,77.13718328141871,77.56437671858129,0.21359671858128593,0.0,1.0,0.226055,0.11050163697500003,0.22399465272683666,0.22811534727316335,0.002060347273163343,0.09715,0.09532110514124009,0.09900229812678464
T-lidbetter-W-20-HS-greedy-D-3-C-5-H-3-RUNS-100000.csv,lidbetter,20,greedy,3,5,3,100000,2.0,137.0,37.66967,329.3871520911,37.55718117017796,37.782158829822045,0.11248882982204123,0.0,3.0,2.93099,0.06796761989999998,2.9293741274536407,2.9326058725463593,0.0016158725463593093,0.0,0.2925,0.08350042499999999,0.0015831319623193752,0.08325381275889168,0.0837470372411083,0.00024661224110830715,0.0,101.66666666666667,27.96584333333333,158.08880332212223,27.887912983222332,28.043773683444325,0.07793035011099647,0.0,305.0,83.89753,1422.7992298991,83.663738949667,84.131321050333,0.23379105033299652,0.0,1.0,0.2677,0.08775226555555557,0.26586394688704756,0.2695360531129524,0.0018360531129524293,0.06717,0.06562612228816374,0.06873903918026554
T-lidbetter-W-20-HS-greedy-D-3-C-5-H-4-RUNS-100000.csv,lidbetter,20,greedy,3,5,4,100000,2.0,148.0,40.97156,382.4157311664,40.850354048295934,41.09276595170406,0.1212059517040629,1.0,3.0,2.94631,0.05302738389999999,2.9448827298854447,2.947737270114555,0.0014272701145552347,0.0,0.32,0.09012602500000001,0.0017939861801993752,0.08986350305215843,0.0903885469478416,0.00026252194784158467,0.0,112.0,29.538973333333335,175.48500774595558,29.45686710910174,29.62107955756493,0.08210622423159464,0.0,336.0,88.61692,1579.3650697136,88.37060132730521,88.86323867269478,0.2463186726947839,0.0,1.0,0.31622,0.0768499116,0.31450178400542145,0.31793821599457855,0.0017182159945785536,0.05258,0.05120465002784377,0.053981373003950256
T-lidbetter-W-20-HS-greedy-D-3-C-5-H-5-RUNS-100000.csv,lidbetter,20,greedy,3,5,5,100000,2.0,146.0,45.65836,445.3375821103999,45.527562107989645,45.78915789201036,0.13079789201035652,0.0,3.0,2.95339,0.04603750790000001,2.952060121470402,2.9547198785295983,0.0013298785295980942,0.0,0.295,0.0998895,0.00202756966475,0.09961041020039953,0.10016858979960049,0.0002790897996004793,0.0,116.0,32.575223333333334,192.87201700567778,32.489145627710506,32.66130103895616,0.08607770562282724,0.0,348.0,97.72567,1735.8481530510999,97.46743688313151,97.98390311686848,0.2582331168684817,0.0,1.0,0.36705,0.07754589749999999,0.36532402108982753,0.36877597891017244,0.0017259789101724543,0.04582,0.044532230899311534,0.04713419377873698
T-lidbetter-W-20-HS-greedy-D-4-C-5-H-1-RUNS-100000.csv,lidbetter,20,greedy,4,5,1,100000,1.0,139.0,26.42736,258.3464034304,26.327737535494336,26.526982464505664,0.09962246450566425,0.0,4.0,3.65667,0.3240545111,3.6531417032298266,3.6601982967701736,0.0035282967701735224,0.0,0.2775,0.060351125,0.0012302156487343748,0.0601337314298058,0.0605685185701942,0.00021739357019420064,0.0,99.5,21.9948325,121.75770517194375,21.926440658367497,22.063224341632505,0.06839184163250422,0.0,398.0,87.97933,1948.1232827511,87.70576263346999,88.25289736653002,0.2735673665300169,0.0,1.0,0.29705,0.20881129749999994,0.2942177403359226,0.2998822596640774,0.002832259664077408,0.29705,0.2942187108377927,0.2998930644819136
T-lidbetter-W-20-HS-greedy-D-4-C-5-H-2-RUNS-100000.csv,lidbetter,20,greedy,4,5,2,100000,2.0,129.0,34.9288,297.35359055999993,34.82192093032332,35.03567906967668,0.1068790696766797,1.0,4.0,3.86248,0.1369882496,3.860185977202242,3.864774022797758,0.002294022797757922,0.0,0.29,0.077901475,0.001432381130324375,0.07766689803288145,0.07813605196711855,0.00023457696711855214,0.0,102.25,25.614745,124.19512858497501,25.54567199471052,25.683818005289478,0.06907300528947857,0.0,409.0,102.45898,1987.1220573596001,102.18268797884208,102.73527202115791,0.2762920211579143,0.0,1.0,0.273485,0.126293454775,0.2712823449297186,0.27568765507028137,0.0022026550702813896,0.12869,0.1266203656837919,0.13078119633762514
T-lidbetter-W-20-HS-greedy-D-4-C-5-H-3-RUNS-100000.csv,lidbetter,20,greedy,4,5,3,100000,2.0,136.0,40.23519,346.7196556639,40.11977950527797,40.35060049472204,0.11541049472203468,1.0,4.0,3.91054,0.08783690840000001,3.9087030616033482,3.912376938396652,0.0018369383966518882,0.0,0.3125,0.088839725,0.001640649324424375,0.08858867284516542,0.08909077715483457,0.0002510521548345773,0.0,96.0,28.4833575,142.49514240219375,28.409370383618008,28.557344616381993,0.07398711638199273,0.0,384.0,113.93343,2279.9222784351,113.63748153447203,114.22937846552797,0.29594846552797094,0.0,1.0,0.3076466666666666,0.09663130626666667,0.3057199626775857,0.3095733706557475,0.0019267039890809023,0.08631,0.08457649929646266,0.08806753842730174
T-lidbetter-W-20-HS-greedy-D-4-C-5-H-4-RUNS-100000.csv,lidbetter,20,greedy,4,5,4,100000,2.0,137.0,44.05923,398.0626018071,43.9355692830725,44.182890716927496,0.12366071692749614,1.0,4.0,3.92739,0.07175778790000001,3.9257296846143075,3.9290503153856924,0.0016603153856924457,0.0,0.285,0.09660565,0.0018343202630774998,0.09634019332325898,0.09687110667674102,0.0002654566767410216,0.0,116.0,30.1604975,157.30005242749374,30.082761801546493,30.23823319845351,0.07773569845350892,0.0,464.0,120.64199,2516.8008388399,120.33104720618597,120.95293279381404,0.31094279381403567,0.0,1.0,0.3595475,0.08230997024374999,0.35776929308940614,0.3613257069105939,0.0017782069105938825,0.07043,0.06885160369159479,0.0720333659644685
T-lidbetter-W-20-HS-greedy-D-4-C-5-H-5-RUNS-100000.csv,lidbetter,20,greedy,4,5,5,100000,2.0,154.0,46.29904,462.8668350784,46.16569273779949,46.43238726220051,0.13334726220050896,1.0,4.0,3.93805,0.061172197500000004,3.9365170319184144,3.9395829680815857,0.0015329680815856506,0.0,0.3175,0.101228375,0.002114085407359375,0.10094339306195985,0.10151335693804014,0.00028498193804014915,0.0,108.5,30.5628775,181.35557329499375,30.47940920839354,30.646345791606457,0.08346829160645797,0.0,434.0,122.25151,2901.6891727199,121.91763683357416,122.58538316642583,0.33387316642583187,0.0,1.0,0.41125600000000007,0.080963702464,0.40949239528412495,0.4130196047158752,0.0017636047158751111,0.06043,0.05896090603481055,0.0619246527229229
T-lidbetter-W-20-HS-greedy-D-5-C-5-H-1-RUNS-100000.csv,lidbetter,20,greedy,5,5,1,100000,1.0,141.0,26.74127,273.8209487871,26.63870730908071,26.84383269091929,0.10256269091928871,1.0,5.0,4.57054,0.40640410839999996,4.566588744474437,4.5744912555255635,0.003951255525563191,0.0,0.31,0.061266324999999996,0.001291898483494375,0.061043548043961185,0.06148910195603881,0.00022277695603881154,0.0,110.8,22.02043,119.40957901510001,21.952700845365943,22.08815915463406,0.06772915463405837,0.0,554.0,110.10215,2985.2394753775,109.76350422682971,110.44079577317028,0.33864577317028477,0.0,1.0,0.35626,0.22933881240000004,0.35329178844804515,0.3592282115519549,0.002968211551954869,0.35626,0.3532910468327385,0.3592372921846611
T-lidbetter-W-20-HS-greedy-D-5-C-5-H-2-RUNS-100000.csv,lidbetter,20,greedy,5,5,2,100000,2.0,133.0,36.30041,319.4536638319,36.18963034505485,36.41118965494515,0.11077965494514785,1.0,5.0,4.8281,0.17003039000000003,4.825544244248321,4.830655755751679,0.0025557557516791007,0.0,0.2875,0.0809073,0.00151984368171,0.08066566739690892,0.08114893260309108,0.0002416326030910826,0.0,92.6,25.612942,121.03275690463599,25.544754065662257,25.681129934337743,0.06818793433774317,0.0,463.0,128.06471,3025.8189226159,127.72377032831128,128.4056496716887,0.34093967168871586,0.0,1.0,0.314495,0.13766539497500002,0.31219531440989,0.31679468559011004,0.002299685590110012,0.15865,0.15639050583709094,0.1609293111433994
T-lidbetter-W-20-HS-greedy-D-5-C-5-H-3-RUNS-100000.csv,lidbetter,20,greedy,5,5,3,100000,2.0,149.0,41.32828,361.9116522416,41.210368176875626,41.44619182312437,0.11791182312437343,2.0,5.0,4.88512,0.11416258560000002,4.88302580089571,4.88721419910429,0.0020941991042899843,0.0,0.3225,0.0912091,0.00170277757719,0.09095333858108516,0.09146486141891484,0.0002557614189148405,0.0,100.4,28.007006,137.350172115964,27.934366863083273,28.079645136916728,0.07263913691672741,0.0,502.0,140.03503,3433.7543028991004,139.67183431541636,140.39822568458365,0.36319568458364415,0.0,1.0,0.34282333333333326,0.10478660656666666,0.3408169728777159,0.3448296937889506,0.002006360455617362,0.10883,0.1069061624462019,0.11077655828056127
T-lidbetter-W-20-HS-greedy-D-5-C-5-H-4-RUNS-100000.csv,lidbetter,20,greedy,5,5,4,100000,2.0,137.0,46.41282,407.33477964760004,46.28772734276169,46.537912657238316,0.1250926572383122,2.0,5.0,4.91089,0.08788940790000001,4.909052512722797,4.912727487277204,0.0018374872772035644,0.0,0.3075,0.10177465000000001,0.0018841923673775,0.10150560886190925,0.10204369113809077,0.0002690411380907587,0.0,97.0,30.690584000000005,148.080180938944,30.615160872042125,30.766007127957884,0.07542312795787964,0.0,485.0,153.45292,3702.0045234736003,153.0758043602106,153.8300356397894,0.37711563978939466,0.0,1.0,0.3906375,0.08587296859375002,0.38882121368955846,0.3924537863104416,0.0018162863104415616,0.08579,0.08406127167246726,0.08754279651652674
T-lidbetter-W-20-HS-greedy-D-5-C-5-H-5-RUNS-100000.csv,lidbetter,20,greedy,5,5,5,100000,2.0,150.0,49.75244,476.08973404639994,49.61720145807084,49.88767854192916,0.13523854192916218,2.0,5.0,4.9233,0.07523711,4.921599909173674,4.925000090826327,0.0017000908263264947,0.0,0.32,0.10811022499999999,0.0021240445629493753,0.10782457259596624,0.10839587740403374,0.00028565240403374825,0.0,104.2,31.890448000000003,166.227786359296,31.81053675773223,31.970359242267776,0.07991124226777302,0.0,521.0,159.45224,4155.6946589824,159.0526837886611,159.85179621133886,0.39955621133887576,0.0,1.0,0.4452960000000001,0.082737872384,0.44351317692815484,0.4470788230718453,0.001782823071845241,0.07452,0.07289968048032673,0.07616504879806721
T-lidbetter-W-20-HS-greedy-D-6-C-5-H-1-RUNS-100000.csv,lidbetter,20,greedy,6,5,1,100000,1.0,134.0,26.87158,284.5458883036,26.767028028019215,26.976131971980788,0.10455197198078636,1.0,6.0,5.48051,0.4964001398999999,5.4761431123469455,5.484876887653054,0.004366887653054263,0.0,0.275,0.06178332500000001,0.0013320240644443752,0.06155711484006086,0.06200953515993916,0.00022621015993914972,0.0,96.5,22.015818333333332,118.22740005810833,21.948425278790356,22.083211387876307,0.0673930545429755,0.0,579.0,132.09491,4256.1864020919,131.69055167274215,132.49926832725785,0.40435832725785303,0.0,1.0,0.41058,0.2420040636,0.40753092996025714,0.41362907003974286,0.0030490700397428627,0.41058,0.40752861606161805,0.41363657129680526
T-lidbetter-W-20-HS-greedy-D-6-C-5-H-2-RUNS-100000.csv,lidbetter,20,greedy,6,5,2,100000,2.0,142.0,36.97866,330.7035846044,36.865946607245796,37.0913733927542,0.11271339275420189,2.0,6.0,5.79306,0.21003583640000004,5.790219447819323,5.795900552180676,0.002840552180676248,0.0,0.3025,0.08233345000000002,0.0015618981360975,0.08208849719067479,0.08257840280932524,0.00024495280932522456,0.0,94.5,25.23354,115.03230573506666,25.167063830908226,25.300016169091776,0.066476169091775,0.0,567.0,151.40124,4141.1630064624,151.00238298544934,151.80009701455066,0.39885701455065714,0.0,1.0,0.34935,0.14542957750000002,0.3469863539500932,0.3517136460499068,0.002363646049906798,0.1856,0.18319448262242854,0.18802376657605335
T-lidbetter-W-20-HS-greedy-D-6-C-5-H-3-RUNS-100000.csv,lidbetter,20,greedy,6,5,3,100000,2.0,145.0,42.70135,373.62251817750007,42.58154564841665,42.821154351583345,0.11980435158334757,2.0,6.0,5.86475,0.1337174375,5.862483529378307,5.867016470621693,0.002266470621693273,0.0,0.3175,0.094149225,0.001750693494399375,0.09388989000182034,0.09440855999817967,0.0002593349981796639,0.0,91.33333333333333,27.97512,130.68400820782222,27.90426552336435,28.04597447663565,0.07085447663564892,0.0,548.0,167.85072,4704.6242954816,167.4255931401861,168.2758468598139,0.42512685981390064,0.0,1.0,0.3717933333333333,0.10944749506666665,0.3697428370591399,0.3738438296075267,0.002050496274193403,0.12721,0.12515062547023548,0.1292910228357607
T-lidbetter-W-20-HS-greedy-D-6-C-5-H-4-RUNS-100000.csv,lidbetter,20,greedy,6,5,4,100000,2.0,146.0,46.86176,413.9449897024,46.73565642858187,46.987863571418124,0.12610357141812756,2.0,6.0,5.89347,0.10506135910000002,5.891461010908147,5.895478989091853,0.0020089890918528752,0.0,0.325,0.10243395000000001,0.0019028876373975,0.10216357742099418,0.10270432257900584,0.0002703725790058342,0.0,110.0,29.692635,147.65747703455276,29.617319598933822,29.767950401066177,0.0753154010661774,0.0,660.0,178.15581,5315.6691732439,177.70391759360294,178.60770240639707,0.4518924063970644,0.0,1.0,0.4175525,0.08921928474374999,0.4157011631741588,0.4194038368258412,0.00185133682584121,0.10169,0.09982330082617281,0.10357983702263954
T-lidbetter-W-20-HS-greedy-D-6-C-5-H-5-RUNS-100000.csv,lidbetter,20,greedy,6,5,5,100000,2.0,138.0,50.14801,472.7457030399,50.013247249479015,50.282772750520984,0.1347627505209843,3.0,6.0,5.90724,0.09161558240000002,5.9053639658282755,5.909116034171724,0.0018760341717243278,0.0,0.3,0.10928400000000002,0.002127416219,0.10899812096706983,0.10956987903293021,0.0002858790329301891,0.0,96.5,30.63940666666667,152.16492911462223,30.562950352886396,30.715862980446943,0.07645631378027318,0.0,579.0,183.83644,5477.937448126399,183.3777021173184,184.29517788268163,0.45873788268161775,0.0,1.0,0.473306,0.084517830364,0.47150410184214997,0.47510789815785004,0.0018018981578500348,0.0891,0.08734121297410348,0.0908826613449348
T-lidbetter-W-20-HS-greedy-D-7-C-5-H-1-RUNS-100000.csv,lidbetter,20,greedy,7,5,1,100000,1.0,134.0,26.92432,293.38401253760003,26.818156728452614,27.03048327154739,0.1061632715473877,2.0,7.0,6.39443,0.5876949751,6.3896784854874005,6.399181514512599,0.004751514512599364,0.0,0.285,0.062103125,0.0013633514277343749,0.06187427022410961,0.062331979775890396,0.00022885477589039416,0.0,90.85714285714286,21.985248571428567,116.29456566066122,21.91840867290665,22.052088469950483,0.0668398985219163,0.0,636.0,153.89674,5698.4337173724,153.42886071034658,154.3646192896534,0.4678792896534105,0.0,1.0,0.45728,0.2481750016,0.4541923000693938,0.4603676999306062,0.0030876999306062025,0.45728,0.4541886332602702,0.46037384490948036
T-lidbetter-W-20-HS-greedy-D-7-C-5-H-2-RUNS-100000.csv,lidbetter,20,greedy,7,5,2,100000,2.0,133.0,38.23857,341.24029435509993,38.124075078069176,38.35306492193083,0.11449492193082733,3.0,7.0,6.75565,0.2468830775,6.752570347372634,6.758729652627366,0.0030796526273659808,0.0,0.29,0.08525567499999999,0.001609685692794375,0.08500700315685246,0.08550434684314752,0.0002486718431475299,0.0,92.57142857142857,25.377458571428573,109.3400068635898,25.312648034448298,25.442269108408848,0.06481053698027495,0.0,648.0,177.64221,5357.6603363159,177.18853624113808,178.09588375886193,0.4536737588619246,0.0,1.0,0.38645,0.1516013975,0.38403672022211266,0.38886327977788737,0.002413279777887356,0.21544,0.212895134206606,0.21800138048361942
T-lidbetter-W-20-HS-greedy-D-7-C-5-H-3-RUNS-100000.csv,lidbetter,20,greedy,7,5,3,100000,2.0,142.0,44.25081,387.8243643439001,44.128749929622195,44.37287007037781,0.12206007037780608,2.0,7.0,6.84375,0.1562559375,6.841299953450442,6.846200046549558,0.002450046549557605,0.0,0.315,0.09737802499999999,0.0018008018095993748,0.09711500484427506,0.09764104515572493,0.00026302015572493564,0.0,95.0,28.38452,129.85809130837552,28.313889776754547,28.45515022324545,0.07063022324545187,0.0,665.0,198.69164,6363.046474110401,198.19722843728184,199.18605156271818,0.4944115627181702,0.0,1.0,0.39694,0.11363419195555555,0.39485065294453875,0.3990293470554613,0.002089347055461266,0.14476,0.1425845222231394,0.14695610344282492
T-lidbetter-W-20-HS-greedy-D-7-C-5-H-4-RUNS-100000.csv,lidbetter,20,greedy,7,5,4,100000,2.0,143.0,48.36396,420.5823331184001,48.23684945398168,48.49107054601832,0.12711054601832217,3.0,7.0,6.87372,0.12537336159999998,6.871525383163459,6.87591461683654,0.0021946168365403196,0.0,0.305,0.10568965,0.0019337726328775,0.10541709209887691,0.10596220790112308,0.00027255790112308553,0.0,91.71428571428571,29.876121428571427,140.50659675260204,29.802652377802765,29.949590479340088,0.0734690507686615,0.0,642.0,209.13285,6884.823240877499,208.61856664461936,209.64713335538062,0.514283355380627,0.0,1.0,0.44355,0.09173089749999999,0.44167278553213546,0.44542721446786454,0.0018772144678645408,0.11904,0.11703895201098496,0.12106317278073156
T-lidbetter-W-20-HS-greedy-D-7-C-5-H-5-RUNS-100000.csv,lidbetter,20,greedy,7,5,5,100000,2.0,146.0,52.86811,480.23073502790004,52.73228458294991,53.003935417050094,0.13582541705009277,3.0,7.0,6.89192,0.10623871359999998,6.889899785550576,6.893940214449423,0.002020214449423463,0.0,0.315,0.11489490000000002,0.0021596597039899995,0.11460686269826902,0.11518293730173103,0.00028803730173100617,0.0,106.42857142857143,31.83868714285714,149.70317591722244,31.762851813319806,31.914522472394474,0.07583532953733396,0.0,745.0,222.87081,7335.4556199439,222.33996269323868,223.40165730676134,0.5308473067613306,0.0,1.0,0.499486,0.08499013580400001,0.4976790741417959,0.5012929258582041,0.0018069258582040781,0.10336,0.10147968961390658,0.10526335064155876
T-lidbetter-W-20-HS-greedy-D-8-C-5-H-1-RUNS-100000.csv,lidbetter,20,greedy,8,5,1,100000,1.0,134.0,27.04927,302.7563024671,26.941424341229812,27.157115658770188,0.10784565877018792,2.0,8.0,7.30618,0.6754138076,7.3010862099736284,7.311273790026372,0.005093790026371892,0.0,0.2975,0.0625472,0.00139843477216,0.06231541934893676,0.06277898065106323,0.00023178065106323198,0.0,94.125,22.0373275,115.94182509524376,21.970589046670163,22.104065953329837,0.06673845332983674,0.0,753.0,176.29862,7420.2768060956005,175.7647123733613,176.8325276266387,0.533907626638694,0.0,1.0,0.50266,0.2499929244,0.4995610117483684,0.5057589882516316,0.0030989882516315737,0.50266,0.4995560291930695,0.5057638165026161
T-lidbetter-W-20-HS-greedy-D-8-C-5-H-2-RUNS-100000.csv,lidbetter,20,greedy,8,5,2,100000,2.0,139.0,39.50519,355.26165306390004,39.388366493529325,39.62201350647067,0.11682350647067352,4.0,8.0,7.72304,0.2828931584,7.71974339211111,7.72633660788889,0.0032966078888900796,0.0,0.3,0.0879944,0.00166203419364,0.08774171698596289,0.08824708301403711,0.00025268301403710836,0.0,88.125,25.65069625,110.68572860898594,25.585488099050576,25.715904400949423,0.06520815094942378,0.0,705.0,205.20557,7083.8866309751,204.6839047924046,205.72723520759538,0.5216652075953903,0.0,1.0,0.41688,0.1543660656,0.4144448148374118,0.41931518516258814,0.0024351851625881715,0.23943,0.23678770017457226,0.24208742080116058
T-lidbetter-W-20-HS-greedy-D-8-C-5-H-3-RUNS-100000.csv,lidbetter,20,greedy,8,5,3,100000,2.0,154.0,44.95724,388.20911158240006,44.83511939882825,45.07936060117175,0.12212060117175128,4.0,8.0,7.82015,0.1791239775,7.817526790759462,7.8227732092405375,0.002623209240537605,0.0,0.3125,0.0987781,0.00179610846039,0.09851542281672299,0.099040777183277,0.0002626771832770075,0.0,93.625,27.99868875,125.47763687437345,27.92926001748841,28.06811748251159,0.06942873251158943,0.0,749.0,223.98951,8030.5687599599005,223.43408013990728,224.5449398600927,0.5554298600927154,0.0,1.0,0.4246566666666666,0.1162233821222222,0.42254365046994513,0.4267696828633881,0.0021130161967214955,0.16491,0.16261468711341853,0.16722476556616298
T-lidbetter-W-20-HS-greedy-D-8-C-5-H-4-RUNS-100000.csv,lidbetter,20,greedy,8,5,4,100000,2.0,133.0,48.94821,421.0318477959,48.821031544808385,49.07538845519162,0.1271784551916184,4.0,8.0,7.85759,0.14088939190000002,7.855263541988509,7.859916458011491,0.002326458011491006,0.0,0.31,0.10698017500000001,0.0019345034694693748,0.10670756559942267,0.10725278440057735,0.0002726094005773422,0.0,88.375,29.45526125,137.84314110049843,29.382491873827625,29.528030626172374,0.07276937617237422,0.0,707.0,235.64209,8821.9610304319,235.059934990621,236.224245009379,0.5821550093789938,0.0,1.0,0.462345,0.093645850975,0.4604482925868612,0.4642417074131388,0.0018967074131387984,0.13347,0.13136784019736436,0.13559344320990502
T-lidbetter-W-20-HS-greedy-D-8-C-5-H-5-RUNS-100000.csv,lidbetter,20,greedy,8,5,5,100000,2.0,149.0,53.5734,491.76717244,53.43595281852124,53.71084718147876,0.13744718147876256,4.0,8.0,7.8748,0.12310495999999997,7.872625327577919,7.87697467242208,0.0021746724220808034,0.0,0.3125,0.116090275,0.002206737862924375,0.115799115178352,0.11638143482164802,0.0002911598216480127,0.0,100.125,31.39930625,154.43029154996094,31.32228291535274,31.476329584647257,0.07702333464725797,0.0,801.0,251.19445,9883.5386591975,250.57826332282193,251.81063667717805,0.6161866771780637,0.0,1.0,0.5181,0.08628439,0.516279367932217,0.519920632067783,0.0018206320677830456,0.11861,0.11661210391633527,0.12063004596216048
T-lidbetter-W-20-HS-greedy-D-9-C-5-H-1-RUNS-100000.csv,lidbetter,20,greedy,9,5,1,100000,1.0,138.0,26.92507,303.35127549509997,26.817118424747857,27.033021575252146,0.1079515752521445,3.0,9.0,8.21454,0.7731925883999999,8.209089957204206,8.219990042795793,0.005450042795793308,0.0,0.285,0.06244665,0.0013971760287775,0.06221497368631749,0.0626783263136825,0.0002316763136825037,0.0,92.77777777777777,21.91944888888889,115.24943423454813,21.852910011038762,21.98598776673902,0.06653887785012813,0.0,835.0,197.27504,9335.2041729984,196.67619009934882,197.87388990065116,0.5988499006511745,0.0,1.0,0.54375,0.24808593749999994,0.5406628541701112,0.5468371458298887,0.003087145829888782,0.54375,0.5406566792916977,0.5468407827876701
T-lidbetter-W-20-HS-greedy-D-9-C-5-H-2-RUNS-100000.csv,lidbetter,20,greedy,9,5,2,100000,2.0,143.0,40.71102,366.90585055959997,40.59229740250863,40.82974259749137,0.11872259749137015,4.0,9.0,8.68746,0.3198987484,8.683954400148544,8.690965599851456,0.0035055998514561537,0.0,0.3025,0.09064127500000001,0.0017090374538743748,0.09038504388786091,0.0908975061121391,0.0002562311121390992,0.0,94.22222222222223,26.116673333333335,113.16458609872099,26.050739042258293,26.182607624408377,0.06593429107504178,0.0,848.0,235.05006,9166.3314739964,234.45665138032462,235.6434686196754,0.5934086196753867,0.0,1.0,0.44629,0.1566252359,0.44383705991464645,0.4487429400853536,0.002452940085353572,0.26531,0.2625754537391691,0.2680581642732356
T-lidbetter-W-20-HS-greedy-D-9-C-5-H-3-RUNS-100000.csv,lidbetter,20,greedy,9,5,3,100000,2.0,134.0,46.61347,393.8671845591,46.49046267598219,46.73647732401781,0.12300732401781289,5.0,9.0,8.79554,0.20513610840000002,8.792732775616326,8.798347224383676,0.0028072243836749777,0.0,0.3025,0.10251720000000002,0.00183757757916,0.10225150773387055,0.10278289226612948,0.0002656922661294636,0.0,85.55555555555556,28.61895111111111,124.49511754674567,28.54979473442988,28.688107487792337,0.06915637668122798,0.0,770.0,257.57056,10084.104521286401,256.94815260986894,258.19296739013106,0.622407390131059,0.0,1.0,0.44888666666666666,0.11839187159999998,0.4467540292996055,0.4510193040337278,0.002132637367061152,0.18457,0.18216968893303806,0.18698862015956466
T-lidbetter-W-20-HS-greedy-D-9-C-5-H-4-RUNS-100000.csv,lidbetter,20,greedy,9,5,4,100000,2.0,149.0,50.92578,427.4438713916,50.79763678416951,51.053923215830494,0.12814321583049093,6.0,9.0,8.83783,0.1609108911,8.835343727128311,8.84031627287169,0.0024862728716890103,0.0,0.335,0.11112352500000001,0.0019557628790743747,0.11084942175893468,0.11139762824106535,0.0002741032410653321,0.0,88.11111111111111,30.316372222222224,132.54858923429012,30.245014064986876,30.387730379457572,0.07135815723534833,0.0,793.0,272.84735,10736.4357279775,272.2051265848819,273.4895734151181,0.6422234151181101,0.0,1.0,0.48243,0.09533879509999998,0.4805162248949886,0.4843437751050115,0.0019137751050114504,0.15026,0.1480504765387657,0.15248982884972004
T-lidbetter-W-20-HS-greedy-D-9-C-5-H-5-RUNS-100000.csv,lidbetter,20,greedy,9,5,5,100000,2.0,157.0,55.30555,500.27908919749996,55.16691839649412,55.444181603505875,0.13863160350587833,6.0,9.0,8.85671,0.14109797590000003,8.854381820487554,8.859038179512446,0.002328179512446127,0.0,0.315,0.1198876,0.00224327586624,0.11959403963878365,0.12018116036121634,0.00029356036121634677,0.0,99.22222222222223,31.90517666666667,165.84064865891236,31.825358533646153,31.984994799687186,0.07981813302051677,0.0,893.0,287.14659,13433.092541371898,286.42822680281535,287.86495319718466,0.718363197184658,0.0,1.0,0.539586,0.086340948604,0.5377647713263922,0.5414072286736078,0.0018212286736077887,0.13436,0.1322518848492915,0.13648934669121876
T-lidbetter-W-20-HS-random-D-1-C-5-H-1-RUNS-100000.csv,lidbetter,20,random,1,5,1,100000,1.0,126.0,24.37186,162.3392401404,24.292888965758113,24.45083103424189,0.07897103424188856,0.0,1.0,0.91178,0.08043723160000002,0.9100221386035453,0.9135378613964548,0.0017578613964547296,0.0,0.275,0.055102624999999995,0.0008541107806093751,0.05492148549644572,0.055283764503554274,0.00018113950355427844,0.0,124.0,22.5483,165.25804710999998,22.468622191685654,22.62797780831435,0.07967780831434723,0.0,124.0,22.5483,165.25804710999998,22.468622191685654,22.62797780831435,0.07967780831434723,0.0,1.0,0.08822,0.08043723160000002,0.08646213860354533,0.08997786139645468,0.001757861396454674,0.08822,0.0864691312006758,0.08999479464967014
T-lidbetter-W-20-HS-random-D-1-C-5-H-2-RUNS-100000.csv,lidbetter,20,random,1,5,2,100000,2.0,131.0,28.40403,204.6345697591,28.315366356764084,28.492693643235913,0.08866364323591469,0.0,1.0,0.96544,0.03336560639999999,0.964307845798726,0.966572154201274,0.0011321542012739938,0.0,0.305,0.0636737,0.00103693730331,0.06347411296774601,0.06387328703225399,0.00019958703225399221,0.0,131.0,26.47315,207.96857907749995,26.38376699863038,26.56253300136962,0.08938300136961885,0.0,131.0,26.47315,207.96857907749995,26.38376699863038,26.56253300136962,0.08938300136961885,0.0,1.0,0.11664,0.061995110400000004,0.11509675531391603,0.11818324468608396,0.0015432446860839666,0.03456,0.033436382577532904,0.035710717090962754
T-lidbetter-W-20-HS-random-D-1-C-5-H-3-RUNS-100000.csv,lidbetter,20,random,1,5,3,100000,2.0,137.0,30.34165,247.92548527749997,30.244057451911427,30.439242548088576,0.0975925480885742,0.0,1.0,0.97723,0.022251527099999995,0.9763054381226367,0.9781545618773634,0.0009245618773633391,0.0,0.28,0.0677061,0.00122545527279,0.06748912744468598,0.06792307255531403,0.0002169725553140267,0.0,137.0,28.38719,250.92869390389998,28.289008144726164,28.485371855273836,0.09818185527383605,0.0,137.0,28.38719,250.92869390389998,28.289008144726164,28.485371855273836,0.09818185527383605,0.0,1.0,0.14682,0.055821665377777774,0.1453556076013743,0.1482843923986257,0.0014643923986256968,0.02277,0.02185431617420695,0.023713506108791412
T-lidbetter-W-20-HS-random-D-1-C-5-H-4-RUNS-100000.csv,lidbetter,20,random,1,5,4,100000,2.0,137.0,32.02257,304.7662405951,31.9143669506035,32.1307730493965,0.10820304939650072,0.0,1.0,0.9823,0.017386710000000003,0.9814827314692465,0.9831172685307534,0.0008172685307534788,0.0,0.3,0.070945,0.001457830975,0.07070834828389466,0.07118165171610533,0.0002366517161053322,0.0,135.0,30.05797,307.42466947910003,29.94929605600831,30.16664394399169,0.10867394399168973,0.0,135.0,30.05797,307.42466947910003,29.94929605600831,30.16664394399169,0.10867394399168973,0.0,1.0,0.1741925,0.05578634794375001,0.17272857092295865,0.17565642907704135,0.0014639290770413482,0.0177,0.016891757562617,0.0185363864350279
T-lidbetter-W-20-HS-random-D-1-C-5-H-5-RUNS-100000.csv,lidbetter,20,random,1,5,5,100000,2.0,144.0,33.4013,359.85969831,33.283722918175876,33.51887708182412,0.1175770818241233,0.0,1.0,0.98525,0.014532437500000005,0.9845028198885141,0.9859971801114858,0.00074718011148589,0.0,0.2875,0.07373905,0.0016867316300975,0.07348449650404713,0.07399360349595287,0.0002545534959528667,0.0,142.0,31.4308,362.25387136,31.31283244207764,31.548767557922364,0.11796755792236269,0.0,142.0,31.4308,362.25387136,31.31283244207764,31.548767557922364,0.11796755792236269,0.0,1.0,0.19401400000000002,0.05809896780400001,0.19252003549334049,0.19550796450665955,0.0014939645066595342,0.01475,0.014011932929602892,0.015516404450815072
T-lidbetter-W-20-HS-random-D-10-C-5-H-1-RUNS-100000.csv,lidbetter,20,random,10,5,1,100000,1.0,149.0,35.30448,378.28211192960003,35.18393089958076,35.42502910041924,0.12054910041923961,0.0,10.0,9.12874,2.4574060124,9.11902384287013,9.138456157129871,0.00971615712987095,0.0,0.2925,0.079800525,0.0017744433972243753,0.07953943685866116,0.08006161314133883,0.00026108814133883607,0.0,91.1,22.488058000000002,98.140127588636,22.426656443493307,22.549459556506697,0.06140155650669499,0.0,911.0,224.88058,9814.012758863599,224.26656443493303,225.494595565067,0.6140155650669783,0.0,1.0,0.41473,0.2427290271,0.411676366376745,0.417783633623255,0.003053633623255003,0.41473,0.41167393229618815,0.41779101429987114
T-lidbetter-W-20-HS-random-D-10-C-5-H-2-RUNS-100000.csv,lidbetter,20,random,10,5,2,100000,2.0,135.0,42.40207,393.3688097151,42.2791405234941,42.524999476505904,0.12292947650590236,1.0,10.0,9.65581,0.5253032438999999,9.651317779010594,9.660302220989408,0.0044922209894071585,0.0,0.285,0.094127,0.001847349371,0.09386060222704322,0.09439339777295679,0.00026639777295678346,0.0,78.6,25.406607,106.18132484755098,25.34273946696996,25.470474533030043,0.06386753303004156,0.0,786.0,254.06607,10618.1324847551,253.42739466969957,254.70474533030043,0.6386753303004298,0.0,1.0,0.42129,0.1602097359,0.4188091499008738,0.4237708500991262,0.002480850099126186,0.2541,0.2514038586311452,0.25681041033334795
T-lidbetter-W-20-HS-random-D-10-C-5-H-3-RUNS-100000.csv,lidbetter,20,random,10,5,3,100000,2.0,136.0,47.54,405.91556,47.415125454343325,47.66487454565667,0.12487454565667377,3.0,10.0,9.77313,0.25904000309999997,9.769975434933452,9.776284565066549,0.0031545650665485425,0.0,0.3125,0.10439169999999998,0.00187514609611,0.1041233054910618,0.10466009450893815,0.0002683945089381745,0.0,86.2,28.242322,113.59735104831599,28.17626175599597,28.308382244004033,0.06606024400403143,0.0,862.0,282.42322,11359.7351048316,281.7626175599597,283.0838224400403,0.660602440040293,0.0,1.0,0.45750666666666673,0.12083653884444444,0.4553521234491266,0.45966120988420683,0.002154543217540106,0.1944,0.19195112405998577,0.1968666134925511
T-lidbetter-W-20-HS-random-D-10-C-5-H-4-RUNS-100000.csv,lidbetter,20,random,10,5,4,100000,2.0,152.0,51.4942,429.29878636,51.36577904307783,51.62262095692217,0.12842095692217015,6.0,10.0,9.82126,0.18165201239999998,9.81861834451369,9.823901655486312,0.002641655486311123,0.0,0.3025,0.1121673,0.00195993368571,0.11189290464203956,0.11244169535796043,0.0002743953579604358,0.0,89.1,29.875496000000002,131.080519553984,29.804534114179614,29.94645788582039,0.0709618858203882,0.0,891.0,298.75496,13108.0519553984,298.0453411417961,299.4645788582039,0.7096188582038963,0.0,1.0,0.5038325,0.09671718694375002,0.5019049400259314,0.5057600599740686,0.0019275599740685712,0.16297,0.16068565783449343,0.16527390773406256
T-lidbetter-W-20-HS-random-D-10-C-5-H-5-RUNS-100000.csv,lidbetter,20,random,10,5,5,100000,2.0,151.0,56.50477,480.31657724710004,56.368932443957775,56.64060755604223,0.13583755604222603,6.0,10.0,9.84327,0.1535857071,9.840840977866723,9.845699022133278,0.0024290221332776696,0.0,0.315,0.1221018,0.00213525231176,0.12181539494975023,0.12238820505024976,0.00028640505024976615,0.0,94.1,32.314355,148.529154233975,32.23881761859813,32.38989238140187,0.0755373814018725,0.0,941.0,323.14355,14852.9154233975,322.38817618598125,323.89892381401876,0.7553738140187534,0.0,1.0,0.5561740000000001,0.08546208172400002,0.5543620642032597,0.5579859357967404,0.0018119357967403271,0.1464,0.14421426008309213,0.14860627007251576
T-lidbetter-W-20-HS-random-D-2-C-5-H-1-RUNS-100000.csv,lidbetter,20,random,2,5,1,100000,1.0,137.0,26.69307,219.8546439751,26.60116822633405,26.784971773665948,0.0919017736659491,0.0,2.0,1.82736,0.19251543039999996,1.8246405013744724,1.8300794986255278,0.002719498625527672,0.0,0.28,0.060351674999999994,0.001113164512194375,0.06014488204097948,0.06055846795902051,0.0002067929590205131,0.0,110.5,22.54909,128.55821517189997,22.478814169204174,22.619365830795825,0.07027583079582556,0.0,221.0,45.09818,514.2328606875999,44.95762833840835,45.23873166159165,0.1405516615916511,0.0,1.0,0.1478,0.12595515999999998,0.14560029696855234,0.14999970303144763,0.0021997030314476473,0.1478,0.14560557441161512,0.15001487421752105
T-lidbetter-W-20-HS-random-D-2-C-5-H-2-RUNS-100000.csv,lidbetter,20,random,2,5,2,100000,2.0,132.0,31.36357,253.77300685510002,31.264833259972058,31.46230674002794,0.09873674002794175,0.0,2.0,1.93039,0.0717244479,1.9287300703657908,1.9320499296342093,0.0016599296342092451,0.0,0.285,0.07021725000000001,0.0012628985524375,0.06999698763192402,0.070437512368076,0.0002202623680759852,0.0,116.5,25.742965,149.171045508775,25.667264571439357,25.818665428560646,0.07570042856064418,0.0,233.0,51.48593,596.6841820351,51.334529142878715,51.63733085712129,0.15140085712128837,0.0,1.0,0.182575,0.09101886937499999,0.18070508532656968,0.1844449146734303,0.0018699146734303118,0.06613,0.06459735198442831,0.067687870720065
T-lidbetter-W-20-HS-random-D-2-C-5-H-3-RUNS-100000.csv,lidbetter,20,random,2,5,3,100000,2.0,138.0,35.34092,309.9483935536,35.23180090228216,35.450039097717834,0.10911909771783712,0.0,2.0,1.95578,0.044004591600000004,1.9544798152473954,1.9570801847526047,0.0013001847526046273,0.0,0.285,0.07836415,0.0014864326197775,0.07812518808771819,0.0786031119122818,0.00023896191228180153,0.0,115.0,28.48344,181.8008907664,28.399869293291957,28.567010706708047,0.0835707067080449,0.0,230.0,56.96688,727.2035630656,56.79973858658391,57.13402141341609,0.1671414134160898,0.0,1.0,0.22591666666666665,0.07598721527777778,0.2242081220046484,0.2276252113286849,0.001708544662018252,0.04335,0.04209608637215684,0.04463048562067503
T-lidbetter-W-20-HS-random-D-2-C-5-H-4-RUNS-100000.csv,lidbetter,20,random,2,5,4,100000,2.0,142.0,37.61002,360.3990355996,37.49235484223614,37.72768515776386,0.11766515776385944,0.0,2.0,1.96441,0.034943351899999996,1.9632513871196167,1.9655686128803833,0.001158612880383325,0.0,0.31,0.08298885,0.0017007685256775003,0.08273323950787884,0.08324446049212117,0.0002556104921211666,0.0,115.0,29.724285,208.06914373877504,29.63488039035447,29.813689609645525,0.08940460964552699,0.0,230.0,59.44857,832.2765749551002,59.26976078070894,59.62737921929105,0.17880921929105398,0.0,1.0,0.26548,0.07101536959999999,0.26382829589860846,0.26713170410139153,0.001651704101391538,0.03528,0.03414505594230725,0.03644200025392521
T-lidbetter-W-20-HS-random-D-2-C-5-H-5-RUNS-100000.csv,lidbetter,20,random,2,5,5,100000,2.0,139.0,40.18856,434.6932651264,40.05933470652734,40.31778529347267,0.12922529347266476,0.0,2.0,1.96907,0.030553335100000002,1.9679866086020272,1.970153391397973,0.001083391397972866,0.0,0.3075,0.08828227500000001,0.002011181858324375,0.08800431535856013,0.08856023464143989,0.0002779596414398816,0.0,123.5,31.392295,251.88340213297502,31.29392654582723,31.490663454172772,0.09836845417277118,0.0,247.0,62.78459,1007.5336085319001,62.58785309165446,62.981326908345544,0.19673690834554236,0.0,1.0,0.30005200000000004,0.072143197296,0.29838723182775406,0.301716768172246,0.0016647681722459784,0.03064,0.029580473528974735,0.031726863866434994
T-lidbetter-W-20-HS-random-D-3-C-5-H-1-RUNS-100000.csv,lidbetter,20,random,3,5,1,100000,1.0,134.0,28.39834,259.8578852444,28.298426534843653,28.49825346515635,0.09991346515634802,0.0,3.0,2.73902,0.34968943960000004,2.7353548029368566,2.7426851970631434,0.0036651970631433883,0.0,0.3025,0.06416012500000001,0.001282880547484375,0.06393812693894506,0.06438212306105497,0.0002219980610549538,0.0,101.66666666666667,22.555526666666665,116.2393767892889,22.488702629833075,22.622350703500256,0.06682403683359084,0.0,305.0,67.66658,1046.1543911036,67.46610788949921,67.86705211050078,0.20047211050078317,0.0,1.0,0.19608,0.15763263359999996,0.19361918402712078,0.19854081597287923,0.0024608159728792267,0.19608,0.19362306975944713,0.198554570128617
T-lidbetter-W-20-HS-random-D-3-C-5-H-2-RUNS-100000.csv,lidbetter,20,random,3,5,2,100000,2.0,149.0,33.72677,292.9549353671,33.6206843893025,33.83285561069751,0.10608561069750522,0.0,3.0,2.89703,0.1120271791,2.894955479305404,2.899104520694596,0.002074520694595794,0.0,0.3125,0.075213575,0.001423641823219375,0.07497971473342871,0.0754474352665713,0.00023386026657129522,0.0,114.0,25.68117333333333,132.25920288995556,25.609893114911802,25.752453551754858,0.07128021842152776,0.0,342.0,77.04352,1190.3328260095998,76.82967934473542,77.25736065526458,0.21384065526457618,0.0,1.0,0.22805,0.10901319749999999,0.22600357604706162,0.2300964239529384,0.0020464239529383865,0.09399,0.09218813970665349,0.09581544840103538
T-lidbetter-W-20-HS-random-D-3-C-5-H-3-RUNS-100000.csv,lidbetter,20,random,3,5,3,100000,2.0,139.0,37.8348,329.70668896,37.72225662097179,37.94734337902821,0.11254337902821021,0.0,3.0,2.93207,0.0686955151,2.93044549795073,2.9336945020492697,0.0016245020492697826,0.0,0.2875,0.08383674999999999,0.0015746942244375,0.08359079583084242,0.08408270416915756,0.0002459541691575695,0.0,98.33333333333333,28.015603333333335,152.96241320265557,27.93894693069407,28.0922597359726,0.07665640263926576,0.0,295.0,84.04681,1376.6617188239,83.8168407920822,84.27677920791778,0.22996920791779019,0.0,1.0,0.27709,0.08820002078888887,0.27524926862399046,0.27893073137600954,0.0018407313760095412,0.06535,0.06382584579458496,0.06689942285194096
T-lidbetter-W-20-HS-random-D-3-C-5-H-4-RUNS-100000.csv,lidbetter,20,random,3,5,4,100000,2.0,134.0,41.68914,388.77004606040003,41.56693120289662,41.811348797103385,0.12220879710338295,0.0,3.0,2.94581,0.05387344389999999,2.944371388787454,2.9472486112125456,0.0014386112125457373,0.0,0.3,0.09147872500000001,0.001804320434874375,0.09121544800931124,0.09174200199068878,0.00026327699068877386,0.0,112.0,30.19621,178.97710719145556,30.113290855347714,30.279129144652288,0.082919144652287,0.0,336.0,90.58863,1610.7939647231,90.33987256604313,90.83738743395686,0.2487574339568681,0.0,1.0,0.324275,0.078841974375,0.3225346571350478,0.32601534286495215,0.0017403428649521713,0.0529,0.05152067199510599,0.054305332070971206
T-lidbetter-W-20-HS-random-D-3-C-5-H-5-RUNS-100000.csv,lidbetter,20,random,3,5,5,100000,2.0,157.0,44.23246,461.8582623484,44.099258096836515,44.36566190316349,0.13320190316348857,1.0,3.0,2.95442,0.04490246359999999,2.953106617709249,2.9557333822907506,0.0013133822907507309,0.0,0.32,0.09681432499999999,0.002136364662294375,0.09652784535872212,0.09710080464127786,0.0002864796412778703,0.0,114.33333333333333,31.2239,210.53632434555556,31.133966894660205,31.313833105339796,0.08993310533979582,0.0,343.0,93.6717,1894.82691911,93.40190068398061,93.94149931601939,0.26979931601938745,0.0,1.0,0.36561800000000005,0.07714147807600001,0.36389652765872715,0.36733947234127295,0.0017214723412729005,0.04488,0.04360498879542597,0.046181491905943714
T-lidbetter-W-20-HS-random-D-4-C-5-H-1-RUNS-100000.csv,lidbetter,20,random,4,5,1,100000,1.0,126.0,29.76094,287.6022503164,29.65582802138598,29.866051978614024,0.10511197861402266,0.0,4.0,3.64916,0.5425712944000001,3.6445945406752807,3.6537254593247197,0.004565459324719523,0.0,0.28,0.067311975,0.001412562209099375,0.06707902652967929,0.0675449234703207,0.00023294847032070964,0.0,103.75,22.559345,110.276233170975,22.494257583601005,22.624432416398996,0.0650874163989954,0.0,415.0,90.23738,1764.4197307356,89.97703033440402,90.49772966559598,0.2603496655959816,0.0,1.0,0.23895,0.18185289750000003,0.23630688424196744,0.24159311575803255,0.002643115758032555,0.23895,0.2363095329448893,0.2416056159115104
T-lidbetter-W-20-HS-random-D-4-C-5-H-2-RUNS-100000.csv,lidbetter,20,random,4,5,2,100000,2.0,151.0,35.71756,321.3871676464,35.60644560204769,35.828674397952305,0.11111439795230638,0.0,4.0,3.8604,0.16147184,3.857909397220462,3.8628906027795376,0.0024906027795377206,0.0,0.315,0.07955445,0.0015465689851975,0.07931070219152708,0.07979819780847291,0.0002437478084729161,0.0,114.75,25.845865,126.10744990177501,25.776262242903556,25.915467757096444,0.06960275709644392,0.0,459.0,103.38346,2017.7191984284002,103.10504897161422,103.66187102838578,0.2784110283857757,0.0,1.0,0.26618,0.12344320760000001,0.2640023420233743,0.26835765797662575,0.0021776579766257242,0.12241,0.12038453894894716,0.12445738926282508
T-lidbetter-W-20-HS-random-D-4-C-5-H-3-RUNS-100000.csv,lidbetter,20,random,4,5,3,100000,2.0,150.0,40.19666,353.3734248444,40.08014736768563,40.31317263231437,0.11651263231436815,0.0,4.0,3.91066,0.09207836439999999,3.9087792335480476,3.9125407664519525,0.0018807664519524536,0.0,0.32,0.08862560000000001,0.00165887464964,0.08837315727671298,0.08887804272328705,0.000252442723287033,0.0,103.75,28.2937825,137.18141371769377,28.221188001659016,28.366376998340982,0.0725944983409832,0.0,415.0,113.17513,2194.9026194831004,112.88475200663606,113.46550799336393,0.2903779933639328,0.0,1.0,0.31257666666666667,0.09643027189999999,0.31065196790444166,0.3145013654288917,0.0019246987622250078,0.08445,0.08273365801609477,0.08619048869203748
T-lidbetter-W-20-HS-random-D-4-C-5-H-4-RUNS-100000.csv,lidbetter,20,random,4,5,4,100000,2.0,143.0,44.36845,410.4091345975,44.2428861623926,44.494013837607405,0.12556383760740175,1.0,4.0,3.92851,0.07115917990000001,3.926856624345456,3.930163375654544,0.0016533756545440426,0.0,0.32,0.09722785,0.0018881553093775,0.09695852607910725,0.09749717392089276,0.0002693239208927528,0.0,106.25,30.3844375,167.18922343359372,30.30429549349015,30.46457950650985,0.08014200650984904,0.0,425.0,121.53775,2675.0275749374996,121.2171819739606,121.8583180260394,0.32056802603939616,0.0,1.0,0.365945,0.08352800697499999,0.3641536843058937,0.36773631569410636,0.0017913156941063435,0.06917,0.06760482511620394,0.070760218651562
T-lidbetter-W-20-HS-random-D-4-C-5-H-5-RUNS-100000.csv,lidbetter,20,random,4,5,5,100000,2.0,143.0,47.84867,479.41890923110003,47.71295943734174,47.98438056265826,0.13571056265826087,1.0,4.0,3.9366,0.06198044,3.9350569379199007,3.938143062080099,0.0015430620800991335,0.0,0.3025,0.10425177500000002,0.002154597096849375,0.10396407550039571,0.10453947449960432,0.00028769949960430474,0.0,115.25,31.8799075,188.40401091644375,31.79483265951607,31.96498234048393,0.0850748404839301,0.0,461.0,127.51963,3014.4641746631,127.17933063806429,127.85992936193573,0.3402993619357204,0.0,1.0,0.41314,0.0809681404,0.4113763469497641,0.4149036530502359,0.0017636530502359027,0.06211,0.060621808370374106,0.06362365125897296
T-lidbetter-W-20-HS-random-D-5-C-5-H-1-RUNS-100000.csv,lidbetter,20,random,5,5,1,100000,1.0,134.0,30.9469,312.91354039,30.837260196244145,31.056539803755854,0.10963980375585436,0.0,5.0,4.5654,0.7582228400000002,4.560002974094797,4.570797025905204,0.005397025905203634,0.0,0.2975,0.06995135,0.0015141490081775001,0.06971017050605793,0.07019252949394206,0.00024117949394206195,0.0,90.6,22.507274000000002,106.010202288924,22.44345795240121,22.571090047598794,0.06381604759879167,0.0,453.0,112.53637,2650.2550572231003,112.21728976200605,112.85545023799396,0.31908023799395835,0.0,1.0,0.27444,0.19912268640000003,0.2716742275724958,0.2772057724275042,0.0027657724275041984,0.27444,0.2716758513792797,0.2772172365244644
T-lidbetter-W-20-HS-random-D-5-C-5-H-2-RUNS-100000.csv,lidbetter,20,random,5,5,2,100000,2.0,146.0,36.91823,333.1403036671,36.80510211702823,37.031357882971776,0.11312788297177434,0.0,5.0,4.8279,0.20658159,4.8250829024934445,4.830717097506555,0.002817097506555122,0.0,0.305,0.0821833,0.00159231095111,0.0819359738641028,0.0824306261358972,0.0002473261358972023,0.0,89.8,25.588285999999997,114.20590638220399,25.522049045815955,25.65452295418404,0.06623695418404196,0.0,449.0,127.94143,2855.1476595551003,127.6102452290798,128.2726147709202,0.3311847709202027,0.0,1.0,0.2977,0.13340470999999995,0.2954361812485625,0.2999638187514375,0.0022638187514374963,0.14636,0.14417450925156533,0.1485660232336008
T-lidbetter-W-20-HS-random-D-5-C-5-H-3-RUNS-100000.csv,lidbetter,20,random,5,5,3,100000,2.0,144.0,41.69552,373.9328119296,41.57566590994427,41.815374090055734,0.11985409005573189,1.0,5.0,4.88692,0.1190329136,4.884781596761867,4.889058403238133,0.0021384032381330798,0.0,0.32,0.09173825000000001,0.0017539749869374998,0.0914786720673898,0.09199782793261022,0.00025957793261020823,0.0,94.0,28.108306000000002,139.52640541036402,28.03509366230857,28.181518337691436,0.07321233769143376,0.0,470.0,140.54153,3488.1601352591,140.17546831154283,140.90759168845716,0.36606168845716525,0.0,1.0,0.3458766666666667,0.10331933145555557,0.34388440276918814,0.3478689305641453,0.0019922638974785856,0.10478,0.10288823663490773,0.10669472065248034
T-lidbetter-W-20-HS-random-D-5-C-5-H-4-RUNS-100000.csv,lidbetter,20,random,5,5,4,100000,2.0,135.0,46.15835,417.0189352775,46.03177907356893,46.28492092643107,0.12657092643107148,1.0,5.0,4.91092,0.0884647536,4.909076508211491,4.912763491788509,0.0018434917885086222,0.0,0.3125,0.10102895,0.0019096591368974998,0.10075809678254993,0.10129980321745008,0.0002708532174500733,0.0,100.2,30.468348,152.285616550896,30.391861372113688,30.54483462788631,0.076486627886311,0.0,501.0,152.34174,3807.1404137723994,151.95930686056843,152.72417313943154,0.382433139431555,0.0,1.0,0.394445,0.087855641975,0.3926078657256173,0.3962821342743827,0.0018371342743827013,0.08557,0.08384329648775876,0.0873207845910364
T-lidbetter-W-20-HS-random-D-5-C-5-H-5-RUNS-100000.csv,lidbetter,20,random,5,5,5,100000,2.0,138.0,49.45181,483.75759772390006,49.3154867375898,49.5881332624102,0.1363232624102011,2.0,5.0,4.92167,0.07709441109999998,4.919949052907025,4.923390947092974,0.0017209470929744342,0.0,0.31,0.10768682499999999,0.0021947546589193754,0.10739645679413536,0.10797719320586462,0.0002903682058646301,0.0,102.4,31.415246,175.32118715948403,31.333178109044287,31.497313890955713,0.0820678909557131,0.0,512.0,157.07623,4383.0296789871,156.66589054522146,157.48656945477856,0.41033945477855127,0.0,1.0,0.44677,0.0831801671,0.4449824180300435,0.4485575819699565,0.0017875819699564865,0.07592,0.07428566469989574,0.07757898235984573
T-lidbetter-W-20-HS-random-D-6-C-5-H-1-RUNS-100000.csv,lidbetter,20,random,6,5,1,100000,1.0,141.0,32.14566,333.5324831644,32.03246554839903,32.25885445160097,0.1131944516009682,0.0,6.0,5.47342,1.0388735035999999,5.467102614107536,5.479737385892464,0.006317385892463889,0.0,0.275,0.07267625,0.0016015248109374999,0.07242820932362418,0.07292429067637582,0.0002480406763758214,0.0,91.16666666666667,22.60779166666667,104.24287123437502,22.544509804009667,22.671073529323674,0.06328186265700353,0.0,547.0,135.64675,3752.7433644375,135.26705882405798,136.026441175942,0.37969117594201407,0.0,1.0,0.30876,0.21342726240000004,0.30589660660887147,0.3116233933911285,0.0028633933911285103,0.30876,0.30589723864852914,0.3116338569662205
T-lidbetter-W-20-HS-random-D-6-C-5-H-2-RUNS-100000.csv,lidbetter,20,random,6,5,2,100000,2.0,140.0,38.67366,358.2282622044,38.556349740769,38.790970259230996,0.11731025923099736,0.0,6.0,5.79232,0.26168901759999996,5.789149346234588,5.7954906537654125,0.003170653765412368,0.0,0.2775,0.08604564999999999,0.0017108347410775002,0.08578928419219163,0.08630201580780834,0.0002563658078083564,0.0,81.33333333333333,25.96274166666667,114.37955042770832,25.89645437671429,26.02902895661905,0.0662872899523812,0.0,488.0,155.77645,4117.6638153975,155.37872626028573,156.1741737397143,0.3977237397142801,0.0,1.0,0.32736,0.1422054304,0.325022701599229,0.32969729840077094,0.0023372984007709596,0.17138,0.1690489152165762,0.1737301610314261
T-lidbetter-W-20-HS-random-D-6-C-5-H-3-RUNS-100000.csv,lidbetter,20,random,6,5,3,100000,2.0,139.0,42.92013,388.6851907831,42.79793454063623,43.042325459363774,0.1221954593637733,1.0,6.0,5.86554,0.14138050840000005,5.8632094906971455,5.867870509302855,0.002330509302854722,0.0,0.285,0.094457625,0.001813939391859375,0.09419364716820788,0.09472160283179212,0.00026397783179211987,0.0,97.0,27.88932666666667,134.77432974662221,27.81737188467446,27.961281448658877,0.07195478199220773,0.0,582.0,167.33596,4851.8758708784,166.90423130804675,167.76768869195325,0.4317286919532535,0.0,1.0,0.37102333333333337,0.10873835278888888,0.36897949073647374,0.373067175930193,0.002043842596859635,0.12359,0.12155610982091837,0.12564574957102667
T-lidbetter-W-20-HS-random-D-6-C-5-H-4-RUNS-100000.csv,lidbetter,20,random,6,5,4,100000,2.0,136.0,46.87047,420.89637197909997,46.74331200762064,46.99762799237936,0.12715799237935954,1.0,6.0,5.89186,0.10790574040000002,5.889823997317486,5.8938960026825145,0.0020360026825141375,0.0,0.2975,0.102415475,0.001936449668024375,0.10214272850516126,0.10268822149483875,0.0002727464948387437,0.0,100.83333333333333,29.46490666666667,141.35571123573334,29.39121595488539,29.538597378447953,0.07369071178128195,0.0,605.0,176.78944,5088.8056044864,176.34729572931232,177.2315842706877,0.4421442706876917,0.0,1.0,0.42376,0.09128371240000001,0.4218873668016511,0.42563263319834893,0.0018726331983489053,0.1028,0.1009242366187652,0.10469883636039129
T-lidbetter-W-20-HS-random-D-6-C-5-H-5-RUNS-100000.csv,lidbetter,20,random,6,5,5,100000,2.0,145.0,51.14544,475.44988720640004,51.01029236640281,51.28058763359719,0.1351476335971924,3.0,6.0,5.90536,0.0935232704,5.90346453436969,5.90725546563031,0.001895465630309623,0.0,0.3075,0.111231725,0.002145882791024375,0.11094460789270753,0.11151884210729247,0.00028711710729247,0.0,108.5,31.565501666666666,154.9364870316639,31.488352200785116,31.642651132548217,0.07714946588155058,0.0,651.0,189.39301,5577.7135331399,188.9301132047107,189.85590679528931,0.4628967952893106,0.0,1.0,0.47545,0.08450849750000002,0.4736482013320129,0.47725179866798706,0.0018017986679870757,0.09076,0.08898641705178904,0.09255736008185217
T-lidbetter-W-20-HS-random-D-7-C-5-H-1-RUNS-100000.csv,lidbetter,20,random,7,5,1,100000,1.0,131.0,33.03807,346.65114067509995,32.922670908928296,33.1534690910717,0.11539909107170132,0.0,7.0,6.3827,1.34848071,6.375502553580931,6.389897446419068,0.007197446419068498,0.0,0.285,0.07468745,0.0016557630624975002,0.07443524414398373,0.07493965585601628,0.0002522058560162771,0.0,94.28571428571429,22.592861428571428,102.78942206120612,22.530022281235524,22.655700575907332,0.06283914733590379,0.0,660.0,158.15003,5036.6816809991005,157.71015596864868,158.5899040313513,0.43987403135130876,0.0,1.0,0.33951,0.22424295989999998,0.33657495016268574,0.3424450498373142,0.002935049837314241,0.33951,0.3365746930734831,0.3424546179225216
T-lidbetter-W-20-HS-random-D-7-C-5-H-2-RUNS-100000.csv,lidbetter,20,random,7,5,2,100000,2.0,144.0,39.76655,374.80969109750004,39.64655546223598,39.886544537764024,0.11999453776402191,0.0,7.0,6.75803,0.32300051909999994,6.754507445821319,6.761552554178681,0.00352255417868097,0.0,0.3225,0.0883842,0.00177395969036,0.08812314744692903,0.08864525255307096,0.00026105255307096176,0.0,86.0,25.79808285714286,114.23996661027753,25.731836026597538,25.86432968768818,0.06624683054532099,0.0,602.0,180.58658,5597.7583639036,180.12285218618274,181.05030781381726,0.4637278138172576,0.0,1.0,0.35508,0.1481881936,0.3526940415667205,0.3574659584332795,0.002385958433279489,0.19346,0.19101566137536788,0.19592213082495172
T-lidbetter-W-20-HS-random-D-7-C-5-H-3-RUNS-100000.csv,lidbetter,20,random,7,5,3,100000,2.0,147.0,44.62348,393.5278726896,44.500525672067866,44.746434327932135,0.12295432793213479,1.0,7.0,6.84378,0.1695153116,6.841228118300072,6.8463318816999275,0.002551881699927705,0.0,0.325,0.098317325,0.0018430661673443749,0.0980512362368312,0.0985834137631688,0.0002660887631688036,0.0,90.14285714285714,28.41695,127.35345290158163,28.34700423353292,28.48689576646708,0.06994576646707884,0.0,631.0,198.91865,6240.3191921775,198.42902963473045,199.40827036526957,0.489620365269559,0.0,1.0,0.3945933333333333,0.11226943462222222,0.39251657080467306,0.39667009586199353,0.0020767625286602365,0.14034,0.13819266020440302,0.14250822291446177
T-lidbetter-W-20-HS-random-D-7-C-5-H-4-RUNS-100000.csv,lidbetter,20,random,7,5,4,100000,2.0,143.0,48.6179,433.24707959,48.48888984609911,48.746910153900885,0.12901015390088588,3.0,7.0,6.87615,0.12567117749999998,6.87395277812799,6.87834722187201,0.0021972218720103243,0.0,0.32,0.10644362499999999,0.001996835884359375,0.10616665849059218,0.1067205915094078,0.0002769665094078111,0.0,94.28571428571429,30.081388571428572,146.94843467595103,30.006254217990804,30.15652292486634,0.0751343534377682,0.0,660.0,210.56972,7200.473299121599,210.0437795259356,211.09566047406437,0.5259404740643845,0.0,1.0,0.4461925,0.09289912794374999,0.4443033698035638,0.4480816301964362,0.0018891301964362173,0.11586,0.1138824636126613,0.11785984672755295
T-lidbetter-W-20-HS-random-D-7-C-5-H-5-RUNS-100000.csv,lidbetter,20,random,7,5,5,100000,2.0,147.0,52.55187,489.1359095031,52.41479102604896,52.68894897395104,0.1370789739510414,4.0,7.0,6.88942,0.1082520636,6.887380732662142,6.891459267337859,0.002039267337858419,0.0,0.325,0.1140676,0.00219504163024,0.1137772128114615,0.11435798718853851,0.0002903871885385073,0.0,110.42857142857143,31.510192857142858,158.377121819949,31.43219147566897,31.588194238616747,0.07800138147388935,0.0,773.0,220.57135,7760.478969177501,220.02534032968276,221.11735967031723,0.5460096703172326,0.0,1.0,0.4993060000000001,0.085750718364,0.4974910069981757,0.5011209930018244,0.001814993001824361,0.10572,0.1038207150343631,0.10764218733791758
T-lidbetter-W-20-HS-random-D-8-C-5-H-1-RUNS-100000.csv,lidbetter,20,random,8,5,1,100000,1.0,148.0,33.84752,362.6152698496,33.729493612244795,33.96554638775521,0.1180263877552079,0.0,8.0,7.2997,1.6866599100000004,7.2916504828031385,7.307749517196861,0.008049517196861089,0.0,0.2925,0.07646395,0.0017175717253975,0.0762070799250538,0.07672082007494621,0.0002568700749462083,0.0,80.5,22.482695,100.836136161975,22.4204557759785,22.5449342240215,0.06223922402149995,0.0,644.0,179.86156,6453.5127143664,179.363646207828,180.359473792172,0.4979137921719996,0.0,1.0,0.36588,0.23201182559999994,0.3628945408573806,0.36886545914261937,0.0029854591426193844,0.36588,0.3628935209007856,0.3688742599161147
T-lidbetter-W-20-HS-random-D-8-C-5-H-2-RUNS-100000.csv,lidbetter,20,random,8,5,2,100000,2.0,137.0,40.62403,379.0138565591,40.5033643615043,40.74469563849569,0.12066563849569434,0.0,8.0,7.72534,0.3853218844,7.7214925949639905,7.72918740503601,0.0038474050360095546,0.0,0.3075,0.090341125,0.001793257321234375,0.09007865638615724,0.09060359361384275,0.0002624686138427562,0.0,90.5,25.62528875,109.31222069787344,25.560486448572277,25.69009105142772,0.06480230142772214,0.0,724.0,205.00231,6995.9821246639,204.48389158857822,205.52072841142177,0.5184184114217771,0.0,1.0,0.37716,0.15304033440000003,0.3747352943505839,0.3795847056494161,0.0024247056494161034,0.21342,0.21088390386676203,0.21597272820382532
T-lidbetter-W-20-HS-random-D-8-C-5-H-3-RUNS-100000.csv,lidbetter,20,random,8,5,3,100000,2.0,143.0,45.55392,396.8079126335999,45.43045432553242,45.67738567446757,0.12346567446757462,2.0,8.0,7.81928,0.1991002816,7.816514383175864,7.822045616824136,0.002765616824135897,0.0,0.305,0.1003103,0.00184813521391,0.10004384557166832,0.1005767544283317,0.00026645442833168886,0.0,83.875,28.32347,121.76543184660001,28.255075988348256,28.391864011651744,0.06839401165174408,0.0,671.0,226.58776,7792.987638182401,226.04060790678605,227.13491209321396,0.5471520932139526,0.0,1.0,0.4185033333333333,0.11634051554444444,0.41638925262409926,0.4206174140425673,0.002114080709234023,0.15988,0.15761337152041283,0.16216637387310814
T-lidbetter-W-20-HS-random-D-8-C-5-H-4-RUNS-100000.csv,lidbetter,20,random,8,5,4,100000,2.0,151.0,49.0952,431.28791696,48.966481871447975,49.22391812855202,0.12871812855202336,3.0,8.0,7.85668,0.14533937759999996,7.8543170870668,7.8590429129332,0.002362912933199901,0.0,0.31,0.10709,0.0019728054,0.10681470508132841,0.1073652949186716,0.0002752949186715925,0.0,105.5,29.43035875,139.71367744004843,29.35709729606591,29.50362020393409,0.07326145393409078,0.0,844.0,235.44287,8941.6753561631,234.85677836852727,236.02896163147273,0.5860916314727262,0.0,1.0,0.46645,0.09489564749999997,0.46454067781808306,0.4683593221819169,0.001909322181916917,0.13295,0.1308513341511869,0.13506997956097644
T-lidbetter-W-20-HS-random-D-8-C-5-H-5-RUNS-100000.csv,lidbetter,20,random,8,5,5,100000,2.0,145.0,53.39315,496.9373230775,53.25498218825158,53.531317811748416,0.13816781174841708,5.0,8.0,7.87334,0.1251372444,7.871147450711872,7.875532549288128,0.002192549288127843,0.0,0.32,0.11580982500000002,0.002234473620969375,0.11551684114613917,0.11610280885386087,0.0002929838538608537,0.0,100.125,31.24512625,160.44443015281092,31.16661744012015,31.323635059879848,0.07850880987984965,0.0,801.0,249.96101,10268.4435297799,249.3329395209612,250.58908047903878,0.6280704790387972,0.0,1.0,0.5197740000000001,0.08627858892399999,0.5179534291356543,0.5215945708643458,0.0018205708643457275,0.11962,0.11761471396049841,0.12164737699447535
T-lidbetter-W-20-HS-random-D-9-C-5-H-1-RUNS-100000.csv,lidbetter,20,random,9,5,1,100000,1.0,138.0,34.73991,370.21826319189995,34.62065269498777,34.859167305012235,0.11925730501223342,0.0,9.0,8.21562,2.0527480155999998,8.206739776592489,8.22450022340751,0.008880223407510712,0.0,0.295,0.078488525,0.0017388816308243752,0.07823006634425454,0.07874698365574546,0.000258458655745461,0.0,84.66666666666667,22.575804444444444,98.97184331583209,22.514143254601716,22.63746563428717,0.06166118984272728,0.0,762.0,203.18224,8016.7193085824,202.62728929141545,203.73719070858456,0.5549507085845562,0.0,1.0,0.3896,0.23781184000000005,0.386577454773632,0.392622545226368,0.003022545226368023,0.3896,0.38657574831305214,0.39263065624146737
T-lidbetter-W-20-HS-random-D-9-C-5-H-2-RUNS-100000.csv,lidbetter,20,random,9,5,2,100000,2.0,145.0,42.15678,395.4062200316,42.033532584819255,42.28002741518074,0.12324741518074234,1.0,9.0,8.68846,0.4450828284,8.684324990697009,8.69259500930299,0.004135009302990156,0.0,0.3125,0.09348780000000001,0.0018493687511600002,0.09322125666404024,0.09375434333595978,0.000266543335959768,0.0,101.0,25.91279333333333,111.53504635531358,25.847335481697442,25.978251184969217,0.06545785163588747,0.0,909.0,233.21514,9034.3387547804,232.62601933527702,233.80426066472296,0.5891206647229694,0.0,1.0,0.403615,0.15784243177499999,0.4011525469833785,0.4060774530166215,0.002462453016621513,0.23788,0.2352436350779384,0.24053157592958485
T-lidbetter-W-20-HS-random-D-9-C-5-H-3-RUNS-100000.csv,lidbetter,20,random,9,5,3,100000,2.0,142.0,46.51339,405.9030807079,46.388517373902545,46.63826262609746,0.12487262609745642,3.0,9.0,8.79675,0.22529943749999998,8.793808044325452,8.799691955674547,0.0029419556745473585,0.0,0.3025,0.1021908,0.0018811256453599998,0.10192197789750068,0.10245962210249931,0.0002688221024993165,0.0,104.11111111111111,28.10009,124.44988433757901,28.0309461878639,28.169233812136103,0.06914381213610099,0.0,937.0,252.90081,10080.440631343901,252.2785156907751,253.52310430922492,0.6222943092249125,0.0,1.0,0.43953666666666663,0.11888196309999997,0.4373996197569219,0.4416737135764114,0.0021370469097447553,0.17797,0.17560372593717233,0.18035496698437858
T-lidbetter-W-20-HS-random-D-9-C-5-H-4-RUNS-100000.csv,lidbetter,20,random,9,5,4,100000,2.0,150.0,50.76134,440.1539014044,50.63130557272648,50.89137442727351,0.13003442727351455,4.0,9.0,8.83956,0.1623990064,8.837062256972814,8.842057743027187,0.0024977430271864165,0.0,0.32,0.110654025,0.002009519563799375,0.1103761802527707,0.11093186974722931,0.0002778447472293055,0.0,94.0,30.03663888888889,136.29904215972223,29.964278236572817,30.108999541204966,0.07236065231607469,0.0,846.0,270.32975,11040.222414937502,269.67850412915533,270.98099587084465,0.6512458708446616,0.0,1.0,0.48507,0.0962270951,0.48314732995931137,0.48699267004068864,0.0019226700406886343,0.14793,0.14573477134451385,0.1501456697148426
T-lidbetter-W-20-HS-random-D-9-C-5-H-5-RUNS-100000.csv,lidbetter,20,random,9,5,5,100000,2.0,161.0,54.45073,487.23631246710005,54.3139174633678,54.5875425366322,0.13681253663219906,6.0,9.0,8.85801,0.1397888399,8.855692646320994,8.860327353679006,0.0023173536790057625,0.0,0.32,0.11820209999999999,0.0021787029305900003,0.11791279557248194,0.11849140442751804,0.00028930442751805285,0.0,93.66666666666667,31.21777888888889,151.50225470123334,31.141489239416615,31.294068538361167,0.07628964947227601,0.0,843.0,280.96001,12271.6826307999,280.27340315474953,281.6466168452505,0.6866068452504805,0.0,1.0,0.538984,0.086091447744,0.5371654046473904,0.5408025953526097,0.0018185953526096421,0.13329,0.1311890484344927,0.13541224546255032
T-lidbetter-W-20-HS-weighted-D-1-C-5-H-1-RUNS-100000.csv,lidbetter,20,weighted,1,5,1,100000,1.0,122.0,23.99543,160.13706911510002,23.91699642525598,24.073863574744017,0.07843357474401813,0.0,1.0,0.91378,0.07878611160000003,0.9120402737964768,0.9155197262035233,0.0017397262035232508,0.0,0.28,0.05424252499999999,0.000829469419124375,0.05406401758501372,0.05442103241498627,0.00017850741498627587,0.0,122.0,22.16787,160.7204696631,22.089293683195397,22.246446316804604,0.07857631680460386,0.0,122.0,22.16787,160.7204696631,22.089293683195397,22.246446316804604,0.07857631680460386,0.0,1.0,0.08622,0.07878611160000003,0.0844802737964767,0.08795972620352331,0.0017397262035233063,0.08622,0.08448732392676844,0.08797671907005757
T-lidbetter-W-20-HS-weighted-D-1-C-5-H-2-RUNS-100000.csv,lidbetter,20,weighted,1,5,2,100000,2.0,132.0,27.50274,199.7954924924,27.415130961427554,27.590349038572445,0.08760903857244529,0.0,1.0,0.9668,0.03209776000000001,0.965689564253025,0.967910435746975,0.0011104357469750026,0.0,0.29,0.0616033,0.00101613780411,0.06140572482473071,0.06180087517526929,0.00019757517526929058,0.0,130.0,25.56914,202.6365196604,25.480910274060985,25.657369725939017,0.08822972593901568,0.0,130.0,25.56914,202.6365196604,25.480910274060985,25.657369725939017,0.08822972593901568,0.0,1.0,0.100985,0.056894529775,0.0995066021320915,0.1024633978679085,0.0014783978679085014,0.0332,0.03209814028554405,0.034329041649513205
T-lidbetter-W-20-HS-weighted-D-1-C-5-H-3-RUNS-100000.csv,lidbetter,20,weighted,1,5,3,100000,2.0,123.0,29.93706,249.8724585564,29.839085001312053,30.035034998687944,0.09797499868794546,0.0,1.0,0.97721,0.022270615899999992,0.9762850416331453,0.9781349583668547,0.000924958366854689,0.0,0.265,0.06672125,0.0012368884234375,0.06650326764824928,0.06693923235175071,0.00021798235175071734,0.0,121.0,27.98264,252.8060386304,27.884091551102895,28.081188448897105,0.09854844889710535,0.0,121.0,27.98264,252.8060386304,27.884091551102895,28.081188448897105,0.09854844889710535,0.0,1.0,0.13527666666666666,0.05303911234444444,0.13384923872108614,0.13670409461224717,0.0014274279455805117,0.02279,0.021873919103086836,0.023733901929551982
T-lidbetter-W-20-HS-weighted-D-1-C-5-H-4-RUNS-100000.csv,lidbetter,20,weighted,1,5,4,100000,2.0,138.0,31.87202,298.9564611196,31.76485325417663,31.97918674582337,0.10716674582337049,0.0,1.0,0.98179,0.017878395899999996,0.9809612560969188,0.9826187439030813,0.0008287439030812971,0.0,0.295,0.07064775,0.0014364190449374999,0.07041284262670082,0.07088265737329917,0.00023490737329917577,0.0,138.0,29.90844,301.6980967664,29.800782979395777,30.01609702060422,0.107657020604222,0.0,138.0,29.90844,301.6980967664,29.800782979395777,30.01609702060422,0.107657020604222,0.0,1.0,0.166265,0.05311594977499999,0.16483653847564717,0.16769346152435283,0.001428461524352831,0.01821,0.01739026723311689,0.019057843890047877
T-lidbetter-W-20-HS-weighted-D-1-C-5-H-5-RUNS-100000.csv,lidbetter,20,weighted,1,5,5,100000,2.0,135.0,32.75328,356.8810892416,32.636190530258666,32.87036946974133,0.11708946974133028,0.0,1.0,0.9843,0.015453509999999997,0.9835295053276238,0.9850704946723761,0.0007704946723761097,0.0,0.28,0.072404025,0.001696965851299375,0.07214870042197524,0.07265934957802475,0.0002553245780247543,0.0,133.0,30.78468,359.46283729760006,30.667167769327513,30.90219223067249,0.11751223067248873,0.0,133.0,30.78468,359.46283729760006,30.667167769327513,30.90219223067249,0.11751223067248873,0.0,1.0,0.19498600000000002,0.059148859804000004,0.19347859740008502,0.19649340259991502,0.0015074025999149976,0.0157,0.014938590276707029,0.01648968414883944
T-lidbetter-W-20-HS-weighted-D-10-C-5-H-1-RUNS-100000.csv,lidbetter,20,weighted,10,5,1,100000,1.0,147.0,29.22923,339.9965636071,29.114943920412284,29.34351607958772,0.11428607958771764,0.0,10.0,9.13292,1.2780922736,9.125912918383335,9.139927081616666,0.0070070816166651895,0.0,0.305,0.06735975000000001,0.0015684177049375,0.06711428649038427,0.06760521350961575,0.0002454635096157398,0.0,87.3,22.12723,109.99959632710002,22.062224273386864,22.192235726613138,0.06500572661313697,0.0,873.0,221.2723,10999.959632709999,220.62224273386863,221.92235726613137,0.6500572661313697,0.0,1.0,0.53299,0.24891165989999997,0.5298977208523941,0.5360822791476059,0.003092279147605903,0.53299,0.5298918582924,0.5360862279772265
T-lidbetter-W-20-HS-weighted-D-10-C-5-H-2-RUNS-100000.csv,lidbetter,20,weighted,10,5,2,100000,2.0,138.0,41.37852,372.3516026096,41.25891958542777,41.498120414572234,0.1196004145722327,2.0,10.0,9.65572,0.38319128159999993,9.651883246649321,9.65955675335068,0.003836753350679345,0.0,0.305,0.092218,0.001744405101,0.09195913117924319,0.0924768688207568,0.0002588688207568052,0.0,90.1,25.640321,108.791958916959,25.57567309288961,25.70496890711039,0.06464790711039115,0.0,901.0,256.40321,10879.1958916959,255.75673092889608,257.0496890711039,0.6464790711038972,0.0,1.0,0.459145,0.15926836897500002,0.4566714491793085,0.46161855082069153,0.0024735508206915058,0.28102,0.27823542101522974,0.2838172848698376
T-lidbetter-W-20-HS-weighted-D-10-C-5-H-3-RUNS-100000.csv,lidbetter,20,weighted,10,5,3,100000,2.0,146.0,47.21701,405.34821665989995,47.092222752690006,47.34179724731,0.12478724730999602,4.0,10.0,9.77331,0.2321216439,9.770323834386364,9.776296165613637,0.0029861656136365156,0.0,0.3025,0.10366005,0.0018766400339975,0.10339154859675219,0.10392855140324782,0.00026850140324781446,0.0,85.3,28.190033,124.19496215891101,28.120960040990727,28.259105959009272,0.06907295900927224,0.0,853.0,281.90033,12419.496215891098,281.20960040990724,282.59105959009275,0.6907295900927579,0.0,1.0,0.46089,0.12238374123333334,0.4587217071684803,0.4630582928315197,0.0021682928315197025,0.20111,0.19862936995924094,0.2036079775401457
T-lidbetter-W-20-HS-weighted-D-10-C-5-H-4-RUNS-100000.csv,lidbetter,20,weighted,10,5,4,100000,2.0,147.0,51.61326,434.11047217239997,51.48412136171162,51.74239863828837,0.12913863828837435,6.0,10.0,9.82059,0.17792205190000002,9.817975606466923,9.823204393533075,0.0026143935330757984,0.0,0.31,0.112624,0.0019859089989999997,0.11234779232431813,0.11290020767568187,0.0002762076756818721,0.0,90.2,30.012026000000002,135.422562975324,29.939898382686938,30.084153617313067,0.07212761731306472,0.0,902.0,300.12026,13542.256297532398,299.3989838268693,300.84153617313063,0.7212761731306614,0.0,1.0,0.50046,0.0961472884,0.4985381274154684,0.5023818725845317,0.001921872584531692,0.16484,0.16254508097015305,0.16715437578272022
T-lidbetter-W-20-HS-weighted-D-10-C-5-H-5-RUNS-100000.csv,lidbetter,20,weighted,10,5,5,100000,2.0,157.0,56.69877,474.3269104871,56.56378206500849,56.83375793499152,0.13498793499151418,6.0,10.0,9.84381,0.1547546839,9.841371751461253,9.846248248538746,0.0024382485387466346,0.0,0.3325,0.12277447500000001,0.0021086979759743748,0.12248985641057719,0.12305909358942282,0.0002846185894228165,0.0,104.2,32.491017,143.856192405711,32.41667737740573,32.565356622594265,0.07433962259426607,0.0,1042.0,324.91017,14385.6192405711,324.16677377405733,325.65356622594265,0.7433962259426607,0.0,1.0,0.55544,0.08541280640000001,0.553628586637274,0.5572514133627261,0.0018114133627260554,0.14525,0.14307144613495068,0.14744915099347009
T-lidbetter-W-20-HS-weighted-D-2-C-5-H-1-RUNS-100000.csv,lidbetter,20,weighted,2,5,1,100000,1.0,136.0,25.55148,207.83464980960005,25.46212578405534,25.640834215944665,0.0893542159446632,0.0,2.0,1.82875,0.1677634375,1.8262113388932353,1.831288661106765,0.002538661106764817,0.0,0.2775,0.057921925,0.001038656166794375,0.05772217261502407,0.05812167738497593,0.00019975238497593056,0.0,114.5,22.07656,131.6652485664,22.005440015544668,22.147679984455333,0.07111998445533274,0.0,229.0,44.15312,526.6609942656,44.010880031089336,44.29535996891067,0.14223996891066548,0.0,1.0,0.15833,0.1332616111,0.15606739573676315,0.16059260426323685,0.0022626042632368504,0.15833,0.15607236978135136,0.16060746582442542
T-lidbetter-W-20-HS-weighted-D-2-C-5-H-2-RUNS-100000.csv,lidbetter,20,weighted,2,5,2,100000,2.0,132.0,31.31056,252.4888324864,31.212073396907,31.409046603092996,0.09848660309299717,0.0,2.0,1.92985,0.06932897750000001,1.9282180251228527,1.9314819748771475,0.0016319748771473908,0.0,0.28,0.069958425,0.0012447943340193751,0.06973974711100414,0.07017710288899587,0.0002186778889958635,0.0,115.5,25.787875,153.252810484375,25.71114586623995,25.86460413376005,0.07672913376005042,0.0,231.0,51.57575,613.0112419375,51.4222917324799,51.7292082675201,0.15345826752010083,0.0,1.0,0.17204,0.09047223840000003,0.17017570884506353,0.17390429115493647,0.0018642911549364705,0.0681,0.06654617092271764,0.06967893580518635
T-lidbetter-W-20-HS-weighted-D-2-C-5-H-3-RUNS-100000.csv,lidbetter,20,weighted,2,5,3,100000,2.0,131.0,35.32905,304.9814960975,35.22080874560002,35.43729125439999,0.10824125439998511,0.0,2.0,1.9553,0.043801909999999986,1.9540028129762599,1.9565971870237402,0.001297187023740154,0.0,0.2725,0.078399325,0.0014690717770443752,0.07816176266841746,0.07863688733158256,0.0002375623315825498,0.0,115.0,28.527575,180.44738211937502,28.444315966667286,28.61083403333271,0.08325903333271256,0.0,230.0,57.05515,721.7895284775001,56.88863193333457,57.22166806666542,0.16651806666542512,0.0,1.0,0.21141333333333337,0.0743355136,0.20972345964265185,0.2131032070240149,0.0016898736906815204,0.04415,0.04288500272326202,0.04544152151900047
T-lidbetter-W-20-HS-weighted-D-2-C-5-H-4-RUNS-100000.csv,lidbetter,20,weighted,2,5,4,100000,2.0,140.0,37.56635,363.2974776775001,37.44821263968389,37.68448736031611,0.118137360316112,0.0,2.0,1.96414,0.0352540604,1.9629762474557164,1.9653037525442836,0.0011637525442835805,0.0,0.2925,0.08283575000000001,0.0017096843969375,0.08257947039528526,0.08309202960471476,0.00025627960471474864,0.0,118.0,29.68562,209.2436802156,29.59596340392831,29.77527659607169,0.0896565960716913,0.0,236.0,59.37124,836.9747208624,59.19192680785662,59.55055319214338,0.1793131921433826,0.0,1.0,0.257145,0.06903019897500001,0.25551654547996466,0.25877345452003536,0.0016284545200353495,0.03552,0.034381309015887915,0.03668573270093996
T-lidbetter-W-20-HS-weighted-D-2-C-5-H-5-RUNS-100000.csv,lidbetter,20,weighted,2,5,5,100000,2.0,149.0,40.37141,428.28498461190003,40.24314076764535,40.499679232354644,0.12826923235464704,0.0,2.0,1.9687,0.03066031,1.9676147136465614,1.9697852863534384,0.0010852863534385193,0.0,0.2975,0.08866539999999999,0.00196957396784,0.088390330638659,0.08894046936134098,0.0002750693613409877,0.0,135.0,31.605265,240.78729677977503,31.50908763887436,31.70144236112564,0.09617736112564046,0.0,270.0,63.21053,963.1491871191001,63.01817527774872,63.40288472225128,0.19235472225128092,0.0,1.0,0.299254,0.07243944348400001,0.29758581725794764,0.3009221827420524,0.001668182742052382,0.03113,0.030062224177931637,0.03222508339465379
T-lidbetter-W-20-HS-weighted-D-3-C-5-H-1-RUNS-100000.csv,lidbetter,20,weighted,3,5,1,100000,1.0,152.0,26.73597,246.4509181591,26.63866810653435,26.833271893465646,0.09730189346564799,0.0,3.0,2.74024,0.26928474239999994,2.7370236600515434,2.7434563399484566,0.0032163399484566035,0.0,0.3,0.06071457499999999,0.001194549070069375,0.060500355960053064,0.06092879403994692,0.0002142190399469293,0.0,106.0,22.20721,124.51820512701113,22.138047211101927,22.276372788898072,0.06916278889807259,0.0,318.0,66.62163,1120.6638461431,66.41414163330577,66.82911836669422,0.20748836669422133,0.0,1.0,0.22531,0.1745454039,0.22272053360009783,0.2278994663999022,0.0025894663999021794,0.22531,0.22272357601133336,0.22791236520588365
T-lidbetter-W-20-HS-weighted-D-3-C-5-H-2-RUNS-100000.csv,lidbetter,20,weighted,3,5,2,100000,2.0,131.0,33.53821,277.60953999590004,33.43494021696313,33.64147978303687,0.10326978303687184,0.0,3.0,2.89648,0.1036636096,2.8944844195765658,2.898475580423434,0.0019955804234341734,0.0,0.275,0.07482420000000001,0.00134178846936,0.07459716223697603,0.07505123776302398,0.0002270377630239767,0.0,110.0,25.750103333333335,131.05119498932223,25.679149385545283,25.821057281121387,0.07095394778805186,0.0,330.0,77.25031,1179.4607549039001,77.03744815663583,77.46317184336417,0.21286184336416625,0.0,1.0,0.22483,0.11100647110000002,0.22276495167277433,0.22689504832722568,0.002065048327225677,0.09828,0.09644158367937317,0.10014175351112227
T-lidbetter-W-20-HS-weighted-D-3-C-5-H-3-RUNS-100000.csv,lidbetter,20,weighted,3,5,3,100000,2.0,138.0,38.07563,324.91017010310003,37.96390825146964,38.187351748530354,0.11172174853035699,0.0,3.0,2.93438,0.0651740156,2.932797683665227,2.935962316334773,0.0015823163347730151,0.0,0.3,0.084327925,0.0015554251276943749,0.08408348029928937,0.08457236970071062,0.00024444470071062485,0.0,103.0,28.38631,156.2787256950111,28.30882707590508,28.463792924094925,0.07748292409492308,0.0,309.0,85.15893,1406.5085312550998,84.92648122771523,85.39137877228477,0.23244877228476923,0.0,1.0,0.26272666666666666,0.08619692084444443,0.2609069576484002,0.2645463756849331,0.0018197090182664466,0.06375,0.062243465605007514,0.06528189732354975
T-lidbetter-W-20-HS-weighted-D-3-C-5-H-4-RUNS-100000.csv,lidbetter,20,weighted,3,5,4,100000,2.0,142.0,41.40307,387.96248457509995,41.28098819624761,41.52515180375239,0.12208180375238697,0.0,3.0,2.9466,0.05286844,2.945174870535341,2.9480251294646593,0.001425129464659225,0.0,0.315,0.09089469999999998,0.0018008691369100001,0.09063167492750017,0.09115772507249979,0.0002630250724998118,0.0,112.33333333333333,29.961743333333335,175.7603619830111,29.879572717746377,30.04391394892029,0.08217061558695704,0.0,337.0,89.88523,1581.8432578471,89.63871815323914,90.13174184676087,0.24651184676086757,0.0,1.0,0.31395,0.07675414750000001,0.3122328548895449,0.3156671451104551,0.0017171451104551205,0.05225,0.050878767322621,0.05364727527158369
T-lidbetter-W-20-HS-weighted-D-3-C-5-H-5-RUNS-100000.csv,lidbetter,20,weighted,3,5,5,100000,2.0,143.0,44.54582,458.21260052760005,44.413144850624285,44.67849514937571,0.13267514937571434,1.0,3.0,2.95291,0.0464525319,2.9515741405517533,2.954245859448247,0.0013358594482468789,0.0,0.29,0.09727872500000001,0.002079256099874375,0.09699610033311339,0.09756134966688663,0.00028262466688662446,0.0,123.0,31.535013333333332,201.95374073315554,31.446932376798987,31.623094289867677,0.08808095653434478,0.0,369.0,94.60504,1817.5836665984,94.34079713039698,94.86928286960303,0.2642428696030237,0.0,1.0,0.3663240000000001,0.07791152702399999,0.3645939568727475,0.3680540431272527,0.0017300431272526118,0.0463,0.04500577427763973,0.047620621811477325
T-lidbetter-W-20-HS-weighted-D-4-C-5-H-1-RUNS-100000.csv,lidbetter,20,weighted,4,5,1,100000,1.0,134.0,27.36773,269.16482464710003,27.26604304949187,27.469416950508133,0.1016869505081317,0.0,4.0,3.65743,0.37847579509999996,3.653616926942142,3.6612430730578582,0.003813073057858052,0.0,0.31,0.062305774999999994,0.001286520464149375,0.06208346222449943,0.06252808777550055,0.00022231277550055495,0.0,109.75,22.18637,119.19182372310001,22.11870262898452,22.25403737101548,0.06766737101548159,0.0,439.0,88.74548,1907.0691795696002,88.47481051593807,89.01614948406193,0.27066948406192637,0.0,1.0,0.27963,0.20143706309999998,0.27684820090300366,0.2824117990969963,0.002781799096996329,0.27963,0.27684967477207206,0.2824231118109079
T-lidbetter-W-20-HS-weighted-D-4-C-5-H-2-RUNS-100000.csv,lidbetter,20,weighted,4,5,2,100000,2.0,137.0,34.90569,301.3388156239,34.79809710088018,35.01328289911982,0.1075928991198225,0.0,4.0,3.86294,0.13925455639999998,3.860627079111024,3.865252920888976,0.0023129208889760555,0.0,0.285,0.07795370000000001,0.0014565777813100001,0.07771715002209512,0.07819024997790491,0.0002365499779048985,0.0,122.75,25.4568175,122.25012714669374,25.388287500113325,25.525347499886674,0.06852999988667463,0.0,491.0,101.82727,1956.0020343470999,101.5531500004533,102.1013899995467,0.2741199995466985,0.0,1.0,0.26568,0.12583913759999998,0.2634813103197492,0.26787868968025086,0.0021986896802508316,0.12717,0.12511090402888986,0.12925074660922564
T-lidbetter-W-20-HS-weighted-D-4-C-5-H-3-RUNS-100000.csv,lidbetter,20,weighted,4,5,3,100000,2.0,137.0,39.83705,347.5410172975,39.72150288527833,39.95259711472166,0.11554711472166446,1.0,4.0,3.90843,0.0910849351,3.906559406814189,3.910300593185811,0.0018705931858109537,0.0,0.2925,0.087938725,0.001637787332874375,0.08768789191171278,0.08818955808828721,0.00025083308828721673,0.0,104.0,28.0732225,143.23428284049376,27.99904374152023,28.14740125847977,0.07417875847977129,0.0,416.0,112.29289,2291.7485254479,111.99617496608091,112.58960503391909,0.29671503391908516,0.0,1.0,0.30245666666666665,0.0977788536777778,0.30051855613243866,0.30439477720089464,0.001938110534227988,0.08772,0.0859736535805866,0.08949030155216568
T-lidbetter-W-20-HS-weighted-D-4-C-5-H-4-RUNS-100000.csv,lidbetter,20,weighted,4,5,4,100000,2.0,141.0,44.42598,401.5627410395999,44.30177680253803,44.550183197461976,0.1242031974619735,1.0,4.0,3.92774,0.07105849239999999,3.926087794490979,3.929392205509021,0.0016522055090208987,0.0,0.295,0.097467275,0.001850345991574375,0.09720066125014393,0.09773388874985608,0.0002666137498560789,0.0,116.0,30.5549425,158.93745194669376,30.476803257912657,30.63308174208734,0.07813924208734235,0.0,464.0,122.21977,2542.9992311471,121.90721303165063,122.53232696834937,0.3125569683493694,0.0,1.0,0.356095,0.083000100975,0.35430935393231033,0.35788064606768966,0.0017856460676896613,0.0703,0.06872296095015501,0.07190201635102521
T-lidbetter-W-20-HS-weighted-D-4-C-5-H-5-RUNS-100000.csv,lidbetter,20,weighted,4,5,5,100000,2.0,142.0,48.06642,462.40674838359996,47.93313902744239,48.199700972557615,0.13328097255761406,1.0,4.0,3.93751,0.06134499989999998,3.9359748682414337,3.9390451317585664,0.0015351317585663438,0.0,0.295,0.10488895000000001,0.0020808016678975,0.10460622031129727,0.10517167968870275,0.00028272968870274306,0.0,103.25,32.058725,171.269915124375,31.977610851669283,32.13983914833072,0.08111414833071962,0.0,413.0,128.2349,2740.31864199,127.91044340667713,128.5593565933229,0.32445659332287846,0.0,1.0,0.41412800000000005,0.080979599616,0.4123642221515032,0.4158917778484969,0.0017637778484968503,0.06114,0.05966279627503788,0.06264272058023432
T-lidbetter-W-20-HS-weighted-D-5-C-5-H-1-RUNS-100000.csv,lidbetter,20,weighted,5,5,1,100000,1.0,158.0,27.88854,289.5487166684,27.78307292694147,27.99400707305853,0.10546707305853076,0.0,5.0,4.56448,0.5072623296,4.560065592944243,4.5688944070557564,0.004414407055756797,0.0,0.29,0.0636773,0.00137605846471,0.06344738118393595,0.06390721881606407,0.00022991881606405917,0.0,93.4,22.17628,115.87904936159998,22.10955961660575,22.243000383394246,0.06672038339424802,0.0,467.0,110.8814,2896.9762340400002,110.54779808302877,111.21500191697123,0.333601916971233,0.0,1.0,0.33687,0.2233886031,0.33394054671027346,0.33979945328972655,0.002929453289726547,0.33687,0.3339403659751492,0.339809098223945
T-lidbetter-W-20-HS-weighted-D-5-C-5-H-2-RUNS-100000.csv,lidbetter,20,weighted,5,5,2,100000,2.0,144.0,36.32567,322.8476690511,36.214303415899266,36.43703658410074,0.11136658410073608,0.0,5.0,4.82584,0.18048829440000003,4.823206819733161,4.8284731802668395,0.002633180266839119,0.0,0.3325,0.08120795,0.0015586302317974997,0.08096325357790779,0.08145264642209221,0.000244696422092211,0.0,94.8,25.540338,121.08166404575601,25.472136290300156,25.60853970969984,0.06820170969984218,0.0,474.0,127.70169,3027.0416011439,127.36068145150078,128.04269854849923,0.34100854849923223,0.0,1.0,0.3077,0.13801570999999999,0.30539739028158047,0.3100026097184195,0.0023026097184195016,0.15769,0.15543610746209183,0.15996376539419835
T-lidbetter-W-20-HS-weighted-D-5-C-5-H-3-RUNS-100000.csv,lidbetter,20,weighted,5,5,3,100000,2.0,136.0,41.90101,363.1013109799,41.782904538811266,42.01911546118873,0.11810546118873333,1.0,5.0,4.88806,0.11188943640000001,4.88598675505819,4.8901332449418105,0.0020732449418101595,0.0,0.285,0.0922549,0.0016939109259899998,0.09199980534671845,0.09250999465328155,0.00025509465328155123,0.0,93.0,28.507942000000003,133.85881932463602,28.436232025776224,28.579651974223783,0.07170997422377923,0.0,465.0,142.53971,3346.4704831159,142.18116012888112,142.8982598711189,0.35854987111889614,0.0,1.0,0.3354733333333333,0.10418208706666666,0.33347276864886216,0.3374738980178044,0.002000564684471129,0.106,0.10409848368693528,0.10792440232892193
T-lidbetter-W-20-HS-weighted-D-5-C-5-H-4-RUNS-100000.csv,lidbetter,20,weighted,5,5,4,100000,2.0,143.0,46.2766,423.57491243999993,46.14903803922684,46.404161960773166,0.12756196077316417,2.0,5.0,4.91064,0.08835479040000002,4.908797654313651,4.912482345686349,0.0018423456863487786,0.0,0.2925,0.10152317500000001,0.001948966625419375,0.10124954842621356,0.10179680157378646,0.00027362657378644795,0.0,113.2,30.516404000000005,162.923120508784,30.43729107692504,30.59551692307497,0.07911292307496609,0.0,566.0,152.58202,4073.0780127196003,152.18645538462516,152.97758461537484,0.39556461537483756,0.0,1.0,0.3893025,0.08635418849375001,0.387481131694254,0.39112386830574597,0.001821368305745974,0.08597,0.08423961754550327,0.0877244400979967
T-lidbetter-W-20-HS-weighted-D-5-C-5-H-5-RUNS-100000.csv,lidbetter,20,weighted,5,5,5,100000,2.0,151.0,48.95604,486.81868751839994,48.819286109014385,49.09279389098562,0.13675389098561652,2.0,5.0,4.92153,0.07725245910000002,4.9198072897896665,4.923252710210333,0.0017227102103332115,0.0,0.325,0.10634185000000002,0.0021877731885775,0.10605194398969255,0.10663175601030749,0.00028990601030746965,0.0,108.2,31.04497,178.94088049910002,30.962059247589632,31.127880752410366,0.08291075241036694,0.0,541.0,155.22485,4473.5220124775005,154.81029623794817,155.63940376205184,0.41455376205183825,0.0,1.0,0.44588600000000006,0.083117275004,0.4440990939485934,0.4476729060514067,0.0017869060514066337,0.07603,0.07439457043984832,0.07769007016147403
T-lidbetter-W-20-HS-weighted-D-6-C-5-H-1-RUNS-100000.csv,lidbetter,20,weighted,6,5,1,100000,1.0,136.0,28.15145,301.50705289750005,28.043827070546698,28.259072929453303,0.10762292945330287,0.0,6.0,5.47882,0.6372314076000001,5.473872285198764,5.483767714801235,0.00494771480123557,0.0,0.3075,0.064390775,0.001415528907399375,0.06415758203589804,0.06462396796410196,0.0002331929641019581,0.0,101.33333333333333,22.119575,113.46603765270832,22.053552948362185,22.185597051637817,0.06602205163781605,0.0,608.0,132.71745,4084.7773554974997,132.32131769017312,133.1135823098269,0.3961323098268963,0.0,1.0,0.38379,0.23649523590000002,0.38077583328557724,0.3868041667144228,0.0030141667144227835,0.38379,0.38077429500405113,0.3868124466427223
T-lidbetter-W-20-HS-weighted-D-6-C-5-H-2-RUNS-100000.csv,lidbetter,20,weighted,6,5,2,100000,2.0,139.0,37.41011,340.0179997879,37.295820317701676,37.52439968229833,0.11428968229832748,0.0,6.0,5.79352,0.21602600959999999,5.790639226634253,5.796400773365747,0.0028807733657467693,0.0,0.2925,0.08350445,0.0016220173301975,0.08325482744942239,0.0837540725505776,0.0002496225505776023,0.0,96.66666666666667,25.42924,117.75925746684443,25.361980505243896,25.496499494756105,0.06725949475610449,0.0,580.0,152.57544,4239.3332688064,152.17188303146335,152.97899696853662,0.40355696853663403,0.0,1.0,0.34156,0.1458917664,0.33919260098461995,0.34392739901538,0.002367399015380023,0.18355,0.1811548724417537,0.1859634959646743
T-lidbetter-W-20-HS-weighted-D-6-C-5-H-3-RUNS-100000.csv,lidbetter,20,weighted,6,5,3,100000,2.0,138.0,42.7915,370.76996775,42.67215386859607,42.91084613140393,0.11934613140392969,2.0,6.0,5.86772,0.1330220016,5.865459430776671,5.86998056922333,0.0022605692233295116,0.0,0.3175,0.094490575,0.0017512249236693747,0.09423120064377394,0.09474994935622605,0.0002593743562260553,0.0,93.0,28.02942333333333,127.32338315634445,27.959485824889477,28.099360841777184,0.0699375084438536,0.0,558.0,168.17654,4583.6417936284,167.75691494933687,168.5961650506631,0.4196250506631145,0.0,1.0,0.3628166666666666,0.10916295527777777,0.3607688375502726,0.3648644957830606,0.0020478291163940066,0.12368,0.12164546941490521,0.12573638472834772
T-lidbetter-W-20-HS-weighted-D-6-C-5-H-4-RUNS-100000.csv,lidbetter,20,weighted,6,5,4,100000,2.0,152.0,46.48302,417.26117167959995,46.356412317882196,46.60962768211781,0.12660768211780749,2.0,6.0,5.89356,0.10511052640000002,5.891550540873224,5.895569459126776,0.002009459126775859,0.0,0.3325,0.10159634999999999,0.0019176741666775002,0.1013249289787303,0.10186777102126968,0.00027142102126968826,0.0,97.5,29.28397,143.73020270576666,29.209662937972595,29.358277062027405,0.07430706202740467,0.0,585.0,175.70382,5174.2872974076,175.25797762783557,176.14966237216444,0.4458423721644351,0.0,1.0,0.41695,0.0890226975,0.4151007039319892,0.41879929606801075,0.001849296068010764,0.10161,0.09974395676184941,0.10349918576258492
T-lidbetter-W-20-HS-weighted-D-6-C-5-H-5-RUNS-100000.csv,lidbetter,20,weighted,6,5,5,100000,2.0,155.0,51.76624,483.0055562624,51.63002274173448,51.90245725826553,0.13621725826552478,3.0,6.0,5.90775,0.09077993750000002,5.905882541277832,5.909617458722168,0.0018674587221676475,0.0,0.3075,0.11270697499999999,0.002161191348849375,0.11241883557739801,0.11299511442260196,0.000288139422601974,0.0,107.33333333333333,32.27240666666666,162.19465349684444,32.193470807839795,32.35134252549353,0.07893585882686693,0.0,644.0,193.63444,5839.0075258864,193.1608248470388,194.1080551529612,0.4736151529612016,0.0,1.0,0.473572,0.084159160816,0.47177392927783485,0.47537007072216514,0.001798070722165146,0.08887,0.08711327747289746,0.09065061031384035
T-lidbetter-W-20-HS-weighted-D-7-C-5-H-1-RUNS-100000.csv,lidbetter,20,weighted,7,5,1,100000,1.0,133.0,28.56214,314.7502186204,28.452178895974434,28.672101104025565,0.10996110402556525,0.0,7.0,6.39619,0.7686834839,6.390755872221091,6.401624127778908,0.005434127778908504,0.0,0.285,0.065469575,0.001471999311819375,0.06523177608166172,0.06570737391833828,0.00023779891833827782,0.0,92.57142857142857,22.16507,113.28170720122245,22.099101597989325,22.231038402010675,0.06596840201067522,0.0,648.0,155.15549,5550.8036528599,154.69371118592525,155.61726881407472,0.46177881407473365,0.0,1.0,0.42635,0.24457567749999995,0.42328477256523434,0.4294152274347657,0.0030652274347656716,0.42635,0.4232820019292133,0.42942227054429766
T-lidbetter-W-20-HS-weighted-D-7-C-5-H-2-RUNS-100000.csv,lidbetter,20,weighted,7,5,2,100000,2.0,134.0,38.96974,354.1189643324,38.85310452454852,39.08637547545148,0.11663547545148134,1.0,7.0,6.75883,0.25768703109999996,6.755683683902285,6.761976316097714,0.003146316097714319,0.0,0.3025,0.08676962500000002,0.0016698719898593749,0.08651634688732061,0.08702290311267942,0.00025327811267940314,0.0,89.57142857142857,25.89122571428571,118.02100448129798,25.823891511177976,25.958559917393444,0.06733420310773397,0.0,627.0,181.23858,5783.029219583601,180.7672405782459,181.70991942175414,0.4713394217541236,0.0,1.0,0.374695,0.15159615697499998,0.3722817619333452,0.3771082380666548,0.002413238066654777,0.20929,0.2067721210603893,0.21182475101544193
T-lidbetter-W-20-HS-weighted-D-7-C-5-H-3-RUNS-100000.csv,lidbetter,20,weighted,7,5,3,100000,2.0,147.0,43.71404,379.0989268784,43.593360820457875,43.83471917954212,0.12067917954212248,3.0,7.0,6.84211,0.15964074790000002,6.839633559213039,6.844586440786961,0.002476440786961298,0.0,0.2975,0.09645445,0.0017798365751974998,0.09619296538884135,0.09671593461115864,0.00026148461115864385,0.0,104.0,27.831047142857145,126.1501494218592,27.76143260313885,27.90066168257544,0.06961453971829457,0.0,728.0,194.81733,6181.357321671099,194.33002822197193,195.30463177802807,0.48730177802806907,0.0,1.0,0.39155,0.1145008197222222,0.38945270090581985,0.39364729909418017,0.0020972990941801606,0.14541,0.14323044354161277,0.1476101442686805
T-lidbetter-W-20-HS-weighted-D-7-C-5-H-4-RUNS-100000.csv,lidbetter,20,weighted,7,5,4,100000,2.0,147.0,48.85239,429.96860128789996,48.723868897502875,48.980911102497124,0.12852110249712467,3.0,7.0,6.87512,0.1236249856,6.8729407392430435,6.877299260756956,0.0021792607569564026,0.0,0.31,0.1068112,0.00198321667956,0.10653517961676358,0.10708722038323641,0.00027602038323641664,0.0,92.14285714285714,30.336575714285715,145.64545087018573,30.261775208668247,30.411376219903183,0.07480050561746765,0.0,645.0,212.35603,7136.627092639101,211.8324264606777,212.8796335393223,0.5236035393222949,0.0,1.0,0.44051,0.09172218990000001,0.43863287463199757,0.44238712536800245,0.0018771253680024413,0.11799,0.11599666345576237,0.12000552259628577
T-lidbetter-W-20-HS-weighted-D-7-C-5-H-5-RUNS-100000.csv,lidbetter,20,weighted,7,5,5,100000,2.0,151.0,53.61547,486.0530866790999,53.478823685092266,53.75211631490774,0.13664631490773615,4.0,7.0,6.88972,0.10829832159999997,6.887680297001378,6.8917597029986215,0.002039702998621884,0.0,0.3125,0.11620422500000001,0.002176823779649375,0.11591504536323592,0.1164934046367641,0.0002891796367640864,0.0,104.57142857142857,32.52275,157.18046325382653,32.44504385689433,32.600456143105674,0.07770614310567225,0.0,732.0,227.65925,7701.842699437499,227.11530699826028,228.2031930017397,0.5439430017397058,0.0,1.0,0.500864,0.08555445350400001,0.4990510852513674,0.5026769147486326,0.0018129147486326547,0.10533,0.10343382994993983,0.10724909520566146
T-lidbetter-W-20-HS-weighted-D-8-C-5-H-1-RUNS-100000.csv,lidbetter,20,weighted,8,5,1,100000,1.0,142.0,28.76336,323.4199615104,28.651894753212567,28.87482524678743,0.11146524678743219,0.0,8.0,7.30891,0.9221246119000001,7.30295816506523,7.31486183493477,0.005951834934769806,0.0,0.305,0.0660603,0.00150126976391,0.06582014842442664,0.06630045157557336,0.00024015157557336075,0.0,91.125,22.122655,111.56177668847499,22.057189305065446,22.188120694934558,0.06546569493455578,0.0,729.0,176.98124,7139.9537080623995,176.45751444052357,177.50496555947646,0.5237255594764463,0.0,1.0,0.46607,0.24884875510000004,0.46297811161651625,0.4691618883834837,0.003091888383483732,0.46607,0.4629741900345923,0.46916777822541844
T-lidbetter-W-20-HS-weighted-D-8-C-5-H-2-RUNS-100000.csv,lidbetter,20,weighted,8,5,2,100000,2.0,148.0,39.99738,363.8280331356001,39.87915640793421,40.11560359206579,0.11822359206578881,2.0,8.0,7.7221,0.29853159,7.718713498920502,7.725486501079498,0.0033865010794977835,0.0,0.2925,0.08897635,0.0017034973906775,0.0887205345279107,0.08923216547208929,0.0002558154720892908,0.0,96.875,25.911605,112.83809601147499,25.845765890829412,25.97744410917059,0.06583910917058944,0.0,775.0,207.29284,7221.638144734399,206.7661271266353,207.81955287336473,0.5267128733647155,0.0,1.0,0.40827,0.1557456071,0.40582395763684403,0.410716042363156,0.002446042363155987,0.23659,0.23395861120540296,0.2392366747335854
T-lidbetter-W-20-HS-weighted-D-8-C-5-H-3-RUNS-100000.csv,lidbetter,20,weighted,8,5,3,100000,2.0,149.0,45.07921,386.92835577590006,44.95729101166969,45.20112898833032,0.12191898833031445,3.0,8.0,7.82022,0.18155915159999997,7.817579019809263,7.822860980190737,0.0026409801907369967,0.0,0.3,0.099220475,0.001805160028274375,0.0989571367618989,0.0994838132381011,0.00026333823810109624,0.0,96.875,28.00971,121.28771134089999,27.941450284802293,28.077969715197703,0.0682597151977049,0.0,775.0,224.07768,7762.413525817599,223.53160227841835,224.62375772158163,0.5460777215816393,0.0,1.0,0.41605666666666663,0.11783351678888888,0.41392906417067216,0.4181842691626611,0.002127602495994474,0.16412,0.16182914070733126,0.16643035794112676
T-lidbetter-W-20-HS-weighted-D-8-C-5-H-4-RUNS-100000.csv,lidbetter,20,weighted,8,5,4,100000,2.0,147.0,50.06694,440.9956190364,49.93678129802083,50.19709870197917,0.13015870197916968,4.0,8.0,7.85751,0.1410865999,7.855181914343982,7.859838085656019,0.002328085656018608,0.0,0.305,0.10899205,0.0020043649117974997,0.10871456183367283,0.10926953816632716,0.00027748816632716666,0.0,96.75,30.4259225,142.15358752399374,30.352024108824537,30.49982089117546,0.0738983911754616,0.0,774.0,243.40738,9097.829601535599,242.8161928705963,243.99856712940368,0.5911871294036928,0.0,1.0,0.4613125,0.09353515234374998,0.4594169139659626,0.4632080860340374,0.0018955860340373887,0.13335,0.13124864554668195,0.13547264485362995
T-lidbetter-W-20-HS-weighted-D-8-C-5-H-5-RUNS-100000.csv,lidbetter,20,weighted,8,5,5,100000,2.0,151.0,53.96424,489.9685212224,53.82704440709964,54.10143559290035,0.13719559290035477,4.0,8.0,7.87497,0.12303749909999999,7.872795923514357,7.877144076485643,0.0021740764856428285,0.0,0.31,0.11710215,0.0021958765903775,0.11681170758729838,0.11739259241270163,0.00029044241270162474,0.0,105.875,31.74213875,158.78199991949845,31.66403773010328,31.820239769896716,0.07810101989671736,0.0,847.0,253.93711,10162.0479948479,253.31230184082625,254.56191815917373,0.6248081591737389,0.0,1.0,0.519864,0.08612542150399999,0.518045045852008,0.521682954147992,0.0018189541479920468,0.11849,0.11649298502888045,0.12050917185089137
T-lidbetter-W-20-HS-weighted-D-9-C-5-H-1-RUNS-100000.csv,lidbetter,20,weighted,9,5,1,100000,1.0,140.0,29.01898,330.5174397596,28.906298333497393,29.131661666502605,0.11268166650260625,0.0,9.0,8.2136,1.10557504,8.207082963040104,8.220117036959895,0.0065170369598952504,0.0,0.3125,0.0667586,0.0015245522010399997,0.06651659339398448,0.06700060660601552,0.0002420066060155185,0.0,85.22222222222223,22.13511111111111,110.11231288888888,22.070072087348915,22.200150134873308,0.06503902376219628,0.0,767.0,199.216,8919.097344,198.63064878614023,199.8013512138598,0.5853512138597807,0.0,1.0,0.50554,0.2499693084,0.5024411581273813,0.5086388418726187,0.003098841872618663,0.50554,0.5024360920325452,0.5086435865967872
T-lidbetter-W-20-HS-weighted-D-9-C-5-H-2-RUNS-100000.csv,lidbetter,20,weighted,9,5,2,100000,2.0,139.0,41.03155,370.9635345975,40.91217271930934,41.15092728069067,0.11937728069066367,1.0,9.0,8.68899,0.3450827799,8.68534902484592,8.692630975154081,0.0036409751540809054,0.0,0.305,0.0913855,0.0017397903897499998,0.09112697381638867,0.09164402618361132,0.0002585261836113295,0.0,91.11111111111111,26.13389111111111,112.96525983703211,26.068014913422573,26.19976730879965,0.0658761976885387,0.0,820.0,235.20502,9150.1860467996,234.61213422080314,235.79790577919684,0.5928857791968483,0.0,1.0,0.43332,0.15802877760000003,0.4308560938491327,0.43578390615086726,0.002463906150867279,0.25827,0.25555930211400607,0.2609947246930442
T-lidbetter-W-20-HS-weighted-D-9-C-5-H-3-RUNS-100000.csv,lidbetter,20,weighted,9,5,3,100000,2.0,146.0,45.65381,390.74240248390004,45.531291592673504,45.776328407326496,0.12251840732649555,4.0,9.0,8.79931,0.2033735239,8.796514861847038,8.802105138152962,0.00279513815296184,0.0,0.2975,0.10056879999999999,0.0018242648415600002,0.10030407191657593,0.10083352808342404,0.0002647280834240512,0.0,93.77777777777777,27.53524111111111,118.15539732334692,27.46786858151949,27.602613640702728,0.06737252959161921,0.0,844.0,247.81717,9570.5871831911,247.2108172336754,248.4235227663246,0.6063527663245907,0.0,1.0,0.43926,0.11984843017777777,0.43711428396713137,0.4414057160328686,0.0021457160328686165,0.18094,0.17855826308045972,0.18334025710883836
T-lidbetter-W-20-HS-weighted-D-9-C-5-H-4-RUNS-100000.csv,lidbetter,20,weighted,9,5,4,100000,2.0,147.0,51.05935,432.54296757749995,50.930444722208684,51.18825527779132,0.12890527779131844,5.0,9.0,8.83759,0.16187299190000004,8.835096305380198,8.840083694619803,0.0024936946198028664,0.0,0.305,0.11147220000000001,0.00197723975216,0.11119659585939436,0.11174780414060566,0.00027560414060565086,0.0,89.77777777777777,30.31811333333333,132.2003932898716,30.246848964195422,30.389377702471236,0.07126436913790712,0.0,808.0,272.86302,10708.231856479599,272.22164067775884,273.50439932224117,0.6413793222411641,0.0,1.0,0.481805,0.095493941975,0.4798896683642482,0.4837203316357518,0.0019153316357518047,0.15011,0.14790139121426454,0.15233892290827353
T-lidbetter-W-20-HS-weighted-D-9-C-5-H-5-RUNS-100000.csv,lidbetter,20,weighted,9,5,5,100000,2.0,157.0,54.81898,496.1974317596,54.68091508578036,54.957044914219644,0.1380649142196404,6.0,9.0,8.85829,0.1390282759,8.85597895905554,8.860601040944461,0.002311040944460885,0.0,0.305,0.11871177500000002,0.002216549163849375,0.11841996863838596,0.11900358136161408,0.0002918063616140637,0.0,95.22222222222223,31.36061333333333,158.7228367892543,31.28252686524765,31.43869980141901,0.07808646808567943,0.0,857.0,282.24552,12856.549779929599,281.54274178722886,282.94829821277114,0.7027782127711362,0.0,1.0,0.539202,0.085981603196,0.5373845651955633,0.5410194348044366,0.001817434804436635,0.13333,0.13122877982684353,0.1354525117390412
T-partitioned_horizontal_scan_traversal-W-20-HS-greedy-D-1-C-5-H-1-RUNS-100000.csv,partitioned_horizontal_scan_traversal,20,greedy,1,5,1,100000,1.0,402.0,127.08185,9372.6329305775,126.4818007798013,127.6818992201987,0.6000492201986987,0.0,1.0,0.95156,0.0460935664,0.9502293120400249,0.952890687959975,0.001330687959975041,0.0,1.0,0.310468975,0.05858867949994938,0.3089687274498703,0.31196922255012965,0.0015002475501296741,0.0,401.0,125.17873,9376.392405587101,124.57856044841226,125.77889955158774,0.6001695515877401,0.0,401.0,125.17873,9376.392405587101,124.57856044841226,125.77889955158774,0.6001695515877401,0.0,1.0,0.04844,0.046093566399999994,0.047109312040025005,0.04977068795997499,0.0013306879599749924,0.04844,0.047117448921515696,0.04978881984640461
T-partitioned_horizontal_scan_traversal-W-20-HS-greedy-D-1-C-5-H-2-RUNS-100000.csv,partitioned_horizontal_scan_traversal,20,greedy,1,5,2,100000,2.0,402.0,130.92243,9690.9207928951,130.3122772214438,131.5325827785562,0.6101527785561984,0.0,1.0,0.97322,0.026062831600000003,0.9722193853195432,0.9742206146804567,0.0010006146804567573,0.0,1.0,0.31996155,0.0606251806465975,0.31843545139908336,0.3214876486009166,0.0015260986009166255,0.0,401.0,128.97599,9702.2413135199,128.3654809482242,129.5864990517758,0.6105090517758072,0.0,401.0,128.97599,9702.2413135199,128.3654809482242,129.5864990517758,0.6105090517758072,0.0,1.0,0.135685,0.062822080775,0.13413149652235587,0.13723850347764413,0.0015535034776441303,0.02678,0.025788146987051522,0.02779942665831613
T-partitioned_horizontal_scan_traversal-W-20-HS-greedy-D-1-C-5-H-3-RUNS-100000.csv,partitioned_horizontal_scan_traversal,20,greedy,1,5,3,100000,2.0,402.0,131.82406,10015.9275451164,131.20376017525942,132.4443598247406,0.6202998247405844,0.0,1.0,0.98021,0.019398355900000004,0.9793467461322101,0.98107325386779,0.0008632538677899593,0.0,1.0,0.322181075,0.06266156309934437,0.3206295574822051,0.32373259251779485,0.0015515175177948648,0.0,401.0,129.86364,10028.1192659504,129.24296276526303,130.48431723473698,0.6206772347369736,0.0,401.0,129.86364,10028.1192659504,129.24296276526303,130.48431723473698,0.6206772347369736,0.0,1.0,0.16662333333333335,0.06163110923333333,0.16508462585876005,0.16816204080790664,0.0015387074745732976,0.01979,0.018935711036601258,0.020672299059131993
T-partitioned_horizontal_scan_traversal-W-20-HS-greedy-D-1-C-5-H-4-RUNS-100000.csv,partitioned_horizontal_scan_traversal,20,greedy,1,5,4,100000,2.0,402.0,131.92652,10086.6120006896,131.3040352318181,132.54900476818193,0.6224847681819199,0.0,1.0,0.98319,0.016527423900000004,0.9823931828838797,0.9839868171161203,0.0007968171161203408,0.0,1.0,0.322422325,0.06310560302909438,0.32086531991138734,0.3239793300886127,0.001557005088612673,0.0,401.0,129.96014,10099.167291180402,129.33726793395596,130.58301206604403,0.6228720660440388,0.0,401.0,129.96014,10099.167291180402,129.33726793395596,130.58301206604403,0.6228720660440388,0.0,1.0,0.1827525,0.059618398743750016,0.18123912615123036,0.18426587384876966,0.0015133738487696502,0.01681,0.016022235125599006,0.01762596659507346
T-partitioned_horizontal_scan_traversal-W-20-HS-greedy-D-1-C-5-H-5-RUNS-100000.csv,partitioned_horizontal_scan_traversal,20,greedy,1,5,5,100000,2.0,402.0,132.95546,10246.1985761884,132.32807019732317,133.5828498026768,0.6273898026768165,0.0,1.0,0.98464,0.015124070399999997,0.9838777623149657,0.9854022376850342,0.0007622376850342505,0.0,1.0,0.3249862,0.06410347818456001,0.3234169329042072,0.3265554670957928,0.0015692670957928034,0.0,401.0,130.98618,10258.717609007601,130.3584070349341,131.6139529650659,0.6277729650659012,0.0,401.0,130.98618,10258.717609007601,130.3584070349341,131.6139529650659,0.6277729650659012,0.0,1.0,0.19566000000000003,0.05880756439999999,0.19415695263082286,0.1971630473691772,0.0015030473691771684,0.01536,0.014606857306623595,0.016141439566432308
T-partitioned_horizontal_scan_traversal-W-20-HS-greedy-D-10-C-5-H-1-RUNS-100000.csv,partitioned_horizontal_scan_traversal,20,greedy,10,5,1,100000,1.0,402.0,199.25358,8930.7094971836,198.66784786323115,199.83931213676885,0.5857321367688542,0.0,10.0,6.36507,7.2862938951,6.348339480992086,6.381800519007914,0.01673051900791389,0.0,1.0,0.8516010750000002,0.04136735562134438,0.8503404527990416,0.8528616972009587,0.0012606222009585721,0.0,217.4,91.43752299999998,1281.558080124471,91.21563939266032,91.65940660733965,0.22188360733966306,0.0,2174.0,914.37523,128155.80801244712,912.1563939266034,916.5940660733966,2.2188360733965737,0.0,1.0,0.28988,0.2058495856,0.28706789799608734,0.2926921020039127,0.0028121020039126865,0.28988,0.2870690757013788,0.29270311583119046
T-partitioned_horizontal_scan_traversal-W-20-HS-greedy-D-10-C-5-H-2-RUNS-100000.csv,partitioned_horizontal_scan_traversal,20,greedy,10,5,2,100000,2.0,402.0,209.90715,7526.0093888775,209.36945196514856,210.44484803485145,0.5376980348514451,0.0,10.0,6.62018,6.4545767676,6.604433285386973,6.635926714613028,0.015746714613027457,0.0,1.0,0.8860044,0.019564282305639998,0.8851374620154513,0.8868713379845488,0.0008669379845487324,0.0,223.0,95.38456099999999,1037.175536737279,95.18495104178322,95.58417095821676,0.19960995821676875,0.0,2230.0,953.84561,103717.55367372792,951.8495104178323,955.8417095821676,1.9960995821676306,0.0,1.0,0.54462,0.0972090556,0.5426875448051948,0.5465524551948052,0.001932455194805227,0.24302,0.240364137607055,0.2456907748511286
T-partitioned_horizontal_scan_traversal-W-20-HS-greedy-D-10-C-5-H-3-RUNS-100000.csv,partitioned_horizontal_scan_traversal,20,greedy,10,5,3,100000,2.0,402.0,215.97409,6750.6511986719015,215.46484249981154,216.48333750018844,0.5092475001884509,0.0,10.0,6.77813,5.940083703099999,6.763023900055332,6.793236099944668,0.015106099944667939,0.0,1.0,0.898889425,0.014494462935669377,0.8981432217514567,0.8996356282485434,0.0007462032485433534,0.0,223.0,97.313449,933.5585316243989,97.12407216786133,97.50282583213868,0.1893768321386773,0.0,2230.0,973.13449,93355.85316243992,971.2407216786132,975.0282583213868,1.8937683213868013,0.0,1.0,0.63351,0.06684174656666668,0.6319075666827899,0.6351124333172101,0.0016024333172101057,0.21307,0.2105354326791966,0.21562121972999812
T-partitioned_horizontal_scan_traversal-W-20-HS-greedy-D-10-C-5-H-4-RUNS-100000.csv,partitioned_horizontal_scan_traversal,20,greedy,10,5,4,100000,2.0,402.0,220.01761,6277.621999887899,219.52652841131263,220.50869158868736,0.49108158868736496,0.0,10.0,6.88081,5.5773437439,6.866172403296113,6.895447596703888,0.014637596703887645,0.0,1.0,0.904014,0.013238678678999999,0.9033008540961819,0.9047271459038181,0.0007131459038181021,0.0,217.5,98.54194199999999,876.1440278686359,98.35848097151,98.72540302848998,0.1834610284899867,0.0,2175.0,985.41942,87614.40278686359,983.5848097151002,987.2540302848997,1.8346102848997816,0.0,1.0,0.6781625,0.053561248593750006,0.6767280632025156,0.6795969367974845,0.0014344367974844507,0.19168,0.18924431427240782,0.1941335814127088
T-partitioned_horizontal_scan_traversal-W-20-HS-greedy-D-10-C-5-H-5-RUNS-100000.csv,partitioned_horizontal_scan_traversal,20,greedy,10,5,5,100000,2.0,402.0,223.08002,6008.1224967996,222.59959515276887,223.5604448472311,0.4804248472311201,0.0,10.0,6.9348,5.3654889599999995,6.920443098388324,6.949156901611676,0.014356901611676243,0.0,1.0,0.9078175500000001,0.0126250220369975,0.9071211285424233,0.9085139714575768,0.0006964214575767569,0.0,222.0,99.64405600000002,844.247799668864,99.46396540204421,99.82414659795583,0.18009059795581095,0.0,2220.0,996.44056,84424.7799668864,994.639654020442,998.241465979558,1.8009059795580242,0.0,1.0,0.70891,0.04580781190000001,0.7075834432157083,0.7102365567842918,0.0013265567842917214,0.18039,0.1780111083598468,0.18278744381558754
T-partitioned_horizontal_scan_traversal-W-20-HS-greedy-D-5-C-5-H-1-RUNS-100000.csv,partitioned_horizontal_scan_traversal,20,greedy,5,5,1,100000,1.0,402.0,195.67333,6782.593916711099,195.16287909354142,196.18378090645857,0.5104509064585727,0.0,5.0,3.58234,1.8433601244000002,3.5739248634866123,3.5907551365133874,0.008415136513387544,0.0,1.0,0.762081125,0.039667534231234376,0.7608466745169805,0.7633155754830195,0.0012344504830195113,0.0,248.0,101.00929399999998,1478.9579524215642,100.77093366626086,101.2476543337391,0.23836033373912358,0.0,1240.0,505.04647,36973.9488105391,503.85466833130437,506.23827166869563,1.191801668695632,0.0,1.0,0.17103,0.1417787391,0.16869621079759425,0.17336378920240572,0.002333789202405734,0.17103,0.16870081881598223,0.17337827779354714
T-partitioned_horizontal_scan_traversal-W-20-HS-greedy-D-5-C-5-H-2-RUNS-100000.csv,partitioned_horizontal_scan_traversal,20,greedy,5,5,2,100000,2.0,402.0,204.55856,5713.8248107264,204.09004928088157,205.02707071911843,0.46851071911842723,0.0,5.0,3.71355,1.5466563974999998,3.705841799680447,3.721258200319553,0.0077082003195529936,0.0,1.0,0.78945235,0.0267709000794775,0.788438234179468,0.790466465820532,0.0010141158205320133,0.0,246.6,104.95100599999999,1262.322492787964,104.73079387298846,105.17121812701153,0.22021212701153559,0.0,1233.0,524.75503,31558.062319699096,523.6539693649423,525.8560906350577,1.1010606350577063,0.0,1.0,0.40393,0.10177055510000002,0.4019527246917231,0.4059072753082769,0.0019772753082769046,0.12593,0.12387957273451146,0.1280021502030981
T-partitioned_horizontal_scan_traversal-W-20-HS-greedy-D-5-C-5-H-3-RUNS-100000.csv,partitioned_horizontal_scan_traversal,20,greedy,5,5,3,100000,2.0,402.0,208.55015,5307.3073449775,208.0986131587958,209.0016868412042,0.451536841204188,0.0,5.0,3.76111,1.4131815679000002,3.7537419077698195,3.7684780922301804,0.007368092230180423,0.0,1.0,0.7998657999999998,0.02372678686536,0.7989110810653287,0.800820518934671,0.0009547189346711393,0.0,248.0,106.526512,1181.0119115138561,106.31351023101035,106.73951376898964,0.21300176898964196,0.0,1240.0,532.63256,29525.297787846397,531.5675511550518,533.6975688449483,1.0650088449482382,0.0,1.0,0.4845266666666667,0.08302946484444444,0.4827407047629677,0.4863126285703657,0.001785961903699007,0.1035,0.10161855555867835,0.10540447651623305
T-partitioned_horizontal_scan_traversal-W-20-HS-greedy-D-5-C-5-H-4-RUNS-100000.csv,partitioned_horizontal_scan_traversal,20,greedy,5,5,4,100000,2.0,402.0,211.41806,5096.8794458364,210.97556511777958,211.8605548822204,0.4424948822204158,0.0,5.0,3.79163,1.3485119430999999,3.7844324702288823,3.798827529771118,0.007197529771117761,0.0,1.0,0.8054543,0.02290389136151,0.8045162830009303,0.8063923169990697,0.0009380169990697018,0.0,248.0,107.722766,1159.9352777092438,107.51167342877002,107.93385857122996,0.21109257122996894,0.0,1240.0,538.61383,28998.3819427311,537.5583671438502,539.6692928561498,1.055462856149802,0.0,1.0,0.5284525,0.07144483024375001,0.5267958091421017,0.5301091908578983,0.0016566908578983242,0.08797,0.08622139025995508,0.08974255023131626
T-partitioned_horizontal_scan_traversal-W-20-HS-greedy-D-5-C-5-H-5-RUNS-100000.csv,partitioned_horizontal_scan_traversal,20,greedy,5,5,5,100000,2.0,402.0,213.11014,5023.4872491804,212.67084250835623,213.54943749164377,0.43929749164377085,0.0,5.0,3.81647,1.2929067391,3.8094224255740525,3.823517574425947,0.007047574425947278,0.0,1.0,0.8076996249999999,0.022929761462359373,0.8067610784021487,0.8086381715978511,0.0009385465978511975,0.0,247.2,108.301476,1157.555307421424,108.0906001012114,108.5123518987886,0.21087589878860058,0.0,1236.0,541.50738,28938.882685535602,540.453000506057,542.561759493943,1.0543794939429745,0.0,1.0,0.555838,0.064191717756,0.5542676532136772,0.5574083467863229,0.0015703467863228404,0.07626,0.07462228569326834,0.07792234140394617
T-partitioned_horizontal_scan_traversal-W-20-HS-random-D-1-C-5-H-1-RUNS-100000.csv,partitioned_horizontal_scan_traversal,20,random,1,5,1,100000,1.0,402.0,110.89253,7553.0728401991,110.35386605445593,111.43119394554405,0.5386639455440587,0.0,1.0,0.80434,0.15737716440000002,0.8018811789110246,0.8067988210889755,0.002458821088975438,0.0,1.0,0.27073265,0.0472311463489775,0.26938564156715994,0.2720796584328401,0.00134700843284008,0.0,401.0,109.28385,7558.980539177499,108.74497543538125,109.82272456461875,0.5388745646187516,0.0,401.0,109.28385,7558.980539177499,108.74497543538125,109.82272456461875,0.5388745646187516,0.0,1.0,0.19566,0.15737716440000005,0.19320117891102456,0.19811882108897544,0.002458821088975438,0.19566,0.19320507675691717,0.19813258754694482
T-partitioned_horizontal_scan_traversal-W-20-HS-random-D-1-C-5-H-2-RUNS-100000.csv,partitioned_horizontal_scan_traversal,20,random,1,5,2,100000,2.0,402.0,126.0731,8906.67621639,125.48815652108188,126.65804347891812,0.5849434789181203,0.0,1.0,0.92847,0.0664134591,0.9268727087163621,0.930067291283638,0.0015972912836379471,0.0,1.0,0.30806235,0.055789584137477505,0.3065983784619483,0.30952632153805165,0.0014639715380516671,0.0,401.0,124.21616,8928.5006348544,123.63050030325746,124.80181969674254,0.5856596967425389,0.0,401.0,124.21616,8928.5006348544,123.63050030325746,124.80181969674254,0.5856596967425389,0.0,1.0,0.19427,0.09515916710000001,0.19235802861859452,0.19618197138140547,0.001911971381405475,0.07153,0.06994018137715388,0.07314472360156808
T-partitioned_horizontal_scan_traversal-W-20-HS-random-D-1-C-5-H-3-RUNS-100000.csv,partitioned_horizontal_scan_traversal,20,random,1,5,3,100000,2.0,402.0,130.97244,9671.2842404464,130.36290570614855,131.58197429385146,0.6095342938514534,0.0,1.0,0.96209,0.03647283190000001,0.9609063022724232,0.9632736977275768,0.0011836977275767602,0.0,1.0,0.32014155000000005,0.060558604838597506,0.318616289575194,0.3216668104248061,0.001525260424806052,0.0,401.0,129.04826,9691.5211109724,128.43808832333914,129.65843167666085,0.6101716766608547,0.0,401.0,129.04826,9691.5211109724,128.43808832333914,129.65843167666085,0.6101716766608547,0.0,1.0,0.19637666666666664,0.07591731589999999,0.19466890801638423,0.19808442531694906,0.001707758650282415,0.03791,0.03673474243195265,0.039112155392187896
T-partitioned_horizontal_scan_traversal-W-20-HS-random-D-1-C-5-H-4-RUNS-100000.csv,partitioned_horizontal_scan_traversal,20,random,1,5,4,100000,2.0,402.0,131.56658,9991.6276071036,130.9470330960819,132.18612690391808,0.6195469039180921,0.0,1.0,0.97789,0.021621147900000005,0.9769786284963164,0.9788013715036836,0.000911371503683589,0.0,1.0,0.321548225,0.06253121006184936,0.3199983221108692,0.32309812788913084,0.0015499028891308164,0.0,401.0,129.6108,10007.18094336,128.9907710788035,130.23082892119652,0.6200289211965071,0.0,401.0,129.6108,10007.18094336,128.9907710788035,130.23082892119652,0.6200289211965071,0.0,1.0,0.1937225,0.06447596799375,0.19214868019250997,0.19529631980749002,0.0015738198074900234,0.02211,0.021207525751783043,0.0230403378651592
T-partitioned_horizontal_scan_traversal-W-20-HS-random-D-1-C-5-H-5-RUNS-100000.csv,partitioned_horizontal_scan_traversal,20,random,1,5,5,100000,2.0,402.0,132.87757,10227.142720895099,132.25076387784904,133.50437612215094,0.6268061221509527,0.0,1.0,0.98442,0.015337263600000005,0.9836524087556142,0.9851875912443857,0.0007675912443857458,0.0,1.0,0.32479315000000003,0.0639858270880775,0.32322532362778417,0.3263609763722159,0.0015678263722158636,0.0,401.0,130.90873,10239.9515797871,130.28153148287078,131.5359285171292,0.6271985171292158,0.0,401.0,130.90873,10239.9515797871,130.28153148287078,131.5359285171292,0.6271985171292158,0.0,1.0,0.19505800000000004,0.05864557663600001,0.1935570241600717,0.19655897583992837,0.0015009758399283368,0.01558,0.01482149724774467,0.016366785090044078
T-partitioned_horizontal_scan_traversal-W-20-HS-random-D-10-C-5-H-1-RUNS-100000.csv,partitioned_horizontal_scan_traversal,20,random,10,5,1,100000,1.0,402.0,105.68564,9570.2085577904,105.07929922786269,106.29198077213732,0.6063407721373153,0.0,10.0,3.85264,10.0541050304,3.832987048597021,3.872292951402979,0.019652951402978847,0.0,1.0,0.6684647499999999,0.0877109652574375,0.6666291290038981,0.6703003709961017,0.0018356209961017944,0.0,225.4,57.147317,1418.590089401511,56.91387202388261,57.38076197611739,0.23344497611739,0.0,2254.0,571.47317,141859.0089401511,569.1387202388261,573.8076197611739,2.3344497611739143,0.0,1.0,0.70567,0.20769985110000003,0.70284528807135,0.70849471192865,0.00282471192864997,0.70567,0.7028344039700222,0.7084936628192154
T-partitioned_horizontal_scan_traversal-W-20-HS-random-D-10-C-5-H-2-RUNS-100000.csv,partitioned_horizontal_scan_traversal,20,random,10,5,2,100000,2.0,402.0,155.30299,9958.9551270599,154.68445688030377,155.92152311969622,0.6185331196962238,0.0,10.0,5.26115,9.3984106775,5.242148701502612,5.280151298497388,0.019001298497387964,0.0,1.0,0.8224697,0.035995832581910005,0.8212937680697988,0.8236456319302011,0.0011759319302011573,0.0,215.4,76.993306,1286.366606390364,76.77100651832923,77.21560548167078,0.22229948167077396,0.0,2154.0,769.93306,128636.6606390364,767.7100651832923,772.1560548167076,2.2229948167076827,0.0,1.0,0.70897,0.10653653910000001,0.7069469558368474,0.7109930441631526,0.0020230441631525764,0.50938,0.5062763357860585,0.512483120088379
T-partitioned_horizontal_scan_traversal-W-20-HS-random-D-10-C-5-H-3-RUNS-100000.csv,partitioned_horizontal_scan_traversal,20,random,10,5,3,100000,2.0,402.0,186.8946,8691.37697084,186.31676962894653,187.47243037105346,0.5778303710534658,0.0,10.0,6.07081,7.9002959439,6.053388812641474,6.0882311873585255,0.017421187358525714,0.0,1.0,0.8756012000000001,0.01903921580856,0.8747459745826383,0.8764564254173619,0.0008552254173618268,0.0,213.8,88.04573300000001,1088.152175792711,87.84127651566837,88.25018948433166,0.20445648433164365,0.0,2138.0,880.45733,108815.21757927109,878.4127651566836,882.5018948433163,2.0445648433163797,0.0,1.0,0.7088033333333332,0.07249672354444446,0.7071344911803171,0.7104721754863493,0.0016688421530161035,0.36416,0.3611765596040792,0.3671513210141117
T-partitioned_horizontal_scan_traversal-W-20-HS-random-D-10-C-5-H-4-RUNS-100000.csv,partitioned_horizontal_scan_traversal,20,random,10,5,4,100000,2.0,402.0,207.99411,7268.135175307901,207.46570420811784,208.52251579188217,0.5284057918821645,0.0,10.0,6.5859,6.52590119,6.570066522172465,6.601733477827534,0.015833477827534637,0.0,1.0,0.897444075,0.013999169184894376,0.8967107319128935,0.8981774180871065,0.0007333430871064861,0.0,223.6,95.02580699999999,948.4195576987511,94.83492880394671,95.21668519605326,0.19087819605327638,0.0,2236.0,950.25807,94841.9557698751,948.3492880394672,952.1668519605328,1.9087819605327923,0.0,1.0,0.707675,0.056079844375000014,0.7062072250507964,0.7091427749492037,0.0014677749492036929,0.25719,0.25448304110490344,0.2599110484181464
T-partitioned_horizontal_scan_traversal-W-20-HS-random-D-10-C-5-H-5-RUNS-100000.csv,partitioned_horizontal_scan_traversal,20,random,10,5,5,100000,2.0,402.0,223.0599,6008.59369199,222.5794563141517,223.54034368584828,0.4804436858482859,0.0,10.0,6.92882,5.392093407600001,6.914427548494215,6.943212451505785,0.01439245150578472,0.0,1.0,0.9077139999999999,0.012306389454,0.9070264229081296,0.9084015770918702,0.0006875770918702839,0.0,228.5,99.683126,848.183611868124,99.50261610654945,99.86363589345055,0.18050989345054802,0.0,2285.0,996.83126,84818.3611868124,995.0261610654946,998.6363589345054,1.805098934505395,0.0,1.0,0.709436,0.04543656190400001,0.70811482969981,0.7107571703001899,0.0013211703001899666,0.18001,0.17763307900344505,0.18240549527199393
T-partitioned_horizontal_scan_traversal-W-20-HS-random-D-5-C-5-H-1-RUNS-100000.csv,partitioned_horizontal_scan_traversal,20,random,5,5,1,100000,1.0,402.0,127.64585,8233.9590677775,127.08343043104125,128.20826956895874,0.5624195689587452,0.0,5.0,2.52423,3.0720729071,2.5133664484260834,2.535093551573917,0.01086355157391683,0.0,1.0,0.606303875,0.07257838022248438,0.6046340932613806,0.6079736567386195,0.0016697817386194247,0.0,245.8,72.454402,1646.4681744223958,72.2029050390072,72.7058989609928,0.25149696099279595,0.0,1229.0,362.27201,41161.704360559896,361.0145251950361,363.529494804964,1.2574848049639513,0.0,1.0,0.55544,0.24692640639999996,0.5523600771392351,0.558519922860765,0.003079922860764972,0.55544,0.5523535628721602,0.5585232210586506
T-partitioned_horizontal_scan_traversal-W-20-HS-random-D-5-C-5-H-2-RUNS-100000.csv,partitioned_horizontal_scan_traversal,20,random,5,5,2,100000,2.0,402.0,173.08019,6961.2255395638995,172.5630609635614,173.59731903643856,0.5171290364385754,0.0,5.0,3.24797,2.3500608791,3.2384684244079467,3.2574715755920534,0.009501575592053335,0.0,1.0,0.740599675,0.035224048077394376,0.7394364179213879,0.7417629320786121,0.00116325707861209,0.0,248.0,92.76167,1316.8671832111002,92.53675052616494,92.98658947383505,0.22491947383505817,0.0,1240.0,463.80835,32921.6795802775,462.68375263082476,464.9329473691753,1.1245973691752624,0.0,1.0,0.555795,0.132669417975,0.5535374286587291,0.558052571341271,0.002257571341270914,0.32736,0.3244516535234938,0.3302783625738661
T-partitioned_horizontal_scan_traversal-W-20-HS-random-D-5-C-5-H-3-RUNS-100000.csv,partitioned_horizontal_scan_traversal,20,random,5,5,3,100000,2.0,402.0,194.29757,5886.1873420951,193.82204526569703,194.773094734303,0.47552473430297937,0.0,5.0,3.5572,1.82928816,3.5488170450344425,3.5655829549655573,0.00838295496555741,0.0,1.0,0.7829339999999999,0.025182179894,0.7819504357556275,0.7839175642443723,0.0009835642443724035,0.0,247.0,101.25131800000001,1174.141407662876,101.03893670064252,101.4636992993575,0.21238129935748873,0.0,1235.0,506.25659,29353.535191571904,505.19468350321256,507.3184964967875,1.0619064967874579,0.0,1.0,0.5552,0.09487296,0.553290906070577,0.5571090939294231,0.0019090939294230669,0.19978,0.19730557659367223,0.20227184821354133
T-partitioned_horizontal_scan_traversal-W-20-HS-random-D-5-C-5-H-4-RUNS-100000.csv,partitioned_horizontal_scan_traversal,20,random,5,5,4,100000,2.0,402.0,206.40822,5337.5289564316,205.9553993816639,206.8610406183361,0.4528206183360908,0.0,5.0,3.7196,1.49717584,3.7120161021189997,3.727183897881,0.007583897881000112,0.0,1.0,0.8005349749999999,0.02325114911424938,0.7995898738708223,0.8014800761291776,0.0009451011291776723,0.0,248.0,105.86897800000001,1152.280102435516,105.65858315116772,106.0793728488323,0.2103948488322942,0.0,1240.0,529.34489,28807.0025608879,528.2929157558385,530.3968642441614,1.0519742441614426,0.0,1.0,0.5569875,0.07581179984375,0.5552809285532689,0.558694071446731,0.0017065714467310311,0.12475,0.1227078825576505,0.12681390918725038
T-partitioned_horizontal_scan_traversal-W-20-HS-random-D-5-C-5-H-5-RUNS-100000.csv,partitioned_horizontal_scan_traversal,20,random,5,5,5,100000,2.0,402.0,213.12302,5010.4507060795995,212.68429289310467,213.56174710689533,0.43872710689532823,0.0,5.0,3.8176,1.2881902399999998,3.8105652920273947,3.8246347079726055,0.007034707972605414,0.0,1.0,0.80751215,0.0230222677273775,0.8065717121035842,0.8084525878964157,0.0009404378964157356,0.0,248.0,108.25239599999999,1157.901829859184,108.04148853997103,108.46330346002895,0.2109074600289631,0.0,1240.0,541.26198,28947.545746479598,540.2074426998552,542.3165173001448,1.0545373001448297,0.0,1.0,0.555214,0.064359414204,0.5536416033401012,0.5567863966598988,0.0015723966598988337,0.07682,0.0751767411279683,0.07848785309327812
T-partitioned_horizontal_scan_traversal-W-20-HS-weighted-D-1-C-5-H-1-RUNS-100000.csv,partitioned_horizontal_scan_traversal,20,weighted,1,5,1,100000,1.0,402.0,123.14566,8965.980023164399,122.55877237142884,123.73254762857117,0.5868876285711622,0.0,1.0,0.91403,0.0785791591,0.9122925602237817,0.9157674397762183,0.0017374397762183191,0.0,1.0,0.300814875,0.05603981004123438,0.29934762405263476,0.3022821259473652,0.0014672509473652173,0.0,401.0,121.3176,8968.381490239999,120.73063378007839,121.9045662199216,0.5869662199216066,0.0,401.0,121.3176,8968.381490239999,120.73063378007839,121.9045662199216,0.5869662199216066,0.0,1.0,0.08597,0.0785791591,0.08423256022378167,0.08770743977621834,0.001737439776218333,0.08597,0.08423961754550327,0.0877244400979967
T-partitioned_horizontal_scan_traversal-W-20-HS-weighted-D-1-C-5-H-2-RUNS-100000.csv,partitioned_horizontal_scan_traversal,20,weighted,1,5,2,100000,2.0,402.0,130.27359,9639.9636985119,129.66504349771606,130.88213650228397,0.6085465022839571,0.0,1.0,0.96493,0.033840095099999995,0.9637898240954301,0.9660701759045698,0.001140175904569829,0.0,1.0,0.318380025,0.060319815118499376,0.31685777468628934,0.3199022753137107,0.0015222503137106713,0.0,401.0,128.34373,9653.2827596871,127.73476324352133,128.95269675647864,0.608966756478651,0.0,401.0,128.34373,9653.2827596871,127.73476324352133,128.95269675647864,0.608966756478651,0.0,1.0,0.148975,0.06982894937499999,0.1473371511305404,0.15061284886945958,0.001637848869459585,0.03507,0.033938346158839755,0.03622872271107515
T-partitioned_horizontal_scan_traversal-W-20-HS-weighted-D-1-C-5-H-3-RUNS-100000.csv,partitioned_horizontal_scan_traversal,20,weighted,1,5,3,100000,2.0,402.0,131.69389,9904.8806466679,131.077038401216,132.31074159878403,0.6168515987840237,0.0,1.0,0.97771,0.021793155899999993,0.9767950104497567,0.9786249895502432,0.0009149895502432726,0.0,1.0,0.32186800000000004,0.061975687826000006,0.3203249970759835,0.3234110029240166,0.0015430029240165455,0.0,401.0,129.73847,9918.3612320591,129.121198775099,130.355741224901,0.6172712249010033,0.0,401.0,129.73847,9918.3612320591,129.121198775099,130.355741224901,0.6172712249010033,0.0,1.0,0.17363333333333333,0.06407591,0.17206440371140633,0.17520226295526034,0.0015689296219270066,0.02229,0.021383902466425485,0.023223949864508604
T-partitioned_horizontal_scan_traversal-W-20-HS-weighted-D-1-C-5-H-4-RUNS-100000.csv,partitioned_horizontal_scan_traversal,20,weighted,1,5,4,100000,2.0,402.0,132.78189,10131.453318027901,132.15802309859765,133.40575690140236,0.6238669014023515,0.0,1.0,0.98286,0.016846220399999997,0.9820555347099554,0.9836644652900445,0.0008044652900445204,0.0,1.0,0.324561325,0.06338700300174438,0.3230008522808168,0.3261217977191832,0.0015604727191831924,0.0,401.0,130.81617,10144.0946165311,130.19191401181195,131.44042598818805,0.6242559881880538,0.0,401.0,130.81617,10144.0946165311,130.19191401181195,131.44042598818805,0.6242559881880538,0.0,1.0,0.1866525,0.06081146924375,0.18512405850538272,0.18818094149461728,0.001528441494617283,0.01714,0.016344577248540902,0.017963603013661567
T-partitioned_horizontal_scan_traversal-W-20-HS-weighted-D-1-C-5-H-5-RUNS-100000.csv,partitioned_horizontal_scan_traversal,20,weighted,1,5,5,100000,2.0,402.0,132.66396,10242.1253771184,132.03669491370283,133.29122508629717,0.6272650862971716,0.0,1.0,0.98469,0.015075603899999996,0.9839289846260275,0.9854510153739724,0.0007610153739724401,0.0,1.0,0.324257275,0.06407777329707437,0.3226883225663742,0.3258262274336258,0.0015689524336258143,0.0,401.0,130.69458,10254.6076586236,130.06693279988383,131.32222720011617,0.6276472001161721,0.0,401.0,130.69458,10254.6076586236,130.06693279988383,131.32222720011617,0.6276472001161721,0.0,1.0,0.19490600000000002,0.058811251164,0.19340290551703623,0.19640909448296381,0.0015030944829637904,0.01531,0.014558081095575133,0.016090219086246086
T-partitioned_horizontal_scan_traversal-W-20-HS-weighted-D-10-C-5-H-1-RUNS-100000.csv,partitioned_horizontal_scan_traversal,20,weighted,10,5,1,100000,1.0,402.0,175.05942,10771.939829263601,174.4161355835239,175.70270441647608,0.6432844164760922,0.0,10.0,5.71046,9.1871865884,5.691673436717165,5.729246563282835,0.01878656328283501,0.0,1.0,0.804932475,0.05948770725287437,0.8034207608200618,0.8064441891799382,0.0015117141799382283,0.0,218.2,82.630836,1539.6994133411038,82.38763013522097,82.87404186477903,0.2432058647790285,0.0,2182.0,826.30836,153969.9413341104,823.8763013522098,828.7404186477902,2.4320586477901998,0.0,1.0,0.39731,0.2394547639,0.3942770321119434,0.40034296788805657,0.0030329678880565702,0.39731,0.39427510244785746,0.4003508547872909
T-partitioned_horizontal_scan_traversal-W-20-HS-weighted-D-10-C-5-H-2-RUNS-100000.csv,partitioned_horizontal_scan_traversal,20,weighted,10,5,2,100000,2.0,402.0,201.065,8276.759155,200.50112059826725,201.62887940173275,0.5638794017327484,0.0,10.0,6.40753,7.1747092991,6.39092808347105,6.4241319165289505,0.016601916528950156,0.0,1.0,0.8749272499999999,0.023345862957437503,0.8739802258865936,0.8758742741134062,0.0009470241134063029,0.0,227.0,92.230792,1123.7431768527358,92.0230187633164,92.43856523668359,0.20777323668359315,0.0,2270.0,922.30792,112374.31768527359,920.2301876331641,924.3856523668359,2.077732366835903,0.0,1.0,0.57379,0.1003000359,0.5718270618504053,0.5757529381495947,0.001962938149594695,0.28528,0.2824825890104515,0.2880898695622848
T-partitioned_horizontal_scan_traversal-W-20-HS-weighted-D-10-C-5-H-3-RUNS-100000.csv,partitioned_horizontal_scan_traversal,20,weighted,10,5,3,100000,2.0,402.0,212.66344,7066.8171473664,212.14240367925717,213.18447632074285,0.5210363207428372,0.0,10.0,6.69068,6.228081137600001,6.675212034232581,6.7061479657674194,0.015467965767419045,0.0,1.0,0.8958526250000001,0.014990105468109374,0.8950937706716452,0.8966114793283549,0.0007588543283548743,0.0,225.1,96.326755,964.118248469975,96.1343035343438,96.51920646565621,0.1924514656562053,0.0,2251.0,963.26755,96411.82484699751,961.3430353434379,965.1920646565621,1.9245146565621098,0.0,1.0,0.64603,0.06717968354444445,0.6444235210169307,0.6476364789830693,0.001606478983069315,0.23251,0.22989457170093208,0.2351409512394557
T-partitioned_horizontal_scan_traversal-W-20-HS-weighted-D-10-C-5-H-4-RUNS-100000.csv,partitioned_horizontal_scan_traversal,20,weighted,10,5,4,100000,2.0,402.0,218.33914,6388.8231040604005,217.8437280215764,218.83455197842358,0.49541197842358997,0.0,10.0,6.82595,5.7000365975,6.811152277001864,6.8407477229981355,0.014797722998135754,0.0,1.0,0.903492825,0.013007566361019376,0.9027859313238896,0.9041997186761105,0.0007068936761104316,0.0,219.8,98.170259,879.5595275729191,97.9864407234026,98.35407727659741,0.1838182765974068,0.0,2198.0,981.70259,87955.9527572919,979.8644072340259,983.5407727659741,1.8381827659741248,0.0,1.0,0.683685,0.053471070775,0.6822517712482327,0.6851182287517673,0.0014332287517673237,0.20168,0.1991967230203128,0.2041805913477308
T-partitioned_horizontal_scan_traversal-W-20-HS-weighted-D-10-C-5-H-5-RUNS-100000.csv,partitioned_horizontal_scan_traversal,20,weighted,10,5,5,100000,2.0,402.0,222.907,5967.871150999999,222.4281871575064,223.38581284249364,0.47881284249362466,0.0,10.0,6.92824,5.3793505024,6.913864565088311,6.942615434911689,0.014375434911689133,0.0,1.0,0.90860765,0.012145738736477502,0.9079245755536177,0.9092907244463823,0.0006830744463822702,0.0,221.8,99.62865099999999,841.798060620199,99.44882187472606,99.80848012527392,0.17982912527392614,0.0,2218.0,996.28651,84179.8060620199,994.4882187472607,998.0848012527393,1.7982912527393182,0.0,1.0,0.7095120000000001,0.04526952185600001,0.7081932604686217,0.7108307395313785,0.001318739531378399,0.17932,0.17694666737070333,0.18171194703391266
T-partitioned_horizontal_scan_traversal-W-20-HS-weighted-D-5-C-5-H-1-RUNS-100000.csv,partitioned_horizontal_scan_traversal,20,weighted,5,5,1,100000,1.0,402.0,177.66389,8068.9652600679,177.10713388693904,178.22064611306098,0.5567561130609704,0.0,5.0,3.30825,2.3836719375,3.2986807188801355,3.317819281119865,0.009569281119864659,0.0,1.0,0.7204507250000001,0.05305615815947438,0.7190230676980349,0.7218783823019652,0.0014276573019651462,0.0,248.0,93.390216,1684.9993130733442,93.13579325413983,93.64463874586016,0.2544227458601682,0.0,1240.0,466.95108,42124.9828268336,465.67896627069916,468.2231937293008,1.272113729300827,0.0,1.0,0.27153,0.19780145909999997,0.2687734186293915,0.27428658137060846,0.0027565813706084685,0.27153,0.2687751264993467,0.2742981303602227
T-partitioned_horizontal_scan_traversal-W-20-HS-weighted-D-5-C-5-H-2-RUNS-100000.csv,partitioned_horizontal_scan_traversal,20,weighted,5,5,2,100000,2.0,402.0,199.65288,6025.335207705601,199.17176745875918,200.13399254124084,0.481112541240833,0.0,5.0,3.63759,1.7006089919,3.6295072656215344,3.6456727343784654,0.008082734378465517,0.0,1.0,0.782469525,0.027810665383774375,0.7814359029600922,0.7835031470399078,0.0010336220399077556,0.0,248.0,103.061932,1280.151268427376,102.84017021084797,103.28369378915203,0.22176178915202627,0.0,1240.0,515.30966,32003.781710684405,514.2008510542399,516.4184689457601,1.1088089457600745,0.0,1.0,0.43283,0.1085081911,0.43078832160483155,0.43487167839516844,0.0020416783951684447,0.15887,0.15660922626323492,0.16115057791270992
T-partitioned_horizontal_scan_traversal-W-20-HS-weighted-D-5-C-5-H-3-RUNS-100000.csv,partitioned_horizontal_scan_traversal,20,weighted,5,5,3,100000,2.0,402.0,207.11692,5385.103209713599,206.66208582702663,207.57175417297336,0.4548341729733636,0.0,5.0,3.74206,1.4724469564000002,3.7345389945966603,3.7495810054033396,0.0075210054033396645,0.0,1.0,0.7976414749999999,0.023903635047324373,0.7966832046602846,0.7985997453397152,0.0009582703397152947,0.0,247.0,106.00125600000001,1187.554008022464,105.78766509482801,106.21484690517201,0.21359090517199775,0.0,1235.0,530.00628,29688.8502005616,528.93832547414,531.0742345258599,1.067954525859932,0.0,1.0,0.49683333333333335,0.08406775,0.4950362393780823,0.4986304272885844,0.0017970939552510723,0.11466,0.11269145921518496,0.11665092115717304
T-partitioned_horizontal_scan_traversal-W-20-HS-weighted-D-5-C-5-H-4-RUNS-100000.csv,partitioned_horizontal_scan_traversal,20,weighted,5,5,4,100000,2.0,402.0,211.13553,5117.7979216191,210.69212800975083,211.57893199024915,0.44340199024915705,0.0,5.0,3.79446,1.3393533084,3.787286953457875,3.801633046542125,0.007173046542125139,0.0,1.0,0.8045672,0.023186290184159998,0.803623417968112,0.8055109820318881,0.0009437820318880519,0.0,248.0,107.553448,1159.361416111296,107.34240765276438,107.76448834723563,0.21104034723562393,0.0,1240.0,537.76724,28984.035402782403,536.7120382638219,538.8224417361781,1.0552017361781054,0.0,1.0,0.5331575,0.07163245519374999,0.5314986352078234,0.5348163647921765,0.0016588647921765842,0.09064,0.08886748054296054,0.09243630361497425
T-partitioned_horizontal_scan_traversal-W-20-HS-weighted-D-5-C-5-H-5-RUNS-100000.csv,partitioned_horizontal_scan_traversal,20,weighted,5,5,5,100000,2.0,402.0,212.79933,5012.2289215511,212.36052504760053,213.23813495239946,0.43880495239946526,0.0,5.0,3.82677,1.2802413671,3.8197570297050025,3.833782970294997,0.007012970294997256,0.0,1.0,0.8062911749999999,0.023427930554619378,0.8053424878122577,0.8072398621877421,0.0009486871877422143,0.0,248.2,108.11378,1165.2118245116,107.90220784339513,108.32535215660488,0.21157215660487338,0.0,1241.0,540.5689,29130.29561279,539.5110392169756,541.6267607830243,1.0578607830243527,0.0,1.0,0.554318,0.06447595487600001,0.5527441803526082,0.5558918196473918,0.0015738196473917831,0.07632,0.07468169039416384,0.07798293318038131
T-random_walk-W-20-HS-greedy-D-1-C-5-H-1-RUNS-100000.csv,random_walk,20,greedy,1,5,1,100000,1.0,4001.0,320.54868,124464.4900902576,318.36203237148106,322.7353276285189,2.1866476285189265,0.0,1.0,0.97186,0.027348140400000012,0.9708350091895014,0.9728849908104985,0.0010249908104985606,0.0,0.9775,0.22392095,0.0311423451510975,0.22282716559193572,0.2250147344080643,0.0010937844080642911,0.0,4001.0,319.57682,124464.3812386876,317.39017332765775,321.76346667234225,2.186646672342249,0.0,4001.0,319.57682,124464.3812386876,317.39017332765775,321.76346667234225,2.186646672342249,0.0,1.0,0.02807,0.0272820751,0.027046247980689855,0.029093752019310148,0.0010237520193101465,0.02807,0.027054972292542046,0.029112522114624572
T-random_walk-W-20-HS-greedy-D-1-C-5-H-2-RUNS-100000.csv,random_walk,20,greedy,1,5,2,100000,1.0,4001.0,322.16719,121621.49549750389,320.0056601318205,324.3287198681795,2.161529868179514,0.0,1.0,0.99566,0.004321164400000002,0.9952525667519821,0.9960674332480178,0.0004074332480178411,0.0,0.955,0.22514965,0.031097699729877498,0.2240566498934936,0.2262426501065064,0.0010930001065063977,0.0,4001.0,321.17153,121623.85982745909,319.0099791217805,323.33308087821956,2.1615508782195434,0.0,4001.0,321.17153,121623.85982745909,319.0099791217805,323.33308087821956,2.1615508782195434,0.0,1.0,0.0948,0.04054796,0.09355192531018372,0.09604807468981627,0.0012480746898162753,0.00427,0.0038752942150012968,0.004693869100402568
T-random_walk-W-20-HS-greedy-D-1-C-5-H-3-RUNS-100000.csv,random_walk,20,greedy,1,5,3,100000,1.0,4001.0,324.61501,126103.5171326999,322.41401188228843,326.81600811771153,2.200998117711549,0.0,1.0,0.99903,0.0009690591,0.9988370560330417,0.9992229439669582,0.00019294396695823668,0.0,0.9675,0.22608752499999998,0.03148732222687438,0.22498769911802247,0.2271873508819775,0.0010998258819775175,0.0,4001.0,323.61598,126104.66830863961,321.41497183605674,325.8169881639432,2.201008163943243,0.0,4001.0,323.61598,126104.66830863961,321.41497183605674,325.8169881639432,2.201008163943243,0.0,1.0,0.11688666666666667,0.03362417382222222,0.11575013410595647,0.11802319922737686,0.0011365325607101961,0.00093,0.0007506936131194873,0.0011391935753593356
T-random_walk-W-20-HS-greedy-D-1-C-5-H-4-RUNS-100000.csv,random_walk,20,greedy,1,5,4,100000,1.0,4001.0,323.42991,123773.50962739189,321.24934054551204,325.610479454488,2.1805694544879657,0.0,1.0,0.99954,0.0004597883999999999,0.9994070969105912,0.9996729030894088,0.00013290308940883122,0.0,0.985,0.225872025,0.031406887009899374,0.22477360478379296,0.22697044521620705,0.0010984202162070411,0.0,4001.0,322.43037,123774.6842916631,320.2497901982618,324.6109498017382,2.1805798017381903,0.0,4001.0,322.43037,123774.6842916631,320.2497901982618,324.6109498017382,2.1805798017381903,0.0,1.0,0.1298325,0.028354146943750002,0.12878882720214085,0.13087617279785912,0.0010436727978591354,0.00037,0.0002605271060817524,0.0005099605611251579
T-random_walk-W-20-HS-greedy-D-1-C-5-H-5-RUNS-100000.csv,random_walk,20,greedy,1,5,5,100000,1.0,4001.0,324.91802,125062.9373392796,322.7261217813718,327.10991821862825,2.191898218628239,0.0,1.0,0.99982,0.00017996760000000002,0.9997368517268875,0.9999031482731126,8.314827311250994e-05,0.0,0.9575,0.22653987499999995,0.03151972422248438,0.22543948337619915,0.22764026662380074,0.001100391623800795,0.0,4001.0,323.9182,125063.67798876,321.7262952909362,326.1101047090638,2.191904709063806,0.0,4001.0,323.9182,125063.67798876,321.7262952909362,326.1101047090638,2.191904709063806,0.0,1.0,0.13900200000000001,0.024818843995999994,0.1380255571133188,0.13997844288668124,0.0009764428866812225,0.00011,5.491284166458405e-05,0.00019681184123233634
T-random_walk-W-20-HS-greedy-D-10-C-5-H-1-RUNS-100000.csv,random_walk,20,greedy,10,5,1,100000,1.0,4001.0,783.08595,295549.5056225975,779.7164055488913,786.4554944511087,3.369544451108709,0.0,10.0,8.62943,7.8417878751,8.612073441498676,8.646786558501322,0.017356558501322894,0.0,1.0,0.708551725,0.06249823368702438,0.7070022308421147,0.7101012191578853,0.0015494941578853005,0.0,1933.4,287.422161,30500.48991619008,286.33970692678474,288.5046150732153,1.082454073215274,0.0,19334.0,2874.22161,3050048.9916190077,2863.397069267847,2885.046150732153,10.824540732152855,0.0,1.0,0.24269,0.1837915639,0.24003283295241296,0.24534716704758702,0.0026571670475870335,0.24269,0.24003537368378305,0.24535955794124967
T-random_walk-W-20-HS-greedy-D-10-C-5-H-2-RUNS-100000.csv,random_walk,20,greedy,10,5,2,100000,1.0,4001.0,845.11667,268700.06251811114,841.9038236604289,848.3295163395711,3.212846339571115,0.0,10.0,9.32065,3.3241535774999997,9.309349527273904,9.331950472726097,0.0113004727260968,0.0,1.0,0.7491095999999999,0.04315203493784,0.7478220719132491,0.7503971280867507,0.001287528086750811,0.0,1817.0,304.161564,28142.693623473908,303.1217901215825,305.2013378784175,1.0397738784175203,0.0,18170.0,3041.61564,2814269.362347391,3031.217901215825,3052.013378784175,10.39773878417509,0.0,1.0,0.47713,0.09321196309999999,0.47523769168092256,0.47902230831907744,0.0018923083190774403,0.1646,0.16230643246443277,0.16691303825362339
T-random_walk-W-20-HS-greedy-D-10-C-5-H-3-RUNS-100000.csv,random_walk,20,greedy,10,5,3,100000,1.0,4001.0,876.58966,254405.4493210844,873.4634418788321,879.7158781211679,3.126218121167881,0.0,10.0,9.58584,1.8189514944,9.577480763156311,9.594199236843687,0.008359236843688223,0.0,1.0,0.7640154499999999,0.0385704625362975,0.762798189596966,0.7652327104030339,0.0012172604030339373,0.0,1656.6,311.656881,27477.47985645184,310.6294692684311,312.6842927315689,1.0274117315689182,0.0,16566.0,3116.56881,2747747.985645184,3106.294692684311,3126.8429273156894,10.274117315689182,0.0,1.0,0.5574966666666668,0.06425413332222223,0.5559255566177821,0.5590677767155514,0.0015711100488846608,0.11851,0.11651283813091251,0.12052931758200075
T-random_walk-W-20-HS-greedy-D-10-C-5-H-4-RUNS-100000.csv,random_walk,20,greedy,10,5,4,100000,1.0,4001.0,895.01751,254315.0601433999,891.8918472941937,898.1431727058064,3.1256627058063486,0.0,10.0,9.72081,1.1376429439000002,9.714199123255357,9.727420876744644,0.006610876744643335,0.0,1.0,0.769195,0.037491747974999996,0.767994882093206,0.7703951179067939,0.0012001179067939738,0.0,1865.6,314.98309200000006,27663.840464719535,313.95220204695335,316.01398195304677,1.0308899530467102,0.0,18656.0,3149.83092,2766384.046471953,3139.522020469533,3160.139819530467,10.308899530466988,0.0,1.0,0.599465,0.05056546377500001,0.5980712558138667,0.6008587441861334,0.001393744186133361,0.08931,0.08754933109325638,0.09109453092971598
T-random_walk-W-20-HS-greedy-D-10-C-5-H-5-RUNS-100000.csv,random_walk,20,greedy,10,5,5,100000,1.0,4001.0,904.66128,249509.8074487616,901.5652876287318,907.7572723712683,3.0959923712682667,0.0,10.0,9.79968,0.7643318976,9.794261275594922,9.80509872440508,0.005418724405078734,0.0,1.0,0.7726223249999999,0.03685489897409438,0.7714324435777612,0.7738122064222387,0.0011898814222387477,0.0,1554.0,316.777515,27349.36690572477,315.7525012054341,317.8025287945659,1.0250137945658935,0.0,15540.0,3167.77515,2734936.6905724774,3157.5250120543415,3178.0252879456584,10.25013794565848,0.0,1.0,0.6254139999999999,0.04247452860400001,0.6241366192850792,0.6266913807149206,0.0012773807149206728,0.06916,0.06759493064571495,0.07075011371064381
T-random_walk-W-20-HS-greedy-D-5-C-5-H-1-RUNS-100000.csv,random_walk,20,greedy,5,5,1,100000,1.0,4001.0,666.28034,229175.7393894844,663.31318391978,669.24749608022,2.9671560802199792,0.0,5.0,4.60031,1.3139779039000004,4.593205228704862,4.607414771295138,0.007104771295137979,0.0,1.0,0.5724443,0.05755271802251,0.57095737524886,0.57393122475114,0.0014869247511399841,0.0,1928.8,304.269834,39409.911339612445,303.03939864858063,305.5002693514194,1.2304353514193735,0.0,9644.0,1521.34917,985247.7834903111,1515.196993242903,1527.5013467570968,6.152176757096868,0.0,1.0,0.13207,0.11462751510000002,0.12997154089387436,0.13416845910612563,0.002098459106125633,0.13207,0.12997727141260046,0.13418409358775876
T-random_walk-W-20-HS-greedy-D-5-C-5-H-2-RUNS-100000.csv,random_walk,20,greedy,5,5,2,100000,1.0,4001.0,700.3896,218968.09255184003,697.4892761829975,703.2899238170024,2.900323817002459,0.0,5.0,4.85711,0.3947124478999999,4.853215995197932,4.8610040048020675,0.0038940048020679185,0.0,0.9975,0.59404545,0.0514844718342975,0.5926390974588545,0.5954518025411455,0.0014063525411455169,0.0,2169.4,316.067542,38036.857628078236,314.8587310459463,317.2763529540537,1.2088109540537175,0.0,10847.0,1580.33771,950921.4407019559,1574.2936552297315,1586.3817647702685,6.044054770268531,0.0,1.0,0.322185,0.088649325775,0.32033958609006746,0.32403041390993254,0.0018454139099325362,0.06272,0.061224951708679004,0.06424047194515957
T-random_walk-W-20-HS-greedy-D-5-C-5-H-3-RUNS-100000.csv,random_walk,20,greedy,5,5,3,100000,1.0,4001.0,714.58883,219162.9479292311,711.6872159995428,717.4904440004573,2.9016140004572435,0.0,5.0,4.9328,0.16690415999999997,4.930267848699118,4.935332151300883,0.002532151300882468,0.0,1.0,0.6002929,0.05062647058459001,0.5988983152969513,0.6016874847030488,0.0013945847030487624,0.0,1752.4,320.301618,38353.44151978208,319.08778695350964,321.5154490464904,1.2138310464903839,0.0,8762.0,1601.50809,958836.037994552,1595.438934767548,1607.577245232452,6.069155232451976,0.0,1.0,0.39163,0.06722927643333333,0.3900229281648094,0.3932370718351906,0.0016070718351905988,0.03394,0.032826241549884505,0.03508089559721831
T-random_walk-W-20-HS-greedy-D-5-C-5-H-4-RUNS-100000.csv,random_walk,20,greedy,5,5,4,100000,1.0,4001.0,720.04436,221143.2527921904,717.1296663284,722.9590536715999,2.9146936715999345,0.0,5.0,4.96604,0.07670671840000001,4.964323385513851,4.967756614486148,0.001716614486148238,0.0,0.9975,0.6009085000000001,0.051488407627750005,0.5995020937047114,0.6023149062952887,0.0014064062952886536,0.0,2019.2,322.495004,39259.28752783999,321.26692224796983,323.72308575203016,1.228081752030164,0.0,10096.0,1612.47502,981482.1881959996,1606.3346112398492,1618.615428760151,6.140408760150876,0.0,1.0,0.4253025,0.053977158493749997,0.42386250468032155,0.4267424953196785,0.0014399953196784776,0.01864,0.01781071063111678,0.019497372879537483
T-random_walk-W-20-HS-greedy-D-5-C-5-H-5-RUNS-100000.csv,random_walk,20,greedy,5,5,5,100000,1.0,4001.0,719.79943,222921.3734616751,716.873041870769,722.725818129231,2.926388129230986,0.0,5.0,4.97817,0.04673345109999999,4.9768301073709225,4.979509892629078,0.0013398926290779656,0.0,0.9975,0.6009030249999999,0.051354407608349376,0.5994984500028273,0.6023075999971725,0.001404574997172614,0.0,2230.6,321.578424,38841.83038487622,320.35688900006534,322.79995899993463,1.2215349999346472,0.0,11153.0,1607.89212,971045.7596219055,1601.7844450003265,1613.9997949996734,6.107674999673463,0.0,1.0,0.44708800000000004,0.046149920255999996,0.4457564988409489,0.44841950115905116,0.0013315011590511183,0.01249,0.01181083237417151,0.01319765823606545
T-random_walk-W-20-HS-random-D-1-C-5-H-1-RUNS-100000.csv,random_walk,20,random,1,5,1,100000,1.0,4001.0,296.34633,107397.8073255311,294.31512489804265,298.3775351019574,2.0312051019573687,0.0,1.0,0.86057,0.1199892751,0.8584230235231279,0.862716976476872,0.002146976476872009,0.0,0.965,0.21072885000000002,0.028396788902677498,0.20968439270432668,0.21177330729567337,0.0010444572956733456,0.0,4001.0,295.48576,107394.1720772224,293.45458927489625,297.5169307251038,2.0311707251037774,0.0,4001.0,295.48576,107394.1720772224,293.45458927489625,297.5169307251038,2.0311707251037774,0.0,1.0,0.13938,0.11995321559999998,0.13723334615494495,0.14152665384505506,0.002146653845055052,0.13938,0.13723886614416572,0.1415420729000436
T-random_walk-W-20-HS-random-D-1-C-5-H-2-RUNS-100000.csv,random_walk,20,random,1,5,2,100000,1.0,4001.0,319.02994,119603.8953435964,316.8864141094357,321.17346589056433,2.1435258905643195,0.0,1.0,0.9794,0.02017564,0.9785196208849365,0.9802803791150636,0.0008803791150635565,0.0,0.965,0.224127175,0.03063594898901937,0.2230423198869263,0.22521203011307372,0.0010848551130737127,0.0,4001.0,318.05054,119612.93308570841,315.9069331243298,320.19414687567024,2.14360687567023,0.0,4001.0,318.05054,119612.93308570841,315.9069331243298,320.19414687567024,2.14360687567023,0.0,1.0,0.138145,0.060248458974999995,0.13662365033605564,0.13966634966394434,0.0015213496639443491,0.02052,0.01965023972788444,0.021417724060634413
T-random_walk-W-20-HS-random-D-1-C-5-H-3-RUNS-100000.csv,random_walk,20,random,1,5,3,100000,1.0,4001.0,324.079,122593.93547900002,321.9088459443253,326.2491540556747,2.1701540556746863,0.0,1.0,0.99641,0.0035771119,0.9960393002147959,0.9967806997852041,0.0003706997852040983,0.0,0.9675,0.22660050000000004,0.03139977114975,0.22550220422540707,0.227698795774593,0.0010982957745929722,0.0,4001.0,323.08259,122597.1343688919,320.91240763118503,325.25277236881493,2.170182368814949,0.0,4001.0,323.08259,122597.1343688919,320.91240763118503,325.25277236881493,2.170182368814949,0.0,1.0,0.13777666666666663,0.04015425678888889,0.13653466589017654,0.13901866744315672,0.0012420007764900876,0.00358,0.0032192837904759055,0.0039699627436664475
T-random_walk-W-20-HS-random-D-1-C-5-H-4-RUNS-100000.csv,random_walk,20,random,1,5,4,100000,1.0,4001.0,324.70203,124018.24034387911,322.5193058486124,326.88475415138754,2.1827241513875606,0.0,1.0,0.99917,0.0008293111000000001,0.9989915096214985,0.9993484903785015,0.00017849037850148353,0.0,0.98,0.22680635,0.0316885180996775,0.2257030159112865,0.22790968408871348,0.0011033340887134924,0.0,4001.0,323.70286,124019.49438782039,321.52012481303785,325.8855951869621,2.182735186962134,0.0,4001.0,323.70286,124019.49438782039,321.52012481303785,325.8855951869621,2.182735186962134,0.0,1.0,0.1386675,0.03065694944375,0.13758227312518023,0.13975272687481977,0.0010852268748197669,0.00078,0.0006166049470072857,0.0009733811171316681
T-random_walk-W-20-HS-random-D-1-C-5-H-5-RUNS-100000.csv,random_walk,20,random,1,5,5,100000,1.0,4001.0,324.5716,123812.98499344,322.39068284625296,326.752517153747,2.180917153747032,0.0,1.0,0.99981,0.00018996389999999998,0.999724573697362,0.999895426302638,8.54263026379698e-05,0.0,0.9575,0.22672477500000002,0.03162189658869937,0.22562260133884154,0.2278269486611585,0.0011021736611584732,0.0,4001.0,323.57179,123813.50394619591,321.3908682756832,325.75271172431684,2.1809217243168177,0.0,4001.0,323.57179,123813.50394619591,321.3908682756832,325.75271172431684,2.1809217243168177,0.0,1.0,0.13879,0.0247033359,0.13781583196935313,0.13976416803064687,0.0009741680306468714,0.00014,7.654134879669771e-05,0.00023488506582799976
T-random_walk-W-20-HS-random-D-10-C-5-H-1-RUNS-100000.csv,random_walk,20,random,10,5,1,100000,1.0,4001.0,474.00399,225181.1123140799,471.06280697090136,476.9451730290986,2.9411830290986245,0.0,10.0,5.99362,15.071099295599998,5.9695581764918,6.0176818235082,0.024061823508199964,0.0,1.0,0.5586992749999999,0.08114658130197437,0.5569336796139341,0.5604648703860657,0.0017655953860657991,0.0,1411.5,204.51645900000003,24739.907900001315,203.5415701335714,205.49134786642864,0.9748888664286142,0.0,14115.0,2045.16459,2473990.790000132,2035.415701335714,2054.9134786642862,9.748888664286142,0.0,1.0,0.62552,0.23424472959999998,0.6225202090852338,0.6285197909147662,0.0029997909147662094,0.62552,0.6225116584393603,0.6285210597398255
T-random_walk-W-20-HS-random-D-10-C-5-H-2-RUNS-100000.csv,random_walk,20,random,10,5,2,100000,1.0,4001.0,689.8894,249121.21068764,686.795819480638,692.9829805193621,3.0935805193620354,0.0,10.0,8.18644,7.880200126400001,8.169040983704363,8.203839016295635,0.017399016295636116,0.0,1.0,0.6969786749999999,0.04952162828274437,0.6955993915367082,0.6983579584632915,0.0013792834632916362,0.0,1677.0,268.29334200000005,25241.39296627104,267.3086220640831,269.278061935917,0.9847199359169281,0.0,16770.0,2682.93342,2524139.2966271034,2673.0862206408306,2692.780619359169,9.84719935916928,0.0,1.0,0.62589,0.1141717079,0.6237957172276203,0.6279842827723796,0.002094282772379663,0.38593,0.38291109429551395,0.38895552318922644
T-random_walk-W-20-HS-random-D-10-C-5-H-3-RUNS-100000.csv,random_walk,20,random,10,5,3,100000,1.0,4001.0,806.44342,251151.6983387036,803.3372577950629,809.549582204937,3.10616220493705,0.0,10.0,9.10735,3.8505059775,9.095187720705738,9.119512279294263,0.01216227929426239,0.0,1.0,0.7455057999999999,0.039892542041359995,0.7442678533553254,0.7467437466446744,0.0012379466446744702,0.0,1802.7,296.904078,26252.433999969915,295.8998302693365,297.90832573066353,1.0042477306635078,0.0,18027.0,2969.04078,2625243.3999969917,2958.9983026933646,2979.083257306635,10.042477306635192,0.0,1.0,0.6256766666666667,0.0742898199,0.6239873124346365,0.6273660208986969,0.0016893542320302046,0.23217,0.22955591710132853,0.2347996255902605
T-random_walk-W-20-HS-random-D-10-C-5-H-4-RUNS-100000.csv,random_walk,20,random,10,5,4,100000,1.0,4001.0,869.46544,249718.30544560638,866.3681543460767,872.5627256539232,3.0972856539232225,0.0,10.0,9.55607,1.8276961550999997,9.547690693614964,9.564449306385036,0.008379306385036145,0.0,1.0,0.7646977250000001,0.03727690344232437,0.7635010506405187,0.7658943993594816,0.0011966743594814533,0.0,1613.2,310.096839,26813.869841708078,309.0819096311082,311.1117683688918,1.014929368891785,0.0,16132.0,3100.96839,2681386.9841708075,3090.8190963110824,3111.1176836889176,10.149293688917624,0.0,1.0,0.6263875,0.05414182484375,0.624945309879663,0.627829690120337,0.0014421901203369725,0.13415,0.1320432872448542,0.13627795653365166
T-random_walk-W-20-HS-random-D-10-C-5-H-5-RUNS-100000.csv,random_walk,20,random,10,5,5,100000,1.0,4001.0,906.42537,251891.47503036307,903.3146365005234,909.5361034994767,3.1107334994766234,0.0,10.0,9.80716,0.7252127344000002,9.801881764271585,9.812438235728415,0.005278235728415126,0.0,1.0,0.7725462750000001,0.03707872667112438,0.7713527858447088,0.7737397641552913,0.0011934891552912719,0.0,1587.9,316.6456,27619.25623764,315.6155410950702,317.6756589049298,1.0300589049297741,0.0,15879.0,3166.456,2761925.6237640004,3156.155410950702,3176.7565890492983,10.300589049298196,0.0,1.0,0.62465,0.042235177500000005,0.6233762234972964,0.6259237765027037,0.0012737765027036607,0.06779,0.06623947865104386,0.06936564632181401
T-random_walk-W-20-HS-random-D-5-C-5-H-1-RUNS-100000.csv,random_walk,20,random,5,5,1,100000,1.0,4001.0,484.59929,191103.9530214959,481.88977907378586,487.30880092621413,2.7095109262141364,0.0,5.0,3.50913,3.6446166431,3.497297350551912,3.5209626494480877,0.011832649448087817,0.0,0.9975,0.4782313,0.06422376832531,0.47666056122987144,0.4798020387701286,0.001570738770128588,0.0,1849.2,240.24356,33846.5225409264,239.10327582053762,241.3838441794624,1.140284179462384,0.0,9246.0,1201.2178,846163.06352316,1195.516379102688,1206.9192208973118,5.701420897311891,0.0,1.0,0.45009,0.2475089919,0.4470064459737455,0.4531735540262545,0.003083554026254487,0.45009,0.44700298753287565,0.45317990773419486
T-random_walk-W-20-HS-random-D-5-C-5-H-2-RUNS-100000.csv,random_walk,20,random,5,5,2,100000,1.0,4001.0,633.65115,202157.6781336775,630.8643795819025,636.4379204180975,2.7867704180974897,0.0,5.0,4.51029,1.2990741159,4.50322563652999,4.517354363470011,0.007064363470010271,0.0,0.9975,0.56826625,0.0516689549859375,0.5668573800362561,0.5696751199637439,0.0014088699637438973,0.0,2338.2,295.59071600000004,35320.29948660734,294.42587067761707,296.755561322383,1.1648453223829733,0.0,11691.0,1477.95358,883007.4871651835,1472.1293533880853,1483.777806611915,5.82422661191481,0.0,1.0,0.44721,0.1220832159,0.44504437103316047,0.4493756289668395,0.002165628966839528,0.19695,0.1944889262883064,0.19942866302501489
T-random_walk-W-20-HS-random-D-5-C-5-H-3-RUNS-100000.csv,random_walk,20,random,5,5,3,100000,1.0,4001.0,692.40477,213156.0161712471,689.5431967408932,695.2663432591067,2.8615732591067626,0.0,5.0,4.8278,0.42844716000000005,4.823743002822461,4.831856997177539,0.004056997177539046,0.0,0.9975,0.592457675,0.05042739764609437,0.5910658348841921,0.593849515115808,0.0013918401158079519,0.0,1870.0,314.271398,37457.0118067256,313.0718361776802,315.47095982231974,1.1995618223197653,0.0,9350.0,1571.35699,936425.29516814,1565.3591808884012,1577.3547991115988,5.997809111598826,0.0,1.0,0.44669333333333333,0.07935839928888888,0.44494730003838107,0.4484393666282856,0.001746033294952265,0.08282,0.08111889972963941,0.0845453425187034
T-random_walk-W-20-HS-random-D-5-C-5-H-4-RUNS-100000.csv,random_walk,20,random,5,5,4,100000,1.0,4001.0,711.58437,216186.93042170312,708.7025238696384,714.4662161303617,2.881846130361623,0.0,5.0,4.93359,0.15611971190000004,4.931141021671727,4.9360389783282725,0.002448978328272844,0.0,0.9975,0.599583425,0.050715579027769374,0.5981876135213501,0.6009792364786498,0.0013958114786498665,0.0,1862.0,319.776754,38025.389564023484,318.56812528716404,320.98538271283593,1.2086287128359459,0.0,9310.0,1598.88377,950634.7391005872,1592.84062643582,1604.9269135641798,6.0431435641799,0.0,1.0,0.4490225,0.05887191949375,0.44751863043807916,0.4505263695619208,0.0015038695619208342,0.03516,0.03402693472751813,0.03632012871048109
T-random_walk-W-20-HS-random-D-5-C-5-H-5-RUNS-100000.csv,random_walk,20,random,5,5,5,100000,1.0,4001.0,720.79681,222319.7382238239,717.8743735056333,723.7192464943668,2.922436494366707,0.0,5.0,4.98002,0.04176079960000001,4.97875339711139,4.981286602888609,0.0012666028886094693,0.0,1.0,0.601228325,0.051619245280194376,0.5998201329226597,0.6026365170773403,0.0014081920773403311,0.0,1980.6,322.702148,39262.0144337861,321.47402359812196,323.9302724018781,1.2281244018780626,0.0,9903.0,1613.51074,981550.3608446524,1607.3701179906097,1619.6513620093901,6.140622009390199,0.0,1.0,0.447686,0.045816845403999995,0.44635931242071086,0.4490126875792891,0.0013266875792891097,0.01182,0.011159342336478213,0.012509194885912353
T-random_walk-W-20-HS-weighted-D-1-C-5-H-1-RUNS-100000.csv,random_walk,20,weighted,1,5,1,100000,1.0,4001.0,314.20175,116788.7895869375,312.08360030255847,316.31989969744154,2.118149697441538,0.0,1.0,0.94216,0.05449453440000001,0.9407131198966361,0.9436068801033639,0.0014468801033639123,0.0,0.9625,0.22098027500000003,0.030332054623424375,0.21990081392593877,0.2220597360740613,0.001079461074061261,0.0,4001.0,313.25959,116786.14432303188,311.14146429071985,315.37771570928015,2.11812570928015,0.0,4001.0,313.25959,116786.14432303188,311.14146429071985,315.37771570928015,2.11812570928015,0.0,1.0,0.05782,0.05447684760000001,0.05637335471610986,0.05926664528389015,0.001446645283890144,0.05782,0.05638122171035924,0.059284491200649686
T-random_walk-W-20-HS-weighted-D-1-C-5-H-2-RUNS-100000.csv,random_walk,20,weighted,1,5,2,100000,1.0,4001.0,320.63788,121649.4904691056,318.4761013744555,322.7996586255445,2.161778625544514,0.0,1.0,0.99256,0.007384646399999999,0.992027375764631,0.993092624235369,0.0005326242353690391,0.0,0.945,0.22469057500000003,0.031156106568669375,0.2235965489537187,0.22578460104628137,0.0010940260462813378,0.0,4001.0,319.64532,121653.17580209758,317.4835086295023,321.80713137049776,2.1618113704977304,0.0,4001.0,319.64532,121653.17580209758,317.4835086295023,321.80713137049776,2.1618113704977304,0.0,1.0,0.10301,0.044573939900000005,0.10170143113471304,0.10431856886528697,0.0013085688652869631,0.00736,0.006839563776123089,0.007909308137187175
T-random_walk-W-20-HS-weighted-D-1-C-5-H-3-RUNS-100000.csv,random_walk,20,weighted,1,5,3,100000,1.0,4001.0,323.68058,124161.79461086361,321.49659293461457,325.8645670653855,2.183987065385452,0.0,1.0,0.99842,0.0015775036000000005,0.9981738265280384,0.9986661734719615,0.0002461734719615416,0.0,0.975,0.225720325,0.031398270944394374,0.22462205546268238,0.22681859453731762,0.00109826953731762,0.0,4001.0,322.68216,124163.3717777344,320.49815906359606,324.86616093640396,2.1840009364039474,0.0,4001.0,322.68216,124163.3717777344,320.49815906359606,324.86616093640396,2.1840009364039474,0.0,1.0,0.12250666666666664,0.03517433884444444,0.12134423068948416,0.12366910264384912,0.0011624359771824772,0.00156,0.001324954473591367,0.0018246711083169142
T-random_walk-W-20-HS-weighted-D-1-C-5-H-4-RUNS-100000.csv,random_walk,20,weighted,1,5,4,100000,1.0,4001.0,322.23576,123263.3700172224,320.0596888562684,324.41183114373166,2.176071143731633,0.0,1.0,0.99953,0.00046977909999999985,0.9993956607506884,0.9996643392493116,0.00013433924931161023,0.0,0.995,0.225450625,0.03136650387460937,0.224352911188095,0.22654833881190498,0.0010977138119049878,0.0,4001.0,321.23623,123264.30126538711,319.06015063623335,323.4123093637666,2.1760793637666325,0.0,4001.0,321.23623,123264.30126538711,319.06015063623335,323.4123093637666,2.1760793637666325,0.0,1.0,0.1320875,0.02900601734375,0.13103189819899855,0.13314310180100145,0.001055601801001449,0.00041,0.00029423864189132156,0.0005561706313470228
T-random_walk-W-20-HS-weighted-D-1-C-5-H-5-RUNS-100000.csv,random_walk,20,weighted,1,5,5,100000,1.0,4001.0,322.90915,124395.4955162775,320.7231085192057,325.0951914807943,2.1860414807943016,0.0,1.0,0.99989,0.0001099879,0.9998249977295288,0.9999550022704711,6.500227047112617e-05,0.0,0.97,0.22550355,0.0314223361873975,0.22440485965828624,0.22660224034171375,0.001098690341713754,0.0,4001.0,321.90926,124396.0554862524,319.7232135989463,324.09530640105373,2.1860464010537157,0.0,4001.0,321.90926,124396.0554862524,319.7232135989463,324.09530640105373,2.1860464010537157,0.0,1.0,0.138332,0.024746657776000002,0.1373569781514639,0.13930702184853613,0.0009750218485361228,4e-05,1.0898757830542253e-05,0.00010241269055198558
T-random_walk-W-20-HS-weighted-D-10-C-5-H-1-RUNS-100000.csv,random_walk,20,weighted,10,5,1,100000,1.0,4001.0,702.69138,289933.8893736956,699.354000744629,706.0287592553709,3.3373792553709336,0.0,10.0,7.96016,10.992972774399998,7.939609913817666,7.980710086182334,0.020550086182334226,0.0,1.0,0.670901125,0.07126081841123438,0.6692465689870207,0.6725556810129792,0.001654556012979258,0.0,1535.4,265.95457899999997,30019.50115263276,264.8806939240819,267.028464075918,1.0738850759180423,0.0,15354.0,2659.54579,3001950.1152632763,2648.8069392408197,2670.2846407591805,10.738850759180423,0.0,1.0,0.34085,0.2246712775,0.33791214843866474,0.34378785156133523,0.0029378515613352474,0.34085,0.337911852592626,0.34379738064204535
T-random_walk-W-20-HS-weighted-D-10-C-5-H-2-RUNS-100000.csv,random_walk,20,weighted,10,5,2,100000,1.0,4001.0,819.88215,268791.0083213775,816.668759986996,823.0955400130041,3.213390013004073,0.0,10.0,9.13002,4.271714799600001,9.117209762073191,9.142830237926809,0.01281023792680891,0.0,1.0,0.740716275,0.04455375663762438,0.7394080024309262,0.7420245475690739,0.0013082725690738428,0.0,1519.7,297.97635299999996,27747.53647351939,296.9439047634444,299.00880123655554,1.032448236555581,0.0,15197.0,2979.76353,2774753.6473519397,2969.4390476344443,2990.088012365556,10.324482365555923,0.0,1.0,0.50404,0.09861867839999999,0.5020935840245687,0.5059864159754314,0.001946415975431326,0.20131,0.19882844031977262,0.20380889555448042
T-random_walk-W-20-HS-weighted-D-10-C-5-H-3-RUNS-100000.csv,random_walk,20,weighted,10,5,3,100000,1.0,4001.0,868.17352,257651.45181080958,865.0274211184066,871.3196188815936,3.1460988815935025,0.0,10.0,9.52631,2.0858877839,9.517358381983893,9.535261618016108,0.008951618016107332,0.0,1.0,0.7616954499999999,0.0383334680742975,0.760481935060025,0.7629089649399748,0.0012135149399749023,0.0,1518.6,309.948108,27379.359880620337,308.9225323132884,310.9736836867116,1.0255756867115906,0.0,15186.0,3099.48108,2737935.988062034,3089.225323132884,3109.736836867116,10.255756867115906,0.0,1.0,0.56734,0.06623199106666668,0.5657448924271958,0.5689351075728041,0.001595107572804122,0.13331,0.131208914122777,0.13543237860868482
T-random_walk-W-20-HS-weighted-D-10-C-5-H-4-RUNS-100000.csv,random_walk,20,weighted,10,5,4,100000,1.0,4001.0,891.9289,251010.94860479003,888.8236082904175,895.0341917095825,3.1052917095825023,0.0,10.0,9.70884,1.1835658544,9.702097013579827,9.715582986420173,0.006742986420173125,0.0,1.0,0.769256225,0.03737615023624938,0.7680579586742294,0.7704544913257706,0.0011982663257705806,0.0,1622.0,314.230698,27372.459368632793,313.2052515610743,315.25614443892573,1.0254464389257123,0.0,16220.0,3142.30698,2737245.93686328,3132.052515610743,3152.561444389257,10.25446438925701,0.0,1.0,0.60412,0.050570275600000006,0.6027261895008827,0.6055138104991172,0.0013938104991172429,0.09314,0.09134551678636772,0.0949581210557332
T-random_walk-W-20-HS-weighted-D-10-C-5-H-5-RUNS-100000.csv,random_walk,20,weighted,10,5,5,100000,1.0,4001.0,906.94247,249496.87318029912,903.8465578759088,910.0383821240911,3.0959121240911145,0.0,10.0,9.80651,0.7340516198999999,9.80119969614522,9.811820303854779,0.005310303854779264,0.0,1.0,0.773436175,0.036642203263869376,0.7722497320470584,0.7746226179529415,0.0011864429529415688,0.0,2074.1,317.376666,27417.307488124447,316.3503798389008,318.4029521610992,1.0262861610992218,0.0,20741.0,3173.76666,2741730.7488124445,3163.5037983890074,3184.029521610992,10.262861610992331,0.0,1.0,0.6248179999999999,0.042068466876,0.6235467399072147,0.6260892600927851,0.0012712600927852202,0.06745,0.06590311726237572,0.06902202772322305
T-random_walk-W-20-HS-weighted-D-5-C-5-H-1-RUNS-100000.csv,random_walk,20,weighted,5,5,1,100000,1.0,4001.0,617.08816,223351.9150878144,614.1589472781218,620.0173727218782,2.92921272187823,0.0,5.0,4.31671,2.1430247759,4.307636608142983,4.3257833918570165,0.009073391857016944,0.0,0.995,0.548126875,0.06104166371523438,0.5465955433725318,0.5496582066274682,0.0015313316274682132,0.0,2261.6,287.359302,38680.04974407279,286.14031357061754,288.5782904293825,1.2189884293824775,0.0,11308.0,1436.79651,967001.2436018197,1430.7015678530877,1442.8914521469121,6.094942146912217,0.0,1.0,0.2151,0.16883198999999993,0.21255326685185905,0.21764673314814098,0.002546733148140967,0.2151,0.21255660389434364,0.21765993055257687
T-random_walk-W-20-HS-weighted-D-5-C-5-H-2-RUNS-100000.csv,random_walk,20,weighted,5,5,2,100000,1.0,4001.0,690.25278,218146.77652227163,687.3579006299952,693.1476593700048,2.8948793700047872,0.0,5.0,4.8017,0.55645711,4.797076488743633,4.806323511256368,0.004623511256367507,0.0,0.9975,0.5894266499999999,0.0515832223947775,0.588018949367224,0.5908343506327759,0.0014077006327759545,0.0,1831.0,312.82782799999995,38037.04864960241,311.61901401061897,314.03664198938094,1.2088139893809853,0.0,9155.0,1564.13914,950926.2162400604,1558.0950700530952,1570.1832099469048,6.044069946904756,0.0,1.0,0.34595,0.0952585975,0.34403702998414504,0.3478629700158549,0.0019129700158549423,0.08393,0.08221849935959387,0.08566567782416099
T-random_walk-W-20-HS-weighted-D-5-C-5-H-3-RUNS-100000.csv,random_walk,20,weighted,5,5,3,100000,1.0,4001.0,709.61032,218442.46446949762,706.7134793562883,712.5071606437117,2.8968406437116982,0.0,5.0,4.9194,0.20210363999999997,4.916613602068218,4.922186397931783,0.0027863979317821475,0.0,0.9975,0.597558825,0.05091216460211937,0.5961603108901838,0.5989573391098162,0.0013985141098161735,0.0,1932.0,318.935748,38169.547467680495,317.7248304406598,320.1466655593402,1.2109175593402028,0.0,9660.0,1594.67874,954238.6866920124,1588.624152203299,1600.7333277967011,6.054587796701071,0.0,1.0,0.40143,0.06895506621111111,0.39980243192966747,0.40305756807033255,0.0016275680703325413,0.04015,0.03894162790907554,0.04138513549262532
T-random_walk-W-20-HS-weighted-D-5-C-5-H-4-RUNS-100000.csv,random_walk,20,weighted,5,5,4,100000,1.0,4001.0,717.78407,221182.06404423507,714.8691205712238,720.6990194287763,2.9149494287762536,0.0,5.0,4.96075,0.08876943750000002,4.958903336329755,4.9625966636702445,0.0018466636702445527,0.0,0.9975,0.59996755,0.051226778446997495,0.5985647214570841,0.601370378542916,0.001402828542915957,0.0,2020.6,321.120456,38644.37179755206,319.902029889407,322.338882110593,1.2184261105929863,0.0,10103.0,1605.60228,966109.2949388016,1599.510149447035,1611.694410552965,6.092130552965045,0.0,1.0,0.4289725,0.055114469243750006,0.427517413249848,0.43042758675015197,0.0014550867501519904,0.02151,0.020619718508222352,0.022428182805318442
T-random_walk-W-20-HS-weighted-D-5-C-5-H-5-RUNS-100000.csv,random_walk,20,weighted,5,5,5,100000,1.0,4001.0,721.96906,223221.20072271637,719.0407045490747,724.8974154509253,2.9283554509253236,0.0,5.0,4.97858,0.046261183600000005,4.977246894741898,4.979913105258102,0.0013331052581015967,0.0,0.9975,0.6010982,0.051465256956760005,0.5996921099206485,0.6025042900793516,0.0014060900793515518,0.0,2706.2,322.682264,39145.810612634305,321.45595838536104,323.9085696146389,1.2263056146389317,0.0,13531.0,1613.41132,978645.2653158576,1607.2797919268053,1619.5428480731946,6.131528073194659,0.0,1.0,0.448278,0.046006434716,0.44694857034934155,0.4496074296506585,0.0013294296506584646,0.01242,0.011742741772186404,0.01312575367822493
T-shared_list-W-20-HS-greedy-D-1-C-5-H-1-RUNS-100000.csv,shared_list,20,greedy,1,5,1,100000,1.0,138.0,25.03337,195.49527644309998,24.946708898346273,25.12003110165373,0.08666110165372842,0.0,1.0,0.96682,0.0320790876,0.9657098872898477,0.9679301127101523,0.0011101127101522668,0.0,0.2875,0.05553025,0.0009907862099375,0.05533515504096477,0.055725344959035236,0.000195094959035233,0.0,136.0,23.09973,195.7143639271,23.013020352297893,23.18643964770211,0.08670964770210787,0.0,136.0,23.09973,195.7143639271,23.013020352297893,23.18643964770211,0.08670964770210787,0.0,1.0,0.03318,0.0320790876,0.03206988728984774,0.03429011271015226,0.0011101127101522598,0.03318,0.03207846389952442,0.03430871924666376
T-shared_list-W-20-HS-greedy-D-1-C-5-H-2-RUNS-100000.csv,shared_list,20,greedy,1,5,2,100000,2.0,128.0,26.2491,198.89242919,26.161689179389715,26.336510820610282,0.08741082061028393,0.0,1.0,0.99303,0.006921419100000002,0.992514351635176,0.993545648364824,0.000515648364823984,0.0,0.2775,0.058481950000000005,0.0010235380241975,0.05828365669013411,0.0586802433098659,0.00019829330986589205,0.0,126.0,24.26304,199.37592995839998,24.175522997507446,24.350557002492554,0.08751700249255379,0.0,126.0,24.26304,199.37592995839998,24.175522997507446,24.350557002492554,0.08751700249255379,0.0,1.0,0.104075,0.044690894375,0.10276471552771545,0.10538528447228455,0.0013102844722845536,0.00697,0.006463702211744448,0.007505202242970029
T-shared_list-W-20-HS-greedy-D-1-C-5-H-3-RUNS-100000.csv,shared_list,20,greedy,1,5,3,100000,2.0,125.0,26.322,199.59697599999998,26.23443449634693,26.40956550365307,0.08756550365307092,0.0,1.0,0.9974,0.00259324,0.9970843706163235,0.9977156293836764,0.0003156293836764634,0.0,0.27,0.05860215,0.0010197261403774999,0.058404226278812414,0.05880007372118758,0.0001979237211875845,0.0,125.0,24.3272,199.95148016,24.23955676830567,24.414843231694334,0.08764323169433297,0.0,125.0,24.3272,199.95148016,24.23955676830567,24.414843231694334,0.08764323169433297,0.0,1.0,0.12861666666666663,0.039427753055555556,0.12738595282446682,0.12984738050886643,0.0012307138421998043,0.0026,0.002293881003891071,0.0029355109143266683
T-shared_list-W-20-HS-greedy-D-1-C-5-H-4-RUNS-100000.csv,shared_list,20,greedy,1,5,4,100000,2.0,127.0,25.49585,193.46414277749997,25.409640264419032,25.58205973558097,0.08620973558096878,0.0,1.0,0.99857,0.0014279550999999999,0.9983357857324551,0.9988042142675448,0.0002342142675448855,0.0,0.2925,0.0564845,0.0009760955097500002,0.05629085680982137,0.05667814319017863,0.00019364319017863008,0.0,125.0,23.49871,193.69429833590002,23.412448999745703,23.584971000254296,0.0862610002542965,0.0,125.0,23.49871,193.69429833590002,23.412448999745703,23.584971000254296,0.0862610002542965,0.0,1.0,0.143005,0.035315819975,0.14184022854595435,0.14416977145404564,0.0011647714540456433,0.00143,0.0012053622301598592,0.0016843049371210682
T-shared_list-W-20-HS-greedy-D-1-C-5-H-5-RUNS-100000.csv,shared_list,20,greedy,1,5,5,100000,2.0,127.0,25.84052,202.08778612960003,25.752409816752238,25.928630183247765,0.08811018324776398,0.0,1.0,0.99905,0.0009490974999999997,0.9988590535950587,0.9992409464049413,0.00019094640494132786,0.0,0.2875,0.05738764999999999,0.0010334297524775,0.05718840081588328,0.057586899184116705,0.0001992491841167135,0.0,127.0,23.84242,202.2832685436,23.754267211930813,23.93057278806919,0.08815278806918769,0.0,127.0,23.84242,202.2832685436,23.754267211930813,23.93057278806919,0.08815278806918769,0.0,1.0,0.15292,0.0325034736,0.15180256837264305,0.15403743162735695,0.0011174316273569462,0.00095,0.0007686726173698067,0.0011612030076220375
T-shared_list-W-20-HS-greedy-D-10-C-5-H-1-RUNS-100000.csv,shared_list,20,greedy,10,5,1,100000,1.0,342.0,82.89648,2691.6212236096003,82.57491924224777,83.21804075775222,0.3215607577522235,0.0,10.0,7.51261,10.552740987899996,7.492475599144966,7.532744400855033,0.020134400855033263,0.0,0.4975,0.21404735,0.006001215957977499,0.213567201364428,0.214527498635572,0.0004801486355719975,0.0,38.4,17.849723,44.577614723271004,17.80834071336418,17.89110528663582,0.041382286635819554,0.0,384.0,178.49723,4457.7614723271,178.0834071336418,178.9110528663582,0.41382286635820265,0.0,1.0,0.46764,0.24895283039999994,0.4645474651283055,0.4707325348716945,0.0030925348716944745,0.46764,0.46454349803667855,0.47073837914744626
T-shared_list-W-20-HS-greedy-D-10-C-5-H-2-RUNS-100000.csv,shared_list,20,greedy,10,5,2,100000,2.0,325.0,85.98063,2434.5794748031,85.6748084750806,86.28645152491941,0.30582152491940917,0.0,10.0,7.82465,8.8171023775,7.806245712322015,7.843054287677985,0.018404287677984854,0.0,0.5125,0.2229797,0.00468683251291,0.2225553777665312,0.2234040222334688,0.0004243222334688046,0.0,38.5,18.434279,36.928142450158994,18.396614274853448,18.471943725146552,0.03766472514655206,0.0,385.0,184.34279,3692.8142450159003,183.96614274853448,184.71943725146554,0.3766472514655277,0.0,1.0,0.697005,0.085646529975,0.6951911099549533,0.6988188900450467,0.0018138900450467288,0.44592,0.4428358107618853,0.4490073264121586
T-shared_list-W-20-HS-greedy-D-10-C-5-H-3-RUNS-100000.csv,shared_list,20,greedy,10,5,3,100000,3.0,328.0,87.68959,2345.6209356319,87.3894077655769,87.98977223442309,0.3001822344230902,0.0,10.0,7.9357,8.144205509999999,7.9180119306064185,7.953388069393581,0.01768806939358125,0.0,0.5075,0.22628959999999998,0.00439062130684,0.22587890533467844,0.22670029466532152,0.0004106946653215371,0.0,38.4,18.654324,35.026748103024,18.617641748772385,18.691006251227613,0.036682251227613705,0.0,384.0,186.54324,3502.6748103023992,186.17641748772385,186.91006251227614,0.36682251227614415,0.0,1.0,0.7781533333333333,0.05141072315555555,0.7767479884145522,0.7795586782521143,0.0014053449187810818,0.4408,0.43771957728970345,0.4438838569031589
T-shared_list-W-20-HS-greedy-D-10-C-5-H-4-RUNS-100000.csv,shared_list,20,greedy,10,5,4,100000,3.0,328.0,88.92982,2259.1906747676,88.63522015451147,89.22441984548854,0.29459984548853413,0.0,10.0,8.03548,7.7302211696,8.01824735143829,8.052712648561709,0.01723264856170914,0.0,0.5375,0.22825037499999998,0.004242572124859375,0.22784666390187583,0.22865408609812413,0.00040371109812414874,0.0,38.4,18.820001,33.922970059999,18.783901348785275,18.856100651214728,0.03609965121472669,0.0,384.0,188.20001,3392.2970059999,187.83901348785272,188.56100651214726,0.3609965121472669,0.0,1.0,0.81643,0.0377783051,0.8152253044497793,0.8176346955502207,0.0012046955502207357,0.42797,0.4249004764748113,0.4310437020175207
T-shared_list-W-20-HS-greedy-D-10-C-5-H-5-RUNS-100000.csv,shared_list,20,greedy,10,5,5,100000,3.0,330.0,89.4472,2188.67529216,89.15723422611691,89.73716577388308,0.28996577388308253,0.0,10.0,8.04134,7.614231004400001,8.024237126023237,8.058442873976762,0.017102873976762467,0.0,0.5175,0.229215475,0.004141981583024375,0.2288165785667075,0.2296143714332925,0.0003988964332924949,0.0,38.4,18.858781,32.995634294039,18.82317818709091,18.89438381290909,0.035602812909090176,0.0,384.0,188.58781,3299.5634294039,188.23178187090906,188.94383812909092,0.3560281290909302,0.0,1.0,0.8438679999999998,0.030816398576000003,0.8427799546113806,0.8449560453886191,0.0010880453886192853,0.43038,0.42730826923018894,0.43345576945075404
T-shared_list-W-20-HS-greedy-D-2-C-5-H-1-RUNS-100000.csv,shared_list,20,greedy,2,5,1,100000,1.0,127.0,32.81871,220.34140393589996,32.726706546947405,32.9107134530526,0.09200345305259816,0.0,2.0,1.89945,0.15393969749999997,1.8970181802247783,1.9018818197752219,0.0024318197752217774,0.0,0.3375,0.09618970000000002,0.0017864818639099999,0.095927727697487,0.09645167230251303,0.00026197230251301384,0.0,82.5,24.12603,104.28964143909998,24.062733942733182,24.18932605726682,0.0632960572668182,0.0,165.0,48.25206,417.1585657563999,48.125467885466364,48.37865211453364,0.1265921145336364,0.0,1.0,0.0688,0.06406656,0.06723118485188344,0.07036881514811656,0.0015688151481165619,0.0688,0.0672387360306497,0.070386329506071
T-shared_list-W-20-HS-greedy-D-2-C-5-H-2-RUNS-100000.csv,shared_list,20,greedy,2,5,2,100000,2.0,144.0,32.80051,217.03453373989998,32.7091995479797,32.891820452020305,0.09131045202030208,0.0,2.0,1.96589,0.0463865079,1.9645550902324551,1.9672249097675447,0.0013349097675448007,0.0,0.33,0.095667625,0.0017761678393593751,0.0954064100239423,0.09592883997605771,0.0002612149760577026,0.0,81.0,23.7522,103.02352515999999,23.689289335224093,23.815110664775904,0.0629106647759059,0.0,162.0,47.5044,412.09410063999997,47.378578670448185,47.63022132955181,0.1258213295518118,0.0,1.0,0.20291,0.07397753189999999,0.2012242002297217,0.2045957997702783,0.0016857997702783012,0.02739,0.026387114574857835,0.028420421562493723
T-shared_list-W-20-HS-greedy-D-2-C-5-H-3-RUNS-100000.csv,shared_list,20,greedy,2,5,3,100000,2.0,140.0,32.86077,214.90122500710004,32.769909417457995,32.95163058254201,0.0908605825420068,0.0,2.0,1.98202,0.023416719599999997,1.9810715398267962,1.9829684601732036,0.0009484601732037135,0.0,0.32,0.09585015000000001,0.0017461248699775001,0.09559115360426243,0.09610914639573759,0.00025899639573757904,0.0,81.0,23.814995,100.83124064997502,23.75275728682857,23.87723271317143,0.0622377131714309,0.0,162.0,47.62999,403.32496259990006,47.50551457365714,47.75446542634286,0.1244754263428618,0.0,1.0,0.25077,0.06550218487777777,0.24918370496619804,0.2523562950338019,0.001586295033801921,0.0151,0.014353243984437662,0.01587507011669113
T-shared_list-W-20-HS-greedy-D-2-C-5-H-4-RUNS-100000.csv,shared_list,20,greedy,2,5,4,100000,2.0,138.0,33.10671,220.10584297590003,33.01475573928435,33.19866426071565,0.09195426071565294,0.0,2.0,1.98919,0.0143531439,1.988447443351614,1.989932556648386,0.0007425566483860724,0.0,0.33,0.096162575,0.001816991231869375,0.09589837519840376,0.09642677480159624,0.00026419980159624046,0.0,78.0,23.817935,105.73938483577501,23.754200517905524,23.881669482094473,0.06373448209447474,0.0,156.0,47.63587,422.95753934310005,47.50840103581105,47.76333896418895,0.12746896418894949,0.0,1.0,0.27642,0.0581894836,0.274924872178716,0.277915127821284,0.0014951278212840258,0.00898,0.008404583935077932,0.009584159935457099
T-shared_list-W-20-HS-greedy-D-2-C-5-H-5-RUNS-100000.csv,shared_list,20,greedy,2,5,5,100000,2.0,131.0,33.25703,217.5238655791,33.16561667044634,33.34844332955366,0.0914133295536601,0.0,2.0,1.991,0.012219,1.9903148685498389,1.9916851314501614,0.0006851314501612471,0.0,0.32,0.0973186,0.00177781721904,0.09705726376774998,0.09757993623225003,0.00026133623225002567,0.0,83.0,24.139675,101.64928339437499,24.077185329886625,24.202164670113376,0.062489670113375695,0.0,166.0,48.27935,406.59713357749996,48.15437065977325,48.40432934022675,0.12497934022675139,0.0,1.0,0.29345800000000005,0.054028402236,0.29201732130566943,0.2948986786943307,0.0014406786943306216,0.00735,0.006829921452283023,0.007898951285408587
T-shared_list-W-20-HS-greedy-D-3-C-5-H-1-RUNS-100000.csv,shared_list,20,greedy,3,5,1,100000,1.0,122.0,35.98259,227.2831268919,35.889148528464716,36.07603147153529,0.09344147153528581,0.0,3.0,2.80481,0.3982708639,2.800898481943339,2.8087215180566605,0.003911518056660679,0.0,0.3575,0.126537425,0.002478753136869375,0.12622884149346414,0.12684600850653588,0.00030858350653586997,0.0,62.0,23.28411666666667,69.56961883083333,23.23241960217549,23.33581373115785,0.05169706449117939,0.0,186.0,69.85235,626.1265694775,69.69725880652646,70.00744119347354,0.15509119347353817,0.0,1.0,0.10293,0.09233541509999998,0.10104661015546923,0.10481338984453076,0.001883389844530764,0.10293,0.10105317952280679,0.1048298858598906
T-shared_list-W-20-HS-greedy-D-3-C-5-H-2-RUNS-100000.csv,shared_list,20,greedy,3,5,2,100000,2.0,126.0,36.58639,214.5920967679,36.49559479093347,36.677185209066536,0.09079520906653471,0.0,3.0,2.90901,0.16211081990000004,2.906514474152152,2.911505525847848,0.002495525847848068,0.0,0.3675,0.12690327499999998,0.002348687731774375,0.12660289659214774,0.12720365340785222,0.000300378407852242,0.0,64.0,23.344223333333332,66.60619363012222,23.293639308834535,23.39480735783213,0.05058402449879651,0.0,192.0,70.03267,599.4557426710999,69.88091792650361,70.18442207349638,0.15175207349638242,0.0,1.0,0.291385,0.08979228177500001,0.28952772772683477,0.29324227227316524,0.0018572722731652336,0.05801,0.05656898742459426,0.059476714258000385
T-shared_list-W-20-HS-greedy-D-3-C-5-H-3-RUNS-100000.csv,shared_list,20,greedy,3,5,3,100000,2.0,126.0,36.96874,216.47122281240001,36.877548122644825,37.05993187735517,0.09119187735517187,0.0,3.0,2.93992,0.10507039359999999,2.9379109245309003,2.9419290754690994,0.002009075469099564,0.0,0.3525,0.12813105,0.0024047689008974997,0.127827106580764,0.128434993419236,0.000303943419236008,0.0,67.0,23.48447,67.31262548576667,23.433618433449293,23.53532156655071,0.05085156655070833,0.0,201.0,70.45341,605.8136293719,70.30085530034788,70.60596469965213,0.15255469965212853,0.0,1.0,0.3571033333333334,0.07812720932222222,0.3553708972238845,0.3588357694427823,0.0017324361094488983,0.03996,0.038754395642540455,0.04119237914601135
T-shared_list-W-20-HS-greedy-D-3-C-5-H-4-RUNS-100000.csv,shared_list,20,greedy,3,5,4,100000,2.0,133.0,37.2665,215.16313774999998,37.17558406575411,37.35741593424589,0.09091593424589206,0.0,3.0,2.95169,0.08647614389999998,2.9498673460163647,2.9535126539836356,0.0018226539836354583,0.0,0.3875,0.127682825,0.002385754887519375,0.12738008557448866,0.12798556442551134,0.0003027394255113447,0.0,63.333333333333336,23.696796666666664,68.4987221831,23.645499036006115,23.748094297327214,0.05129763066054949,0.0,190.0,71.09039,616.4884996479,70.93649710801836,71.24428289198164,0.15389289198164136,0.0,1.0,0.39414,0.0700874104,0.39249912280839594,0.39578087719160404,0.001640877191604051,0.03171,0.030632551317309856,0.03281472099718041
T-shared_list-W-20-HS-greedy-D-3-C-5-H-5-RUNS-100000.csv,shared_list,20,greedy,3,5,5,100000,2.0,122.0,37.00018,215.08191996759996,36.9092812264248,37.0910787735752,0.09089877357519782,0.0,3.0,2.95928,0.0746618816,2.9575864207005442,2.960973579299456,0.0016935792994559051,0.0,0.37,0.127656375,0.002386653984359375,0.1273535785345927,0.12795917146540728,0.0003027964654072901,0.0,67.33333333333333,23.588233333333335,66.27138154555556,23.53777660540282,23.63869006126385,0.050456727930516365,0.0,202.0,70.7647,596.44243391,70.61332981620846,70.91607018379155,0.151370183791542,0.0,1.0,0.41823200000000005,0.064860394176,0.4166534953586812,0.4198105046413189,0.0015785046413188675,0.02618,0.025199132226009283,0.027188478384808243
T-shared_list-W-20-HS-greedy-D-4-C-5-H-1-RUNS-100000.csv,shared_list,20,greedy,4,5,1,100000,1.0,125.0,38.14007,238.2655303951,38.04439759741881,38.235742402581195,0.0956724025811937,0.0,4.0,3.65469,0.8709510039,3.648905671710058,3.660474328289942,0.005784328289942131,0.0,0.365,0.150361725,0.0031032632175243746,0.15001644980574994,0.15070700019425007,0.0003452751942500665,0.0,52.75,22.53407,52.2498067351,22.48926789541176,22.57887210458824,0.04480210458823919,0.0,211.0,90.13628,835.9969077616,89.95707158164704,90.31548841835296,0.17920841835295676,0.0,1.0,0.14711,0.1254686479,0.14491454934518527,0.1493054506548147,0.002195450654814718,0.14711,0.14491984666632451,0.14932064214308327
T-shared_list-W-20-HS-greedy-D-4-C-5-H-2-RUNS-100000.csv,shared_list,20,greedy,4,5,2,100000,2.0,130.0,39.43285,214.3981508775,39.342095830045615,39.52360416995439,0.09075416995438701,0.0,4.0,3.79849,0.4596637199,3.7942878051611477,3.8026921948388526,0.004202194838852424,0.0,0.38,0.154476425,0.002812883431719375,0.1541477006018898,0.15480514939811021,0.0003287243981102139,0.0,53.0,23.0175675,47.37828075794375,22.974905057107012,23.060229942892985,0.04266244289298626,0.0,212.0,92.07027,758.0524921271,91.89962022842805,92.24091977157194,0.17064977157194505,0.0,1.0,0.373785,0.09773227377499999,0.3718473511594356,0.37572264884056433,0.0019376488405643544,0.10111,0.09924806452124792,0.102995107226977
T-shared_list-W-20-HS-greedy-D-4-C-5-H-3-RUNS-100000.csv,shared_list,20,greedy,4,5,3,100000,2.0,132.0,39.9565,214.12966775,39.865802671945175,40.04719732805482,0.09069732805482289,0.0,4.0,3.84469,0.3584288039,3.8409792856576366,3.8484007143423633,0.0037107143423633637,0.0,0.3725,0.155281975,0.002820166677599375,0.15495282530292181,0.15561112469707816,0.00032914969707817376,0.0,53.5,23.1882725,48.284684090743745,23.14520389862928,23.23134110137072,0.043068601370720216,0.0,214.0,92.75309,772.5549454518999,92.58081559451712,92.92536440548288,0.17227440548288087,0.0,1.0,0.4535866666666667,0.0813769136,0.45181856725971653,0.45535476607361686,0.0017680994069501632,0.07949,0.07782065485894119,0.08118378267491862
T-shared_list-W-20-HS-greedy-D-4-C-5-H-4-RUNS-100000.csv,shared_list,20,greedy,4,5,4,100000,2.0,135.0,39.98792,207.33571407359997,39.89867310206034,40.07716689793966,0.08924689793965968,0.0,4.0,3.86454,0.31573058840000007,3.8610573133526005,3.8680226866473992,0.003482686647399369,0.0,0.4,0.15630905,0.0028001545130974994,0.15598107022047822,0.1566370297795218,0.0003279797795217865,0.0,54.0,23.16677,47.374644017099996,23.124109194515796,23.209430805484203,0.04266080548420348,0.0,216.0,92.66708,757.9943042735999,92.49643677806318,92.83772322193681,0.17064322193681392,0.0,1.0,0.4979575,0.07226145319375,0.49629136795664597,0.499623632043354,0.0016661320433540294,0.06928,0.06771366492018624,0.07087137237622933
T-shared_list-W-20-HS-greedy-D-4-C-5-H-5-RUNS-100000.csv,shared_list,20,greedy,4,5,5,100000,2.0,129.0,40.16265,209.35329497749998,40.07296992317211,40.25233007682789,0.08968007682788937,0.0,4.0,3.8784,0.28429343999999995,3.875095243308345,3.881704756691655,0.0033047566916550863,0.0,0.3725,0.15527727500000002,0.0028235159310743747,0.1549479299104539,0.15560662008954615,0.0003293450895461292,0.0,55.75,23.23817,48.5416288011,23.194986956892514,23.281353043107487,0.04318304310748644,0.0,223.0,92.95268,776.6660608176,92.77994782757006,93.12541217242995,0.17273217242994576,0.0,1.0,0.52433,0.0666056511,0.5227303992083467,0.5259296007916532,0.0015996007916532218,0.06194,0.060453726526337216,0.0634517431306023
T-shared_list-W-20-HS-greedy-D-5-C-5-H-1-RUNS-100000.csv,shared_list,20,greedy,5,5,1,100000,1.0,152.0,40.81641,291.2626447119,40.710631241455324,40.92218875854467,0.10577875854467322,0.0,5.0,4.44457,1.6707275151000003,4.436558591371045,4.452581408628954,0.008011408628954442,0.0,0.3975,0.1690512,0.00367453302856,0.16867548619825037,0.16942691380174965,0.00037571380174963864,0.0,45.4,21.890065999999997,42.621528515644,21.849601835119735,21.93053016488026,0.04046416488026239,0.0,227.0,109.45033,1065.5382128911,109.24800917559868,109.6526508244013,0.20232082440131194,0.0,1.0,0.19449,0.15666363989999996,0.1920367592066007,0.19694324079339928,0.002453240793399286,0.19449,0.19204069079689068,0.19695704152353827
T-shared_list-W-20-HS-greedy-D-5-C-5-H-2-RUNS-100000.csv,shared_list,20,greedy,5,5,2,100000,2.0,139.0,42.15873,251.2328347871,42.060488661546266,42.25697133845373,0.0982413384537324,0.0,5.0,4.60557,1.1405349750999998,4.598950725749492,4.612189274250508,0.006619274250508234,0.0,0.3875,0.17376752500000003,0.003185977567874375,0.17341767858477264,0.17411737141522743,0.000349846415227395,0.0,44.2,22.335362000000003,37.492333528955996,22.297410643175137,22.37331335682487,0.03795135682486617,0.0,221.0,111.67681,937.3083382238999,111.48705321587566,111.86656678412434,0.1897567841243415,0.0,1.0,0.444115,0.10158936677499998,0.44213948560773947,0.4460905143922605,0.0019755143922605134,0.15354,0.15131066505899896,0.15578944936894706
T-shared_list-W-20-HS-greedy-D-5-C-5-H-3-RUNS-100000.csv,shared_list,20,greedy,5,5,3,100000,2.0,144.0,42.80846,241.6861524284,42.71210329171412,42.90481670828587,0.0963567082858745,0.0,5.0,4.67599,0.9269875199,4.670022491930086,4.681957508069913,0.005967508069913308,0.0,0.3825,0.17557075,0.0030840436194375003,0.17522654567160723,0.17591495432839277,0.00034420432839277204,0.0,46.2,22.51517,36.4574898711,22.477746064732738,22.552593935267264,0.037423935267263175,0.0,231.0,112.57585,911.4372467775,112.3887303236637,112.76296967633631,0.18711967633630877,0.0,1.0,0.53177,0.08024844487777777,0.5300142026715976,0.5335257973284023,0.0017557973284023642,0.13086,0.12877548568574393,0.1329659498403142
T-shared_list-W-20-HS-greedy-D-5-C-5-H-4-RUNS-100000.csv,shared_list,20,greedy,5,5,4,100000,2.0,142.0,43.19024,239.2314687424,43.09437386362637,43.28610613637363,0.09586613637362973,0.0,5.0,4.70676,0.8452103024,4.701061789844434,4.7124582101555665,0.0056982101555664855,0.0,0.39,0.176346875,0.003082182115234375,0.17600277456678484,0.17669097543321513,0.0003441004332151443,0.0,45.4,22.592912000000002,36.568804960256,22.555430975316128,22.630393024683876,0.03748102468387415,0.0,227.0,112.96456,914.2201240064,112.77715487658064,113.15196512341937,0.18740512341936721,0.0,1.0,0.5803425,0.06941195769375001,0.5787095487555463,0.5819754512444537,0.0016329512444537286,0.11913,0.11712829337884208,0.12115382616187789
T-shared_list-W-20-HS-greedy-D-5-C-5-H-5-RUNS-100000.csv,shared_list,20,greedy,5,5,5,100000,2.0,147.0,43.47321,240.3366422959,43.377122683196795,43.56929731680321,0.09608731680320659,0.0,5.0,4.72359,0.8072075119000001,4.718021366076213,4.729158633923786,0.005568633923786592,0.0,0.425,0.17676884999999998,0.0031004879196775007,0.176423729232844,0.17711397076715596,0.00034512076715598194,0.0,48.8,22.636712000000003,36.466370629056,22.599283506922056,22.67414049307795,0.03742849307794671,0.0,244.0,113.18356,911.6592657264,112.99641753461027,113.37070246538973,0.18714246538972645,0.0,1.0,0.609594,0.06302275516400001,0.6080380173001025,0.6111499826998974,0.001555982699897429,0.11043,0.1084937254018681,0.11238890189737154
T-shared_list-W-20-HS-greedy-D-6-C-5-H-1-RUNS-100000.csv,shared_list,20,greedy,6,5,1,100000,1.0,180.0,47.27484,467.7437029744,47.140792090305496,47.4088879096945,0.13404790969450175,0.0,6.0,5.16611,2.821957467900001,5.155698068474733,5.176521931525267,0.010411931525267093,0.0,0.46,0.185757025,0.004422915600649375,0.1853448227126282,0.18616922728737179,0.00041220228737179343,0.0,40.5,20.580653333333334,38.62941837315556,20.54213077194104,20.61917589472563,0.03852256139229482,0.0,243.0,123.48392,1390.6590614335998,123.25278463164622,123.71505536835377,0.23113536835377602,0.0,1.0,0.24699,0.1859859399,0.2443170174210821,0.24966298257891786,0.0026729825789178763,0.24699,0.24431943400406098,0.2496752478776053
T-shared_list-W-20-HS-greedy-D-6-C-5-H-2-RUNS-100000.csv,shared_list,20,greedy,6,5,2,100000,2.0,185.0,48.85417,403.9711436111,48.729594900349376,48.97874509965063,0.12457509965062741,0.0,6.0,5.36186,2.0669773404000003,5.352949051593192,5.3707709484068085,0.008910948406808394,0.0,0.4,0.19140770000000001,0.00368305763071,0.19103155063878646,0.19178384936121357,0.00037614936121355136,0.0,40.0,21.083271666666665,32.756532218419444,21.047798085769006,21.118745247564323,0.03547358089765851,0.0,240.0,126.49963,1179.2351598630999,126.28678851461405,126.71247148538595,0.21284148538595105,0.0,1.0,0.510035,0.10085179877500003,0.508066670072945,0.512003329927055,0.0019683299270549792,0.21194,0.20941038745630278,0.2144863306187058
T-shared_list-W-20-HS-greedy-D-6-C-5-H-3-RUNS-100000.csv,shared_list,20,greedy,6,5,3,100000,3.0,176.0,49.92959,390.1311524319,49.80716745978855,50.05201254021144,0.12242254021144561,0.0,6.0,5.43918,1.7897809276000003,5.430888062704369,5.4474719372956315,0.008291937295631158,0.0,0.42,0.19424699999999998,0.003532055741,0.19387864222100482,0.19461535777899513,0.00036835777899515976,0.0,40.0,21.30894833333333,31.352801760663894,21.274243157459438,21.343653509207222,0.0347051758738921,0.0,240.0,127.85369,1128.7008633839,127.64545894475665,128.06192105524335,0.2082310552433455,0.0,1.0,0.60193,0.07586360843333334,0.6002228455308394,0.6036371544691606,0.0017071544691605878,0.1936,0.19115498420014093,0.1960627998609732
T-shared_list-W-20-HS-greedy-D-6-C-5-H-4-RUNS-100000.csv,shared_list,20,greedy,6,5,4,100000,3.0,181.0,50.41575,375.61620193749997,50.29562643023274,50.53587356976727,0.12012356976726579,0.0,6.0,5.48128,1.6464295616,5.473327061043965,5.489232938956035,0.007952938956035105,0.0,0.405,0.19532012499999998,0.0034574662074843754,0.19495567744296782,0.19568457255703214,0.00036444755703216036,0.0,40.666666666666664,21.394226666666665,30.630261446399995,21.359923720383218,21.42852961295011,0.034302946283446545,0.0,244.0,128.36536,1102.6894120704,128.15954232229933,128.5711776777007,0.20581767770067927,0.0,1.0,0.6503975,0.06374871699375,0.6488325812442711,0.6519624187557288,0.001564918755728839,0.18159,0.1792049110673903,0.1839935713201825
T-shared_list-W-20-HS-greedy-D-6-C-5-H-5-RUNS-100000.csv,shared_list,20,greedy,6,5,5,100000,3.0,176.0,50.69582,369.26275452759995,50.576716691994164,50.81492330800583,0.11910330800583324,0.0,6.0,5.51256,1.5538222464,5.504833963796505,5.520286036203494,0.007726036203494324,0.0,0.4325,0.19544685,0.0034599762000775,0.19508227017924443,0.19581142982075558,0.0003645798207555784,0.0,40.0,21.424743333333332,30.620916434122222,21.39044562020646,21.459041046460204,0.0342977131268718,0.0,240.0,128.54846,1102.3529916284,128.34267372123878,128.75424627876123,0.20578627876122368,0.0,1.0,0.6803579999999999,0.056380591836000006,0.67888629458927,0.6818297054107298,0.0014717054107299399,0.17103,0.16870081881598223,0.17337827779354714
T-shared_list-W-20-HS-greedy-D-7-C-5-H-1-RUNS-100000.csv,shared_list,20,greedy,7,5,1,100000,1.0,223.0,55.4753,796.75554991,55.30034811745699,55.650251882543,0.17495188254300587,0.0,7.0,5.83187,4.2896423031,5.8190329092580955,5.844707090741905,0.012837090741904866,0.0,0.4525,0.19960379999999997,0.00506308765056,0.1991627744052961,0.20004482559470385,0.00044102559470388103,0.0,39.142857142857146,19.866134285714285,39.134341195028576,19.82736077863344,19.90490779279513,0.03877350708084393,0.0,274.0,139.06294,1917.5827185563999,138.79152545043408,139.33435454956592,0.27141454956591815,0.0,1.0,0.30312,0.21123826559999995,0.3002713285181879,0.3059686714818121,0.002848671481812115,0.30312,0.30027212358370087,0.30597929939626434
T-shared_list-W-20-HS-greedy-D-7-C-5-H-2-RUNS-100000.csv,shared_list,20,greedy,7,5,2,100000,3.0,213.0,57.61832,709.0540603776001,57.45327751824616,57.783362481753834,0.1650424817538365,0.0,7.0,6.06333,3.2867193111,6.052093336391294,6.074566663608706,0.01123666360870601,0.0,0.4575,0.20630287500000002,0.004154583704234375,0.20590337219953192,0.20670237780046813,0.0003995028004681045,0.0,39.0,20.397495714285714,32.320318585695915,20.36225912309434,20.43273230547709,0.035236591191374345,0.0,273.0,142.78247,1583.6956106991,142.53581386166036,143.02912613833962,0.24665613833963107,0.0,1.0,0.567155,0.09772270597499999,0.5652174460077882,0.5690925539922117,0.001937553992211738,0.27162,0.26886483741265255,0.27438841422165683
T-shared_list-W-20-HS-greedy-D-7-C-5-H-3-RUNS-100000.csv,shared_list,20,greedy,7,5,3,100000,3.0,210.0,58.55796,663.8284606384,58.398267689152284,58.71765231084772,0.15969231084771707,0.0,7.0,6.15728,2.881063001600001,6.146759595242128,6.167800404757872,0.010520404757872193,0.0,0.4425,0.20904375,0.0038991452109374994,0.20865672343447333,0.20943077656552667,0.0003870265655266658,0.0,38.57142857142857,20.60591,30.446463071900002,20.57171012682231,20.640109873177693,0.03419987317769113,0.0,270.0,144.24137,1491.8766905230998,144.00197088775616,144.48076911224382,0.23939911224383081,0.0,1.0,0.65868,0.06961843537777777,0.6570446218133188,0.6603153781866813,0.0016353781866812467,0.2562,0.25349648752428383,0.2589176594888834
T-shared_list-W-20-HS-greedy-D-7-C-5-H-4-RUNS-100000.csv,shared_list,20,greedy,7,5,4,100000,3.0,219.0,59.44627,649.3551930871,59.288328146466384,59.60421185353361,0.15794185353361456,0.0,7.0,6.21038,2.7007202556,6.200194182932178,6.220565817067822,0.010185817067822178,0.0,0.44,0.21052655000000003,0.0038677836200975003,0.21014108304220772,0.21091201695779235,0.00038546695779231865,0.0,38.857142857142854,20.73008857142857,30.10886659623673,20.696078834305784,20.764098308551358,0.03400973712278699,0.0,272.0,145.11062,1475.3344632156002,144.87255184014052,145.3486881598595,0.2380681598594947,0.0,1.0,0.705865,0.056594601775,0.7043905040787481,0.7073394959212518,0.0014744959212518172,0.24326,0.24060323998542954,0.24593165853316135
T-shared_list-W-20-HS-greedy-D-7-C-5-H-5-RUNS-100000.csv,shared_list,20,greedy,7,5,5,100000,3.0,228.0,60.00739,634.3437553878999,59.8512844276876,60.1634955723124,0.15610557231239852,0.0,7.0,6.2373,2.5755487100000005,6.227353026629001,6.247246973370999,0.009946973370999146,0.0,0.4275,0.21176665,0.0037840904477775,0.21138537632054938,0.21214792367945062,0.0003812736794506222,0.0,39.142857142857146,20.819927142857143,29.39326009265102,20.786323995984873,20.853530289729413,0.03360314687227017,0.0,274.0,145.73949,1440.2697445398999,145.5042679718941,145.97471202810587,0.23522202810588055,0.0,1.0,0.7388779999999999,0.048596501116,0.737511660661888,0.7402443393381118,0.0013663393381119215,0.23876,0.23612025968760275,0.24141490020486334
T-shared_list-W-20-HS-greedy-D-8-C-5-H-1-RUNS-100000.csv,shared_list,20,greedy,8,5,1,100000,1.0,267.0,64.51912,1288.3440344256,64.29664972237512,64.74159027762488,0.22247027762487903,0.0,8.0,6.43783,6.1281148911,6.422486673709508,6.453173326290492,0.015343326290492065,0.0,0.48,0.20767652500000003,0.005594044026424375,0.20721295106272666,0.2081400989372734,0.00046357393727336493,0.0,38.625,19.19009,40.9404261044,19.150431868308928,19.229748131691075,0.03965813169107335,0.0,309.0,153.52072,2620.1872706816,153.20345494647142,153.8379850535286,0.3172650535285868,0.0,1.0,0.35993,0.23038039510000002,0.35695505575545333,0.3629049442445467,0.0029749442445466956,0.35993,0.35695420795932137,0.3629139181035411
T-shared_list-W-20-HS-greedy-D-8-C-5-H-2-RUNS-100000.csv,shared_list,20,greedy,8,5,2,100000,3.0,246.0,67.04988,1147.8242519856,66.83989234211441,67.2598676578856,0.20998765788559126,0.0,8.0,6.69127,4.854415787100001,6.677613967015373,6.704926032984628,0.013656032984627586,0.0,0.495,0.215773875,0.004497154304984375,0.21535822769785518,0.21618952230214483,0.00041564730214482815,0.0,38.5,19.78144625,33.442122227110936,19.745603362735206,19.81728913726479,0.03584288726479201,0.0,308.0,158.25157,2140.2958225351,157.96482690188165,158.53831309811832,0.2867430981183361,0.0,1.0,0.61835,0.09487827750000001,0.6164408525702711,0.6202591474297288,0.001909147429728808,0.33612,0.33319199622542284,0.3390575114976512
T-shared_list-W-20-HS-greedy-D-8-C-5-H-3-RUNS-100000.csv,shared_list,20,greedy,8,5,3,100000,3.0,254.0,68.23126,1074.0461788124,68.02813304953489,68.43438695046513,0.2031269504651192,0.0,8.0,6.80617,4.3522999311,6.793239495208882,6.819100504791118,0.012930504791118125,0.0,0.465,0.218732225,0.0041694933090493744,0.2183320059912555,0.21913244400874451,0.00040021900874451233,0.0,38.5,19.9817725,31.16816244574375,19.947169665888968,20.016375334111036,0.03460283411103404,0.0,308.0,159.85418,1994.7623965276,159.57735732711174,160.1310026728883,0.27682267288827234,0.0,1.0,0.70598,0.06293668404444445,0.7044250801775489,0.7075349198224512,0.0015549198224511507,0.31969,0.31679980906335087,0.3225906521737663
T-shared_list-W-20-HS-greedy-D-8-C-5-H-4-RUNS-100000.csv,shared_list,20,greedy,8,5,4,100000,3.0,252.0,69.05053,1044.4593967191001,68.85022035923261,69.25083964076738,0.20030964076738655,0.0,8.0,6.86025,4.0878999375000005,6.847718409358785,6.872781590641215,0.012531590641215118,0.0,0.465,0.2198768,0.00405138444676,0.21948229019669124,0.22027130980330878,0.00039450980330876795,0.0,39.875,20.09481375,30.61962113406094,20.060516762297198,20.129110737702803,0.03429698770280254,0.0,319.0,160.75851,1959.6557525799,160.48413409837758,161.03288590162242,0.2743759016224203,0.0,1.0,0.7524,0.04967173999999999,0.7510186276519923,0.7537813723480076,0.0013813723480076145,0.31223,0.30935832959931514,0.3151125646112855
T-shared_list-W-20-HS-greedy-D-8-C-5-H-5-RUNS-100000.csv,shared_list,20,greedy,8,5,5,100000,3.0,261.0,69.79733,1022.4030348711001,69.59914666319388,69.99551333680613,0.19818333680612454,0.0,8.0,6.8885,3.97562775,6.87614169446712,6.900858305532879,0.012358305532879754,0.0,0.475,0.22134307500000003,0.004016909712044375,0.22095024729795001,0.22173590270205004,0.0003928277020500137,0.0,38.5,20.19885625,30.104533223085934,20.164848960365305,20.232863539634693,0.034007289634693905,0.0,308.0,161.59085,1926.6901262774998,161.31879168292244,161.86290831707754,0.27205831707755124,0.0,1.0,0.783366,0.04151731004400001,0.7821030950223195,0.7846289049776806,0.0012629049776805568,0.30716,0.304301410200848,0.3100297782820765
T-shared_list-W-20-HS-greedy-D-9-C-5-H-1-RUNS-100000.csv,shared_list,20,greedy,9,5,1,100000,1.0,294.0,73.77802,1901.8320048796002,73.50772242638999,74.04831757361,0.2702975736100086,0.0,9.0,7.01229,8.1627589559,6.994581794330033,7.029998205669967,0.017708205669967114,0.0,0.495,0.21241544999999998,0.0058286152262974995,0.21194225650624351,0.21288864349375644,0.000473193493756463,0.0,38.44444444444444,18.534097777777777,42.41377190945186,18.493732353691396,18.57446320186416,0.04036542408638155,0.0,346.0,166.80688,3435.5155246656,166.44359118322257,167.17016881677745,0.36328881677744107,0.0,1.0,0.41373,0.24255748710000008,0.41067744559025826,0.4167825544097417,0.0030525544097417256,0.41373,0.4106750404701742,0.4167899641408785
T-shared_list-W-20-HS-greedy-D-9-C-5-H-2-RUNS-100000.csv,shared_list,20,greedy,9,5,2,100000,3.0,296.0,76.54596,1724.1153876784003,76.28860107411427,76.80331892588572,0.2573589258857254,0.0,9.0,7.28074,6.677665052400001,7.264723471641676,7.296756528358324,0.01601652835832379,0.0,0.5,0.22052597499999996,0.004616761537799375,0.2201048366483433,0.22094711335165662,0.0004211383516566636,0.0,38.44444444444444,19.111436666666666,35.18869359771728,19.07466971338998,19.148203619943352,0.03676695327668611,0.0,346.0,172.00293,2850.2841814151,171.67202742050983,172.33383257949015,0.3309025794901572,0.0,1.0,0.66162,0.09068397559999998,0.6597535285679524,0.6634864714320475,0.001866471432047545,0.39523,0.392197896725217,0.39826818118654606
T-shared_list-W-20-HS-greedy-D-9-C-5-H-3-RUNS-100000.csv,shared_list,20,greedy,9,5,3,100000,3.0,296.0,77.87246,1620.3889935483999,77.62296277841997,78.12195722158003,0.24949722158002885,0.0,9.0,7.39133,6.1144508311,7.376003789015953,7.406656210984047,0.015326210984047073,0.0,0.525,0.223755475,0.004318986845024375,0.22334814442339365,0.22416280557660637,0.0004073305766063573,0.0,38.44444444444444,19.3185,32.911166638888886,19.282942787263348,19.354057212736652,0.03555721273665213,0.0,346.0,173.8665,2665.80449775,173.54648508537014,174.18651491462987,0.32001491462986564,0.0,1.0,0.7465266666666667,0.05645349151111111,0.745054010111359,0.7479993232219744,0.0014726565553077053,0.38293,0.37991559863871005,0.3859511929052439
T-shared_list-W-20-HS-greedy-D-9-C-5-H-4-RUNS-100000.csv,shared_list,20,greedy,9,5,4,100000,3.0,292.0,79.00615,1576.6488521775002,78.7600432298671,79.25225677013292,0.24610677013291138,0.0,9.0,7.46804,5.749518558399998,7.453178186350937,7.482901813649064,0.014861813649063471,0.0,0.4925,0.225356275,0.004190936755624375,0.2249550281602566,0.2257575218397434,0.0004012468397434077,0.0,38.55555555555556,19.455086666666666,32.00297686656296,19.420023489980778,19.490149843352555,0.03506317668588821,0.0,347.0,175.09578,2592.2411261916,174.780211409827,175.411348590173,0.315568590173001,0.0,1.0,0.7888725,0.04338080374375,0.7875815635350181,0.7901634364649819,0.0012909364649819066,0.37474,0.37173851526382024,0.37774875147132375
T-shared_list-W-20-HS-greedy-D-9-C-5-H-5-RUNS-100000.csv,shared_list,20,greedy,9,5,5,100000,3.0,296.0,79.96637,1543.7262390231,79.7228463108067,80.2098936891933,0.24352368919329592,0.0,9.0,7.5043,5.6191415099999995,7.489607657087851,7.518992342912148,0.014692342912148604,0.0,0.49,0.226474875,0.004110082306234375,0.22607751757666894,0.22687223242333104,0.00039735742333105173,0.0,38.55555555555556,19.562875555555554,31.284133578093826,19.52820840575151,19.597542705359597,0.03466714980404362,0.0,347.0,176.06588,2534.0148198255997,175.7538756517636,176.3778843482364,0.31200434823639966,0.0,1.0,0.8167439999999999,0.035462038464,0.8155768197784261,0.8179111802215737,0.0011671802215738047,0.36879,0.36579847317804043,0.37178913879056386
T-shared_list-W-20-HS-random-D-1-C-5-H-1-RUNS-100000.csv,shared_list,20,random,1,5,1,100000,1.0,121.0,23.40833,157.1027966111,23.330643057502485,23.486016942497514,0.07768694249751462,0.0,1.0,0.84951,0.1278427599,0.8472938755756234,0.8517261244243766,0.0022161244243765754,0.0,0.255,0.05280889999999999,0.00084675745579,0.05262854192720692,0.05298925807279306,0.0001803580727930687,0.0,119.0,21.70931,157.1993293239,21.631599193574463,21.787020806425534,0.07771080642553585,0.0,119.0,21.70931,157.1993293239,21.631599193574463,21.787020806425534,0.07771080642553585,0.0,1.0,0.15049,0.1278427599,0.14827387557562344,0.1527061244243766,0.0022161244243765754,0.15049,0.1482790755198882,0.15272121647746978
T-shared_list-W-20-HS-random-D-1-C-5-H-2-RUNS-100000.csv,shared_list,20,random,1,5,2,100000,2.0,128.0,24.73931,174.2774507239,24.65748676034885,24.82113323965115,0.08182323965115046,0.0,1.0,0.96973,0.029353727099999997,0.968668090031936,0.970791909968064,0.0010619099680639899,0.0,0.29,0.05496184999999999,0.0009102701695775,0.05477485016354421,0.05514884983645577,0.00018699983645577983,0.0,126.0,22.79985,175.93998997750003,22.7176374057399,22.8820625942601,0.08221259426009908,0.0,126.0,22.79985,175.93998997750003,22.7176374057399,22.8820625942601,0.08221259426009908,0.0,1.0,0.150365,0.067707866775,0.14875221811455225,0.15197778188544775,0.0016127818854477505,0.03027,0.029216750707217073,0.03135060923044201
T-shared_list-W-20-HS-random-D-1-C-5-H-3-RUNS-100000.csv,shared_list,20,random,1,5,3,100000,2.0,130.0,25.75382,197.6811154076,25.666675764794807,25.840964235205195,0.08714423520519432,0.0,1.0,0.99146,0.008467068400000001,0.9908896747422266,0.9920303252577735,0.0005703252577734519,0.0,0.2975,0.057312600000000005,0.00102643025624,0.05711402672706602,0.057511173272933994,0.0001985732729339884,0.0,128.0,23.7709,198.55079318999998,23.683564284103312,23.85823571589669,0.08733571589668898,0.0,128.0,23.7709,198.55079318999998,23.683564284103312,23.85823571589669,0.08733571589668898,0.0,1.0,0.15225333333333332,0.04822781137777776,0.1508921869040728,0.15361447976259385,0.0013611464292605235,0.00854,0.007978975538818286,0.00912980214778007
T-shared_list-W-20-HS-random-D-1-C-5-H-4-RUNS-100000.csv,shared_list,20,random,1,5,4,100000,2.0,129.0,25.98892,195.6295172336,25.902229149652076,26.075610850347925,0.08669085034792445,0.0,1.0,0.99703,0.0029611790999999996,0.9966927216930995,0.9973672783069004,0.0003372783069004459,0.0,0.2675,0.057723275000000004,0.000987895085774375,0.05752846489344722,0.05791808510655279,0.00019481010655278408,0.0,129.0,23.99486,196.07101358039998,23.908071382902452,24.081648617097546,0.0867886170975467,0.0,129.0,23.99486,196.07101358039998,23.908071382902452,24.081648617097546,0.0867886170975467,0.0,1.0,0.1524725,0.03882151174375,0.1512512845418814,0.15369371545811863,0.001221215458118624,0.00297,0.002642215550913085,0.0033271163914463365
T-shared_list-W-20-HS-random-D-1-C-5-H-5-RUNS-100000.csv,shared_list,20,random,1,5,5,100000,2.0,129.0,25.97013,195.5859977831,25.88344879274701,26.05681120725299,0.08668120725299033,0.0,1.0,0.99894,0.0010588764000000004,0.9987383126285997,0.9991416873714004,0.00020168737140036086,0.0,0.2475,0.057595775,0.000981607014649375,0.05740158587807302,0.05778996412192698,0.0001941891219269798,0.0,127.0,23.97225,195.7957999375,23.885522314395004,24.058977685604994,0.08672768560499478,0.0,127.0,23.97225,195.7957999375,23.885522314395004,24.058977685604994,0.08672768560499478,0.0,1.0,0.152448,0.032401207296000004,0.15133232765585808,0.15356367234414192,0.0011156723441419214,0.00106,0.0008679202165763501,0.0012818971074499601
T-shared_list-W-20-HS-random-D-10-C-5-H-1-RUNS-100000.csv,shared_list,20,random,10,5,1,100000,1.0,329.0,39.9284,1294.6819134399998,39.7053831836235,40.1514168163765,0.22301681637650006,0.0,10.0,4.18218,11.8489504476,4.160844834652738,4.2035151653472616,0.021335165347261764,0.0,0.49,0.158509625,0.006326709219859375,0.1580166271689803,0.15900262283101968,0.0004929978310196925,0.0,38.4,12.295907999999999,37.165953055536,12.258122192445025,12.333693807554972,0.037785807554973516,0.0,384.0,122.95908,3716.5953055535997,122.58122192445026,123.33693807554974,0.3778580755497387,0.0,1.0,0.84451,0.1313128599,0.8422640002613717,0.8467559997386283,0.002245999738628268,0.84451,0.8422490552290566,0.8467509438580157
T-shared_list-W-20-HS-random-D-10-C-5-H-2-RUNS-100000.csv,shared_list,20,random,10,5,2,100000,2.0,320.0,57.38979,1759.0160337558996,57.129839312459524,57.64974068754047,0.25995068754047423,0.0,10.0,5.82682,11.6232686876,5.8056889922175285,5.847951007782471,0.021131007782471123,0.0,0.5,0.19682697500000002,0.004974867599849375,0.1963898085400379,0.19726414145996213,0.0004371664599621128,0.0,38.4,15.274793999999998,35.365286857563994,15.237934905329617,15.31165309467038,0.03685909467038151,0.0,384.0,152.74794,3536.5286857563997,152.37934905329618,153.11653094670382,0.36859094670381864,0.0,1.0,0.84517,0.0677726711,0.8435564464889637,0.8467835535110363,0.0016135535110363142,0.719,0.7162027749400711,0.7217845180137291
T-shared_list-W-20-HS-random-D-10-C-5-H-3-RUNS-100000.csv,shared_list,20,random,10,5,3,100000,3.0,330.0,70.45408,2024.1846513536,70.17522326695165,70.73293673304836,0.27885673304835734,0.0,10.0,6.82527,10.4001594271,6.805281690302793,6.845258309697207,0.019988309697207107,0.0,0.5075,0.21398055,0.0044533372216975,0.21356693254061423,0.21439416745938575,0.00041361745938575667,0.0,38.4,16.938561,34.550186349279,16.9021291463717,16.9749928536283,0.036431853628300814,0.0,384.0,169.38561,3455.0186349279006,169.021291463717,169.74992853628302,0.36431853628300814,0.0,1.0,0.8442366666666667,0.04685445065555555,0.8428950405725616,0.8455782927607719,0.0013416260941051528,0.60863,0.6055969325252579,0.6116567656129868
T-shared_list-W-20-HS-random-D-10-C-5-H-4-RUNS-100000.csv,shared_list,20,random,10,5,4,100000,3.0,318.0,80.67937,2136.2575264030997,80.3928975421017,80.96584245789832,0.2864724578983129,0.0,10.0,7.51887,8.989703923099999,7.500286446359487,7.537453553640512,0.018583553640512562,0.0,0.535,0.22334695,0.0042270256756975,0.22294397925868295,0.22374992074131703,0.00040297074131703803,0.0,37.6,18.034164,33.863510821104,17.99809599989321,18.07023200010679,0.03606800010679123,0.0,376.0,180.34164,3386.3510821104,179.9809599989321,180.70232000106793,0.3606800010679194,0.0,1.0,0.8436375,0.036866393593750005,0.8424474330370532,0.8448275669629469,0.0011900669629468785,0.51395,0.5108468642189004,0.5170523265529207
T-shared_list-W-20-HS-random-D-10-C-5-H-5-RUNS-100000.csv,shared_list,20,random,10,5,5,100000,3.0,319.0,89.66204,2184.1098830384003,89.37237680719359,89.95170319280642,0.2896631928064153,0.0,10.0,8.05589,7.520246307899998,8.038893006672817,8.072886993327183,0.016996993327182963,0.0,0.535,0.229427425,0.004159303970369375,0.2290276953146804,0.22982715468531958,0.0003997296853195942,0.0,38.5,18.901165,32.998433342775,18.865560677013935,18.936769322986063,0.03560432298606386,0.0,385.0,189.01165,3299.8433342774997,188.65560677013934,189.36769322986066,0.35604322986065995,0.0,1.0,0.8437779999999999,0.030535886715999997,0.8426949179975265,0.8448610820024733,0.0010830820024734233,0.42947,0.4263990939505853,0.43254499752207565
T-shared_list-W-20-HS-random-D-2-C-5-H-1-RUNS-100000.csv,shared_list,20,random,2,5,1,100000,1.0,114.0,27.70129,170.1169223359,27.620449343839528,27.782130656160472,0.08084065616047198,0.0,2.0,1.56569,0.5286048239000002,1.561183684108394,1.5701963158916061,0.004506315891606105,0.0,0.3,0.083953275,0.001489317804274375,0.08371408128610056,0.08419246871389943,0.00023919371389943822,0.0,75.0,20.99946,82.5526047084,20.943145340607636,21.055774659392362,0.05631465939236335,0.0,150.0,41.99892,330.2104188336,41.88629068121527,42.111549318784725,0.1126293187847267,0.0,1.0,0.29285,0.20708887749999993,0.2900294457427591,0.2956705542572409,0.002820554257240926,0.29285,0.29003053762241665,0.29568148150099566
T-shared_list-W-20-HS-random-D-2-C-5-H-2-RUNS-100000.csv,shared_list,20,random,2,5,2,100000,2.0,127.0,31.63383,184.3936495311,31.549665479919465,31.717994520080534,0.08416452008053454,0.0,2.0,1.86739,0.17284458789999996,1.8648131807031214,1.8699668192968788,0.0025768192968786963,0.0,0.305,0.09380165000000001,0.0015798928322774998,0.09355529017566826,0.09404800982433177,0.0002463598243317572,0.0,76.0,23.269365,89.746219996775,23.210647959991192,23.32808204000881,0.0587170400088084,0.0,152.0,46.53873,358.9848799871,46.421295919982384,46.65616408001762,0.1174340800176168,0.0,1.0,0.293325,0.112472944375,0.29124635605956434,0.29540364394043567,0.002078643940435665,0.1037,0.10181693734322012,0.10560608304552244
T-shared_list-W-20-HS-random-D-2-C-5-H-3-RUNS-100000.csv,shared_list,20,random,2,5,3,100000,2.0,125.0,32.65432,202.3424053376,32.56615432729543,32.74248567270457,0.08816567270456943,0.0,2.0,1.95069,0.06337852390000001,1.9491296316543385,1.9522503683456616,0.0015603683456615336,0.0,0.32,0.09546632499999999,0.0017163729784943748,0.09520954457952008,0.0957231054204799,0.0002567804204799129,0.0,80.0,23.64462,98.6974250556,23.583044353182967,23.706195646817033,0.0615756468170332,0.0,160.0,47.28924,394.7897002224,47.16608870636593,47.412391293634066,0.1231512936340664,0.0,1.0,0.29240333333333335,0.07963695732222223,0.29065423832376686,0.29415242834289984,0.0017490950095664926,0.04106,0.039838473566800134,0.04230823533300196
T-shared_list-W-20-HS-random-D-2-C-5-H-4-RUNS-100000.csv,shared_list,20,random,2,5,4,100000,2.0,129.0,32.67523,219.2430744471,32.58345613690184,32.76700386309816,0.09177386309816171,0.0,2.0,1.9784,0.02745344,1.9773730378044738,1.979426962195526,0.0010269621955261155,0.0,0.3325,0.09502977500000001,0.0018102884259493751,0.09476606295975294,0.09529348704024708,0.00026371204024706885,0.0,82.0,23.438185,104.129826405775,23.374937459247775,23.501432540752226,0.06324754075222572,0.0,164.0,46.87637,416.5193056231,46.74987491849555,47.00286508150445,0.12649508150445143,0.0,1.0,0.2944475,0.06405754474375,0.2928787952352734,0.29601620476472656,0.0015687047647265917,0.01844,0.017615140912879412,0.01929295542910456
T-shared_list-W-20-HS-random-D-2-C-5-H-5-RUNS-100000.csv,shared_list,20,random,2,5,5,100000,2.0,139.0,33.25807,226.4990098751,33.16478985225482,33.35135014774517,0.09328014774517612,0.0,2.0,1.99046,0.0127289884,1.9897607169254339,1.991159283074566,0.000699283074566015,0.0,0.315,0.0965203,0.0018315230629099997,0.09625504580119298,0.09678555419880702,0.00026525419880701895,0.0,78.0,23.939325,106.79324104437501,23.875273699092364,24.003376300907636,0.06405130090763578,0.0,156.0,47.87865,427.17296417750003,47.75054739818473,48.00675260181527,0.12810260181527156,0.0,1.0,0.294022,0.05434266351599999,0.29257713745926106,0.29546686254073895,0.0014448625407389448,0.0079,0.007360605249150206,0.008468222831533007
T-shared_list-W-20-HS-random-D-3-C-5-H-1-RUNS-100000.csv,shared_list,20,random,3,5,1,100000,1.0,141.0,29.2105,188.21886975,29.125466970533115,29.295533029466885,0.08503302946688507,0.0,3.0,2.15745,1.2378394975,2.150554143118077,2.1643458568819227,0.006895856881922846,0.0,0.3375,0.108723575,0.002282257551719375,0.10842747500657404,0.10901967499342596,0.0002960999934259606,0.0,57.333333333333336,20.50439,62.51211183901112,20.455385252389107,20.553394747610895,0.04900474761089413,0.0,172.0,61.51317,562.6090065511,61.36615575716732,61.660184242832685,0.14701424283268238,0.0,1.0,0.42458,0.24431182359999998,0.4215164264305525,0.42764357356944754,0.003063573569447531,0.42458,0.42151370706426167,0.42765066809293817
T-shared_list-W-20-HS-random-D-3-C-5-H-2-RUNS-100000.csv,shared_list,20,random,3,5,2,100000,2.0,138.0,34.18426,179.4677482524,34.101227277433146,34.26729272256686,0.08303272256685545,0.0,3.0,2.67906,0.5260575164,2.6745645550220227,2.6835554449779777,0.004495444977977492,0.0,0.3525,0.122394925,0.002139777271744375,0.12210821664003935,0.12268163335996066,0.00028670835996065513,0.0,61.666666666666664,22.607006666666663,58.68752735106668,22.559524669544402,22.654488663788925,0.04748199712226153,0.0,185.0,67.82102,528.1877461596,67.67857400863322,67.96346599136679,0.1424459913667846,0.0,1.0,0.4189,0.13179279,0.4166498995976535,0.4211501004023465,0.002250100402346522,0.19564,0.19318517243735242,0.1981124930290231
T-shared_list-W-20-HS-random-D-3-C-5-H-3-RUNS-100000.csv,shared_list,20,random,3,5,3,100000,2.0,129.0,35.87466,190.3817898844,35.78913978694952,35.96018021305048,0.0855202130504793,0.0,3.0,2.85093,0.24730813510000005,2.8478476973999944,2.8540123026000055,0.0030823026000055265,0.0,0.385,0.12603845000000002,0.0022093892465975,0.12574711531738003,0.12632978468262002,0.0002913346826199925,0.0,65.0,23.19389333333333,61.61739648639999,23.145240544066716,23.242546122599947,0.048652789266615315,0.0,195.0,69.58168,554.5565683776,69.43572163220017,69.72763836779984,0.1459583677998353,0.0,1.0,0.42024,0.09420056462222223,0.41833768328332865,0.42214231671667135,0.0019023167166713484,0.09878,0.09693739464600235,0.10064591330988312
T-shared_list-W-20-HS-random-D-3-C-5-H-4-RUNS-100000.csv,shared_list,20,random,3,5,4,100000,2.0,131.0,37.01637,207.5041620231,36.92708685551976,37.10565314448024,0.0892831444802411,0.0,3.0,2.92193,0.1324750751,2.9196740827840895,2.924185917215911,0.0022559172159106744,0.0,0.37,0.12850115,0.0023493910736775,0.1282007266196076,0.12880157338039241,0.0003004233803924061,0.0,69.0,23.68409666666667,66.97724397287777,23.633371940896467,23.73482139243687,0.05072472577020193,0.0,207.0,71.05229,602.7951957559,70.9001158226894,71.2044641773106,0.15217417731059868,0.0,1.0,0.42036,0.0762374704,0.4186486442033036,0.4220713557966964,0.001711355796696401,0.05295,0.05157005170851736,0.05435594939434066
T-shared_list-W-20-HS-random-D-3-C-5-H-5-RUNS-100000.csv,shared_list,20,random,3,5,5,100000,2.0,132.0,37.2517,215.80664711,37.1606482116849,37.3427517883151,0.09105178831509875,0.0,3.0,2.95775,0.0774849375,2.9560246996322377,2.959475300367762,0.0017253003677621948,0.0,0.3675,0.1285498,0.00239217341996,0.1282466536094538,0.12885294639054617,0.00030314639054618286,0.0,68.0,23.62544333333333,68.03777063678889,23.574318593756654,23.676568072910005,0.05112473957667518,0.0,204.0,70.87633,612.3399357311,70.72295578126997,71.02970421873002,0.153374218730022,0.0,1.0,0.419488,0.065132217856,0.41790619113633914,0.4210698088636609,0.001581808863660883,0.02723,0.02622999531448137,0.028257550654104048
T-shared_list-W-20-HS-random-D-4-C-5-H-1-RUNS-100000.csv,shared_list,20,random,4,5,1,100000,1.0,119.0,29.06988,200.3927167856,28.98214011962605,29.157619880373954,0.08773988037395242,0.0,4.0,2.66788,2.2362563056,2.658611341939853,2.6771486580601467,0.009268658060146873,0.0,0.3625,0.125488975,0.0030987824659493754,0.12514394916442836,0.12583400083557164,0.00034502583557163846,0.0,49.25,19.504585,50.826270227775,19.46039742259333,19.548772577406666,0.044187577406667344,0.0,197.0,78.01834,813.2203236444,77.84158969037333,78.19509030962666,0.17675030962666938,0.0,1.0,0.52585,0.24933177750000002,0.5227551123502718,0.5289448876497282,0.0030948876497282063,0.52585,0.5227494569986231,0.5289490434608619
T-shared_list-W-20-HS-random-D-4-C-5-H-2-RUNS-100000.csv,shared_list,20,random,4,5,2,100000,2.0,124.0,35.38463,182.9094097631,35.30080489704475,35.468455102955254,0.08382510295525236,0.0,4.0,3.3872,1.2007161599999998,3.3804083351081964,3.3939916648918036,0.006791664891803606,0.0,0.375,0.145832325,0.002580406547594375,0.14551747757991787,0.14614717242008216,0.0003148474200821427,0.0,49.5,21.8893625,43.49019871859375,21.84848806454245,21.93023693545755,0.04087443545754965,0.0,198.0,87.55745,695.8431794975,87.3939522581698,87.7209477418302,0.1634977418301986,0.0,1.0,0.523795,0.134751297975,0.5215197844359254,0.5260702155640746,0.0022752155640746174,0.29443,0.29160605466211653,0.2972658727435928
T-shared_list-W-20-HS-random-D-4-C-5-H-3-RUNS-100000.csv,shared_list,20,random,4,5,3,100000,2.0,126.0,38.11278,193.5777606716,38.02654495344722,38.19901504655278,0.08623504655277969,0.0,4.0,3.66427,0.7003953670999998,3.6590828631768084,3.669457136823192,0.005187136823191718,0.0,0.375,0.15282194999999998,0.0026846313481975,0.15250080704449206,0.1531430929555079,0.00032114295550791927,0.0,54.5,22.8282725,45.42161029074374,22.786500301339537,22.870044698660465,0.041772198660464,0.0,218.0,91.31309,726.7457646518999,91.14600120535815,91.48017879464186,0.167088794641856,0.0,1.0,0.52415,0.09706566638888889,0.5222189705750571,0.526081029424943,0.0019310294249429427,0.17403,0.17168461673969973,0.1763943053535267
T-shared_list-W-20-HS-random-D-4-C-5-H-4-RUNS-100000.csv,shared_list,20,random,4,5,4,100000,2.0,124.0,39.30941,201.8972954519,39.22134135346742,39.397478646532576,0.08806864653257662,0.0,4.0,3.79648,0.44775960960000005,3.7923325751167267,3.800627424883273,0.004147424883273132,0.0,0.395,0.153654625,0.0027383461536093752,0.15333028520004158,0.1539789647999584,0.0003243397999584119,0.0,54.5,23.0104125,47.349818454843756,22.967762873673838,23.053062126326164,0.042649626326163315,0.0,218.0,92.04165,757.5970952775001,91.87105149469535,92.21224850530466,0.17059850530465326,0.0,1.0,0.524125,0.07845548437500001,0.5223889280292136,0.5258610719707864,0.0017360719707864014,0.10682,0.10491197292827244,0.10875086518942356
T-shared_list-W-20-HS-random-D-4-C-5-H-5-RUNS-100000.csv,shared_list,20,random,4,5,5,100000,2.0,126.0,40.25288,211.17707170559999,40.16281014718207,40.342949852817924,0.09006985281792623,0.0,4.0,3.87807,0.2892430751,3.874736599038063,3.881403400961937,0.0033334009619370164,0.0,0.41,0.155934775,0.0027938090081993747,0.15560716705311992,0.15626238294688008,0.0003276079468800819,0.0,55.25,23.252075,48.140076944375004,23.209070939774307,23.295079060225696,0.043004060225694474,0.0,221.0,93.0083,770.2412311100001,92.83628375909723,93.18031624090278,0.1720162409027779,0.0,1.0,0.524188,0.066294940656,0.5225921345795335,0.5257838654204665,0.0015958654204665246,0.06111,0.0596331377850677,0.0626123808405527
T-shared_list-W-20-HS-random-D-5-C-5-H-1-RUNS-100000.csv,shared_list,20,random,5,5,1,100000,1.0,129.0,28.76543,224.6543269151,28.672530481041232,28.858329518958765,0.09289951895876669,0.0,5.0,3.0467,3.63937911,3.0348758557227273,3.0585241442772726,0.01182414427727263,0.0,0.3725,0.136219125,0.003796335171734375,0.13583723494781566,0.13660101505218433,0.000381890052184336,0.0,42.8,18.493702,43.696548335196006,18.452730710041727,18.53467328995827,0.040971289958271484,0.0,214.0,92.46851,1092.4137083799,92.26365355020863,92.67336644979136,0.20485644979136453,0.0,1.0,0.61082,0.2377189276,0.6077980452811663,0.6138419547188337,0.003021954718833708,0.61082,0.6077899220562563,0.6138436490217278
T-shared_list-W-20-HS-random-D-5-C-5-H-2-RUNS-100000.csv,shared_list,20,random,5,5,2,100000,2.0,143.0,36.23058,213.75173286359998,36.13996274684318,36.321197253156825,0.09061725315682168,0.0,5.0,3.95647,2.4150151391,3.946838010507498,3.966101989492502,0.00963198949250188,0.0,0.3975,0.161526125,0.003000652879984375,0.16118660610356347,0.1618656438964365,0.0003395188964365192,0.0,46.4,21.03323,34.9217017671,20.996602795696575,21.069857204303425,0.03662720430342503,0.0,232.0,105.16615,873.0425441775,104.98301397848287,105.34928602151713,0.1831360215171287,0.0,1.0,0.61087,0.12807284310000003,0.6086518822527807,0.6130881177472194,0.0022181177472193614,0.3916,0.3885729107860899,0.39463337773125323
T-shared_list-W-20-HS-random-D-5-C-5-H-3-RUNS-100000.csv,shared_list,20,random,5,5,3,100000,2.0,141.0,39.70186,215.8798925404,39.61079276136924,39.79292723863077,0.09106723863076382,0.0,5.0,4.35764,1.6253536304000002,4.349738127749359,4.365541872250641,0.007901872250640984,0.0,0.385,0.17019005,0.0029501017559975004,0.1698534031389447,0.17052669686105532,0.0003366468610553064,0.0,44.6,21.904837999999998,34.558471793756,21.868401778290977,21.94127422170902,0.036436221709021055,0.0,223.0,109.52419,863.9617948439,109.3420088914549,109.70637110854511,0.18218110854510883,0.0,1.0,0.61121,0.09202566923333334,0.6093297717933007,0.6130902282066993,0.0018802282066993081,0.26032,0.25760226417227444,0.26305164359302663
T-shared_list-W-20-HS-random-D-5-C-5-H-4-RUNS-100000.csv,shared_list,20,random,5,5,4,100000,2.0,135.0,41.94301,226.88232213990003,41.8496509549785,42.0363690450215,0.09335904502150072,0.0,5.0,4.5785,1.15351775,4.571843158565506,4.585156841434494,0.006656841434494076,0.0,0.395,0.17430849999999998,0.00302736982775,0.1739674729639708,0.17464952703602915,0.0003410270360291734,0.0,45.4,22.337633999999998,35.910037282044,22.300492110007337,22.37477588999266,0.03714188999266099,0.0,227.0,111.68817,897.7509320511001,111.50246055003669,111.87387944996331,0.18570944996331207,0.0,1.0,0.611125,0.07370373437500001,0.6094423227701814,0.6128076772298187,0.0016826772298186299,0.17262,0.17028219952222898,0.17497680459140724
T-shared_list-W-20-HS-random-D-5-C-5-H-5-RUNS-100000.csv,shared_list,20,random,5,5,5,100000,2.0,154.0,43.29286,238.43783302040003,43.197153010739484,43.38856698926051,0.09570698926051335,0.0,5.0,4.72399,0.8006284799000001,4.7184441056912485,4.729535894308751,0.005545894308751187,0.0,0.395,0.17602674999999998,0.0030888057844375,0.17568228002596023,0.17637121997403973,0.00034446997403975166,0.0,44.2,22.55708,36.586069873599996,22.519590128564314,22.594569871435684,0.037489871435685274,0.0,221.0,112.7854,914.65174684,112.59795064282157,112.97284935717842,0.18744935717842282,0.0,1.0,0.609852,0.06284373809600001,0.60829822876758,0.6114057712324199,0.0015537712324199537,0.11068,0.10874179381437288,0.11264081888821681
T-shared_list-W-20-HS-random-D-6-C-5-H-1-RUNS-100000.csv,shared_list,20,random,6,5,1,100000,1.0,177.0,30.59668,317.4755729776,30.486243857313344,30.707116142686655,0.11043614268665536,0.0,6.0,3.36499,5.170632299899999,3.350896206669851,3.379083793330149,0.01409379333014904,0.0,0.3875,0.14413785,0.0045447080723775,0.1437200109097889,0.14455568909021113,0.00041783909021111953,0.0,39.166666666666664,16.695288333333334,39.49887496686389,16.656334658529445,16.734242008137223,0.03895367480388856,0.0,235.0,100.17173,1421.9594988071,99.93800795117667,100.40545204882332,0.23372204882332426,0.0,1.0,0.67941,0.2178120519,0.6765173424354427,0.6823026575645572,0.002892657564557255,0.67941,0.6765072234681463,0.6823023675287684
T-shared_list-W-20-HS-random-D-6-C-5-H-2-RUNS-100000.csv,shared_list,20,random,6,5,2,100000,2.0,188.0,39.6429,323.01329959,39.531504852363085,39.75429514763691,0.11139514763691238,0.0,6.0,4.43803,3.895279719100001,4.4257972134945085,4.450262786505492,0.012232786505491866,0.0,0.415,0.17422755,0.0034991783209975,0.173860910620801,0.17459418937919902,0.00036663937919900746,0.0,40.333333333333336,19.382856666666665,30.738598550566667,19.348493110361787,19.417220222971544,0.03436355630487853,0.0,242.0,116.29714,1106.5895478204,116.09095866217072,116.50332133782928,0.20618133782927828,0.0,1.0,0.682605,0.11640791397499999,0.6804903070144195,0.6847196929855806,0.002114692985580535,0.48211,0.47900856563661787,0.4852124721481743
T-shared_list-W-20-HS-random-D-6-C-5-H-3-RUNS-100000.csv,shared_list,20,random,6,5,3,100000,3.0,161.0,44.66048,335.7550861696,44.5469090204749,44.7740509795251,0.11357097952510031,0.0,6.0,4.97588,2.8449182256,4.965425796130042,4.9863342038699585,0.010454203869958434,0.0,0.405,0.1856753,0.00334606846991,0.18531677166591737,0.1860338283340826,0.0003585283340826195,0.0,39.333333333333336,20.431111666666666,29.636020230863885,20.397370040250784,20.464853293082548,0.033741626415881854,0.0,236.0,122.58667,1066.8967283111,122.3842202415047,122.78911975849529,0.20244975849529112,0.0,1.0,0.6818966666666667,0.08346915821111113,0.6801059821099014,0.683687351223432,0.0017906845567653429,0.34601,0.34306115797188413,0.3489677758287229
T-shared_list-W-20-HS-random-D-6-C-5-H-4-RUNS-100000.csv,shared_list,20,random,6,5,4,100000,3.0,176.0,48.23783,355.6262668911,48.120946559475314,48.35471344052469,0.11688344052468835,0.0,6.0,5.30504,2.0789305984,5.29610332288442,5.31397667711558,0.008936677115579883,0.0,0.41,0.192089825,0.0033847778189693752,0.19172922879273552,0.19245042120726447,0.00036059620726447417,0.0,39.833333333333336,21.063543333333335,30.049124467011108,21.02956735409028,21.09751931257639,0.03397597924305629,0.0,239.0,126.38126,1081.7684808124,126.17740412454165,126.58511587545834,0.20385587545834483,0.0,1.0,0.6803675,0.06646693994375,0.6787695657194743,0.6819654342805257,0.0015979342805256813,0.24439,0.2417290288505724,0.24706580403682896
T-shared_list-W-20-HS-random-D-6-C-5-H-5-RUNS-100000.csv,shared_list,20,random,6,5,5,100000,3.0,184.0,50.74545,375.17117429749993,50.62539761213615,50.86550238786385,0.12005238786385064,0.0,6.0,5.50787,1.5784980630999998,5.500082857931689,5.51565714206831,0.0077871420683104375,0.0,0.405,0.195809675,0.003486930363894375,0.19544367784583158,0.1961756721541684,0.00036599715416840706,0.0,39.833333333333336,21.437948333333335,30.929473757330552,21.403478249726508,21.47241841694016,0.03447008360682702,0.0,239.0,128.62769,1113.4610552639,128.42086949835905,128.83451050164095,0.2068205016409479,0.0,1.0,0.68155,0.0564379975,0.680077545548426,0.683022454451574,0.0014724544515739568,0.17211,0.1697749562570559,0.1744640775244927
T-shared_list-W-20-HS-random-D-7-C-5-H-1-RUNS-100000.csv,shared_list,20,random,7,5,1,100000,1.0,205.0,32.94729,479.1260516559,32.81162089371411,33.0829591062859,0.13566910628589568,0.0,7.0,3.62889,6.7878273679,3.612741898682345,3.645038101317655,0.016148101317654984,0.0,0.4175,0.15103895,0.005309247207897499,0.15058733064618687,0.15149056935381314,0.0004516193538131319,0.0,37.857142857142854,15.403658571428572,38.75761506383469,15.36507214194498,15.442245000912164,0.038586429483592255,0.0,265.0,107.82561,1899.1231381279001,107.55550499361485,108.09571500638515,0.2701050063851511,0.0,1.0,0.73581,0.19439364389999994,0.7330772676267036,0.7385427323732964,0.0027327323732964093,0.73581,0.7330655044650566,0.7385408124898625
T-shared_list-W-20-HS-random-D-7-C-5-H-2-RUNS-100000.csv,shared_list,20,random,7,5,2,100000,3.0,207.0,44.15386,538.7744271004,44.00999353972698,44.297726460273026,0.1438664602730242,0.0,7.0,4.8794,5.56211564,4.86478239984039,4.894017600159611,0.014617600159610333,0.0,0.4275,0.18495892500000002,0.004113695875344376,0.18456139293746013,0.18535645706253992,0.0003975320625398959,0.0,37.857142857142854,18.26422857142857,31.081704894693875,18.229673763149048,18.298783379708095,0.034554808279523286,0.0,265.0,127.8496,1523.0035398400003,127.60771634204333,128.09148365795664,0.2418836579566488,0.0,1.0,0.735345,0.10422023097500001,0.7333440691183513,0.7373459308816488,0.002000930881648766,0.55456,0.5514729847870702,0.5576438501932665
T-shared_list-W-20-HS-random-D-7-C-5-H-3-RUNS-100000.csv,shared_list,20,random,7,5,3,100000,3.0,217.0,51.12772,578.0407676016,50.97870317501643,51.276736824983566,0.14901682498356905,0.0,7.0,5.53948,4.3092413296,5.526613616867281,5.552346383132719,0.01286638313271915,0.0,0.4375,0.19915332499999996,0.003822241828944375,0.1987701341309794,0.19953651586902052,0.00038319086902055544,0.0,38.57142857142857,19.5461,29.598030708367347,19.51238000670681,19.57981999329319,0.03371999329318953,0.0,270.0,136.8227,1450.3035047100002,136.58666004694769,137.0587399530523,0.2360399530523125,0.0,1.0,0.73705,0.07284951972222223,0.735377102169991,0.738722897830009,0.0016728978300090125,0.42188,0.41881638556942946,0.42494814622461446
T-shared_list-W-20-HS-random-D-7-C-5-H-4-RUNS-100000.csv,shared_list,20,random,7,5,4,100000,3.0,231.0,55.90203,605.4344118791,55.74952305469341,56.054536945306594,0.15250694530659104,0.0,7.0,5.94329,3.3650939759000003,5.9319201517082165,5.954659848291784,0.011369848291783669,0.0,0.455,0.206047175,0.003782537737019375,0.20566597955183025,0.20642837044816975,0.00038119544816975215,0.0,38.714285714285715,20.252051428571427,29.49160926102857,20.218392110970328,20.285710746172526,0.0336593176010993,0.0,271.0,141.76436,1445.0888537904,141.5287447767923,141.9999752232077,0.23561522320770223,0.0,1.0,0.7370625,0.058336996093749996,0.7355654782760636,0.7385595217239364,0.001497021723936398,0.32088,0.3179869337565337,0.3237834584157563
T-shared_list-W-20-HS-random-D-7-C-5-H-5-RUNS-100000.csv,shared_list,20,random,7,5,5,100000,3.0,226.0,59.8267,630.35974711,59.67108541185038,59.98231458814963,0.15561458814962492,0.0,7.0,6.23137,2.6149179231000006,6.221347291437251,6.241392708562749,0.010022708562749116,0.0,0.44,0.21153442499999997,0.003825268102419375,0.21115108246463174,0.2119177675353682,0.0003833425353682307,0.0,38.57142857142857,20.814008571428573,29.601525555844898,20.780286587415866,20.84773055544128,0.03372198401270765,0.0,270.0,145.69806,1450.4747522364003,145.46200611191105,145.93411388808894,0.23605388808894645,0.0,1.0,0.7377959999999999,0.049130662384000004,0.7364221719444763,0.7391698280555234,0.0013738280555235516,0.23905,0.23640915073864113,0.24170599230948378
T-shared_list-W-20-HS-random-D-8-C-5-H-1-RUNS-100000.csv,shared_list,20,random,8,5,1,100000,1.0,241.0,35.33827,694.5580434071,35.17492330797495,35.50161669202505,0.16334669202505125,0.0,8.0,3.83297,8.424950979100002,3.8149796437830403,3.8509603562169596,0.017990356216959658,0.0,0.4575,0.15521284999999999,0.005890925444877499,0.1547371339167209,0.15568856608327908,0.000475716083279093,0.0,37.125,14.2529125,38.73570682984375,14.214336977792579,14.291488022207423,0.038575522207422,0.0,297.0,114.0233,2479.08523711,113.71469582234063,114.33190417765938,0.308604177659376,0.0,1.0,0.78384,0.16943485439999997,0.7812887239728656,0.7863912760271343,0.0025512760271343415,0.78384,0.7812755575770454,0.7863879695699336
T-shared_list-W-20-HS-random-D-8-C-5-H-2-RUNS-100000.csv,shared_list,20,random,8,5,2,100000,2.0,282.0,48.91137,862.3641347231,48.7293574163704,49.0933825836296,0.18201258362960004,0.0,8.0,5.23957,7.4234562151,5.222682741668367,5.256457258331632,0.016887258331632182,0.0,0.47,0.191854525,0.004600673174524375,0.19143412107438496,0.19227492892561504,0.0004204039256150427,0.0,38.5,17.23796625,32.95120440761094,17.202387415441756,17.273545084558243,0.035578834558243955,0.0,308.0,137.90373,2108.8770820871,137.61909932353404,138.18836067646595,0.28463067646595164,0.0,1.0,0.78296,0.08970363840000002,0.7811036447072894,0.7848163552927105,0.0018563552927105542,0.6225,0.6194869540279853,0.6255059393763477
T-shared_list-W-20-HS-random-D-8-C-5-H-3-RUNS-100000.csv,shared_list,20,random,8,5,3,100000,3.0,251.0,57.54363,935.3555164231,57.3540709919869,57.7331890080131,0.18955900801309866,0.0,8.0,6.01493,6.1237670951,5.999592117593182,6.030267882406817,0.015337882406817549,0.0,0.47,0.20695785,0.0042286491983775,0.2065548018792937,0.2073608981207063,0.00040304812070629525,0.0,38.75,18.619235,31.289980827275002,18.584564610566645,18.653905389433355,0.0346703894333551,0.0,310.0,148.95388,2002.5587729456001,148.67651688453316,149.23124311546684,0.2773631154668408,0.0,1.0,0.7819033333333334,0.06315051065555556,0.7803457743401188,0.783460892326548,0.001557558993214636,0.49368,0.4905764933654183,0.49678387325241735
T-shared_list-W-20-HS-random-D-8-C-5-H-4-RUNS-100000.csv,shared_list,20,random,8,5,4,100000,3.0,244.0,64.17593,988.0630586351001,63.981103332265505,64.37075666773448,0.19482666773448898,0.0,8.0,6.52272,4.9967038016,6.5088652761398045,6.536574723860195,0.01385472386019515,0.0,0.4775,0.215586875,0.004072626140234375,0.21519133232745602,0.215982417672544,0.00039554267254399145,0.0,38.625,19.53289875,30.470372203498442,19.498685451144592,19.56711204885541,0.034213298855409136,0.0,309.0,156.26319,1950.1038210239003,155.98948360915674,156.53689639084328,0.2737063908432731,0.0,1.0,0.780855,0.050206718975,0.7794662086851712,0.7822437913148287,0.001388791314828719,0.3899,0.38687531928064073,0.39293106786828197
T-shared_list-W-20-HS-random-D-8-C-5-H-5-RUNS-100000.csv,shared_list,20,random,8,5,5,100000,3.0,244.0,69.72796,1011.0014542383999,69.5308848065686,69.9250351934314,0.19707519343140234,0.0,8.0,6.90289,3.9326596478999996,6.890598659428942,6.915181340571058,0.012291340571057852,0.0,0.47,0.22136977500000002,0.004065933528949375,0.22097455746186676,0.22176499253813328,0.00039521753813326344,0.0,38.5,20.19489875,30.21857307099844,20.160827109254427,20.228970390745573,0.034071640745573006,0.0,308.0,161.55919,1933.9886765439,161.28661687403542,161.83176312596459,0.27257312596458405,0.0,1.0,0.78181,0.041951123900000005,0.7805405141293648,0.7830794858706353,0.0012694858706352452,0.30434,0.30148886103365685,0.307202491131802
T-shared_list-W-20-HS-random-D-9-C-5-H-1-RUNS-100000.csv,shared_list,20,random,9,5,1,100000,1.0,272.0,37.59368,963.8843040575999,37.401251885046186,37.78610811495381,0.19242811495381318,0.0,9.0,4.01264,10.172540230400001,3.9928716337171974,4.0324083662828025,0.01976836628280232,0.0,0.4825,0.15730887500000001,0.006255550783734375,0.15681865745756815,0.15779909254243188,0.0004902175424318644,0.0,36.44444444444444,13.211315555555554,38.37879363721481,13.172918163243482,13.249712947867627,0.0383973923120724,0.0,328.0,118.90184,3108.6822846143996,118.55626346919135,119.24741653080866,0.3455765308086569,0.0,1.0,0.81735,0.14928897749999998,0.8149551961751241,0.8197448038248759,0.0023948038248758907,0.81735,0.8149410484528304,0.8197405308031195
T-shared_list-W-20-HS-random-D-9-C-5-H-2-RUNS-100000.csv,shared_list,20,random,9,5,2,100000,2.0,293.0,53.23383,1262.8627335310998,53.01357075553718,53.454089244462814,0.22025924446281664,0.0,9.0,5.54594,9.4990095164,5.526837279000571,5.565042720999429,0.019102720999429224,0.0,0.495,0.195153275,0.004858961569274374,0.19472123117392995,0.19558531882607003,0.00043204382607003877,0.0,37.77777777777778,16.219292222222222,34.345079439791355,16.182968668269464,16.25561577617498,0.03632355395275866,0.0,340.0,145.97363,2781.9514346230994,145.64671801442518,146.30054198557485,0.3269119855748386,0.0,1.0,0.817715,0.077609678775,0.8159883114294059,0.8194416885705941,0.0017266885705941037,0.67482,0.6719065807105608,0.6777232766746067
T-shared_list-W-20-HS-random-D-9-C-5-H-3-RUNS-100000.csv,shared_list,20,random,9,5,3,100000,3.0,285.0,63.94614,1418.4575591003995,63.712705928814145,64.17957407118585,0.23343407118585446,0.0,9.0,6.44698,8.1439688796,6.4292921875722655,6.464667812427734,0.01768781242773443,0.0,0.515,0.2112645,0.0044033699147499996,0.2108532095203569,0.21167579047964308,0.00041129047964308385,0.0,37.44444444444444,17.753487777777778,33.17143160083827,17.71779024682145,17.789185308734105,0.03569753095632677,0.0,337.0,159.78139,2686.8859596679004,159.46011222139305,160.10266777860693,0.32127777860694096,0.0,1.0,0.8161033333333334,0.05452534932222223,0.8146560442054939,0.8175506224611729,0.001447289127839535,0.55462,0.5515330238918508,0.5577038076084962
T-shared_list-W-20-HS-random-D-9-C-5-H-4-RUNS-100000.csv,shared_list,20,random,9,5,4,100000,3.0,296.0,72.36755,1498.3034369975,72.12763579692795,72.60746420307204,0.23991420307204692,0.0,9.0,7.02692,6.8958553136,7.010643907786964,7.043196092213035,0.01627609221303583,0.0,0.51,0.22048497499999997,0.004241325611749375,0.2200813232135541,0.22088862678644586,0.0004036517864458855,0.0,38.44444444444444,18.75852666666667,32.249157049041976,18.72332888808341,18.793724445249925,0.03519777858325668,0.0,346.0,168.82674,2612.1817209723995,168.50995999275068,169.14352000724932,0.31678000724932076,0.0,1.0,0.8176,0.04266649,0.8163197360116601,0.8188802639883399,0.0012802639883399136,0.4592,0.4561075802153303,0.46229478657439377
T-shared_list-W-20-HS-random-D-9-C-5-H-5-RUNS-100000.csv,shared_list,20,random,9,5,5,100000,3.0,278.0,79.73943,1527.8047332751,79.49716537890667,79.98169462109333,0.24226462109332658,0.0,9.0,7.49828,5.6043970415999995,7.483606945895619,7.512953054104382,0.014673054104381578,0.0,0.5075,0.226670575,0.004128525866669374,0.2262723270248715,0.22706882297512854,0.00039824797512852395,0.0,37.77777777777778,19.542613333333335,31.40249669641481,19.507880664085356,19.577346002581315,0.034732669247979686,0.0,340.0,175.88352,2543.6022324096,175.5709259767682,176.19611402323181,0.31259402323181007,0.0,1.0,0.8172479999999999,0.035578506495999994,0.8160789046636178,0.818417095336382,0.0011690953363820977,0.37148,0.3684839109951211,0.37448354489217456
T-shared_list-W-20-HS-weighted-D-1-C-5-H-1-RUNS-100000.csv,shared_list,20,weighted,1,5,1,100000,1.0,124.0,25.56858,191.4879767836,25.48281169515422,25.654348304845783,0.08576830484578224,0.0,1.0,0.93483,0.06092287109999999,0.9333001591533178,0.9363598408466823,0.0015298408466822844,0.0,0.2775,0.05725045,0.0009901567247974999,0.05705541702653187,0.05744548297346813,0.00019503297346813026,0.0,122.0,23.69892,191.55037083360003,23.613137723007934,23.784702276992068,0.08578227699206664,0.0,122.0,23.69892,191.55037083360003,23.613137723007934,23.784702276992068,0.08578227699206664,0.0,1.0,0.06517,0.06092287110000001,0.06364015915331771,0.0666998408466823,0.0015298408466822982,0.06517,0.06364781473593276,0.06671746451461981
T-shared_list-W-20-HS-weighted-D-1-C-5-H-2-RUNS-100000.csv,shared_list,20,weighted,1,5,2,100000,2.0,125.0,25.49832,190.9487971776,25.41267253072989,25.58396746927011,0.08564746927011058,0.0,1.0,0.98938,0.010507215599999994,0.9887446692243488,0.9900153307756513,0.000635330775651255,0.0,0.265,0.05664377500000001,0.0009737915662493751,0.05645036047932218,0.05683718952067784,0.0001934145206778301,0.0,125.0,23.51956,191.6045374064,23.433765595118302,23.605354404881695,0.0857944048816961,0.0,125.0,23.51956,191.6045374064,23.433765595118302,23.605354404881695,0.0857944048816961,0.0,1.0,0.11387,0.0492786231,0.11249410480595011,0.11524589519404989,0.0013758951940498892,0.01062,0.009993906002453097,0.01127471648533684
T-shared_list-W-20-HS-weighted-D-1-C-5-H-3-RUNS-100000.csv,shared_list,20,weighted,1,5,3,100000,2.0,138.0,26.09724,202.33162438239998,26.00907667609332,26.18540332390668,0.0881633239066808,0.0,1.0,0.99677,0.0032195671000000005,0.9964183142173565,0.9971216857826436,0.00035168578264355155,0.0,0.3025,0.0580991,0.00104317320419,0.05789891373220882,0.058299286267791184,0.0002001862677911831,0.0,136.0,24.1037,202.72364631000002,24.015451308244003,24.191948691755996,0.08824869175599659,0.0,136.0,24.1037,202.72364631000002,24.015451308244003,24.191948691755996,0.08824869175599659,0.0,1.0,0.1360333333333333,0.041506043333333326,0.1347705997269486,0.13729606693971802,0.0012627336063847083,0.00323,0.0028877971092036714,0.0036014967133060054
T-shared_list-W-20-HS-weighted-D-1-C-5-H-4-RUNS-100000.csv,shared_list,20,weighted,1,5,4,100000,2.0,142.0,25.72236,193.67703603040002,25.63610284368156,25.808617156318437,0.08625715631843889,0.0,1.0,0.99856,0.0014379264000000005,0.9983249694050078,0.9987950305949922,0.0002350305949921916,0.0,0.2825,0.05705377500000001,0.000982053695749375,0.05685954170013639,0.05724800829986362,0.0001942332998636151,0.0,140.0,23.72524,193.9050669424,23.638932080017767,23.81154791998223,0.0863079199822323,0.0,140.0,23.72524,193.9050669424,23.638932080017767,23.81154791998223,0.0863079199822323,0.0,1.0,0.1453225,0.03585949599374999,0.1441487971423329,0.1464962028576671,0.0011737028576671027,0.00144,0.0012145451748960534,0.001695118632662967
T-shared_list-W-20-HS-weighted-D-1-C-5-H-5-RUNS-100000.csv,shared_list,20,weighted,1,5,5,100000,2.0,135.0,25.81409,202.5606874719,25.72587678460729,25.90230321539271,0.08821321539270954,0.0,1.0,0.99912,0.0008792256000000001,0.9989362166203118,0.9993037833796882,0.00018378337968816272,0.0,0.3025,0.05734105,0.0010372831098975,0.057141429690537704,0.05754067030946229,0.00019962030946229364,0.0,133.0,23.81585,202.73189877750002,23.727599512049867,23.904100487950135,0.08825048795013402,0.0,133.0,23.81585,202.73189877750002,23.727599512049867,23.904100487950135,0.08825048795013402,0.0,1.0,0.152458,0.032434558236,0.15134175361626828,0.15357424638373174,0.0011162463837317282,0.00088,0.0007058436990495566,0.0010840739094869108
T-shared_list-W-20-HS-weighted-D-10-C-5-H-1-RUNS-100000.csv,shared_list,20,weighted,10,5,1,100000,1.0,343.0,72.17247,2699.7721040991,71.85042272839058,72.49451727160942,0.3220472716094207,0.0,10.0,6.68223,13.031612227099998,6.659855406924007,6.7046045930759925,0.022374593075992877,0.0,0.535,0.20038725000000002,0.0066852546624375,0.19988047515540708,0.20089402484459296,0.0005067748445929388,0.0,38.4,16.48441,48.692726351900006,16.441159800283298,16.527660199716703,0.0432501997167023,0.0,384.0,164.8441,4869.272635190001,164.411598002833,165.276601997167,0.43250199716700877,0.0,1.0,0.5599,0.24641199,0.5568232869799346,0.5629767130200654,0.0030767130200654025,0.5599,0.5568166432071161,0.5629798819919242
T-shared_list-W-20-HS-weighted-D-10-C-5-H-2-RUNS-100000.csv,shared_list,20,weighted,10,5,2,100000,3.0,328.0,81.59677,2467.4649355671,81.2888899373705,81.90465006262951,0.30788006262950773,0.0,10.0,7.50937,9.7645722031,7.490002093408055,7.528737906591944,0.01936790659194454,0.0,0.495,0.21876654999999998,0.0048389414760975,0.21833539715500674,0.2191977028449932,0.00043115284499323225,0.0,38.4,17.945686000000002,38.389404389404,17.907283300107633,17.98408869989237,0.03840269989236944,0.0,384.0,179.45686,3838.9404389404,179.0728330010763,179.8408869989237,0.3840269989237015,0.0,1.0,0.72242,0.08455934359999999,0.7206176593707798,0.7242223406292201,0.0018023406292201338,0.49048,0.48737690037493875,0.49358365187230013
T-shared_list-W-20-HS-weighted-D-10-C-5-H-3-RUNS-100000.csv,shared_list,20,weighted,10,5,3,100000,3.0,324.0,85.45544,2316.0287544064,85.15715731423148,85.75372268576851,0.2982826857685126,0.0,10.0,7.8066,8.55533644,7.788470967905621,7.82472903209438,0.01812903209437966,0.0,0.5025,0.2243988,0.00437811743356,0.2239886905520137,0.22480890944798632,0.00041010944798630655,0.0,37.8,18.431772000000002,34.926391940016,18.3951423361636,18.468401663836403,0.03662966383640054,0.0,378.0,184.31772,3492.6391940016,183.95142336163602,184.684016638364,0.3662966383639912,0.0,1.0,0.78743,0.04986621732222222,0.7860459260841087,0.7888140739158912,0.0013840739158912374,0.4588,0.4557077957920048,0.4618945942021144
T-shared_list-W-20-HS-weighted-D-10-C-5-H-4-RUNS-100000.csv,shared_list,20,weighted,10,5,4,100000,3.0,317.0,87.9721,2241.15654159,87.67867834145768,88.26552165854231,0.2934216585423144,0.0,10.0,7.95566,7.9221339644,7.938214751409728,7.973105248590272,0.0174452485902723,0.0,0.5,0.22757705000000003,0.0042041075632975,0.22717517315798044,0.22797892684201962,0.0004018768420195884,0.0,38.2,18.720506999999998,33.539355562950995,18.6846120437623,18.756401956237696,0.035894956237697784,0.0,382.0,187.20507,3353.9355562951005,186.84612043762303,187.56401956237698,0.35894956237697784,0.0,1.0,0.8226425,0.03681869219375,0.8214532031996533,0.8238317968003468,0.0011892968003467397,0.4419,0.4388187401222552,0.4449846302577039
T-shared_list-W-20-HS-weighted-D-10-C-5-H-5-RUNS-100000.csv,shared_list,20,weighted,10,5,5,100000,3.0,321.0,89.63879,2190.6029173359,89.34869656389299,89.92888343610701,0.2900934361070142,0.0,10.0,8.05096,7.5799630784000005,8.033895655253723,8.068024344746277,0.01706434474627727,0.0,0.52,0.22920220000000002,0.0041536278901599995,0.2288027431574896,0.22960165684251044,0.000399456842510415,0.0,38.7,18.886216,33.060717801344,18.850578091320386,18.921853908679616,0.03563790867961458,0.0,387.0,188.86216,3306.0717801344003,188.50578091320386,189.2185390867961,0.3563790867961245,0.0,1.0,0.8444280000000001,0.030278152816000003,0.8433494984846652,0.8455065015153349,0.0010785015153348398,0.42972,0.4266488663254769,0.43279521064396476
T-shared_list-W-20-HS-weighted-D-2-C-5-H-1-RUNS-100000.csv,shared_list,20,weighted,2,5,1,100000,1.0,121.0,31.15949,209.1776129399,31.069847559277434,31.24913244072257,0.08964244072256733,0.0,2.0,1.81236,0.2729312304,1.8091219564321883,1.8155980435678116,0.003238043567811655,0.0,0.3025,0.09201345000000001,0.0016970610190974998,0.09175811826262753,0.09226878173737249,0.00025533173737248005,0.0,74.0,23.00322,97.85615963160001,22.941907340390358,23.06453265960964,0.06131265960964072,0.0,148.0,46.00644,391.42463852640003,45.883814680780716,46.12906531921928,0.12262531921928144,0.0,1.0,0.12739,0.11116178790000002,0.12532350750207838,0.12945649249792163,0.0020664924979216237,0.12739,0.1253293727851182,0.12947226502621584
T-shared_list-W-20-HS-weighted-D-2-C-5-H-2-RUNS-100000.csv,shared_list,20,weighted,2,5,2,100000,2.0,141.0,33.02109,212.42748521190003,32.930753881686776,33.111426118313226,0.09033611831322474,0.0,2.0,1.94957,0.0688668151,1.9479434737724581,1.951196526227542,0.0016265262275418912,0.0,0.2925,0.09637467499999999,0.0017505644561443751,0.09611534955939062,0.09663400044060937,0.0002593254406093731,0.0,87.0,24.056985,100.64059020977501,23.99480615381017,24.11916384618983,0.062178846189830494,0.0,174.0,48.11397,402.56236083910005,47.98961230762034,48.23832769237966,0.12435769237966099,0.0,1.0,0.22162,0.08166457560000001,0.2198487782927455,0.22339122170725453,0.0017712217072545222,0.03994,0.0387346874152061,0.04117208857237997
T-shared_list-W-20-HS-weighted-D-2-C-5-H-3-RUNS-100000.csv,shared_list,20,weighted,2,5,3,100000,2.0,140.0,33.01998,217.3033407996,32.92861301942081,33.111346980579185,0.09136698057918835,0.0,2.0,1.97889,0.027284367900000002,1.9778662049632634,1.9799137950367367,0.0010237950367366633,0.0,0.315,0.09599267499999999,0.0017768257838443751,0.09573141164759065,0.09625393835240932,0.0002612633524093355,0.0,87.0,23.922225,103.36078854937502,23.859211445482636,23.985238554517366,0.06301355451736512,0.0,174.0,47.84445,413.44315419750006,47.71842289096527,47.97047710903473,0.12602710903473024,0.0,1.0,0.2579066666666666,0.06702637351111111,0.25630202179480155,0.2595113115385317,0.0016046448718650685,0.0178,0.01698949093001729,0.018638646610544585
T-shared_list-W-20-HS-weighted-D-2-C-5-H-4-RUNS-100000.csv,shared_list,20,weighted,2,5,4,100000,2.0,137.0,33.4156,220.02273664,33.32366310071161,33.50753689928838,0.09193689928838467,0.0,2.0,1.98769,0.016178463900000002,1.9869016397592583,1.9884783602407416,0.0007883602407416923,0.0,0.3525,0.0977643,0.00182040039551,0.09749985245965614,0.09802874754034385,0.000264447540343854,0.0,82.5,24.20218,104.56191324759997,24.13880137221965,24.265558627780347,0.06337862778034875,0.0,165.0,48.40436,418.2476529903999,48.2776027444393,48.531117255560694,0.1267572555606975,0.0,1.0,0.2794225,0.059018691493750004,0.2779167569766312,0.28092824302336883,0.0015057430233688107,0.0103,0.009683459622948842,0.010945186055323517
T-shared_list-W-20-HS-weighted-D-2-C-5-H-5-RUNS-100000.csv,shared_list,20,weighted,2,5,5,100000,2.0,139.0,33.15292,222.03499547360002,33.060563644581904,33.2452763554181,0.09235635541809728,0.0,2.0,1.99091,0.012007371900000001,1.9902308275631988,1.9915891724368011,0.0006791724368011565,0.0,0.335,0.09675287499999999,0.001810902241734375,0.09648911825502753,0.09701663174497245,0.0002637567449724626,0.0,91.5,23.88395,104.2078373975,23.820678772088236,23.94722122791176,0.06327122791176265,0.0,183.0,47.7679,416.83134959,47.64135754417647,47.89444245582352,0.1265424558235253,0.0,1.0,0.29629600000000006,0.054590280383999996,0.29484784938240816,0.29774415061759196,0.0014481506175919034,0.00759,0.007061404730286344,0.008147448351514718
T-shared_list-W-20-HS-weighted-D-3-C-5-H-1-RUNS-100000.csv,shared_list,20,weighted,3,5,1,100000,1.0,142.0,34.27488,228.4378409856,34.181201464041635,34.36855853595837,0.09367853595836806,0.0,3.0,2.63886,0.6927979004000001,2.6337010733537136,2.644018926646287,0.005158926646286588,0.0,0.345,0.12080325,0.0024853809144375003,0.12049425421813716,0.12111224578186285,0.0003089957818628447,0.0,62.0,22.55816333333333,69.68163035998889,22.506424667792853,22.609901998873806,0.05173866554047635,0.0,186.0,67.67449,627.1346732399,67.51927400337857,67.82970599662144,0.15521599662143615,0.0,1.0,0.18577,0.15125950709999997,0.18335944296380408,0.1881805570361959,0.002410557036195915,0.18577,0.18336362602273892,0.18819461329080422
T-shared_list-W-20-HS-weighted-D-3-C-5-H-2-RUNS-100000.csv,shared_list,20,weighted,3,5,2,100000,2.0,134.0,36.51826,209.1517065724,36.42862311049749,36.607896889502506,0.0896368895025077,0.0,3.0,2.87083,0.2296851111,2.8678595483124587,2.8738004516875417,0.002970451687541509,0.0,0.355,0.12688522500000002,0.0023749594891993753,0.12658317128997962,0.12718727871002042,0.00030205371002040016,0.0,61.666666666666664,23.507416666666664,67.64652943749999,23.456439131664755,23.558394201668573,0.05097753500190905,0.0,185.0,70.52225,608.8187649375,70.36931739499427,70.67518260500573,0.1529326050057307,0.0,1.0,0.3174,0.09841724,0.31545557291423926,0.3193444270857608,0.0019444270857607582,0.08092,0.07923691474755624,0.08262743890751122
T-shared_list-W-20-HS-weighted-D-3-C-5-H-3-RUNS-100000.csv,shared_list,20,weighted,3,5,3,100000,2.0,137.0,36.96898,209.5243777596,36.8792632875323,37.05869671246771,0.0897167124677054,0.0,3.0,2.93029,0.12061051589999999,2.9281374727460925,2.932442527253907,0.0021525272539073548,0.0,0.3725,0.127618575,0.002365305752469375,0.12731713580913914,0.12792001419086088,0.00030143919086086934,0.0,62.666666666666664,23.65792666666667,66.69314805684445,23.6073096341998,23.708543699133536,0.05061703246686733,0.0,188.0,70.97378,600.2383325116,70.82192890259941,71.1256310974006,0.15185109740059488,0.0,1.0,0.3706833333333333,0.08013275527777777,0.3689288020777693,0.3724378645888973,0.001754531255564018,0.04654,0.045242560431297485,0.047863821367825084
T-shared_list-W-20-HS-weighted-D-3-C-5-H-4-RUNS-100000.csv,shared_list,20,weighted,3,5,4,100000,2.0,137.0,37.08359,215.89048271189998,36.99252052770626,37.17465947229374,0.0910694722937393,0.0,3.0,2.94903,0.08951205909999999,2.947175628067947,2.950884371932053,0.0018543719320529561,0.0,0.375,0.1280066,0.00234563698144,0.12770641673884275,0.12830678326115724,0.00030018326115724414,0.0,66.66666666666667,23.621286666666666,66.82956510004445,23.57061789351314,23.67195543982019,0.05066877315352514,0.0,200.0,70.86386,601.4660859004,70.71185368053943,71.01586631946057,0.1520063194605683,0.0,1.0,0.39996,0.0710057484,0.3983084077892729,0.40161159221072706,0.001651592210727082,0.0339,0.032786881029719384,0.03504025853659015
T-shared_list-W-20-HS-weighted-D-3-C-5-H-5-RUNS-100000.csv,shared_list,20,weighted,3,5,5,100000,2.0,142.0,37.06024,215.93873114239997,36.969160351913466,37.151319648086535,0.09107964808653435,0.0,3.0,2.96031,0.0716147039,2.9586513407628385,2.961968659237162,0.001658659237161686,0.0,0.345,0.12821760000000001,0.00240357392524,0.1279137321077968,0.12852146789220323,0.0003038678922032134,0.0,62.0,23.548673333333333,67.17686646217778,23.497873072487437,23.59947359417923,0.050800260845896617,0.0,186.0,70.64602,604.5917981596001,70.49361921746231,70.79842078253768,0.15240078253768274,0.0,1.0,0.418,0.0646792,0.41642370175816884,0.4195762982418311,0.0015762982418311422,0.0259,0.02492430529606876,0.026903322590977153
T-shared_list-W-20-HS-weighted-D-4-C-5-H-1-RUNS-100000.csv,shared_list,20,weighted,4,5,1,100000,1.0,126.0,35.84916,245.8125272944,35.75198421058442,35.94633578941558,0.09717578941558003,0.0,4.0,3.40017,1.4061539711000002,3.3928202509598098,3.4075197490401905,0.0073497490401903676,0.0,0.375,0.144420875,0.0032315530517343745,0.14406853518953938,0.14477321481046063,0.00035233981046062235,0.0,55.75,21.7910575,53.46665865669375,21.745736697282535,21.836378302717467,0.04532080271746608,0.0,223.0,87.16423,855.4665385071,86.98294678913014,87.34551321086987,0.18128321086986432,0.0,1.0,0.2451,0.18502599000000003,0.24243392452622964,0.2477660754737704,0.002666075473770374,0.2451,0.24243639567803663,0.24777839597244994
T-shared_list-W-20-HS-weighted-D-4-C-5-H-2-RUNS-100000.csv,shared_list,20,weighted,4,5,2,100000,2.0,125.0,38.81593,211.90356823509998,38.72570534994626,38.90615465005374,0.09022465005374158,0.0,4.0,3.73442,0.6019672636000002,3.729611135851528,3.739228864148472,0.004808864148472036,0.0,0.3775,0.15271055,0.0028037450436975003,0.1523823600099048,0.1530387399900952,0.0003281899900952068,0.0,54.0,22.8482575,47.898921088693754,22.805361288599187,22.89115371140081,0.042896211400812234,0.0,216.0,91.39303,766.3827374191001,91.22144515439675,91.56461484560324,0.17158484560324894,0.0,1.0,0.402305,0.10431818697499999,0.4003031290074454,0.40430687099255463,0.0020018709925546108,0.13003,0.12795115442785496,0.13213032947939965
T-shared_list-W-20-HS-weighted-D-4-C-5-H-3-RUNS-100000.csv,shared_list,20,weighted,4,5,3,100000,2.0,129.0,39.71863,211.7432209231,39.628439492877675,39.80882050712232,0.09019050712232257,0.0,4.0,3.8196,0.4112558400000001,3.8156252290192465,3.8235747709807533,0.003974770980753384,0.0,0.3625,0.154609825,0.0027945202009693752,0.15428217535778985,0.15493747464221017,0.00032764964221015935,0.0,51.5,23.1727375,48.400374881093754,23.129617333007836,23.215857666992164,0.043120166992164144,0.0,206.0,92.69095,774.4059980975001,92.51846933203134,92.86343066796866,0.17248066796865658,0.0,1.0,0.4657766666666667,0.08384876345555556,0.46398191484624457,0.4675714184870889,0.001794751820422158,0.09231,0.09052276429249181,0.09412092211982563
T-shared_list-W-20-HS-weighted-D-4-C-5-H-4-RUNS-100000.csv,shared_list,20,weighted,4,5,4,100000,2.0,119.0,40.25793,212.8388421151,40.16750645793991,40.348353542060096,0.09042354206009406,0.0,4.0,3.85697,0.33077241910000005,3.853405318632452,3.860534681367548,0.0035646813675480615,0.0,0.3825,0.155787275,0.002820988635574375,0.15545807733988648,0.15611647266011353,0.0003291976601135227,0.0,53.25,23.3930725,48.88409338474374,23.349737394929534,23.436407605070464,0.04333510507046512,0.0,213.0,93.57229,782.1454941558999,93.39894957971813,93.74563042028186,0.17334042028186047,0.0,1.0,0.5036775,0.07271210099374999,0.5020061807391237,0.5053488192608763,0.0016713192608762695,0.07352,0.0719097941704422,0.07515499385467257
T-shared_list-W-20-HS-weighted-D-4-C-5-H-5-RUNS-100000.csv,shared_list,20,weighted,4,5,5,100000,2.0,130.0,40.28879,212.0822303359,40.19852732243843,40.37905267756157,0.0902626775615687,0.0,4.0,3.8786,0.28620204,3.875284168645929,3.881915831354071,0.003315831354071097,0.0,0.38,0.156012975,0.002823257069149375,0.15568364500809456,0.15634230499190543,0.000329329991905436,0.0,54.5,23.3102125,48.30992632984375,23.267132642411013,23.353292357588984,0.04307985758898525,0.0,218.0,93.24085,772.9588212775,93.06853056964405,93.41316943035594,0.172319430355941,0.0,1.0,0.524412,0.06601685425599998,0.5228194851733505,0.5260045148266494,0.0015925148266494604,0.06129,0.05981109024397357,0.06279441776044827
T-shared_list-W-20-HS-weighted-D-5-C-5-H-1-RUNS-100000.csv,shared_list,20,weighted,5,5,1,100000,1.0,139.0,37.74819,302.1153417239,37.64045856091342,37.85592143908658,0.107731439086578,0.0,5.0,4.08074,2.5629010524,4.070817479814633,4.090662520185366,0.009922520185366324,0.0,0.3875,0.1607769,0.0038768129263899997,0.16039098336990978,0.16116281663009022,0.00038591663009021615,0.0,45.4,21.04013,44.6835611831,20.99869856644515,21.081561433554853,0.04143143355485179,0.0,227.0,105.20065,1117.0890295775,104.99349283222574,105.40780716777425,0.2071571677742554,0.0,1.0,0.30219,0.2108712039,0.2993438046151007,0.30503619538489934,0.0028461953848993304,0.30219,0.29934462656109406,0.30504685040080637
T-shared_list-W-20-HS-weighted-D-5-C-5-H-2-RUNS-100000.csv,shared_list,20,weighted,5,5,2,100000,2.0,162.0,41.29303,254.0852434191,41.19423253691927,41.39182746308073,0.09879746308072868,0.0,5.0,4.49842,1.4164575036,4.491043372623055,4.505796627376945,0.007376627376944889,0.0,0.3875,0.171861875,0.0031710396089843743,0.17151284970346872,0.17221090029653127,0.00034902529653127456,0.0,44.8,22.142822000000002,37.443432676316,22.104895401026546,22.18074859897346,0.037926598973456294,0.0,224.0,110.71411,936.0858169078999,110.52447700513272,110.90374299486729,0.18963299486728147,0.0,1.0,0.47765,0.1067554775,0.4756248781706673,0.47967512182933275,0.002025121829332732,0.19216,0.18972197301554006,0.19461589476319907
T-shared_list-W-20-HS-weighted-D-5-C-5-H-3-RUNS-100000.csv,shared_list,20,weighted,5,5,3,100000,2.0,145.0,42.45376,242.29404186240004,42.357282189534665,42.55023781046534,0.09647781046533765,0.0,5.0,4.63549,1.0376824598999999,4.629176236512229,4.641803763487771,0.00631376348777124,0.0,0.3875,0.17453629999999998,0.0031018727323100003,0.17419110216848244,0.17488149783151752,0.0003451978315175408,0.0,48.6,22.408645999999997,36.706540046684005,22.371094456191074,22.44619754380892,0.03755154380892378,0.0,243.0,112.04323,917.6635011671001,111.85547228095538,112.2309877190446,0.1877577190446118,0.0,1.0,0.5475066666666667,0.08037200551111111,0.5457495181346084,0.549263815198725,0.001757148532058328,0.14603,0.14384656703410265,0.14823398466893556
T-shared_list-W-20-HS-weighted-D-5-C-5-H-4-RUNS-100000.csv,shared_list,20,weighted,5,5,4,100000,2.0,146.0,43.09799,239.9273479599,43.00198453661782,43.19399546338219,0.09600546338218408,0.0,5.0,4.69897,0.8656709390999999,4.693203231858617,4.704736768141383,0.005766768141382883,0.0,0.3825,0.17607892500000003,0.003089464483344375,0.1757344182981898,0.17642343170181024,0.0003445067018102155,0.0,44.6,22.578053999999998,36.486080373084,22.540615393407172,22.615492606592824,0.03743860659282561,0.0,223.0,112.89027,912.1520093270999,112.70307696703587,113.07746303296413,0.1871930329641316,0.0,1.0,0.5856825,0.06890163419374999,0.5840555626382103,0.5873094373617896,0.0016269373617896488,0.12224,0.12021575834663914,0.12428617978013826
T-shared_list-W-20-HS-weighted-D-5-C-5-H-5-RUNS-100000.csv,shared_list,20,weighted,5,5,5,100000,2.0,145.0,43.37473,238.3862274271,43.27903336833075,43.47042663166925,0.09569663166924869,0.0,5.0,4.72592,0.7944001535999999,4.720395719386138,4.731444280613863,0.005524280613862231,0.0,0.415,0.176477575,0.003085314334619375,0.17613329976784012,0.17682185023215988,0.00034427523215987965,0.0,44.6,22.609104,36.632735517183995,22.57159022696091,22.646617773039086,0.03751377303908754,0.0,223.0,113.04552,915.8183879296,112.85795113480457,113.23308886519543,0.1875688651954306,0.0,1.0,0.61014,0.06257078040000001,0.6085896067918601,0.6116903932081399,0.0015503932081398775,0.11065,0.10871202543880588,0.1126105890150692
T-shared_list-W-20-HS-weighted-D-6-C-5-H-1-RUNS-100000.csv,shared_list,20,weighted,6,5,1,100000,1.0,170.0,42.9059,483.22760519,42.76965143420579,43.042148565794214,0.13624856579421163,0.0,6.0,4.68016,4.1064823744000005,4.667599959120491,4.692720040879509,0.012560040879509238,0.0,0.4,0.175076675,0.004776005683444375,0.17464833514155206,0.1755050148584479,0.00042833985844792366,0.0,40.666666666666664,19.584575,41.59639845826389,19.54460041753598,19.62454958246402,0.03997458246401919,0.0,244.0,117.50745,1497.4703444975,117.26760250521589,117.74729749478412,0.23984749478411516,0.0,1.0,0.36329,0.2313103759,0.3603090572966636,0.3662709427033364,0.0029809427033363756,0.36329,0.3603081122826989,0.3662798188166627
T-shared_list-W-20-HS-weighted-D-6-C-5-H-2-RUNS-100000.csv,shared_list,20,weighted,6,5,2,100000,2.0,177.0,47.55869,406.1315554839,47.43378223468707,47.683597765312925,0.12490776531292624,0.0,6.0,5.21082,2.4827149275999996,5.201053937504875,5.220586062495125,0.009766062495124572,0.0,0.4025,0.18929064999999998,0.0036949726975775,0.18891389268932088,0.18966740731067908,0.0003767573106790989,0.0,40.333333333333336,20.847073333333334,32.65210287906666,20.811656343283328,20.88249032338334,0.03541699005000609,0.0,242.0,125.08244,1175.4757036464,124.86993805969998,125.29494194030003,0.21250194030002945,0.0,1.0,0.542035,0.105390558775,0.5400228658827254,0.5440471341172747,0.002012134117274633,0.25635,0.25364596416804924,0.2590681741347285
T-shared_list-W-20-HS-weighted-D-6-C-5-H-3-RUNS-100000.csv,shared_list,20,weighted,6,5,3,100000,3.0,172.0,49.27119,388.0548459839,49.14909366523389,49.3932863347661,0.12209633476610549,0.0,6.0,5.3787,1.9641863099999999,5.3700134482511785,5.387386551748822,0.008686551748821714,0.0,0.4,0.1930342,0.00352888238036,0.19266600773293846,0.19340239226706152,0.00036819226706152897,0.0,40.5,21.177166666666665,31.39440475,21.14243847274766,21.21189486058567,0.034728193919004724,0.0,243.0,127.063,1130.198571,126.85463083648597,127.27136916351404,0.20836916351403545,0.0,1.0,0.6160933333333333,0.07605567128888889,0.6143840192404194,0.6178026474262471,0.0017093140929138606,0.2119,0.20937056337682416,0.2144461570226612
T-shared_list-W-20-HS-weighted-D-6-C-5-H-4-RUNS-100000.csv,shared_list,20,weighted,6,5,4,100000,3.0,176.0,50.19313,378.00961080310003,50.07262432706875,50.31363567293124,0.12050567293124459,0.0,6.0,5.46542,1.6998242236000003,5.457339130778572,5.473500869221428,0.008080869221427811,0.0,0.435,0.1948307,0.0034942735875100003,0.19446431766672262,0.19519708233327737,0.00036638233327737635,0.0,40.0,21.34540833333333,31.034633361041667,21.310879700646854,21.37993696601981,0.03452863268647732,0.0,240.0,128.07245,1117.2468009975,127.86527820388113,128.27962179611887,0.20717179611887104,0.0,1.0,0.6553025,0.06353175849375,0.6537402464884674,0.6568647535115326,0.0015622535115326075,0.18671,0.1842989032494193,0.18913928140551406
T-shared_list-W-20-HS-weighted-D-6-C-5-H-5-RUNS-100000.csv,shared_list,20,weighted,6,5,5,100000,3.0,181.0,50.8421,375.24030759000004,50.72203655153888,50.962163448461126,0.12006344846112427,0.0,6.0,5.515,1.545215,5.507295392324069,5.52270460767593,0.007704607675930397,0.0,0.4225,0.19559284999999998,0.0034528262788774996,0.19522864706985066,0.1959570529301493,0.0003642029301493266,0.0,40.666666666666664,21.43909833333333,30.711861820330554,21.404749725156435,21.473446941510225,0.03434860817689511,0.0,244.0,128.63459,1105.6270255319,128.42849835093864,128.84068164906137,0.20609164906136357,0.0,1.0,0.679606,0.056763284764,0.6781293083099396,0.6810826916900605,0.0014766916900604832,0.17041,0.16808419963876833,0.17275493303957684
T-shared_list-W-20-HS-weighted-D-7-C-5-H-1-RUNS-100000.csv,shared_list,20,weighted,7,5,1,100000,1.0,207.0,49.66634,813.5266910043999,49.48955639962478,49.843123600375215,0.17678360037521657,0.0,7.0,5.26083,5.8628977111000005,5.2458223659936145,5.275837634006386,0.015007634006385828,0.0,0.435,0.186782925,0.005571544990944375,0.1863202842404769,0.18724556575952309,0.00046264075952309747,0.0,38.57142857142857,18.69696142857143,42.69778088953265,18.65646108350312,18.73746177363974,0.040500345068309684,0.0,270.0,130.87873,2092.1912635871,130.5952275845218,131.16223241547817,0.283502415478182,0.0,1.0,0.41605,0.24295239749999994,0.41299496165288224,0.4191050383471177,0.0030550383471177334,0.41605,0.4129924893439741,0.41911238067278517
T-shared_list-W-20-HS-weighted-D-7-C-5-H-2-RUNS-100000.csv,shared_list,20,weighted,7,5,2,100000,3.0,213.0,55.44192,702.5951867136,55.277630935565426,55.60620906443458,0.16428906443457691,0.0,7.0,5.8648,3.85754096,5.85262661536304,5.876973384636959,0.012173384636959383,0.0,0.42,0.202964625,0.004233343061109375,0.20256135324666788,0.20336789675333214,0.0004032717533321295,0.0,38.714285714285715,20.065948571428574,32.86028915327347,20.030418853330733,20.101478289526415,0.03552971809784111,0.0,271.0,140.46164,1610.1541685104,140.21293197331508,140.7103480266849,0.2487080266849091,0.0,1.0,0.598325,0.100564694375,0.5963594737856975,0.6002905262143025,0.00196552621430246,0.31879,0.3159019980293578,0.32168851544219457
T-shared_list-W-20-HS-weighted-D-7-C-5-H-3-RUNS-100000.csv,shared_list,20,weighted,7,5,3,100000,3.0,220.0,57.75825,658.7037269375,57.599175293104054,57.91732470689594,0.15907470689594305,0.0,7.0,6.07999,3.1101115998999997,6.069059398588286,6.090920601411713,0.010930601411713425,0.0,0.425,0.20790732499999998,0.003910700648844375,0.20751972536619467,0.20829492463380528,0.00038759963380530227,0.0,39.0,20.488188571428573,30.507934775869387,20.453954190722186,20.52242295213496,0.03423438070638696,0.0,273.0,143.41732,1494.8888040175998,143.17767933505527,143.6569606649447,0.2396406649447158,0.0,1.0,0.6722366666666666,0.06875230843333333,0.670611493235683,0.6738618400976502,0.001625173430983562,0.27657,0.27379915605997823,0.27935380817900646
T-shared_list-W-20-HS-weighted-D-7-C-5-H-4-RUNS-100000.csv,shared_list,20,weighted,7,5,4,100000,3.0,213.0,59.07885,640.1957926775,58.922026017231104,59.2356739827689,0.15682398276889842,0.0,7.0,6.18514,2.7577631804000005,6.174847175784157,6.1954328242158425,0.010292824215842877,0.0,0.44,0.20995904999999998,0.0038014293230975,0.2095769038121659,0.21034119618783406,0.0003821461878340815,0.0,38.57142857142857,20.687961428571427,29.517623154430613,20.654287269174336,20.721635587968517,0.03367415939709062,0.0,270.0,144.81573,1446.3635345670998,144.58001088422037,145.05144911577963,0.23571911577963078,0.0,1.0,0.7114275,0.056265287243749997,0.7099573002602517,0.7128976997397483,0.001470199739748268,0.25284,0.2501483210021849,0.25554602113469355
T-shared_list-W-20-HS-weighted-D-7-C-5-H-5-RUNS-100000.csv,shared_list,20,weighted,7,5,5,100000,3.0,209.0,59.79666,627.6194728444,59.641384020953694,59.95193597904631,0.15527597904630852,0.0,7.0,6.23652,2.5941982896,6.22653707850911,6.246502921490889,0.009982921490889751,0.0,0.44,0.21118435000000002,0.0037881694400775,0.21080287088234084,0.2115658291176592,0.0003814791176591781,0.0,38.57142857142857,20.77001285714286,29.275253465140814,20.73647723224758,20.80354848203814,0.03353562489527917,0.0,270.0,145.39009,1434.4874197918998,145.15534062573303,145.62483937426694,0.2347493742669542,0.0,1.0,0.7369319999999999,0.049178427376,0.7355575042866285,0.7383064957133714,0.0013744957133714486,0.23791,0.23527351975229152,0.24056168951274245
T-shared_list-W-20-HS-weighted-D-8-C-5-H-1-RUNS-100000.csv,shared_list,20,weighted,8,5,1,100000,1.0,252.0,57.05244,1288.6094500464,56.829946807670474,57.27493319232952,0.22249319232952303,0.0,8.0,5.77242,7.998427343599999,5.754890950258735,5.789949049741265,0.017529049741265013,0.0,0.4875,0.194143575,0.0061445444737193745,0.19365772644283183,0.1946294235571682,0.00048584855716818365,0.0,38.5,17.91026625,44.66715988536093,17.86884242093802,17.95169007906198,0.041423829061979944,0.0,308.0,143.28213,2858.6982326630996,142.95073936750416,143.61352063249583,0.33139063249583955,0.0,1.0,0.46867,0.2490184311,0.4655770577035551,0.47176294229644483,0.003092942296444856,0.46867,0.46557306075454935,0.4717687566797851
T-shared_list-W-20-HS-weighted-D-8-C-5-H-2-RUNS-100000.csv,shared_list,20,weighted,8,5,2,100000,2.0,241.0,64.03872,1140.1395207616,63.82943646068174,64.24800353931826,0.20928353931826393,0.0,8.0,6.45843,5.5435519351,6.443836813537174,6.473023186462826,0.014593186462826147,0.0,0.465,0.21185099999999998,0.004571262299,0.21143194199389775,0.2122700580061022,0.00041905800610222976,0.0,38.625,19.3478325,34.216025051943745,19.311577254608533,19.384087745391465,0.03625524539146596,0.0,309.0,154.78266,2189.8256033243997,154.49261803686827,155.07270196313172,0.2900419631317277,0.0,1.0,0.647615,0.09533731177499997,0.645701239782745,0.6495287602172551,0.0019137602172550894,0.38187,0.37885721917267345,0.3848896338727251
T-shared_list-W-20-HS-weighted-D-8-C-5-H-3-RUNS-100000.csv,shared_list,20,weighted,8,5,3,100000,3.0,241.0,67.09646,1085.7214954684,66.89223199758624,67.30068800241375,0.20422800241375683,0.0,8.0,6.71078,4.6269717916,6.697447717811788,6.724112282188211,0.013332282188211586,0.0,0.4725,0.21722165000000002,0.0042127563962775,0.21681935999301574,0.2176239400069843,0.00040229000698427386,0.0,38.5,19.8218,31.790738509999997,19.78685328326437,19.85674671673563,0.03494671673562877,0.0,308.0,158.5744,2034.6072646399998,158.29482626611497,158.85397373388503,0.27957373388503015,0.0,1.0,0.71848,0.06187537848888889,0.7169382462777638,0.7200217537222362,0.0015417537222361943,0.34068,0.3377422115035728,0.3436270315962853
T-shared_list-W-20-HS-weighted-D-8-C-5-H-4-RUNS-100000.csv,shared_list,20,weighted,8,5,4,100000,3.0,261.0,68.72156,1041.9727111664,68.5214889534386,68.92163104656139,0.20007104656139063,0.0,8.0,6.84019,4.158150763900001,6.827551189939476,6.852828810060523,0.012638810060523475,0.0,0.4575,0.21989857499999999,0.004070226650469375,0.21950314886656364,0.22029400113343633,0.0003954261334363496,0.0,38.5,20.0750875,30.530150929843746,20.04084065666925,20.109334343330747,0.03424684333074879,0.0,308.0,160.6007,1953.9296595099997,160.326725253354,160.87467474664598,0.2739747466459903,0.0,1.0,0.7564275,0.04871556224375,0.7550594879243384,0.7577955120756616,0.0013680120756616176,0.31636,0.31347797026499297,0.3192526842401608
T-shared_list-W-20-HS-weighted-D-8-C-5-H-5-RUNS-100000.csv,shared_list,20,weighted,8,5,5,100000,3.0,252.0,69.62686,1020.6154265404,69.42884999463163,69.82487000536835,0.19801000536836,0.0,8.0,6.8906,3.97235164,6.8782467874379885,6.902953212562012,0.012353212562011606,0.0,0.4725,0.22091809999999998,0.00402968096739,0.22052464832057384,0.22131155167942612,0.00039345167942614334,0.0,38.5,20.160385,30.290714151775003,20.12627271372578,20.194497286274224,0.03411228627422247,0.0,308.0,161.28308,1938.6057057136002,161.01018170980623,161.5559782901938,0.27289829019377976,0.0,1.0,0.781134,0.042490074043999994,0.7798563855493639,0.7824116144506361,0.001277614450636122,0.30598,0.3031245125979514,0.3088467443758987
T-shared_list-W-20-HS-weighted-D-9-C-5-H-1-RUNS-100000.csv,shared_list,20,weighted,9,5,1,100000,1.0,304.0,64.34803,1914.3834851191002,64.07684195460652,64.61921804539347,0.2711880453934725,0.0,9.0,6.2237,10.41357831,6.20369879942711,6.24370120057289,0.020001200572889566,0.0,0.4975,0.19777977500000002,0.006489483663449375,0.19728047548626595,0.19827907451373408,0.0004992995137340639,0.0,38.44444444444444,17.13374888888889,46.97150012360987,17.091269986493128,17.17622779128465,0.0424789023957608,0.0,346.0,154.20374,3804.6915100124,153.82142987843815,154.58605012156187,0.38231012156185784,0.0,1.0,0.52076,0.2495690224,0.5176636402721069,0.5238563597278931,0.0030963597278931276,0.52076,0.5176581326186461,0.5238606631093422
T-shared_list-W-20-HS-weighted-D-9-C-5-H-2-RUNS-100000.csv,shared_list,20,weighted,9,5,2,100000,3.0,275.0,72.95976,1728.8383207424,72.70204881877257,73.21747118122744,0.2577111812274353,0.0,9.0,7.02149,7.5417281799,7.0044687477029735,7.038511252297027,0.017021252297026557,0.0,0.49,0.2165265,0.00479313054775,0.21609739290017252,0.2169556070998275,0.0004291070998274915,0.0,38.333333333333336,18.661606666666668,36.35103168035062,18.624237411482326,18.69897592185101,0.0373692551843412,0.0,345.0,167.95446,2944.4335661084,167.61813670334095,168.29078329665907,0.33632329665906013,0.0,1.0,0.685725,0.089733724375,0.6838683334290752,0.6875816665709249,0.0018566665709248698,0.43418,0.4311049394851016,0.4372588787478612
T-shared_list-W-20-HS-weighted-D-9-C-5-H-3-RUNS-100000.csv,shared_list,20,weighted,9,5,3,100000,3.0,300.0,76.1978,1613.9378751599997,75.94879992487522,76.44680007512478,0.2490000751247834,0.0,9.0,7.28515,6.458339477499999,7.269398696264511,7.300901303735489,0.015751303735489053,0.0,0.4775,0.222159075,0.0043202380826443745,0.22175168542455304,0.222566464575447,0.00040738957544697585,0.0,38.888888888888886,19.135258888888888,32.97633379840864,19.099666490273457,19.17085128750432,0.03559239861543162,0.0,350.0,172.21733,2671.0830376711,171.89699841246113,172.53766158753888,0.3203315875388739,0.0,1.0,0.7561433333333334,0.05540614834444445,0.754684401328475,0.7576022653381917,0.0014589320048583598,0.40163,0.39858948157711604,0.4046762250244028
T-shared_list-W-20-HS-weighted-D-9-C-5-H-4-RUNS-100000.csv,shared_list,20,weighted,9,5,4,100000,3.0,295.0,78.43803,1586.3522597191,78.19116706554169,78.6848929344583,0.24686293445830643,0.0,9.0,7.41769,5.9097250639,7.402622551707247,7.432757448292754,0.015067448292753305,0.0,0.5075,0.225135675,0.004202478404794375,0.2247338760323575,0.2255374739676425,0.00040179896764250267,0.0,38.55555555555556,19.410128888888888,32.23203602289382,19.37494045476835,19.445317323009427,0.0351884341205384,0.0,347.0,174.69116,2610.7949178544004,174.37446409291516,175.00785590708483,0.31669590708483497,0.0,1.0,0.7939175,0.04241687819375,0.7926409864698363,0.7951940135301638,0.0012765135301637809,0.38416,0.3811437372043822,0.3871829829750543
T-shared_list-W-20-HS-weighted-D-9-C-5-H-5-RUNS-100000.csv,shared_list,20,weighted,9,5,5,100000,3.0,284.0,79.95909,1539.7635363718998,79.715879070942,80.20230092905801,0.24321092905800867,0.0,9.0,7.50104,5.591758918399999,7.486383499373682,7.5156965006263174,0.014656500626317737,0.0,0.5075,0.22655980000000003,0.00410179914896,0.22616284318105564,0.22695675681894442,0.0003969568189443884,0.0,38.44444444444444,19.556827777777777,31.166958998734568,19.522225611705473,19.59142994385008,0.03460216607230393,0.0,346.0,176.01145,2524.5236788975,175.70003050534925,176.32286949465075,0.3114194946507496,0.0,1.0,0.81727,0.03539574709999999,0.8161039112295397,0.8184360887704604,0.0011660887704603162,0.36987,0.366876629552097,0.3728709197517318
T-spiral_traversal_swarm-W-20-HS-greedy-D-1-C-5-H-1-RUNS-100000.csv,spiral_traversal_swarm,20,greedy,1,5,1,100000,1.0,401.0,126.75143,9394.5828629551,126.15067855783504,127.35218144216496,0.6007514421649631,0.0,1.0,0.95207,0.04563271510000001,0.9507459809732176,0.9533940190267823,0.0013240190267823637,0.0,0.9975,0.3096382,0.058725537350760006,0.3081362012507106,0.31114019874928933,0.0015019987492893572,0.0,400.0,124.8469,9398.16480039,124.24603404242562,125.44776595757439,0.6008659575743849,0.0,400.0,124.8469,9398.16480039,124.24603404242562,125.44776595757439,0.6008659575743849,0.0,1.0,0.04754,0.045279948399999985,0.046221108610334266,0.04885889138966573,0.0013188913896657328,0.04754,0.046229271396476875,0.048877050890808245
T-spiral_traversal_swarm-W-20-HS-greedy-D-1-C-5-H-2-RUNS-100000.csv,spiral_traversal_swarm,20,greedy,1,5,2,100000,2.0,401.0,130.5729,9740.33328559,129.96119366236795,131.18460633763206,0.6117063376320573,0.0,1.0,0.97309,0.0261858519,0.972087026577326,0.974092973422674,0.0010029734226739695,0.0,0.9975,0.31908705,0.06093581139729749,0.3175570466893374,0.3206170533106626,0.0015300033106626088,0.0,400.0,128.62629,9751.9109908359,128.01422022242235,129.23835977757767,0.6120697775776591,0.0,400.0,128.62629,9751.9109908359,128.01422022242235,129.23835977757767,0.6120697775776591,0.0,1.0,0.134995,0.06251384997500001,0.133445312269959,0.136544687730041,0.001549687730040994,0.02648,0.025493622758270957,0.027493969360709813
T-spiral_traversal_swarm-W-20-HS-greedy-D-1-C-5-H-3-RUNS-100000.csv,spiral_traversal_swarm,20,greedy,1,5,3,100000,2.0,401.0,131.83719,9952.5247029039,131.21885660369443,132.45552339630555,0.6183333963055588,0.0,1.0,0.97955,0.020031797500000004,0.978672764836113,0.9804272351638871,0.0008772351638870468,0.0,0.9975,0.32221485,0.06226832443947749,0.32066820849284106,0.32376149150715894,0.0015466415071589412,0.0,400.0,129.87758,9965.0901933436,129.25885639056887,130.49630360943112,0.6187236094311288,0.0,400.0,129.87758,9965.0901933436,129.25885639056887,130.49630360943112,0.6187236094311288,0.0,1.0,0.1665633333333333,0.06157554487777778,0.16502531963637718,0.16810134703028945,0.0015380136969561364,0.01994,0.019082507581072237,0.02082549298173841
T-spiral_traversal_swarm-W-20-HS-greedy-D-1-C-5-H-4-RUNS-100000.csv,spiral_traversal_swarm,20,greedy,1,5,4,100000,2.0,401.0,132.47606,10101.7103668764,131.85310951604967,133.0990104839503,0.6229504839503193,0.0,1.0,0.98212,0.017560305600000003,0.9812986616410214,0.9829413383589786,0.0008213383589785739,0.0,0.9975,0.32380064999999997,0.0632026429345775,0.32224244823804016,0.3253588517619598,0.0015582017619598099,0.0,400.0,130.51135,10114.7346111775,129.88799805701512,131.13470194298486,0.6233519429848684,0.0,400.0,130.51135,10114.7346111775,129.88799805701512,131.13470194298486,0.6233519429848684,0.0,1.0,0.183635,0.05996693677500001,0.18211720889344138,0.1851527911065586,0.0015177911065586136,0.01741,0.016608369226278844,0.01823979352870364
T-spiral_traversal_swarm-W-20-HS-greedy-D-1-C-5-H-5-RUNS-100000.csv,spiral_traversal_swarm,20,greedy,1,5,5,100000,2.0,401.0,133.11043,10240.3777352151,132.48321843196572,133.7376415680343,0.6272115680342836,0.0,1.0,0.98425,0.015501937499999998,0.9834782990015556,0.9850217009984443,0.000771700998444369,0.0,0.9975,0.3253747,0.06406647672491,0.3238058858714736,0.32694351412852646,0.0015688141285264412,0.0,400.0,131.14144,10252.836374726401,130.51384700914406,131.76903299085592,0.6275929908559306,0.0,400.0,131.14144,10252.836374726401,130.51384700914406,131.76903299085592,0.6275929908559306,0.0,1.0,0.19583599999999998,0.059048261103999994,0.19432987981934663,0.19734212018065334,0.001506120180653353,0.01526,0.014509306977590003,0.016038996515016276
T-spiral_traversal_swarm-W-20-HS-greedy-D-10-C-5-H-1-RUNS-100000.csv,spiral_traversal_swarm,20,greedy,10,5,1,100000,1.0,401.0,197.8922,12825.41303916,197.19027331770877,198.59412668229123,0.70192668229123,4.0,10.0,9.51189,0.5458786279,9.50731064705778,9.516469352942218,0.004579352942219117,0.0,0.9975,0.48907225,0.07977223852993749,0.4873216700060077,0.4908228299939923,0.0017505799939923072,0.0,378.2,125.021049,4748.616392639598,124.59393912263863,125.44815887736138,0.4271098773613744,0.0,3782.0,1250.21049,474861.63926395995,1245.9393912263863,1254.4815887736136,4.27109877361363,0.0,1.0,0.36609,0.23206811189999993,0.3631041787416608,0.36907582125833927,0.0029858212583392385,0.36609,0.3631031527084881,0.3690846159234211
T-spiral_traversal_swarm-W-20-HS-greedy-D-10-C-5-H-2-RUNS-100000.csv,spiral_traversal_swarm,20,greedy,10,5,2,100000,2.0,401.0,226.06113,11158.3224931231,225.40641012333836,226.71584987666162,0.6547198766616305,5.0,10.0,9.72467,0.2878433911,9.721344674194533,9.727995325805466,0.003325325805466406,0.0,0.9975,0.558832425,0.06982897495611937,0.5571945758305359,0.560470274169464,0.0016378491694640784,0.0,372.2,128.70706800000002,4499.000826843376,128.29133537466973,129.1228006253303,0.41573262533029265,0.0,3722.0,1287.07068,449900.0826843375,1282.913353746697,1291.228006253303,4.1573262533029265,0.0,1.0,0.482615,0.12508526177499998,0.4804229061570388,0.4848070938429612,0.002192093842961207,0.23339,0.23077110051269775,0.23602437130885612
T-spiral_traversal_swarm-W-20-HS-greedy-D-10-C-5-H-3-RUNS-100000.csv,spiral_traversal_swarm,20,greedy,10,5,3,100000,2.0,401.0,236.57247,11178.1744480991,235.91716797070498,237.22777202929504,0.6553020292950293,5.0,10.0,9.79303,0.2106934191,9.790185004676955,9.795874995323045,0.002844995323044941,0.0,0.9975,0.5848578,0.07010373002916,0.5832167317830144,0.5864988682169856,0.0016410682169856194,0.0,370.0,130.04687399999997,4456.690886628124,129.63310082892588,130.46064717107407,0.41377317107409795,0.0,3700.0,1300.46874,445669.08866281237,1296.3310082892592,1304.6064717107408,4.137731710740809,0.0,1.0,0.5222933333333333,0.10055189617777778,0.5203279321927095,0.5242587344739571,0.0019654011406238237,0.18262,0.18022962279610683,0.1850287996927236
T-spiral_traversal_swarm-W-20-HS-greedy-D-10-C-5-H-4-RUNS-100000.csv,spiral_traversal_swarm,20,greedy,10,5,4,100000,2.0,401.0,241.35592,11427.742680953601,240.69334308911982,242.01849691088017,0.6625769108801762,4.0,10.0,9.82176,0.1802905024,9.819128262942428,9.82439173705757,0.0026317370575714705,0.0,0.9975,0.5967005499999999,0.0717273668796975,0.5950405865889421,0.5983605134110577,0.0016599634110577854,0.0,385.6,130.272782,4439.7871047804765,129.85979427449567,130.68576972550434,0.4129877255043368,0.0,3856.0,1302.72782,443978.71047804767,1298.5979427449568,1306.8576972550434,4.129877255043311,0.0,1.0,0.5428025,0.09088107099375,0.5409340013451179,0.544670998654882,0.0018684986548820337,0.15888,0.1566191681375168,0.16116063545664497
T-spiral_traversal_swarm-W-20-HS-greedy-D-10-C-5-H-5-RUNS-100000.csv,spiral_traversal_swarm,20,greedy,10,5,5,100000,2.0,401.0,244.72687,11730.7566900031,244.05556623194624,245.39817376805374,0.6713037680537468,5.0,10.0,9.83997,0.16216039909999996,9.837474092571462,9.842465907428537,0.002495907428537336,0.0,0.9975,0.60504815,0.0736444535565775,0.6033661496052826,0.6067301503947174,0.0016820003947174422,0.0,390.7,131.07538,4455.5694346556,130.66165889176193,131.48910110823806,0.4137211082380645,0.0,3907.0,1310.7538,445556.94346556,1306.6165889176193,1314.8910110823806,4.137211082380645,0.0,1.0,0.555328,0.085178812416,0.5535190695818322,0.5571369304181679,0.0018089304181678756,0.14288,0.14071640391883924,0.1450643312441721
T-spiral_traversal_swarm-W-20-HS-greedy-D-5-C-5-H-1-RUNS-100000.csv,spiral_traversal_swarm,20,greedy,5,5,1,100000,1.0,401.0,185.79267,12042.1504842711,185.11251468464638,186.4728253153536,0.680155315353602,1.0,5.0,4.75674,0.25120457240000005,4.753633510847706,4.759846489152293,0.0031064891522936122,0.0,0.9975,0.45804934999999997,0.07506486658957749,0.45635120633266635,0.4597474936673336,0.001698143667333618,0.0,399.0,124.572384,5285.913424556544,124.12175815729037,125.02300984270963,0.450625842709627,0.0,1995.0,622.86192,132147.8356139136,620.6087907864519,625.1150492135482,2.2531292135481635,0.0,1.0,0.2111,0.16653678999999996,0.20857063697254824,0.21362936302745178,0.0025293630274517698,0.2111,0.2085740894261018,0.21364267746336768
T-spiral_traversal_swarm-W-20-HS-greedy-D-5-C-5-H-2-RUNS-100000.csv,spiral_traversal_swarm,20,greedy,5,5,2,100000,2.0,401.0,202.714,11506.158044000002,202.04915372647633,203.37884627352366,0.6648462735236649,1.0,5.0,4.86343,0.1380586351,4.861127032235136,4.865732967764864,0.00230296776486405,0.0,0.9975,0.49992295,0.0720189998132975,0.49825961542847574,0.5015862845715242,0.0016633345715242331,0.0,394.4,128.641506,5096.051674451964,128.19904705147962,129.08396494852036,0.44245894852036827,0.0,1972.0,643.20753,127401.29186129909,640.9952352573982,645.4198247426018,2.2122947426017845,0.0,1.0,0.35565,0.11383307750000002,0.35355882532885463,0.3577411746711454,0.0020911746711453905,0.12499,0.1229461876032452,0.12705559014676399
T-spiral_traversal_swarm-W-20-HS-greedy-D-5-C-5-H-3-RUNS-100000.csv,spiral_traversal_swarm,20,greedy,5,5,3,100000,2.0,401.0,208.24036,11762.946367070399,207.56813582040112,208.9125841795989,0.672224179598885,2.0,5.0,4.89787,0.1018194631,4.895892249637986,4.899847750362015,0.001977750362014419,0.0,0.9975,0.51359,0.0737044204,0.5119073149391267,0.5152726850608733,0.0016826850608733235,0.0,394.0,129.67371599999998,5047.587865951344,129.23336598528624,130.11406601471373,0.4403500147137436,0.0,1970.0,648.36858,126189.6966487836,646.1668299264313,650.5703300735686,2.2017500735686326,0.0,1.0,0.40458333333333335,0.09605121527777775,0.4026624211838296,0.4065042454828371,0.0019209121495037396,0.0951,0.09328857385572634,0.09693494931404528
T-spiral_traversal_swarm-W-20-HS-greedy-D-5-C-5-H-4-RUNS-100000.csv,spiral_traversal_swarm,20,greedy,5,5,4,100000,2.0,401.0,211.14936,12088.7220715904,210.46789074383196,211.83082925616804,0.6814692561680431,2.0,5.0,4.91252,0.0869472496,4.910692388022409,4.914347611977591,0.0018276119775908484,0.0,0.9975,0.52079605,0.0757670374293975,0.5190899824427538,0.5225021175572461,0.001706067557246116,0.0,390.4,130.40630199999998,5101.442172684796,129.96360910136048,130.8489948986395,0.4426928986395069,0.0,1952.0,652.03151,127536.05431711991,649.8180455068024,654.2449744931977,2.213464493197648,0.0,1.0,0.4303625,0.08758624359375,0.42852818455987046,0.4321968154401295,0.0018343154401295192,0.08191,0.08021749411275188,0.08362680148799884
T-spiral_traversal_swarm-W-20-HS-greedy-D-5-C-5-H-5-RUNS-100000.csv,spiral_traversal_swarm,20,greedy,5,5,5,100000,2.0,401.0,212.82535,12280.0410273775,212.13850936629538,213.5121906337046,0.6868406337046054,2.0,5.0,4.91906,0.08028871639999999,4.9173037621660995,4.9208162378339,0.0017562378339004425,0.0,0.9975,0.52495515,0.0769789467384775,0.5232354921218436,0.5266748078781565,0.001719657878156422,0.0,388.0,130.868868,5074.976054798575,130.42732493288065,131.31041106711933,0.44154306711934055,0.0,1940.0,654.34434,126874.40136996441,652.1366246644034,656.5520553355966,2.2077153355966175,0.0,1.0,0.44642800000000005,0.08299484081599999,0.44464241051616354,0.44821358948383655,0.0017855894838365027,0.07536,0.0737312511645887,0.07701342877957165
T-spiral_traversal_swarm-W-20-HS-random-D-1-C-5-H-1-RUNS-100000.csv,spiral_traversal_swarm,20,random,1,5,1,100000,1.0,401.0,110.98852,7573.8621882096,110.44911524490206,111.52792475509793,0.5394047550979337,0.0,1.0,0.80447,0.15729801910000002,0.8020117972618709,0.8069282027381292,0.002458202738129134,0.0,0.9975,0.2709735,0.04735999142275,0.2696246555202706,0.27232234447972936,0.001348844479729383,0.0,400.0,109.37949,7579.749917339899,108.83987562581736,109.91910437418265,0.5396143741826478,0.0,400.0,109.37949,7579.749917339899,108.83987562581736,109.91910437418265,0.5396143741826478,0.0,1.0,0.19544,0.15724320640000003,0.19298222559679243,0.19789777440320758,0.0024577744032075743,0.19544,0.19298612978814822,0.19791154730532462
T-spiral_traversal_swarm-W-20-HS-random-D-1-C-5-H-2-RUNS-100000.csv,spiral_traversal_swarm,20,random,1,5,2,100000,2.0,401.0,126.25353,8897.0873325391,125.668901479513,126.838158520487,0.5846285204870014,0.0,1.0,0.92841,0.0664648719,0.9268120905786277,0.9300079094213722,0.0015979094213722789,0.0,0.9975,0.30851135,0.055735480921177506,0.30704808849395676,0.3099746115060433,0.0014632615060432563,0.0,400.0,124.39638,8919.6942028956,123.8110092008492,124.98175079915079,0.5853707991507946,0.0,400.0,124.39638,8919.6942028956,123.8110092008492,124.98175079915079,0.5853707991507946,0.0,1.0,0.19415,0.0950107775,0.1922395199481701,0.19606048005182988,0.0019104800518298937,0.07126,0.06967297480125441,0.07287194605082876
T-spiral_traversal_swarm-W-20-HS-random-D-1-C-5-H-3-RUNS-100000.csv,spiral_traversal_swarm,20,random,1,5,3,100000,2.0,401.0,130.93492,9663.4018245936,130.32563415206525,131.54420584793476,0.6092858479347569,0.0,1.0,0.96272,0.0358902016,0.9615457947433836,0.9638942052566164,0.0011742052566163785,0.0,0.9975,0.320043575,0.06050917191371937,0.3185189372239242,0.32156821277607583,0.00152463777607581,0.0,400.0,129.00912,9683.5979368256,128.39919779320547,129.61904220679452,0.609922206794522,0.0,400.0,129.00912,9683.5979368256,128.39919779320547,129.61904220679452,0.609922206794522,0.0,1.0,0.19586666666666663,0.07530513777777777,0.19416580742120534,0.19756752591212792,0.0017008592454612892,0.03692,0.03575972818765478,0.038107229177885914
T-spiral_traversal_swarm-W-20-HS-random-D-1-C-5-H-4-RUNS-100000.csv,spiral_traversal_swarm,20,random,1,5,4,100000,2.0,401.0,132.15085,9998.0215542775,131.53110489430804,132.77059510569194,0.6197451056919476,0.0,1.0,0.97661,0.022842907900000004,0.975673232606307,0.977546767393693,0.0009367673936929721,0.0,0.9975,0.3230132,0.06257478062576,0.3214627572333945,0.3245636427666055,0.0015504427666054865,0.0,400.0,130.19721,10014.0539582159,129.57696819484752,130.8174518051525,0.6202418051524887,0.0,400.0,130.19721,10014.0539582159,129.57696819484752,130.8174518051525,0.6202418051524887,0.0,1.0,0.19517,0.06481617109999999,0.19359203357799426,0.19674796642200576,0.0015779664220057499,0.02297,0.022050353826579307,0.023917455957014805
T-spiral_traversal_swarm-W-20-HS-random-D-1-C-5-H-5-RUNS-100000.csv,spiral_traversal_swarm,20,random,1,5,5,100000,2.0,401.0,132.56285,10204.3391098775,131.93674306724407,133.18895693275593,0.6261069327559312,0.0,1.0,0.98394,0.015802076399999997,0.9831608642178783,0.9847191357821218,0.0007791357821217426,0.0,0.9975,0.32400629999999997,0.06384424443531,0.3224402091679513,0.32557239083204864,0.0015660908320486722,0.0,400.0,130.59436,10217.1971561904,129.9678587262964,131.22086127370358,0.6265012737035818,0.0,400.0,130.59436,10217.1971561904,129.9678587262964,131.22086127370358,0.6265012737035818,0.0,1.0,0.19544,0.0587288064,0.1939379594457331,0.1969420405542669,0.0015020405542668924,0.01545,0.014694659728986243,0.01623363119326123
T-spiral_traversal_swarm-W-20-HS-random-D-10-C-5-H-1-RUNS-100000.csv,spiral_traversal_swarm,20,random,10,5,1,100000,1.0,401.0,169.51069,11313.881485723901,168.85142217039237,170.16995782960765,0.6592678296076429,0.0,10.0,8.04441,6.189157751900002,8.028990444747107,8.059829555252891,0.015419555252892181,0.0,0.9975,0.41907197499999993,0.07048147720709938,0.4174264913542629,0.42071745864573695,0.0016454836457370225,0.0,367.4,109.407453,4545.307437352791,108.98958635797968,109.82531964202033,0.4178666420203285,0.0,3674.0,1094.07453,454530.7437352791,1089.895863579797,1098.2531964202033,4.178666420203172,0.0,1.0,0.55628,0.2468325616,0.5532006624598096,0.5593593375401904,0.0030793375401904077,0.55628,0.5531941238024386,0.5593626113991728
T-spiral_traversal_swarm-W-20-HS-random-D-10-C-5-H-2-RUNS-100000.csv,spiral_traversal_swarm,20,random,10,5,2,100000,2.0,401.0,213.49587,10636.9693229431,212.85662840755612,214.13511159244388,0.6392415924438808,1.0,10.0,9.27337,1.6735388431000005,9.265351853817961,9.281388146182039,0.008018146182038777,0.0,0.9975,0.5280220999999999,0.06660892978659,0.5264224598383755,0.5296217401616243,0.0015996401616243938,0.0,373.3,124.194586,4366.776332688603,123.78500807139963,124.60416392860037,0.40957792860037046,0.0,3733.0,1241.94586,436677.6332688604,1237.8500807139965,1246.0416392860036,4.0957792860035624,0.0,1.0,0.555835,0.146124952775,0.5534657097717239,0.558204290228276,0.002369290228276033,0.35432,0.3513547386212894,0.35729371296745494
T-spiral_traversal_swarm-W-20-HS-random-D-10-C-5-H-3-RUNS-100000.csv,spiral_traversal_swarm,20,random,10,5,3,100000,2.0,401.0,231.54867,10755.106571231097,230.90588840875736,232.1914515912426,0.642781591242624,3.0,10.0,9.62629,0.6335308358999999,9.621356672462532,9.631223327537466,0.004933327537466781,0.0,0.9975,0.57261105,0.06749710016789749,0.5710007802710261,0.574221319728974,0.0016102697289739343,0.0,380.2,128.641947,4367.474055949191,128.23233635153812,129.05155764846185,0.40961064846186446,0.0,3802.0,1286.41947,436747.4055949191,1282.3233635153815,1290.5155764846186,4.096106484618531,0.0,1.0,0.5550833333333334,0.11215249305555554,0.5530076526803372,0.5571590139863295,0.002075680652996126,0.24567,0.24300428882620165,0.24835046971910968
T-spiral_traversal_swarm-W-20-HS-random-D-10-C-5-H-4-RUNS-100000.csv,spiral_traversal_swarm,20,random,10,5,4,100000,2.0,401.0,239.64629,11343.341819235902,238.98616439124984,240.30641560875014,0.6601256087501497,4.0,10.0,9.76994,0.2919523964,9.766591023550381,9.773288976449619,0.0033489764496188457,0.0,0.9975,0.5925493000000001,0.07122084069451001,0.5908952081597082,0.5942033918402919,0.0016540918402918603,0.0,377.7,129.747649,4434.476430472799,129.33490834710398,130.16038965289601,0.41274065289601936,0.0,3777.0,1297.47649,443447.6430472799,1293.3490834710396,1301.6038965289604,4.127406528960364,0.0,1.0,0.5553,0.09596566,0.5533799435439134,0.5572200564560866,0.0019200564560866162,0.18368,0.18128421025715225,0.18609415058962026
T-spiral_traversal_swarm-W-20-HS-random-D-10-C-5-H-5-RUNS-100000.csv,spiral_traversal_swarm,20,random,10,5,5,100000,2.0,401.0,244.47758,11683.4660573436,243.8076307242642,245.1475292757358,0.669949275735803,5.0,10.0,9.83781,0.16506440390000005,9.83529184310651,9.840328156893488,0.0025181568934886656,0.0,0.9975,0.60443405,0.07334842657559751,0.6027554335591987,0.6061126664408012,0.0016786164408012505,0.0,371.8,130.885201,4436.2043520895995,130.47237994144086,131.29802205855913,0.41282105855913187,0.0,3718.0,1308.85201,443620.4352089599,1304.7237994144089,1312.9802205855913,4.128210585591205,0.0,1.0,0.555194,0.08578242236400001,0.5533786715069896,0.5570093284930103,0.0018153284930103597,0.14441,0.1422367246556716,0.14660392139420417
T-spiral_traversal_swarm-W-20-HS-random-D-5-C-5-H-1-RUNS-100000.csv,spiral_traversal_swarm,20,random,5,5,1,100000,1.0,401.0,155.44863,10402.6719011231,154.81646780265385,156.08079219734617,0.6321621973461617,0.0,5.0,4.02971,1.7954073159000001,4.021405039587836,4.038014960412164,0.008304960412163886,0.0,0.9975,0.38336955,0.0648550037577975,0.38179111095323276,0.38494798904676725,0.0015784390467672438,0.0,383.2,109.271384,4870.621753124544,108.83882209082626,109.70394590917374,0.43256190917374227,0.0,1916.0,546.35692,121765.5438281136,544.1941104541312,548.5197295458687,2.162809545868754,0.0,1.0,0.44695,0.24718569750000005,0.4438684604894372,0.45003153951056285,0.0030815395105628363,0.44695,0.44386509303836513,0.45003798438374404
T-spiral_traversal_swarm-W-20-HS-random-D-5-C-5-H-2-RUNS-100000.csv,spiral_traversal_swarm,20,random,5,5,2,100000,2.0,401.0,191.33346,10658.487104428401,190.69357216560735,191.97334783439265,0.6398878343926526,0.0,5.0,4.6355,0.56279975,4.630850213424683,4.640149786575318,0.004649786575317449,0.0,0.9975,0.47205774999999994,0.06677077616493751,0.4704561676146222,0.47365933238537766,0.00160158238537772,0.0,387.0,124.53028600000002,4905.286327558204,124.09618753241521,124.96438446758482,0.4340984675848034,0.0,1935.0,622.65143,122632.15818895512,620.480937662076,624.821922337924,2.1704923379239744,0.0,1.0,0.448,0.14456600000000003,0.44564338219984656,0.45035661780015346,0.002356617800153449,0.24254,0.2398859362448041,0.24520900409263746
T-spiral_traversal_swarm-W-20-HS-random-D-5-C-5-H-3-RUNS-100000.csv,spiral_traversal_swarm,20,random,5,5,3,100000,2.0,401.0,204.27977,11238.0751787471,203.62271452588328,204.93682547411674,0.6570554741167314,0.0,5.0,4.8116,0.24356544000000002,4.808541109687642,4.814658890312359,0.0030588903123582867,0.0,0.9975,0.5039607,0.07047998485551,0.5023152337748197,0.5056061662251804,0.0016454662251803587,0.0,392.0,128.412948,4911.282789949296,127.97858428183434,128.84731171816566,0.4343637181656561,0.0,1960.0,642.06474,122782.06974873239,639.8929214091718,644.2365585908283,2.171818590828252,0.0,1.0,0.44715,0.11049354416666665,0.4450897281750442,0.44921027182495576,0.0020602718249557728,0.14974,0.14753365068679533,0.1519666849786351
T-spiral_traversal_swarm-W-20-HS-random-D-5-C-5-H-4-RUNS-100000.csv,spiral_traversal_swarm,20,random,5,5,4,100000,2.0,401.0,210.16932,11994.3011307376,209.49051732452028,210.84812267547971,0.6788026754797158,1.0,5.0,4.88518,0.12763636760000002,4.8829656651794,4.8873943348206,0.0022143348206000724,0.0,0.9975,0.518443,0.075204463626,0.5167432780596061,0.5201427219403939,0.0016997219403939168,0.0,393.2,130.223628,5119.974136117616,129.78013174701346,130.66712425298653,0.4434962529865345,0.0,1966.0,651.11814,127999.35340294041,648.9006587350674,653.3356212649327,2.217481264932644,0.0,1.0,0.4465975,0.09312129799374999,0.44470611220694223,0.44848888779305773,0.0018913877930577527,0.10111,0.09924806452124792,0.102995107226977
T-spiral_traversal_swarm-W-20-HS-random-D-5-C-5-H-5-RUNS-100000.csv,spiral_traversal_swarm,20,random,5,5,5,100000,2.0,401.0,212.70806,12272.9899710364,212.02141658255005,213.39470341744993,0.6866434174499432,2.0,5.0,4.91919,0.0803397439,4.917433204166199,4.920946795833802,0.0017567958338018386,0.0,0.9975,0.5246601000000001,0.07693581334299,0.5229409239748694,0.5263792760251308,0.0017191760251307198,0.0,397.0,130.75226,5098.721756892401,130.30968515320822,131.1948348467918,0.4425748467917856,0.0,1985.0,653.7613,127468.04392231,651.5484257660411,655.9741742339589,2.212874233958928,0.0,1.0,0.44682,0.0827110876,0.4450374655287368,0.4486025344712632,0.0017825344712631974,0.0753,0.07367185127594861,0.07695283219123338
T-spiral_traversal_swarm-W-20-HS-weighted-D-1-C-5-H-1-RUNS-100000.csv,spiral_traversal_swarm,20,weighted,1,5,1,100000,1.0,401.0,122.61184,8992.8109518144,122.02407488915648,123.19960511084352,0.5877651108435202,0.0,1.0,0.91301,0.0794227399,0.9112632590415295,0.9147567409584705,0.001746740958470494,0.0,0.9975,0.2994854,0.056207318436839994,0.29801595781159324,0.3009548421884068,0.0014694421884067776,0.0,400.0,120.78545,8995.2603982975,120.19760484737816,121.37329515262184,0.5878451526218385,0.0,400.0,120.78545,8995.2603982975,120.19760484737816,121.37329515262184,0.5878451526218385,0.0,1.0,0.08662,0.0791169756,0.08487662461453375,0.08836337538546625,0.0017433753854662476,0.08662,0.0848836632382827,0.08838035632584443
T-spiral_traversal_swarm-W-20-HS-weighted-D-1-C-5-H-2-RUNS-100000.csv,spiral_traversal_swarm,20,weighted,1,5,2,100000,2.0,401.0,130.07862,9615.0279588956,129.47086107240705,130.68637892759295,0.607758927592954,0.0,1.0,0.96499,0.033784299899999995,0.9638507644383366,0.9661292355616634,0.0011392355616633987,0.0,0.9975,0.317891675,0.06016192240319437,0.3163714183075164,0.31941193169248355,0.001520256692483568,0.0,400.0,128.14824,9628.0546049024,127.54006950934631,128.75641049065365,0.6081704906536629,0.0,400.0,128.14824,9628.0546049024,127.54006950934631,128.75641049065365,0.6081704906536629,0.0,1.0,0.14757,0.0693130951,0.14593821206605712,0.1492017879339429,0.001631787933942891,0.03461,0.03348559179208423,0.03576150485570378
T-spiral_traversal_swarm-W-20-HS-weighted-D-1-C-5-H-3-RUNS-100000.csv,spiral_traversal_swarm,20,weighted,1,5,3,100000,2.0,401.0,131.7475,9996.18760375,131.1278117372536,132.3671882627464,0.6196882627463935,0.0,1.0,0.97688,0.022585465599999997,0.9759485263039196,0.9778114736960803,0.000931473696080376,0.0,0.9975,0.32200447499999996,0.06255010239247438,0.3204543379952454,0.3235546120047545,0.001550137004754537,0.0,400.0,129.79309,10010.2614582519,129.1729656542594,130.4132143457406,0.6201243457406065,0.0,400.0,129.79309,10010.2614582519,129.1729656542594,130.4132143457406,0.6201243457406065,0.0,1.0,0.17392,0.06439627804444445,0.17234715308521287,0.17549284691478712,0.0015728469147871238,0.02247,0.021560294786905347,0.0234075462674124
T-spiral_traversal_swarm-W-20-HS-weighted-D-1-C-5-H-4-RUNS-100000.csv,spiral_traversal_swarm,20,weighted,1,5,4,100000,2.0,401.0,132.50714,10114.0486690204,131.8838091940317,133.1304708059683,0.623330805968294,0.0,1.0,0.98154,0.018119228400000003,0.9807056929352963,0.9823743070647036,0.0008343070647036654,0.0,0.9975,0.323880625,0.06328185943710937,0.32232144703961957,0.3254398029603804,0.001559177960380409,0.0,400.0,130.54349,10127.3703086199,129.91974882148446,131.16723117851552,0.6237411785155302,0.0,400.0,130.54349,10127.3703086199,129.91974882148446,131.16723117851552,0.6237411785155302,0.0,1.0,0.1870375,0.06114634859375,0.1855048558379136,0.1885701441620864,0.0015326441620863995,0.01789,0.01707745669392639,0.018730675039934457
T-spiral_traversal_swarm-W-20-HS-weighted-D-1-C-5-H-5-RUNS-100000.csv,spiral_traversal_swarm,20,weighted,1,5,5,100000,2.0,401.0,132.27075,10183.7807044375,131.6452740855623,132.89622591443768,0.6254759144376862,0.0,1.0,0.98475,0.015017437500000005,0.9839904541626735,0.9855095458373265,0.000759545837326514,0.0,0.9975,0.323272175,0.06371207518326936,0.3217077060548814,0.3248366439451186,0.00156446894511858,0.0,400.0,130.30058,10196.0793116636,129.6747265164778,130.9264334835222,0.6258534835222065,0.0,400.0,130.30058,10196.0793116636,129.6747265164778,130.9264334835222,0.6258534835222065,0.0,1.0,0.193716,0.05815651134400001,0.19222129583536035,0.19521070416463965,0.0014947041646396486,0.01458,0.013846192144135733,0.015342156582123968
T-spiral_traversal_swarm-W-20-HS-weighted-D-10-C-5-H-1-RUNS-100000.csv,spiral_traversal_swarm,20,weighted,10,5,1,100000,1.0,401.0,190.01863,12627.5083029231,189.3221399720993,190.7151200279007,0.696490027900694,0.0,10.0,9.12809,2.4333029519,9.118421609947866,9.137758390052134,0.009668390052134157,0.0,0.9975,0.46963072499999997,0.07855016507347437,0.46789360579238565,0.4713678442076143,0.0017371192076143238,0.0,373.5,120.553935,4767.5932977157745,120.12597254355661,120.98189745644338,0.4279624564433817,0.0,3735.0,1205.53935,476759.32977157744,1201.2597254355662,1209.8189745644338,4.279624564433789,0.0,1.0,0.4145,0.24268974999999998,0.4114466134479893,0.4175533865520107,0.003053386552010706,0.4145,0.41144418602834093,0.4175607739111122
T-spiral_traversal_swarm-W-20-HS-weighted-D-10-C-5-H-2-RUNS-100000.csv,spiral_traversal_swarm,20,weighted,10,5,2,100000,2.0,401.0,224.12756,11084.550828446403,223.47500800618985,224.78011199381012,0.6525519938101354,1.0,10.0,9.65224,0.5252429824,9.647748036686274,9.656731963313728,0.004491963313727254,0.0,0.9975,0.5541049499999999,0.06936539776049751,0.5524725465203518,0.555737353479648,0.0016324034796481035,0.0,372.0,128.15969900000002,4504.662388929399,127.743704877045,128.57569312295504,0.415994122955027,0.0,3720.0,1281.59699,450466.23889293993,1277.4370487704498,1285.7569312295502,4.159941229550213,0.0,1.0,0.494765,0.130075094775,0.4925296108077392,0.4970003891922608,0.002235389192260795,0.25497,0.2522707948780558,0.2576834235637118
T-spiral_traversal_swarm-W-20-HS-weighted-D-10-C-5-H-3-RUNS-100000.csv,spiral_traversal_swarm,20,weighted,10,5,3,100000,2.0,401.0,235.77223,11105.644970827101,235.11905739096065,236.42540260903937,0.653172609039359,4.0,10.0,9.76823,0.26375266710000006,9.765046869079145,9.771413130920857,0.003183130920856314,0.0,0.9975,0.582919375,0.06966236293710938,0.5812834809525165,0.5845552690474836,0.0016358940474835437,0.0,377.9,129.925271,4477.6524970765595,129.51052589957362,130.3400161004264,0.4147451004263871,0.0,3779.0,1299.25271,447765.2497076559,1295.1052589957362,1303.4001610042637,4.147451004263758,0.0,1.0,0.52741,0.10368202523333334,0.5254142423289979,0.5294057576710022,0.0019957576710021296,0.19503,0.19257809546518015,0.1974996054630188
T-spiral_traversal_swarm-W-20-HS-weighted-D-10-C-5-H-4-RUNS-100000.csv,spiral_traversal_swarm,20,weighted,10,5,4,100000,2.0,401.0,241.06834,11375.775969644399,240.40727131245697,241.72940868754304,0.661068687543036,5.0,10.0,9.8166,0.19224444000000004,9.813882416071758,9.81931758392824,0.002717583928241396,0.0,0.9975,0.5959928250000001,0.07139921011101938,0.594336663155365,0.5976489868446351,0.001656161844635018,0.0,389.6,130.627693,4481.355609397751,130.21277643357897,131.04260956642102,0.41491656642102726,0.0,3896.0,1306.27693,448135.5609397751,1302.1277643357896,1310.4260956642104,4.149165664210386,0.0,1.0,0.543645,0.09181136397499999,0.5417669623650034,0.5455230376349967,0.00187803763499661,0.16131,0.15903513698720467,0.16360452518338836
T-spiral_traversal_swarm-W-20-HS-weighted-D-10-C-5-H-5-RUNS-100000.csv,spiral_traversal_swarm,20,weighted,10,5,5,100000,2.0,401.0,244.34338,11681.3648701756,243.67349096974746,245.01326903025253,0.6698890302525342,5.0,10.0,9.84066,0.16155076440000002,9.838168788614912,9.843151211385088,0.0024912113850881212,0.0,0.9975,0.604088875,0.07333550241373438,0.6024104064537573,0.6057673435462426,0.0016784685462426507,0.0,373.8,130.553505,4447.890496114976,130.14014055873932,130.96686944126068,0.4133644412606827,0.0,3738.0,1305.53505,444789.0496114975,1301.4014055873931,1309.6686944126068,4.133644412606827,0.0,1.0,0.5545880000000001,0.085404150256,0.5527766784282645,0.5563993215717357,0.0018113215717355802,0.1431,0.14093500694587555,0.14528571540309249
T-spiral_traversal_swarm-W-20-HS-weighted-D-5-C-5-H-1-RUNS-100000.csv,spiral_traversal_swarm,20,weighted,5,5,1,100000,1.0,401.0,177.90361,11896.3995389679,177.22758331066814,178.57963668933183,0.6760266893318487,0.0,5.0,4.56574,0.7496382524,4.560373613589742,4.571106386410258,0.005366386410257995,0.0,0.9975,0.438646175,0.07412988334536938,0.4369586402304039,0.4403337097695961,0.0016875347695960996,0.0,396.6,120.500052,5270.857895197297,120.05006835929525,120.95003564070474,0.44998364070474395,0.0,1983.0,602.50026,131771.4473799324,600.2503417964763,604.7501782035238,2.249918203523748,0.0,1.0,0.27501,0.19937949989999992,0.2722424446043198,0.27777755539568016,0.002767555395680188,0.27501,0.27224405194490797,0.27778900286523794
T-spiral_traversal_swarm-W-20-HS-weighted-D-5-C-5-H-2-RUNS-100000.csv,spiral_traversal_swarm,20,weighted,5,5,2,100000,2.0,401.0,201.17036,11349.5910174704,200.51005258028766,201.8306674197123,0.6603074197123249,0.0,5.0,4.82658,0.20788550360000002,4.823754025919033,4.8294059740809665,0.002825974080966631,0.0,0.9975,0.49616792499999995,0.07104598526369438,0.4945158649012475,0.4978199850987524,0.0016520600987524614,0.0,391.2,128.186184,5063.105609918144,127.74515762311238,128.6272103768876,0.4410263768876064,0.0,1956.0,640.93092,126577.6402479536,638.725788115562,643.1360518844381,2.2051318844380603,0.0,1.0,0.37076,0.12096702240000003,0.36860429382045734,0.3729157061795426,0.002155706179542638,0.1461,0.14391613021495403,0.14830441741158226
T-spiral_traversal_swarm-W-20-HS-weighted-D-5-C-5-H-3-RUNS-100000.csv,spiral_traversal_swarm,20,weighted,5,5,3,100000,2.0,401.0,207.83262,11701.6231239356,207.16215034824154,208.50308965175844,0.6704696517584523,1.0,5.0,4.88699,0.11857873989999997,4.884855680232018,4.889124319767982,0.0021343197679817294,0.0,0.9975,0.51260785,0.0733325732433775,0.5109294149748299,0.51428628502517,0.0016784350251700664,0.0,390.2,129.486824,5053.069240793025,129.04623495343358,129.92741304656644,0.44058904656642994,0.0,1951.0,647.43412,126326.73101982559,645.2311747671679,649.6370652328321,2.2029452328321213,0.0,1.0,0.41201,0.09845109323333334,0.4100652385242267,0.41395476147577326,0.0019447614757732712,0.10272,0.10084488760411141,0.10461819005004963
T-spiral_traversal_swarm-W-20-HS-weighted-D-5-C-5-H-4-RUNS-100000.csv,spiral_traversal_swarm,20,weighted,5,5,4,100000,2.0,401.0,211.12456,12046.163904806399,210.44429135265025,211.80482864734975,0.6802686473497488,1.0,5.0,4.90728,0.0938630016,4.905381094770805,4.909178905229195,0.0018989052291953357,0.0,0.9975,0.5207534500000001,0.0755119606880975,0.5190502566810271,0.522456643318973,0.001703193318972951,0.0,390.0,130.20897,5049.012250339099,129.76855785824068,130.6493821417593,0.4404121417593103,0.0,1950.0,651.04485,126225.3062584775,648.8427892912034,653.2469107087966,2.20206070879658,0.0,1.0,0.43325,0.0887069375,0.43140398653553125,0.4350960134644688,0.0018460134644687765,0.0856,0.08387302017510125,0.08735105914597555
T-spiral_traversal_swarm-W-20-HS-weighted-D-5-C-5-H-5-RUNS-100000.csv,spiral_traversal_swarm,20,weighted,5,5,5,100000,2.0,401.0,213.27667,12321.0802237111,212.58868263247493,213.96465736752506,0.6879873675250678,2.0,5.0,4.91833,0.08058001110000002,4.916570579155967,4.920089420844033,0.0017594208440332437,0.0,0.9975,0.526087175,0.07723731036301938,0.5243646337044411,0.527809716295559,0.0017225412955589325,0.0,394.0,130.845482,5078.155741387676,130.403800631861,131.287163368139,0.44168136813900105,0.0,1970.0,654.22741,126953.89353469189,652.0190031593049,656.435816840695,2.2084068406950337,0.0,1.0,0.4479640000000001,0.08291305470400002,0.446179290525181,0.44974870947481915,0.0017847094748190684,0.0761,0.07446387461702916,0.07776076187423353
T-together_traverse_best_permutation-W-20-HS-greedy-D-1-C-5-H-1-RUNS-100000.csv,together_traverse_best_permutation,20,greedy,1,5,1,100000,1.0,70.0,19.04864,121.31055415040001,18.98037385723331,19.116906142766688,0.06826614276668863,0.0,1.0,0.95095,0.04664409750000001,0.9496113889102655,0.9522886110897344,0.0013386110897344317,0.0,0.17,0.04252184999999999,0.0007396665225775,0.04235328241969068,0.04269041758030931,0.0001685675803093159,0.0,68.0,17.14674,121.7571873724,17.0783483037928,17.2151316962072,0.06839169620720043,0.0,68.0,17.14674,121.7571873724,17.0783483037928,17.2151316962072,0.06839169620720043,0.0,1.0,0.04905,0.04664409749999999,0.04771138891026557,0.050388611089734435,0.0013386110897344317,0.04905,0.04771950823540545,0.050406724279473826
T-together_traverse_best_permutation-W-20-HS-greedy-D-1-C-5-H-2-RUNS-100000.csv,together_traverse_best_permutation,20,greedy,1,5,2,100000,2.0,73.0,19.60193,125.8394502751,19.532401241045388,19.67145875895461,0.06952875895461119,0.0,1.0,0.9725,0.02674375,0.9714863985497248,0.9735136014502752,0.0010136014502751811,0.0,0.1675,0.0437799,0.00077312535599,0.043607562007451306,0.04395223799254869,0.00017233799254869064,0.0,71.0,17.65693,127.2952929751,17.587000206814754,17.726859793185245,0.06992979318524561,0.0,71.0,17.65693,127.2952929751,17.587000206814754,17.726859793185245,0.06992979318524561,0.0,1.0,0.136395,0.06334390397499999,0.13483505788084826,0.1379549421191517,0.0015599421191517249,0.0275,0.02649513936351388,0.028532390017689428
T-together_traverse_best_permutation-W-20-HS-greedy-D-1-C-5-H-3-RUNS-100000.csv,together_traverse_best_permutation,20,greedy,1,5,3,100000,2.0,74.0,19.83052,131.0996565296,19.75955293436219,19.90148706563781,0.07096706563780941,0.0,1.0,0.97919,0.0203769439,0.9783052397630644,0.9800747602369356,0.0008847602369356222,0.0,0.18,0.044307349999999995,0.0008059428609775,0.044131392331945116,0.044483307668054875,0.00017595766805487967,0.0,72.0,17.87214,132.74735182039998,17.8007283604198,17.943551639580203,0.07141163958020158,0.0,72.0,17.87214,132.74735182039998,17.8007283604198,17.943551639580203,0.07141163958020158,0.0,1.0,0.16752333333333333,0.06216148834444444,0.16597801921114322,0.16906864745552344,0.0015453141221901112,0.02081,0.019934174894751924,0.021713770555829976
T-together_traverse_best_permutation-W-20-HS-greedy-D-1-C-5-H-4-RUNS-100000.csv,together_traverse_best_permutation,20,greedy,1,5,4,100000,2.0,73.0,19.89467,133.47869559109998,19.823061916868085,19.966278083131918,0.0716080831319168,0.0,1.0,0.9827,0.017000709999999995,0.9818918544219264,0.9835081455780736,0.0008081455780736269,0.0,0.175,0.044454850000000004,0.0008209128114774999,0.0442772656916681,0.04463243430833191,0.00017758430833190314,0.0,71.0,17.92927,135.14118726709998,17.85721735362214,18.001322646377858,0.07205264637785902,0.0,71.0,17.92927,135.14118726709998,17.85721735362214,18.001322646377858,0.07205264637785902,0.0,1.0,0.184615,0.060273551774999996,0.18309333355659382,0.18613666644340618,0.0015216664434061777,0.0173,0.01650089225967965,0.018127277623086507
T-together_traverse_best_permutation-W-20-HS-greedy-D-1-C-5-H-5-RUNS-100000.csv,together_traverse_best_permutation,20,greedy,1,5,5,100000,2.0,71.0,19.89767,135.1410985711,19.82561737726698,19.969722622733023,0.07205262273302182,0.0,1.0,0.98437,0.015385703100000005,0.9836011975739569,0.985138802426043,0.000768802426043047,0.0,0.1725,0.044451550000000006,0.0008314644525974999,0.04427282804160937,0.044630271958390644,0.00017872195839063743,0.0,69.0,17.92893,136.81263905510002,17.856433142537483,18.00142685746252,0.072496857462518,0.0,69.0,17.92893,136.81263905510002,17.856433142537483,18.00142685746252,0.072496857462518,0.0,1.0,0.19490400000000002,0.058823630784000006,0.19340074732656215,0.1964072526734379,0.0015032526734378715,0.01563,0.01487028458950234,0.016417994449897465
T-together_traverse_best_permutation-W-20-HS-greedy-D-10-C-5-H-1-RUNS-100000.csv,together_traverse_best_permutation,20,greedy,10,5,1,100000,1.0,74.0,27.89298,188.2809267196,27.807932953720545,27.978027046279458,0.08504704627945614,4.0,10.0,9.51093,0.5450005351,9.506354331681994,9.515505668318006,0.004575668318006265,0.0,0.18,0.06581075,0.0010929411844375,0.06560584409832475,0.06601565590167525,0.00020490590167525358,0.0,47.7,17.207967,54.088301826911,17.16238349198468,17.25355050801532,0.045583508015319296,0.0,477.0,172.07967,5408.830182691099,171.62383491984681,172.53550508015317,0.45583508015317875,0.0,1.0,0.36835,0.23266827750000008,0.36536032032678417,0.37133967967321585,0.0029896796732158393,0.36835,0.36535922889662453,0.37134840860217666
T-together_traverse_best_permutation-W-20-HS-greedy-D-10-C-5-H-2-RUNS-100000.csv,together_traverse_best_permutation,20,greedy,10,5,2,100000,2.0,74.0,31.60143,157.1054719551,31.523742396029824,31.679117603970177,0.07768760397017616,5.0,10.0,9.73067,0.2797713511,9.727391632079241,9.733948367920759,0.0032783679207586403,0.0,0.1775,0.074215125,0.000964978908734375,0.07402258765360212,0.0744076623463979,0.0001925373463978891,0.0,49.8,17.64749,50.672042499899995,17.60336951513553,17.691610484864473,0.04412048486447162,0.0,498.0,176.4749,5067.20424999,176.03369515135526,176.91610484864472,0.4412048486447304,0.0,1.0,0.48248,0.12453804959999998,0.4802927063038006,0.48466729369619943,0.0021872936961994105,0.23217,0.22955591710132853,0.2347996255902605
T-together_traverse_best_permutation-W-20-HS-greedy-D-10-C-5-H-3-RUNS-100000.csv,together_traverse_best_permutation,20,greedy,10,5,3,100000,2.0,73.0,33.05436,158.2326049904,32.97639421421347,33.132325785786534,0.07796578578653168,5.0,10.0,9.7987,0.20185831,9.795915293761102,9.801484706238899,0.0027847062388985933,0.0,0.1825,0.077533125,0.000992690090234375,0.07733784268511602,0.07772840731488397,0.00019528231488397108,0.0,48.8,17.852007,50.270902571951005,17.808061499738834,17.895952500261167,0.043945500261166615,0.0,488.0,178.52007,5027.090257195099,178.08061499738835,178.95952500261166,0.43945500261165193,0.0,1.0,0.5236333333333334,0.10011257666666666,0.5216722303923264,0.5255944362743404,0.0019611029410070424,0.18214,0.17975208367518114,0.18454636672771185
T-together_traverse_best_permutation-W-20-HS-greedy-D-10-C-5-H-4-RUNS-100000.csv,together_traverse_best_permutation,20,greedy,10,5,4,100000,2.0,75.0,33.70046,165.47027578840002,33.62073104594511,33.78018895405489,0.07972895405489311,7.0,10.0,9.82934,0.1686151644,9.826794902721783,9.831885097278217,0.0025450972782170567,0.0,0.1825,0.0789999,0.00104544479999,0.07879949588967185,0.07920030411032815,0.00020040411032815064,0.0,53.7,17.879023999999998,50.873527007423995,17.83481588520738,17.923232114792615,0.04420811479261744,0.0,537.0,178.79024,5087.3527007424,178.34815885207385,179.23232114792617,0.44208114792616016,0.0,1.0,0.542565,0.09072572077499999,0.5406980990145986,0.5444319009854013,0.0018669009854013208,0.15766,0.15540628298707132,0.15993359161536905
T-together_traverse_best_permutation-W-20-HS-greedy-D-10-C-5-H-5-RUNS-100000.csv,together_traverse_best_permutation,20,greedy,10,5,5,100000,2.0,77.0,34.12802,171.92257087959996,34.04675144837694,34.20928855162306,0.08126855162306157,7.0,10.0,9.84376,0.15494906239999998,9.841320220669576,9.846199779330423,0.002439779330423164,0.0,0.1875,0.08000577499999999,0.0010896080291493751,0.07980118178885211,0.08021036821114787,0.00020459321114787987,0.0,48.4,17.916863000000003,50.708853939231,17.872726492062363,17.960999507937643,0.044136507937640346,0.0,484.0,179.16863,5070.885393923099,178.72726492062358,179.60999507937643,0.4413650793764248,0.0,1.0,0.555706,0.08580644156400001,0.5538904173775004,0.5575215826224996,0.0018155826224995897,0.14521,0.14303169692484072,0.14740890253302696
T-together_traverse_best_permutation-W-20-HS-greedy-D-5-C-5-H-1-RUNS-100000.csv,together_traverse_best_permutation,20,greedy,5,5,1,100000,1.0,74.0,26.52345,168.83791009750001,26.4429138146278,26.6039861853722,0.08053618537219975,1.0,5.0,4.75636,0.2490595504,4.753266802352231,4.759453197647769,0.0030931976477690526,0.0,0.18,0.061683100000000005,0.00100026567439,0.061487073965638836,0.06187912603436117,0.0001960260343611686,0.0,56.8,17.18969,61.8266477039,17.140954668892135,17.238425331107862,0.048735331107863544,0.0,284.0,85.94845,1545.6661925975002,85.70477334446068,86.19212665553931,0.24367665553931772,0.0,1.0,0.21365,0.1680036775,0.2111095218412984,0.21619047815870163,0.00254047815870162,0.21365,0.21111290072147582,0.21620371798378396
T-together_traverse_best_permutation-W-20-HS-greedy-D-5-C-5-H-2-RUNS-100000.csv,together_traverse_best_permutation,20,greedy,5,5,2,100000,2.0,74.0,28.66044,157.3544990064,28.582690849304768,28.738189150695234,0.07774915069523303,1.0,5.0,4.86501,0.1354076999,4.862729249641157,4.867290750358842,0.002280750358842454,0.0,0.18,0.0664856,0.0009700924926400001,0.06629255318392355,0.06667864681607646,0.00019304681607645868,0.0,56.6,17.641454,59.234080365884004,17.593751416932246,17.689156583067753,0.047702583067753324,0.0,283.0,88.20727,1480.8520091471003,87.96875708466123,88.44578291533875,0.2385129153387595,0.0,1.0,0.356885,0.114045596775,0.354791874192575,0.358978125807425,0.002093125807424989,0.12594,0.12388950256568801,0.12801221978877048
T-together_traverse_best_permutation-W-20-HS-greedy-D-5-C-5-H-3-RUNS-100000.csv,together_traverse_best_permutation,20,greedy,5,5,3,100000,2.0,74.0,29.49676,162.1779095024,29.41782821570847,29.575691784291525,0.0789317842915267,2.0,5.0,4.90108,0.0980148336,4.899139552152833,4.903020447847168,0.0019404478471676256,0.0,0.18,0.068393075,0.0010091742295443749,0.0681961779781785,0.0685899720218215,0.00019689702182150437,0.0,57.8,17.818250000000003,59.161605737500004,17.770576608616423,17.865923391383582,0.0476733913835794,0.0,289.0,89.09125,1479.0401434375,88.85288304308212,89.32961695691789,0.23836695691788634,0.0,1.0,0.40509333333333336,0.09565272462222223,0.4031764099991629,0.40701025666750384,0.0019169233341704839,0.09452,0.09271356271893763,0.09634999438165137
T-together_traverse_best_permutation-W-20-HS-greedy-D-5-C-5-H-4-RUNS-100000.csv,together_traverse_best_permutation,20,greedy,5,5,4,100000,2.0,74.0,29.89417,167.6153300111,29.813925931573067,29.97441406842693,0.0802440684269321,2.0,5.0,4.9143,0.08441551,4.912499192894239,4.916100807105761,0.0018008071057611374,0.0,0.1825,0.06930785,0.0010458020533775,0.06910741165116788,0.06950828834883213,0.00020043834883212708,0.0,53.4,17.910158,59.179120815036,17.862477552170407,17.95783844782959,0.0476804478295918,0.0,267.0,89.55079,1479.4780203758999,89.31238776085205,89.78919223914797,0.238402239147959,0.0,1.0,0.4319825,0.08738174469375001,0.4301503272177125,0.43381467278228747,0.0018321727822874778,0.08272,0.08101984115287705,0.08444440695768589
T-together_traverse_best_permutation-W-20-HS-greedy-D-5-C-5-H-5-RUNS-100000.csv,together_traverse_best_permutation,20,greedy,5,5,5,100000,2.0,75.0,30.13555,172.7095561975,30.054095655052148,30.21700434494785,0.08145434494785064,1.0,5.0,4.92146,0.07735146840000001,4.919736186202035,4.923183813797965,0.0017238137979651569,0.0,0.1775,0.06987055,0.0010796583676974999,0.06966689304368998,0.07007420695631003,0.00020365695631002767,0.0,58.8,17.980808,60.103985267136004,17.93275641627977,18.02885958372023,0.04805158372023044,0.0,294.0,89.90404,1502.5996316784,89.66378208139885,90.14429791860114,0.2402579186011451,0.0,1.0,0.44794,0.08276335640000002,0.4461569023864459,0.4497230976135541,0.0017830976135541077,0.07613,0.07449357653193475,0.07779105819791424
T-together_traverse_best_permutation-W-20-HS-random-D-1-C-5-H-1-RUNS-100000.csv,together_traverse_best_permutation,20,random,1,5,1,100000,1.0,69.0,16.96309,91.3540276519,16.903849335534826,17.022330664465176,0.059240664465175286,0.0,1.0,0.80425,0.15743193750000004,0.8017907510677038,0.8067092489322962,0.0024592489322962097,0.0,0.1725,0.038141875,0.000560301683984375,0.037995162527824165,0.03828858747217583,0.00014671247217583339,0.0,69.0,15.35459,91.9819359319,15.295146093241108,15.414033906758892,0.059443906758891885,0.0,69.0,15.35459,91.9819359319,15.295146093241108,15.414033906758892,0.059443906758891885,0.0,1.0,0.19575,0.15743193750000004,0.1932907510677038,0.19820924893229622,0.0024592489322962097,0.19575,0.19329464631746648,0.19822301275405318
T-together_traverse_best_permutation-W-20-HS-random-D-1-C-5-H-2-RUNS-100000.csv,together_traverse_best_permutation,20,random,1,5,2,100000,2.0,71.0,19.05054,110.47978570840002,18.985392540741994,19.11568745925801,0.06514745925800725,0.0,1.0,0.92824,0.06661050240000001,0.9266403409550161,0.9298396590449838,0.0015996590449838255,0.0,0.1725,0.042652474999999995,0.000689343438874375,0.04248974265057986,0.04281520734942013,0.00016273234942013742,0.0,69.0,17.19406,113.30980071639999,17.128083418515953,17.260036581484048,0.06597658148404761,0.0,69.0,17.19406,113.30980071639999,17.128083418515953,17.260036581484048,0.06597658148404761,0.0,1.0,0.19494,0.09534839640000002,0.19302612853197965,0.19685387146802036,0.0019138714680203561,0.07176,0.07016780700083086,0.07337708445760922
T-together_traverse_best_permutation-W-20-HS-random-D-1-C-5-H-3-RUNS-100000.csv,together_traverse_best_permutation,20,random,1,5,3,100000,2.0,69.0,19.56741,124.0368558919,19.49838102162176,19.636438978378237,0.06902897837823829,0.0,1.0,0.96321,0.0354364959,0.9620432402018863,0.9643767597981138,0.001166759798113759,0.0,0.1675,0.043740224999999994,0.0007688389044493751,0.043568365419663815,0.04391208458033617,0.00017185958033617832,0.0,68.0,17.64099,126.5487418199,17.571265567655566,17.71071443234443,0.06972443234443304,0.0,68.0,17.64099,126.5487418199,17.571265567655566,17.71071443234443,0.06972443234443304,0.0,1.0,0.1955066666666667,0.07549492106666666,0.19380366552524103,0.19720966780809235,0.0017030011414256585,0.03679,0.03563171265354277,0.03797525253645833
T-together_traverse_best_permutation-W-20-HS-random-D-1-C-5-H-4-RUNS-100000.csv,together_traverse_best_permutation,20,random,1,5,4,100000,2.0,71.0,19.81371,130.33046603589997,19.742951430319465,19.884468569680536,0.07075856968053529,0.0,1.0,0.97749,0.0220032999,0.9765706095666375,0.9784093904333624,0.0009193904333624214,0.0,0.1725,0.04428970000000001,0.0008044892239099999,0.044113901086392085,0.04446549891360793,0.00017579891360792327,0.0,69.0,17.85873,132.3468927871,17.787426155550286,17.930033844449717,0.07130384444971583,0.0,69.0,17.85873,132.3468927871,17.787426155550286,17.930033844449717,0.07130384444971583,0.0,1.0,0.195125,0.06507498437499999,0.19354388627867886,0.19670611372132113,0.0015811137213211368,0.02251,0.02159949518132278,0.023448343368481894
T-together_traverse_best_permutation-W-20-HS-random-D-1-C-5-H-5-RUNS-100000.csv,together_traverse_best_permutation,20,random,1,5,5,100000,2.0,72.0,19.8906,135.62833164,19.818417606105903,19.962782393894095,0.07218239389409575,0.0,1.0,0.985,0.014775,0.9842466100611237,0.9857533899388763,0.0007533899388763032,0.0,0.1725,0.044407625000000006,0.000832572779359375,0.0442287839647428,0.04458646603525721,0.0001788410352572059,0.0,70.0,17.9206,137.24423564,17.84798888131735,17.99321111868265,0.07261111868265147,0.0,70.0,17.9206,137.24423564,17.84798888131735,17.99321111868265,0.07261111868265147,0.0,1.0,0.19472,0.058778521599999994,0.19321732382537501,0.196222676174625,0.0015026761746249895,0.015,0.014255715699783117,0.01577260504167508
T-together_traverse_best_permutation-W-20-HS-random-D-10-C-5-H-1-RUNS-100000.csv,together_traverse_best_permutation,20,random,10,5,1,100000,1.0,74.0,24.09705,153.7488512975,24.020196790103178,24.17390320989682,0.07685320989682154,0.0,10.0,8.04097,6.2331114591,8.025495788879144,8.056444211120855,0.01547421112085523,0.0,0.1775,0.0574285,0.0009057968877500001,0.057241960210036025,0.057615039789963976,0.00018653978996397563,0.0,48.8,15.379292,48.034164178736006,15.336335272341922,15.422248727658078,0.04295672765807801,0.0,488.0,153.79292,4803.4164178736,153.3633527234192,154.2224872765808,0.42956727658079785,0.0,1.0,0.55402,0.24708183960000002,0.5509391079294993,0.5571008920705006,0.0030808920705006626,0.55402,0.5509326348927269,0.5571042314143868
T-together_traverse_best_permutation-W-20-HS-random-D-10-C-5-H-2-RUNS-100000.csv,together_traverse_best_permutation,20,random,10,5,2,100000,2.0,74.0,29.89527,142.3061816271,29.82133195652178,29.96920804347822,0.07393804347821842,0.0,10.0,9.27343,1.6969660350999998,9.265355927470948,9.281504072529051,0.00807407252905179,0.0,0.1825,0.070660375,0.000882030592359375,0.07047629869181213,0.07084445130818787,0.00018407630818786935,0.0,48.9,17.182693,46.916478767751,17.140238984308407,17.225147015691594,0.04245401569159313,0.0,489.0,171.82693,4691.6478767751005,171.40238984308408,172.25147015691593,0.42454015691592417,0.0,1.0,0.555475,0.145685024375,0.5531092789901618,0.5578407210098383,0.0023657210098382286,0.353,0.3500372810141269,0.3559712471697994
T-together_traverse_best_permutation-W-20-HS-random-D-10-C-5-H-3-RUNS-100000.csv,together_traverse_best_permutation,20,random,10,5,3,100000,2.0,76.0,32.24874,150.0433084124,32.172818568664894,32.3246614313351,0.07592143133510376,2.0,10.0,9.63469,0.6172186039,9.629820598610978,9.639559401389024,0.004869401389022698,0.0,0.1825,0.075876525,0.000949040016424375,0.07568558437763022,0.07606746562236978,0.00019094062236978127,0.0,51.7,17.660157,49.137516235351,17.616709712124955,17.70360428787505,0.043447287875046925,0.0,517.0,176.60157,4913.7516235351,176.16709712124953,177.0360428787505,0.43447287875048346,0.0,1.0,0.55342,0.11246852582222222,0.5513413968902202,0.5554986031097798,0.0020786031097798086,0.24366,0.24100174646007114,0.24633312882610117
T-together_traverse_best_permutation-W-20-HS-random-D-10-C-5-H-4-RUNS-100000.csv,together_traverse_best_permutation,20,random,10,5,4,100000,2.0,72.0,33.39847,160.6594716591,33.319908595587556,33.47703140441245,0.07856140441244719,4.0,10.0,9.77632,0.2886872576,9.772989803355962,9.779650196644038,0.003330196644037997,0.0,0.1775,0.0783812,0.00101879948656,0.07818336622867748,0.07857903377132251,0.00019783377132251423,0.0,52.0,17.840118,49.626321346076,17.796455146670986,17.883780853329014,0.043662853329013984,0.0,520.0,178.40118,4962.6321346076,177.96455146670988,178.83780853329014,0.43662853329013274,0.0,1.0,0.553305,0.095348576975,0.5513911267196935,0.5552188732803066,0.0019138732803065661,0.1814,0.1790158897024537,0.18380260373489735
T-together_traverse_best_permutation-W-20-HS-random-D-10-C-5-H-5-RUNS-100000.csv,together_traverse_best_permutation,20,random,10,5,5,100000,2.0,74.0,34.13839,170.6520982079,34.05742228418219,34.219357715817814,0.08096771581781326,6.0,10.0,9.84412,0.15416142559999998,9.841686429510812,9.846553570489188,0.0024335704891882415,0.0,0.1725,0.0800235,0.00108129307275,0.07981968892404297,0.08022731107595703,0.00020381107595703052,0.0,50.5,17.947342,50.300592935036,17.903383524387298,17.9913004756127,0.043958475612701164,0.0,505.0,179.47342,5030.0592935036,179.033835243873,179.913004756127,0.43958475612700454,0.0,1.0,0.555928,0.08563765881600001,0.5541142038976016,0.5577417961023984,0.0018137961023984017,0.14508,0.14290251238396678,0.14727809464507607
T-together_traverse_best_permutation-W-20-HS-random-D-5-C-5-H-1-RUNS-100000.csv,together_traverse_best_permutation,20,random,5,5,1,100000,1.0,71.0,22.39293,136.6295560151,22.320481666521058,22.46537833347894,0.07244833347894186,0.0,5.0,4.02065,1.8148835774999996,4.012300115718571,4.028999884281428,0.008349884281428466,0.0,0.1775,0.05270740000000001,0.0008093792352399998,0.05253106760734064,0.05288373239265938,0.00017633239265937156,0.0,51.2,15.361614,52.807674115004,15.316573356034777,15.406654643965222,0.04504064396522267,0.0,256.0,76.80807,1320.1918528751,76.58286678017389,77.03327321982611,0.22520321982611335,0.0,1.0,0.44817,0.24731365110000003,0.4450876630261022,0.4512523369738978,0.0030823369738978146,0.44817,0.445084260222906,0.45125874642545666
T-together_traverse_best_permutation-W-20-HS-random-D-5-C-5-H-2-RUNS-100000.csv,together_traverse_best_permutation,20,random,5,5,2,100000,2.0,71.0,27.19188,138.3367620656,27.118980445464242,27.26477955453576,0.07289955453575914,0.0,5.0,4.63732,0.5627032176,4.632670612211557,4.641969387788443,0.004649387788442816,0.0,0.1725,0.063477325,0.0008600035233443751,0.06329556170515531,0.06365908829484469,0.00018176329484469178,0.0,57.0,17.22496,54.6923465984,17.179122666014216,17.270797333985783,0.0458373339857836,0.0,285.0,86.1248,1367.30866496,85.89561333007109,86.3539866699289,0.22918666992890735,0.0,1.0,0.446905,0.14433842097500002,0.44455023785061515,0.44925976214938484,0.002354762149384848,0.24122,0.23857090590264082,0.24388411110334007
T-together_traverse_best_permutation-W-20-HS-random-D-5-C-5-H-3-RUNS-100000.csv,together_traverse_best_permutation,20,random,5,5,3,100000,2.0,74.0,28.88903,151.6510956591,28.812702884956657,28.965357115043346,0.07632711504334466,0.0,5.0,4.81615,0.23868917750000002,4.813121884506358,4.819178115493643,0.00302811549364268,0.0,0.18,0.0671691,0.00095243838019,0.06697781781888168,0.06736038218111831,0.00019128218111831574,0.0,53.8,17.673768,57.310406282176004,17.626846399774344,17.720689600225654,0.04692160022565517,0.0,269.0,88.36884,1432.7601570543998,88.13423199887174,88.60344800112827,0.2346080011282652,0.0,1.0,0.44621666666666665,0.10980290861111112,0.4441628437587205,0.4482704895746128,0.0020538229079461456,0.14759,0.1453968729113129,0.14980358794612758
T-together_traverse_best_permutation-W-20-HS-random-D-5-C-5-H-4-RUNS-100000.csv,together_traverse_best_permutation,20,random,5,5,4,100000,2.0,72.0,29.75547,163.98127507910002,29.67610058105644,29.83483941894356,0.07936941894356053,1.0,5.0,4.88855,0.12390889749999999,4.886368238279197,4.8907317617208035,0.002181761720803088,0.0,0.1725,0.06903392500000001,0.0010272855115943751,0.06883526901541004,0.06923258098458998,0.00019865598458997102,0.0,57.2,17.877762,58.794850271356005,17.830236607123936,17.925287392876065,0.04752539287606439,0.0,286.0,89.38881,1469.8712567839,89.15118303561968,89.62643696438033,0.2376269643803255,0.0,1.0,0.44751,0.0921660499,0.44562833824161774,0.4493916617583823,0.0018816617583822803,0.10034,0.09848441815437488,0.1022187986021425
T-together_traverse_best_permutation-W-20-HS-random-D-5-C-5-H-5-RUNS-100000.csv,together_traverse_best_permutation,20,random,5,5,5,100000,2.0,73.0,30.08839,174.55523720789998,30.00650157595497,30.17027842404503,0.0818884240450295,2.0,5.0,4.92221,0.0762987159,4.920497956931028,4.923922043068972,0.0017120430689718802,0.0,0.1775,0.06975045,0.0010904528497975,0.06954577748919843,0.06995512251080158,0.00020467251080157067,0.0,56.6,17.91532,59.973036497600006,17.867320789901378,17.963319210098625,0.047999210098623735,0.0,283.0,89.5766,1499.3259124400001,89.33660394950688,89.81659605049312,0.23999605049311867,0.0,1.0,0.447438,0.082946036156,0.4456529355964087,0.44922306440359133,0.00178506440359133,0.07555,0.07391935280904621,0.07720531597682181
T-together_traverse_best_permutation-W-20-HS-weighted-D-1-C-5-H-1-RUNS-100000.csv,together_traverse_best_permutation,20,weighted,1,5,1,100000,1.0,73.0,18.51728,113.85278140159998,18.451145527519124,18.583414472480875,0.06613447248087567,0.0,1.0,0.91351,0.07900947990000001,0.911767809373278,0.9152521906267221,0.0017421906267220955,0.0,0.1725,0.04141575000000001,0.0006943664019375001,0.041252425844723356,0.04157907415527666,0.00016332415527665206,0.0,71.0,16.69026,114.1913011324,16.624027281315783,16.756492718684214,0.06623271868421554,0.0,71.0,16.69026,114.1913011324,16.624027281315783,16.756492718684214,0.06623271868421554,0.0,1.0,0.08649,0.07900947990000003,0.08474780937327789,0.0882321906267221,0.0017421906267221093,0.08649,0.08475485173671043,0.0882491754424559
T-together_traverse_best_permutation-W-20-HS-weighted-D-1-C-5-H-2-RUNS-100000.csv,together_traverse_best_permutation,20,weighted,1,5,2,100000,2.0,71.0,19.48027,123.3916707271,19.411420784879912,19.54911921512009,0.06884921512008901,0.0,1.0,0.96414,0.034574060399999995,0.9629875256600139,0.9652924743399861,0.0011524743399861093,0.0,0.17,0.043536225,0.0007614449252493751,0.043365193809135935,0.04370725619086406,0.0001710311908640627,0.0,69.0,17.55199,125.15727703990001,17.48264995417679,17.62133004582321,0.06934004582321052,0.0,69.0,17.55199,125.15727703990001,17.48264995417679,17.62133004582321,0.06934004582321052,0.0,1.0,0.149075,0.070244144375,0.14743228911542233,0.1507177108845777,0.0016427108845776806,0.03586,0.034716024933736496,0.037030996280773124
T-together_traverse_best_permutation-W-20-HS-weighted-D-1-C-5-H-3-RUNS-100000.csv,together_traverse_best_permutation,20,weighted,1,5,3,100000,2.0,68.0,19.72855,129.2132448975,19.658095361998072,19.799004638001925,0.07045463800192664,0.0,1.0,0.97785,0.0216593775,0.9769378231278748,0.9787621768721252,0.0009121768721251922,0.0,0.17,0.044069300000000006,0.0007956889225099999,0.04389446526189815,0.04424413473810186,0.00017483473810185612,0.0,68.0,17.77285,130.9519728775,17.701922917795372,17.843777082204625,0.0709270822046264,0.0,68.0,17.77285,130.9519728775,17.701922917795372,17.843777082204625,0.0709270822046264,0.0,1.0,0.17261666666666664,0.06398237527777778,0.17104888258438009,0.1741844507489532,0.0015677840822865552,0.02215,0.021246719218786972,0.023081141888937257
T-together_traverse_best_permutation-W-20-HS-weighted-D-1-C-5-H-4-RUNS-100000.csv,together_traverse_best_permutation,20,weighted,1,5,4,100000,2.0,71.0,19.82852,132.76453460960002,19.757103738815573,19.89993626118443,0.07141626118442801,0.0,1.0,0.9823,0.017386710000000003,0.9814827314692465,0.9831172685307534,0.0008172685307534788,0.0,0.1725,0.044302749999999995,0.0008174352174374999,0.04412554223687129,0.0444799577631287,0.00017720776312870473,0.0,69.0,17.86392,134.4410622336,17.792054237311735,17.935785762688266,0.07186576268826528,0.0,69.0,17.86392,134.4410622336,17.792054237311735,17.935785762688266,0.07186576268826528,0.0,1.0,0.18568,0.060861687599999985,0.18415092753904808,0.18720907246095195,0.0015290724609519357,0.0177,0.016891757562617,0.0185363864350279
T-together_traverse_best_permutation-W-20-HS-weighted-D-1-C-5-H-5-RUNS-100000.csv,together_traverse_best_permutation,20,weighted,1,5,5,100000,2.0,70.0,19.7937,132.58812031,19.722331202687528,19.865068797312475,0.07136879731247348,0.0,1.0,0.98527,0.014513027099999999,0.9845233190446558,0.9860166809553441,0.0007466809553441367,0.0,0.17,0.04417785,0.0008143788193775,0.044000973837883095,0.0443547261621169,0.00017687616211690266,0.0,68.0,17.82316,134.1496476144,17.751372167724924,17.89494783227508,0.07178783227507779,0.0,68.0,17.82316,134.1496476144,17.751372167724924,17.89494783227508,0.07178783227507779,0.0,1.0,0.1926,0.05757964,0.1911127275131167,0.1940872724868833,0.0014872724868832954,0.01473,0.013992432678307049,0.015495906035610817
T-together_traverse_best_permutation-W-20-HS-weighted-D-10-C-5-H-1-RUNS-100000.csv,together_traverse_best_permutation,20,weighted,10,5,1,100000,1.0,72.0,26.86057,181.52714927510002,26.777062234094352,26.944077765905647,0.08350776590564735,0.0,10.0,9.13809,2.4041011519,9.128479799697645,9.147700200302355,0.009610200302354599,0.0,0.175,0.063491025,0.001055105181949375,0.06328969710657793,0.06369235289342208,0.00020132789342207358,0.0,49.9,16.718293,53.267575266151,16.673056652098953,16.763529347901045,0.045236347901045804,0.0,499.0,167.18293,5326.7575266151,166.73056652098953,167.63529347901047,0.45236347901047225,0.0,1.0,0.41214,0.24228062040000012,0.40908918825338464,0.4151908117466154,0.0030508117466153672,0.41214,0.4090868291789429,0.41519826767551943
T-together_traverse_best_permutation-W-20-HS-weighted-D-10-C-5-H-2-RUNS-100000.csv,together_traverse_best_permutation,20,weighted,10,5,2,100000,2.0,74.0,31.29898,154.1983309596,31.222014533184396,31.375945466815605,0.07696546681560434,1.0,10.0,9.65426,0.5245838524,9.649770856064483,9.658749143935518,0.004489143935517248,0.0,0.1825,0.073622175,0.0009481066607693751,0.07343132829324267,0.07381302170675733,0.00019084670675732773,0.0,50.9,17.589796,49.95779287838399,17.54598756963305,17.63360443036695,0.043808430366951256,0.0,509.0,175.89796,4995.7792878384,175.4598756963305,176.33604430366952,0.43808430366951256,0.0,1.0,0.494195,0.130768801975,0.49195365792511014,0.49643634207488985,0.0022413420748898516,0.2558,0.25309788519125703,0.25851628505047647
T-together_traverse_best_permutation-W-20-HS-weighted-D-10-C-5-H-3-RUNS-100000.csv,together_traverse_best_permutation,20,weighted,10,5,3,100000,2.0,72.0,32.96424,156.4775212224,32.886707810199376,33.04177218980062,0.07753218980062115,3.0,10.0,9.77879,0.24927613589999997,9.775695457701577,9.781884542298425,0.0030945422984238746,0.0,0.18,0.07735399999999999,0.0009832895590000002,0.07715964452233459,0.07754835547766539,0.0001943554776654005,0.0,47.5,17.82656,50.0104541664,17.782728486140034,17.870391513859968,0.043831513859966975,0.0,475.0,178.2656,5001.04541664,177.82728486140033,178.70391513859968,0.43831513859967686,0.0,1.0,0.5270333333333334,0.10240031000000001,0.5250499497826907,0.529016716883976,0.001983383550642648,0.19093,0.18849798421138314,0.19337995507836983
T-together_traverse_best_permutation-W-20-HS-weighted-D-10-C-5-H-4-RUNS-100000.csv,together_traverse_best_permutation,20,weighted,10,5,4,100000,2.0,74.0,33.70509,164.1424580919,33.62568158312837,33.78449841687163,0.07940841687162958,4.0,10.0,9.82294,0.1822097564,9.820294292154854,9.825585707845145,0.0026457078451453953,0.0,0.18,0.079056,0.001038300489,0.07885628181959214,0.07925571818040786,0.00019971818040785683,0.0,49.9,17.898668,50.28927862577601,17.854714468541335,17.942621531458666,0.04395353145866565,0.0,499.0,178.98668,5028.9278625776005,178.54714468541337,179.42621531458664,0.4395353145866352,0.0,1.0,0.544565,0.09114521077499997,0.5426937879817796,0.5464362120182203,0.0018712120182203806,0.16088,0.15860760637949695,0.1631720808159006
T-together_traverse_best_permutation-W-20-HS-weighted-D-10-C-5-H-5-RUNS-100000.csv,together_traverse_best_permutation,20,weighted,10,5,5,100000,2.0,77.0,34.10977,171.0304805471,34.02871257010799,34.190827429892,0.08105742989200593,6.0,10.0,9.84699,0.15091793990000005,9.844582166206068,9.849397833793931,0.002407833793931502,0.0,0.1925,0.079941525,0.0010831218931743752,0.07973754164124693,0.08014550835875307,0.00020398335875307372,0.0,48.4,17.91839,50.2690026079,17.87444533019597,17.962334669804026,0.043944669804027114,0.0,484.0,179.1839,5026.90026079,178.7444533019597,179.62334669804028,0.43944669804028536,0.0,1.0,0.5545439999999999,0.08535455206399999,0.5527332044643055,0.5563547955356943,0.0018107955356944094,0.14278,0.14061703948472803,0.14496370150280075
T-together_traverse_best_permutation-W-20-HS-weighted-D-5-C-5-H-1-RUNS-100000.csv,together_traverse_best_permutation,20,weighted,5,5,1,100000,1.0,72.0,25.44062,162.6684940156,25.361568922422883,25.519671077577115,0.07905107757711605,0.0,5.0,4.56706,0.7651029564000001,4.561638543076528,4.572481456923471,0.005421456923471624,0.0,0.1675,0.059300074999999994,0.0009598281674943751,0.05910805219176497,0.059492097808235014,0.0001920228082350206,0.0,55.2,16.707742,59.68890646143599,16.65985662613049,16.75562737386951,0.04788537386950864,0.0,276.0,83.53871,1492.2226615359,83.29928313065246,83.77813686934753,0.23942686934753965,0.0,1.0,0.27153,0.19780145909999997,0.2687734186293915,0.27428658137060846,0.0027565813706084685,0.27153,0.2687751264993467,0.2742981303602227
T-together_traverse_best_permutation-W-20-HS-weighted-D-5-C-5-H-2-RUNS-100000.csv,together_traverse_best_permutation,20,weighted,5,5,2,100000,2.0,73.0,28.39418,153.9107421276,28.31728633921074,28.47107366078926,0.07689366078925985,0.0,5.0,4.83163,0.20094154309999998,4.828851624517864,4.834408375482135,0.0027783754821353313,0.0,0.1825,0.06591345,0.0009487943590974999,0.06572253409155052,0.06610436590844948,0.00019091590844948214,0.0,54.8,17.54068,58.403926737599996,17.493312867412605,17.58804713258739,0.047367132587393,0.0,274.0,87.7034,1460.0981684399999,87.46656433706303,87.94023566293697,0.23683566293696856,0.0,1.0,0.37067,0.12000875109999998,0.3685228492874841,0.3728171507125159,0.0021471507125159217,0.14414,0.14196842666036086,0.14633223511481358
T-together_traverse_best_permutation-W-20-HS-weighted-D-5-C-5-H-3-RUNS-100000.csv,together_traverse_best_permutation,20,weighted,5,5,3,100000,2.0,74.0,29.47902,162.20391983960002,29.40008188636306,29.557958113636936,0.07893811363693715,1.0,5.0,4.88708,0.1180290736,4.8849506327485805,4.88920936725142,0.002129367251419545,0.0,0.1775,0.06838165,0.0010112355682775,0.06818455198988588,0.06857874801011413,0.00019709801011412453,0.0,57.4,17.83385,59.3671873775,17.786093849921777,17.881606150078227,0.04775615007822509,0.0,287.0,89.16925,1484.1796844374996,88.93046924960888,89.40803075039113,0.238780750391129,0.0,1.0,0.41315,0.09905041083333331,0.41119932817148214,0.4151006718285179,0.0019506718285178803,0.10492,0.10302711338979766,0.1068358357183795
T-together_traverse_best_permutation-W-20-HS-weighted-D-5-C-5-H-4-RUNS-100000.csv,together_traverse_best_permutation,20,weighted,5,5,4,100000,2.0,77.0,29.85233,168.0848435711,29.771973622837837,29.93268637716216,0.08035637716216115,2.0,5.0,4.91227,0.08729344709999999,4.910438753139582,4.914101246860419,0.0018312468604184673,0.0,0.1775,0.06922975,0.0010500043399375,0.06902890934992378,0.06943059065007623,0.00020084065007622276,0.0,55.8,17.893264,59.423177026303996,17.84548533563354,17.941042664366456,0.047778664366457946,0.0,279.0,89.46632,1485.5794256575998,89.22742667816772,89.70521332183228,0.23889332183227907,0.0,1.0,0.4338025,0.08854351599374999,0.4319581877405342,0.4356468122594658,0.0018443122594657968,0.08419,0.0824760762415973,0.08592808570396808
T-together_traverse_best_permutation-W-20-HS-weighted-D-5-C-5-H-5-RUNS-100000.csv,together_traverse_best_permutation,20,weighted,5,5,5,100000,2.0,72.0,30.12298,174.1779559196,30.041180120081947,30.20477987991805,0.08179987991805149,2.0,5.0,4.9233,0.07515711,4.921600813271662,4.924999186728338,0.0016991867283380202,0.0,0.175,0.06983,0.00108806235,0.06962555195467406,0.07003444804532595,0.0002044480453259473,0.0,59.2,17.96762,60.2325691356,17.91951704400026,18.015722955999742,0.04810295599974168,0.0,296.0,89.8381,1505.8142283900002,89.59758522000128,90.07861477999872,0.24051477999871906,0.0,1.0,0.44717199999999996,0.08247800241599999,0.44539197894933424,0.4489520210506657,0.0017800210506657144,0.07457,0.07294917705485982,0.07621554928664195
T-traverse_ordered_qa-W-20-HS-greedy-D-1-C-5-H-1-RUNS-100000.csv,traverse_ordered_qa,20,greedy,1,5,1,100000,1.0,40.0,20.10669,70.2140872439,20.054754035817542,20.15862596418246,0.051935964182458605,0.0,1.0,0.90782,0.08368284760000003,0.9060270247426688,0.9096129752573311,0.0017929752573311308,0.0,0.0975,0.04572762500000001,0.000440385749359375,0.045597556329877685,0.04585769367012233,0.00013006867012232276,0.0,39.0,18.29105,70.4617198975,18.23902253195107,18.34307746804893,0.0520274680489301,0.0,39.0,18.29105,70.4617198975,18.23902253195107,18.34307746804893,0.0520274680489301,0.0,1.0,0.09218,0.08368284760000003,0.09038702474266888,0.09397297525733112,0.001792975257331117,0.09218,0.09039390341722246,0.09398979060317524
T-traverse_ordered_qa-W-20-HS-greedy-D-1-C-5-H-2-RUNS-100000.csv,traverse_ordered_qa,20,greedy,1,5,2,100000,2.0,74.0,23.68878,120.0328021116,23.620874329206472,23.75668567079353,0.06790567079352883,0.0,1.0,0.94603,0.051057239100000006,0.9446294947707111,0.947430505229289,0.0014005052292889175,0.0,0.18,0.05435075000000001,0.0007567322244375,0.05418024889990388,0.05452125110009614,0.0001705011000961293,0.0,72.0,21.79672,122.0384572416,21.728249353928906,21.865190646071095,0.06847064607109488,0.0,72.0,21.79672,122.0384572416,21.728249353928906,21.865190646071095,0.06847064607109488,0.0,1.0,0.192425,0.08617011937499999,0.19060557390754393,0.1942444260924561,0.0018194260924560834,0.05397,0.05257747252253493,0.055388468154032235
T-traverse_ordered_qa-W-20-HS-greedy-D-1-C-5-H-3-RUNS-100000.csv,traverse_ordered_qa,20,greedy,1,5,3,100000,2.0,95.0,26.90335,188.3840887775,26.818279657609267,26.988420342390732,0.08507034239073263,0.0,1.0,0.96537,0.033430763100000004,0.9642367408966835,0.9665032591033164,0.0011332591033164086,0.0,0.2275,0.062045550000000005,0.0011611182251975,0.06183434981595845,0.06225675018404156,0.0002112001840415545,0.0,93.0,24.97261,191.02671978789996,24.886945056952264,25.058274943047735,0.08566494304773542,0.0,93.0,24.97261,191.02671978789996,24.886945056952264,25.058274943047735,0.08566494304773542,0.0,1.0,0.20688666666666664,0.07672679604444443,0.2051698275370906,0.20860350579624268,0.0017168391295760421,0.03463,0.03350527565514893,0.03578181978401353
T-traverse_ordered_qa-W-20-HS-greedy-D-1-C-5-H-4-RUNS-100000.csv,traverse_ordered_qa,20,greedy,1,5,4,100000,2.0,125.0,29.01695,266.1991026975,28.915824806654193,29.11807519334581,0.10112519334580838,0.0,1.0,0.97959,0.0199934319,0.978713605294476,0.9804663947055239,0.0008763947055239196,0.0,0.305,0.06689790000000001,0.00159562997559,0.06665031623408983,0.06714548376591019,0.00024758376591017817,0.0,123.0,27.05777,268.6513726271,26.95618008351789,27.159359916482114,0.10158991648211213,0.0,123.0,27.05777,268.6513726271,26.95618008351789,27.159359916482114,0.10158991648211213,0.0,1.0,0.199235,0.06505166477499999,0.1976541695998633,0.2008158304001367,0.0015808304001367068,0.02041,0.01954255209570362,0.021305418657283522
T-traverse_ordered_qa-W-20-HS-greedy-D-1-C-5-H-5-RUNS-100000.csv,traverse_ordered_qa,20,greedy,1,5,5,100000,2.0,128.0,30.51882,329.7669058076,30.40626634411311,30.631373655886893,0.11255365588689159,0.0,1.0,0.98681,0.013016023900000003,0.986102876549574,0.987517123450426,0.000707123450426006,0.0,0.3125,0.07032872500000001,0.0019359150023743749,0.07005601616125214,0.07060143383874788,0.0002727088387478732,0.0,127.0,28.5452,331.94019696000004,28.43227606716725,28.65812393283275,0.11292393283275004,0.0,127.0,28.5452,331.94019696000004,28.43227606716725,28.65812393283275,0.11292393283275004,0.0,1.0,0.19328599999999999,0.057492922204000006,0.19179984788820628,0.1947721521117937,0.0014861521117937038,0.01319,0.012492035968891759,0.013916406578238765
T-traverse_ordered_qa-W-20-HS-greedy-D-10-C-5-H-1-RUNS-100000.csv,traverse_ordered_qa,20,greedy,10,5,1,100000,1.0,138.0,47.0173,493.7283007099999,46.879579027014486,47.15502097298551,0.13772097298551245,0.0,10.0,8.24493,7.459139295099999,8.228002203475922,8.261857796524078,0.01692779652407772,0.0,0.405,0.19378309999999999,0.00471625090439,0.1933574481531309,0.19420875184686906,0.000425651846869074,0.0,63.2,25.269318,71.350523614876,25.216963423168654,25.321672576831343,0.0523545768313447,0.0,632.0,252.69318,7135.052361487601,252.1696342316866,253.21672576831344,0.5235457683134257,0.0,1.0,0.39223,0.23838562710000002,0.38920381060561743,0.3952561893943826,0.0030261893943825946,0.39223,0.38920202801020337,0.39526422395553246
T-traverse_ordered_qa-W-20-HS-greedy-D-10-C-5-H-2-RUNS-100000.csv,traverse_ordered_qa,20,greedy,10,5,2,100000,2.0,281.0,59.19038,1013.8104954556001,58.993031212333534,59.38772878766646,0.19734878766646347,0.0,10.0,8.76465,4.7596603775,8.751127902786104,8.778172097213895,0.013522097213895634,0.0,0.4275,0.219967375,0.004958270998109375,0.21953093836237275,0.22040381163762723,0.00043643663762724105,0.0,78.0,27.493848000000003,79.79286735289601,27.438482642670454,27.549213357329553,0.05536535732954917,0.0,780.0,274.93848,7979.2867352896,274.38482642670454,275.4921335732955,0.5536535732954917,0.0,1.0,0.61457,0.08076871510000001,0.6128085202359148,0.6163314797640851,0.0017614797640851387,0.30236,0.29951416799483577,0.30521729909921597
T-traverse_ordered_qa-W-20-HS-greedy-D-10-C-5-H-3-RUNS-100000.csv,traverse_ordered_qa,20,greedy,10,5,3,100000,2.0,267.0,59.27122,801.7903397115999,59.09571621744714,59.44672378255286,0.17550378255285892,0.0,10.0,9.19046,2.5810049884,9.180502495913414,9.200417504086586,0.0099575040865858,0.0,0.4075,0.20484290000000002,0.00390858519459,0.20445540521444108,0.20523039478555896,0.00038749478555893946,0.0,84.3,28.71184,81.85339141440001,28.655764337858784,28.767915662141213,0.05607566214121462,0.0,843.0,287.1184,8185.33914144,286.55764337858784,287.6791566214122,0.5607566214121675,0.0,1.0,0.6752466666666667,0.06388193915555555,0.6736801135795994,0.6768132197537339,0.0015665530870672129,0.26581,0.26307379417413823,0.26855979480554665
T-traverse_ordered_qa-W-20-HS-greedy-D-10-C-5-H-4-RUNS-100000.csv,traverse_ordered_qa,20,greedy,10,5,4,100000,2.0,204.0,57.27702,483.8130199196,57.1406889288048,57.4133510711952,0.13633107119520105,1.0,10.0,9.60468,0.9311220976,9.598699198506772,9.610660801493228,0.005980801493228327,0.0,0.385,0.17398117500000002,0.0033881229331193747,0.17362040065141254,0.1743419493485875,0.0003607743485874726,0.0,78.9,29.214962999999997,105.031695808631,29.151442155970777,29.278483844029218,0.06352084402922031,0.0,789.0,292.14963,10503.169580863101,291.5144215597078,292.7848384402922,0.6352084402922173,0.0,1.0,0.648815,0.06904534577499999,0.6471863668297335,0.6504436331702665,0.0016286331702665136,0.20236,0.19987357545982845,0.20486369938368
T-traverse_ordered_qa-W-20-HS-greedy-D-10-C-5-H-5-RUNS-100000.csv,traverse_ordered_qa,20,greedy,10,5,5,100000,2.0,148.0,53.121,478.604139,52.985404806118275,53.25659519388173,0.13559519388172703,6.0,10.0,9.86946,0.1311193084,9.867215656142323,9.871704343857678,0.0022443438576775776,0.0,0.335,0.123904275,0.002744129199224375,0.12357959289806426,0.12422895710193572,0.00032468210193573044,0.0,95.2,29.712792999999998,143.601398039151,29.63851924079076,29.787066759209235,0.07427375920923751,0.0,952.0,297.12793,14360.1398039151,296.3851924079076,297.8706675920924,0.7427375920923964,0.0,1.0,0.54415,0.08152597750000001,0.5423802819570226,0.5459197180429775,0.0017697180429774306,0.1221,0.12007676351325677,0.12414518277911166
T-traverse_ordered_qa-W-20-HS-greedy-D-5-C-5-H-1-RUNS-100000.csv,traverse_ordered_qa,20,greedy,5,5,1,100000,1.0,132.0,46.08794,385.59526655639996,45.96623121740799,46.20964878259202,0.12170878259201601,0.0,5.0,4.412,1.627116,4.404093844913234,4.419906155086766,0.007906155086765843,0.0,0.4,0.187085825,0.004228147521569375,0.1866828007883345,0.18748884921166553,0.00040302421166552027,0.0,68.4,26.487832,81.29692873977599,26.431947272082017,26.543716727917985,0.05588472791798438,0.0,342.0,132.43916,2032.4232184944,132.15973636041005,132.71858363958992,0.2794236395899361,0.0,1.0,0.2216,0.17249343999999997,0.21902579954334553,0.22417420045665445,0.002574200456654463,0.2216,0.21902894902202313,0.22418720774406084
T-traverse_ordered_qa-W-20-HS-greedy-D-5-C-5-H-2-RUNS-100000.csv,traverse_ordered_qa,20,greedy,5,5,2,100000,2.0,285.0,42.59653,535.5030019591,42.4531009815858,42.739959018414204,0.14342901841420286,0.0,5.0,4.58779,0.8785129158999999,4.581980615163616,4.593599384836384,0.005809384836384268,0.0,0.41,0.1522958,0.00391330892736,0.15190807113113225,0.15268352886886777,0.00038772886886775937,0.0,80.0,24.391064,73.216868947904,24.338029113015086,24.444098886984914,0.05303488698491421,0.0,400.0,121.95532,1830.4217236975999,121.69014556507543,122.22049443492457,0.2651744349245746,0.0,1.0,0.456465,0.11796220377500001,0.4543362360346388,0.4585937639653612,0.0021287639653612134,0.19618,0.19372259254664362,0.19865504152790803
T-traverse_ordered_qa-W-20-HS-greedy-D-5-C-5-H-3-RUNS-100000.csv,traverse_ordered_qa,20,greedy,5,5,3,100000,2.0,191.0,40.35802,268.1428416796,40.25652627898258,40.45951372101743,0.10149372101742671,0.0,5.0,4.79811,0.41735042790000004,4.794105885361506,4.802114114638495,0.0040041146384943715,0.0,0.3825,0.134280075,0.004115298645494376,0.13388246550216915,0.13467768449783085,0.0003976094978308531,0.0,66.4,25.174618,81.01589055407601,25.11882995063882,25.23040604936118,0.05578804936117976,0.0,332.0,125.87309,2025.3972638519,125.5941497531941,126.15203024680591,0.27894024680590235,0.0,1.0,0.43980333333333327,0.10135191687777777,0.43783012902592444,0.4417765376407421,0.001973204307408827,0.11587,0.11389238893645723,0.11786992082012973
T-traverse_ordered_qa-W-20-HS-greedy-D-5-C-5-H-4-RUNS-100000.csv,traverse_ordered_qa,20,greedy,5,5,4,100000,2.0,209.0,50.01659,470.83837477189996,49.88209937948973,50.15108062051027,0.13449062051027028,0.0,5.0,4.86463,0.23568496310000003,4.861621001239207,4.867638998760793,0.003008998760792636,0.0,0.3775,0.148581675,0.003447233166694375,0.14821776716918053,0.14894558283081946,0.00036390783081946543,0.0,94.8,28.637828000000003,123.667998642416,28.56890173624048,28.706754263759525,0.06892626375952204,0.0,474.0,143.18914,3091.6999660604,142.8445086812024,143.53377131879762,0.3446313187976102,0.0,1.0,0.505265,0.079923529775,0.5035127607698043,0.5070172392301956,0.001752239230195629,0.08981,0.08804486226480644,0.09159897048370186
T-traverse_ordered_qa-W-20-HS-greedy-D-5-C-5-H-5-RUNS-100000.csv,traverse_ordered_qa,20,greedy,5,5,5,100000,2.0,146.0,46.03624,462.5665066624,45.90293600561145,46.16954399438855,0.13330399438854812,2.0,5.0,4.93468,0.06481329759999999,4.9331020685564315,4.936257931443569,0.0015779314435686587,0.0,0.3325,0.1073693,0.00265932491751,0.10704967424066408,0.10768892575933592,0.0003196257593359175,0.0,106.2,28.898275999999996,162.687875427824,28.819220213226128,28.977331786773863,0.07905578677386771,0.0,531.0,144.49138,4067.1968856956,144.09610106613064,144.88665893386934,0.3952789338693492,0.0,1.0,0.43944799999999995,0.079033455296,0.43770554505979314,0.44119045494020676,0.0017424549402068057,0.06346,0.061956688043125534,0.06498869198031748
T-traverse_ordered_qa-W-20-HS-random-D-1-C-5-H-1-RUNS-100000.csv,traverse_ordered_qa,20,random,1,5,1,100000,1.0,123.0,21.34799,117.06251295990002,21.280929777081585,21.415050222918413,0.06706022291841407,0.0,1.0,0.93347,0.06210375909999999,0.9319254036094871,0.935014596390513,0.0015445963905129645,0.0,0.2975,0.048573525000000006,0.0007190956065743749,0.04840731796999778,0.04873973203000223,0.00016620703000222448,0.0,123.0,19.48105,118.4209208975,19.41360181175748,19.54849818824252,0.06744818824251908,0.0,123.0,19.48105,118.4209208975,19.41360181175748,19.54849818824252,0.06744818824251908,0.0,1.0,0.06653,0.06210375910000001,0.06498540360948707,0.06807459639051294,0.0015445963905129367,0.06653,0.0649930200763469,0.06809217907314556
T-traverse_ordered_qa-W-20-HS-random-D-1-C-5-H-2-RUNS-100000.csv,traverse_ordered_qa,20,random,1,5,2,100000,2.0,164.0,24.94495,160.2279794975,24.866494164905497,25.0234058350945,0.07845583509450194,0.0,1.0,0.98217,0.017512091100000005,0.9813497899709845,0.9829902100290154,0.0008202100290154446,0.0,0.3125,0.056958525,0.000939712992324375,0.056768524962333866,0.05714852503766614,0.00019000003766613677,0.0,162.0,22.98061,161.0909140279,22.901943180099256,23.05927681990074,0.07866681990074298,0.0,162.0,22.98061,161.0909140279,22.901943180099256,23.05927681990074,0.07866681990074298,0.0,1.0,0.10442,0.05022146360000001,0.10303100477118976,0.10580899522881024,0.0013889952288102386,0.01783,0.017018812249993784,0.018669323354599948
T-traverse_ordered_qa-W-20-HS-random-D-1-C-5-H-3-RUNS-100000.csv,traverse_ordered_qa,20,random,1,5,3,100000,2.0,165.0,27.36945,232.80605669749997,27.27488003926145,27.46401996073855,0.09456996073854995,0.0,1.0,0.9903,0.009605910000000002,0.9896925293105342,0.9909074706894657,0.0006074706894657611,0.0,0.3175,0.062604425,0.001324864282919375,0.06237882361194437,0.06283002638805564,0.00022560138805563512,0.0,165.0,25.38885,233.6815456775,25.294102386527435,25.48359761347257,0.09474761347256688,0.0,165.0,25.38885,233.6815456775,25.294102386527435,25.48359761347257,0.09474761347256688,0.0,1.0,0.14043333333333333,0.04876959,0.13906456287433006,0.1418021037923366,0.0013687704590032712,0.0097,0.009101794200209453,0.010326895566116448
T-traverse_ordered_qa-W-20-HS-random-D-1-C-5-H-4-RUNS-100000.csv,traverse_ordered_qa,20,random,1,5,4,100000,2.0,164.0,29.25545,287.08937529750006,29.150431785192144,29.360468214807856,0.10501821480785622,0.0,1.0,0.98971,0.010184115899999999,0.989084513791987,0.9903354862080129,0.0006254862080129486,0.0,0.3225,0.06711502500000001,0.0016457583567493748,0.06686358225694926,0.06736646774305076,0.00025144274305075043,0.0,162.0,27.27603,288.5757974391,27.170740267193707,27.38131973280629,0.10528973280629117,0.0,162.0,27.27603,288.5757974391,27.170740267193707,27.38131973280629,0.10528973280629117,0.0,1.0,0.1700725,0.052128469743749996,0.16865737905334,0.17148762094665998,0.0014151209466599923,0.01029,0.00967376062190565,0.010934885785011604
T-traverse_ordered_qa-W-20-HS-random-D-1-C-5-H-5-RUNS-100000.csv,traverse_ordered_qa,20,random,1,5,5,100000,2.0,136.0,30.72332,330.6215681776,30.610620584903423,30.83601941509658,0.11269941509657855,0.0,1.0,0.98727,0.0125679471,0.9865751545094097,0.9879648454905903,0.0006948454905902901,0.0,0.3,0.0708848,0.0019448812539600002,0.07061146036099364,0.07115813963900636,0.00027333963900635916,0.0,134.0,28.74878,332.7328485116,28.635721320065986,28.861838679934014,0.11305867993401364,0.0,134.0,28.74878,332.7328485116,28.635721320065986,28.861838679934014,0.11305867993401364,0.0,1.0,0.19264800000000004,0.056757948096,0.19117137772803747,0.19412462227196262,0.0014766222719625743,0.01273,0.012044327675436511,0.013444146387138372
T-traverse_ordered_qa-W-20-HS-random-D-10-C-5-H-1-RUNS-100000.csv,traverse_ordered_qa,20,random,10,5,1,100000,1.0,149.0,28.04027,317.55464832710004,27.929820104707456,28.150719895292543,0.11044989529254323,0.0,10.0,5.1142,10.95951836,5.0936812072158775,5.134718792784123,0.02051879278412283,0.0,0.39,0.14458065,0.0048729606455775,0.14414798424429418,0.14501331575570583,0.00043266575570583,0.0,57.5,19.293531,61.09759505203901,19.245083861678744,19.34197813832126,0.04844713832125791,0.0,575.0,192.93531,6109.7595052039005,192.4508386167874,193.41978138321258,0.4844713832125933,0.0,1.0,0.81221,0.15252491589999997,0.8097893808293715,0.8146306191706285,0.002420619170628524,0.81221,0.8097753837823183,0.8146264943603359
T-traverse_ordered_qa-W-20-HS-random-D-10-C-5-H-2-RUNS-100000.csv,traverse_ordered_qa,20,random,10,5,2,100000,2.0,273.0,43.35681,717.3515166238999,43.190804651102376,43.52281534889763,0.1660053488976274,0.0,10.0,7.12854,8.1046374684,7.1108949510347506,7.14618504896525,0.017645048965249543,0.0,0.42,0.19084767500000002,0.004659882884594375,0.19042457446715402,0.19127077553284602,0.00042310053284599913,0.0,86.8,24.409,64.9090022,24.35906459944573,24.458935400554267,0.04993540055426848,0.0,868.0,244.09,6490.90022,243.59064599445733,244.58935400554267,0.4993540055426706,0.0,1.0,0.79328,0.0812918416,0.7915128250265168,0.7950471749734832,0.001767174973483221,0.62789,0.6248854375747861,0.630887143092048
T-traverse_ordered_qa-W-20-HS-random-D-10-C-5-H-3-RUNS-100000.csv,traverse_ordered_qa,20,random,10,5,3,100000,2.0,295.0,52.03853,645.6926054391,51.881034199641554,52.19602580035845,0.157495800358447,0.0,10.0,8.61785,4.1386913775,8.605240798282285,8.630459201717716,0.012609201717715735,0.0,0.4175,0.19343335000000003,0.0037612017327774997,0.19305323116888748,0.19381346883111258,0.0003801188311125525,0.0,77.2,26.718455,71.86099791297501,26.665913472654243,26.770996527345755,0.05254152734575612,0.0,772.0,267.18455,7186.0997912975,266.65913472654245,267.70996527345756,0.5254152734575541,0.0,1.0,0.7459966666666665,0.06821230665555555,0.7443778881232951,0.747615445210038,0.0016187785433714463,0.42509,0.42202321163442835,0.42816113393591326
T-traverse_ordered_qa-W-20-HS-random-D-10-C-5-H-4-RUNS-100000.csv,traverse_ordered_qa,20,random,10,5,4,100000,2.0,215.0,55.0843,456.43317350999996,54.95188271716441,55.21671728283559,0.13241728283558984,0.0,10.0,9.48894,1.2877376764000001,9.481906527843476,9.495973472156523,0.0070334721565235014,0.0,0.3925,0.169175575,0.003268218260919375,0.1688212420030727,0.1695299079969273,0.00035433299692730347,0.0,84.9,28.183025999999995,101.79081448332398,28.120492841362427,28.245559158637562,0.06253315863756725,0.0,849.0,281.83026,10179.081448332401,281.2049284136243,282.4555915863757,0.6253315863756939,0.0,1.0,0.667235,0.07190745477499999,0.6655729540371469,0.6688970459628532,0.0016620459628531314,0.24622,0.2435522618813711,0.2489024647203739
T-traverse_ordered_qa-W-20-HS-random-D-10-C-5-H-5-RUNS-100000.csv,traverse_ordered_qa,20,random,10,5,5,100000,2.0,149.0,52.904,488.030144,52.76707605756515,53.04092394243486,0.13692394243485495,6.0,10.0,9.86886,0.1312623004,9.866614432692577,9.871105567307422,0.0022455673074226468,0.0,0.34,0.123494175,0.0027978950535693754,0.12316632757149411,0.12382202242850589,0.00032784742850588966,0.0,95.7,29.419106,148.69608976076398,29.3435261813693,29.4946858186307,0.0755798186307004,0.0,957.0,294.19106,14869.6089760764,293.435261813693,294.946858186307,0.755798186307004,0.0,1.0,0.544984,0.081698039744,0.5432124154282661,0.5467555845717339,0.0017715845717338752,0.12281,0.12078167478989135,0.12486023009218272
T-traverse_ordered_qa-W-20-HS-random-D-5-C-5-H-1-RUNS-100000.csv,traverse_ordered_qa,20,random,5,5,1,100000,1.0,136.0,30.88925,314.57074443749997,30.779320250985865,30.999179749014136,0.10992974901413533,0.0,5.0,2.92978,3.5046691516,2.9181767517423842,2.941383248257616,0.011603248257615828,0.0,0.3775,0.14716747500000002,0.0046026473646243755,0.14674698088451277,0.14758796911548727,0.00042049411548725213,0.0,75.8,20.729892,69.980368868336,20.678042546285944,20.781741453714055,0.05184945371405547,0.0,379.0,103.64946,1749.5092217084002,103.39021273142973,103.90870726857028,0.25924726857027736,0.0,1.0,0.64786,0.22813742039999999,0.6448995731486682,0.6508204268513318,0.002960426851331799,0.64786,0.644890372637826,0.6508210492744794
T-traverse_ordered_qa-W-20-HS-random-D-5-C-5-H-2-RUNS-100000.csv,traverse_ordered_qa,20,random,5,5,2,100000,2.0,263.0,39.59841,413.58049547189995,39.472361960292716,39.72445803970729,0.1260480397072854,0.0,5.0,4.34828,1.5209410416,4.340636148153313,4.355923851846687,0.007643851846687255,0.0,0.4025,0.144604625,0.0034853837411093747,0.14423870902358127,0.1449705409764187,0.0003659159764187181,0.0,72.8,23.405288,64.419433637056,23.355541271840238,23.45503472815976,0.04974672815976078,0.0,364.0,117.02644,1610.4858409263998,116.77770635920119,117.2751736407988,0.2487336407988039,0.0,1.0,0.49719,0.1423721039,0.4948513322716935,0.49952866772830656,0.0023386677283065427,0.28195,0.27916259339108646,0.28475005850249074
T-traverse_ordered_qa-W-20-HS-random-D-5-C-5-H-3-RUNS-100000.csv,traverse_ordered_qa,20,random,5,5,3,100000,2.0,193.0,40.32554,293.0162437084,40.219443289314405,40.43163671068559,0.10609671068559123,0.0,5.0,4.70046,0.7234357883999999,4.695188234712434,4.705731765287565,0.005271765287565344,0.0,0.39,0.13512415,0.0040326063367775,0.1347305555322624,0.1355177444677376,0.00039359446773759577,0.0,69.2,25.2046,81.00657884,25.14881515678325,25.260384843216748,0.055784843216748925,0.0,346.0,126.023,2025.164471,125.74407578391624,126.30192421608375,0.27892421608375173,0.0,1.0,0.4516433333333333,0.10773718834444444,0.4496089214213941,0.4536777452452725,0.0020344119119392046,0.14078,0.13862982722186298,0.14295103026530337
T-traverse_ordered_qa-W-20-HS-random-D-5-C-5-H-4-RUNS-100000.csv,traverse_ordered_qa,20,random,5,5,4,100000,2.0,236.0,48.68971,434.31943011590005,48.560540285177474,48.81887971482252,0.12916971482252393,0.0,5.0,4.80659,0.3506625718999999,4.80291970663814,4.81026029336186,0.0036702933618597555,0.0,0.3875,0.146187225,0.0033400111842993747,0.14582902132936548,0.14654542867063453,0.0003582036706345215,0.0,102.6,28.112881999999995,118.07857805407599,28.045531375247695,28.180232624752296,0.0673506247523008,0.0,513.0,140.56441,2951.9644513519,140.2276568762385,140.9011631237615,0.3367531237614969,0.0,1.0,0.526435,0.08550619077499999,0.5246225966715953,0.5282474033284047,0.0018124033284047103,0.12303,0.12100010249307214,0.12508178955797347
T-traverse_ordered_qa-W-20-HS-random-D-5-C-5-H-5-RUNS-100000.csv,traverse_ordered_qa,20,random,5,5,5,100000,2.0,139.0,46.55376,470.8236898624,46.419271476810266,46.68824852318973,0.1344885231897308,2.0,5.0,4.93367,0.0658903311,4.932079011954936,4.935260988045065,0.001590988045064634,0.0,0.33,0.108395625,0.002709892418359375,0.10807297468287061,0.10871827531712938,0.00032265031712938597,0.0,104.0,29.325357999999998,170.097284971836,29.244522009875066,29.40619399012493,0.08083599012493181,0.0,520.0,146.62679,4252.4321242958995,146.22261004937533,147.03096995062467,0.40417995062466616,0.0,1.0,0.43825200000000003,0.07956878449600001,0.43650365380281875,0.4400003461971813,0.001748346197181283,0.06439,0.06287638556162563,0.06592893964715271
T-traverse_ordered_qa-W-20-HS-weighted-D-1-C-5-H-1-RUNS-100000.csv,traverse_ordered_qa,20,weighted,1,5,1,100000,1.0,117.0,20.41304,81.48431795840001,20.357090902074386,20.46898909792561,0.055949097925612534,0.0,1.0,0.9121,0.08017358999999999,0.9103450217569896,0.9138549782430104,0.0017549782430104077,0.0,0.2825,0.04644115,0.0005070979616775,0.04630157681025425,0.04658072318974575,0.00013957318974575084,0.0,117.0,18.58884,81.9117074544,18.532744366002618,18.644935633997385,0.05609563399738349,0.0,117.0,18.58884,81.9117074544,18.532744366002618,18.644935633997385,0.05609563399738349,0.0,1.0,0.0879,0.08017359,0.08614502175698957,0.08965497824301044,0.0017549782430104355,0.0879,0.08615202355951689,0.08967192103125791
T-traverse_ordered_qa-W-20-HS-weighted-D-1-C-5-H-2-RUNS-100000.csv,traverse_ordered_qa,20,weighted,1,5,2,100000,2.0,135.0,24.72099,151.2905434199,24.64475367325206,24.797226326747943,0.07623632674794223,0.0,1.0,0.97501,0.024365499900000004,0.9740425161271844,0.9759774838728157,0.0009674838728156443,0.0,0.26,0.056541025,0.0009042784294493749,0.05635464163125234,0.056727408368747664,0.00018638336874766265,0.0,133.0,22.77097,152.5465752591,22.69441786590072,22.847522134099275,0.07655213409927697,0.0,133.0,22.77097,152.5465752591,22.69441786590072,22.847522134099275,0.07655213409927697,0.0,1.0,0.100435,0.052625310774999996,0.0990131512250832,0.1018568487749168,0.0014218487749168007,0.02499,0.024031329691736367,0.025976354462648545
T-traverse_ordered_qa-W-20-HS-weighted-D-1-C-5-H-3-RUNS-100000.csv,traverse_ordered_qa,20,weighted,1,5,3,100000,2.0,208.0,27.56275,233.00400243750002,27.46813984326385,27.657360156736154,0.09461015673615236,0.0,1.0,0.98795,0.011904797500000005,0.9872737347408302,0.9886262652591697,0.0006762652591697504,0.0,0.2925,0.063176725,0.001338855730774375,0.06294993549020418,0.06340351450979582,0.0002267895097958217,0.0,206.0,25.58685,234.1257370775,25.49201237921811,25.681687620781886,0.09483762078188818,0.0,206.0,25.58685,234.1257370775,25.49201237921811,25.681687620781886,0.09483762078188818,0.0,1.0,0.13328666666666666,0.0479057756,0.13193007230008186,0.13464326103325147,0.0013565943665848068,0.01205,0.011382928299235833,0.012745592849585544
T-traverse_ordered_qa-W-20-HS-weighted-D-1-C-5-H-4-RUNS-100000.csv,traverse_ordered_qa,20,weighted,1,5,4,100000,2.0,152.0,29.57727,288.1040493471,29.47206636337218,29.68247363662782,0.10520363662782017,0.0,1.0,0.98874,0.011133212399999998,0.9880860172115732,0.9893939827884267,0.0006539827884267657,0.0,0.3675,0.0678222,0.0016493771871599998,0.06757048096213845,0.06807391903786154,0.0002517190378615447,0.0,151.0,27.59979,289.75486195589997,27.494285389783677,27.70529461021632,0.10550461021632174,0.0,151.0,27.59979,289.75486195589997,27.494285389783677,27.70529461021632,0.10550461021632174,0.0,1.0,0.16528,0.0511487716,0.16387823995998402,0.166681760040016,0.0014017600400159924,0.01126,0.010615234583844512,0.011933342118954327
T-traverse_ordered_qa-W-20-HS-weighted-D-1-C-5-H-5-RUNS-100000.csv,traverse_ordered_qa,20,weighted,1,5,5,100000,2.0,133.0,30.80314,329.37734614040005,30.690652844602905,30.915627155397093,0.11248715539709409,0.0,1.0,0.9875,0.012343749999999997,0.9868113800031948,0.9881886199968053,0.0006886199968052509,0.0,0.325,0.07110235000000001,0.0019355730744775,0.0708296652456973,0.07137503475430272,0.0002726847543027128,0.0,133.0,28.82814,331.4373241404,28.715301636647027,28.940978363352976,0.11283836335297437,0.0,133.0,28.82814,331.4373241404,28.715301636647027,28.940978363352976,0.11283836335297437,0.0,1.0,0.19321800000000003,0.05697680447600001,0.1917385335689006,0.19469746643109945,0.0014794664310994188,0.0125,0.011820560056587917,0.01320792986289895
T-traverse_ordered_qa-W-20-HS-weighted-D-10-C-5-H-1-RUNS-100000.csv,traverse_ordered_qa,20,weighted,10,5,1,100000,1.0,145.0,42.04976,516.2977439424001,41.90892643109226,42.19059356890774,0.14083356890773757,0.0,10.0,7.41814,10.283718940400002,7.398263900110575,7.438016099889425,0.019876099889424736,0.0,0.4,0.181297875,0.005213997332984375,0.1808503250904436,0.1817454249095564,0.00044754990955639395,0.0,64.0,23.711027,75.07491430527101,23.65732338831558,23.764730611684424,0.053703611684422725,0.0,640.0,237.11027,7507.4914305270995,236.57323388315578,237.64730611684425,0.5370361168442344,0.0,1.0,0.50234,0.24999452439999997,0.49924100183134124,0.5054389981686588,0.003098998168658773,0.50234,0.4992360285579327,0.5054438357007125
T-traverse_ordered_qa-W-20-HS-weighted-D-10-C-5-H-2-RUNS-100000.csv,traverse_ordered_qa,20,weighted,10,5,2,100000,2.0,285.0,56.65618,1001.1892878076,56.460063484427195,56.8522965155728,0.19611651557280396,0.0,10.0,8.49051,5.696329939900001,8.475717089165036,8.505302910834965,0.014792910834964701,0.0,0.4325,0.216529525,0.005013111740774375,0.21609068140527224,0.21696836859472776,0.00043884359472776135,0.0,81.4,27.03928,79.3446266816,26.98407037059896,27.094489629401043,0.05520962940104113,0.0,814.0,270.3928,7934.46266816,269.8407037059896,270.94489629401045,0.5520962940104255,0.0,1.0,0.64853,0.08208383909999999,0.6467542374137105,0.6503057625862896,0.001775762586289531,0.35682,0.3538499910459765,0.35979831547674085
T-traverse_ordered_qa-W-20-HS-weighted-D-10-C-5-H-3-RUNS-100000.csv,traverse_ordered_qa,20,weighted,10,5,3,100000,2.0,304.0,58.37311,794.1813789278999,58.19844096481375,58.547779035186245,0.17466903518624832,0.0,10.0,9.10575,2.8470069375,9.095291959145662,9.116208040854339,0.010458040854338435,0.0,0.4075,0.20245552500000003,0.003912848709474375,0.20206781893089204,0.202843231069108,0.0003877060691079848,0.0,79.0,28.363756000000002,81.341449572464,28.307855972032428,28.419656027967577,0.05590002796757432,0.0,790.0,283.63756,8134.1449572464,283.0785597203242,284.1965602796758,0.5590002796757858,0.0,1.0,0.6876466666666667,0.06432650626666668,0.6860746720532089,0.6892186612801245,0.0015719946134578056,0.2895,0.286690178647721,0.29232203494441816
T-traverse_ordered_qa-W-20-HS-weighted-D-10-C-5-H-4-RUNS-100000.csv,traverse_ordered_qa,20,weighted,10,5,4,100000,2.0,206.0,56.15851,473.6065045799,56.023624613541934,56.293395386458066,0.13488538645806614,0.0,10.0,9.60379,0.9419676359,9.597774467712602,9.609805532287398,0.006015532287397818,0.0,0.4,0.17037405,0.0033640848365975,0.1700145577426665,0.1707335422573335,0.00035949225733350465,0.0,78.0,28.377025999999997,97.18480199532401,28.31592402496275,28.438127975037244,0.06110197503724635,0.0,780.0,283.77026,9718.4801995324,283.15924024962754,284.38127975037247,0.6110197503724635,0.0,1.0,0.6482925,0.06955120944375,0.6466579115924824,0.6499270884075177,0.0016345884075176231,0.20269,0.2002020519520887,0.20519520371096608
T-traverse_ordered_qa-W-20-HS-weighted-D-10-C-5-H-5-RUNS-100000.csv,traverse_ordered_qa,20,weighted,10,5,5,100000,2.0,148.0,52.25121,473.28684353589995,52.11637014171887,52.38604985828113,0.13483985828113276,6.0,10.0,9.86868,0.1306550576,9.866439632911158,9.870920367088841,0.002240367088841566,0.0,0.365,0.121810375,0.0027293667298593756,0.12148656741470547,0.12213418258529453,0.00032380758529453046,0.0,95.0,29.056561000000002,146.991730353279,28.981415578893646,29.131706421106358,0.07514542110635603,0.0,950.0,290.56561,14699.173035327902,289.81415578893643,291.31706421106355,0.7514542110635603,0.0,1.0,0.54594,0.0815815164,0.5441696792567383,0.5477103207432616,0.0017703207432616663,0.12337,0.12133767674071375,0.12542419548173805
T-traverse_ordered_qa-W-20-HS-weighted-D-5-C-5-H-1-RUNS-100000.csv,traverse_ordered_qa,20,weighted,5,5,1,100000,1.0,154.0,42.20996,412.6912967984,42.084047534938726,42.33587246506128,0.12591246506127618,0.0,5.0,4.03122,2.5382453116000003,4.021345323707057,4.041094676292944,0.009874676292943363,0.0,0.3975,0.176757,0.0046168069509999994,0.1763358595770653,0.1771781404229347,0.00042114042293470155,0.0,71.8,24.99031,84.58826570389999,24.933305238661312,25.04731476133869,0.057004761338689036,0.0,359.0,124.95155,2114.7066425975,124.66652619330655,125.23657380669344,0.2850238066934452,0.0,1.0,0.33068,0.2213307376,0.32776407105442507,0.3335959289455749,0.0029159289455749082,0.33068,0.3277640693324756,0.3336057540903057
T-traverse_ordered_qa-W-20-HS-weighted-D-5-C-5-H-2-RUNS-100000.csv,traverse_ordered_qa,20,weighted,5,5,2,100000,2.0,268.0,42.44506,515.8960215964,42.30428123183645,42.58583876816355,0.14077876816354973,0.0,5.0,4.57237,0.9563825831,4.566308614571539,4.578431385428462,0.006061385428461463,0.0,0.4175,0.15083635,0.0038610726436774994,0.15045121759850733,0.1512214824014927,0.0003851324014926827,0.0,84.8,24.405015999999996,71.036414039744,24.352776791719712,24.45725520828028,0.05223920828028383,0.0,424.0,122.02508,1775.9103509935999,121.76388395859858,122.28627604140142,0.26119604140141917,0.0,1.0,0.434365,0.12863454677500002,0.4321420234484124,0.4365879765515876,0.0022229765515875965,0.20025,0.19777337838919914,0.20274401909863418
T-traverse_ordered_qa-W-20-HS-weighted-D-5-C-5-H-3-RUNS-100000.csv,traverse_ordered_qa,20,weighted,5,5,3,100000,2.0,203.0,41.31912,280.9252824256,41.21523532524158,41.42300467475842,0.10388467475841878,0.0,5.0,4.79945,0.4390296975,4.795343205038091,4.803556794961909,0.004106794961908911,0.0,0.3825,0.13733185,0.0041687077255775,0.13693166869610665,0.13773203130389336,0.0004001813038933544,0.0,73.2,25.783583999999994,78.08193371494401,25.728815436338042,25.838352563661946,0.05476856366195193,0.0,366.0,128.91792,1952.0483428736002,128.64407718169025,129.19176281830977,0.27384281830975965,0.0,1.0,0.42588333333333334,0.10067338638888887,0.42391674521898004,0.42784992144768663,0.001966588114353296,0.1093,0.10737249555409609,0.11125019772672755
T-traverse_ordered_qa-W-20-HS-weighted-D-5-C-5-H-4-RUNS-100000.csv,traverse_ordered_qa,20,weighted,5,5,4,100000,2.0,194.0,49.19798,460.45246391959995,49.06498097047747,49.33097902952253,0.13299902952253007,0.0,5.0,4.85684,0.2518652144,4.853729428657563,4.859950571342437,0.003110571342436863,0.0,0.3825,0.146972725,0.0034583594185743755,0.14660823036982837,0.14733721963017163,0.0003644946301716301,0.0,97.0,28.063428,125.59868808881599,27.993965785799613,28.132890214200383,0.06946221420038512,0.0,485.0,140.31714,3139.9672022203995,139.96982892899808,140.6644510710019,0.3473110710019114,0.0,1.0,0.507025,0.08146939937499999,0.5052558961459569,0.508794103854043,0.0017691038540430526,0.0942,0.09239632409560423,0.0960272517260434
T-traverse_ordered_qa-W-20-HS-weighted-D-5-C-5-H-5-RUNS-100000.csv,traverse_ordered_qa,20,weighted,5,5,5,100000,2.0,144.0,45.96121,461.0386453359,45.828126339848865,46.09429366015114,0.13308366015113648,2.0,5.0,4.93399,0.06547267989999998,4.932404062273909,4.935575937726091,0.0015859377260909469,0.0,0.355,0.10721775000000001,0.0026614644599375005,0.10689799569011044,0.10753750430988959,0.00031975430988957776,0.0,105.4,28.869267999999998,162.19490114417601,28.790332080911444,28.948203919088552,0.07893591908855413,0.0,527.0,144.34634,4054.8725286043996,143.95166040455723,144.74101959544276,0.3946795954427671,0.0,1.0,0.44036400000000003,0.079583547504,0.438615491618289,0.44211250838171107,0.0017485083817110336,0.06411,0.06259947776375316,0.06564586394631013
T-traverse_p_qa-W-20-HS-greedy-D-1-C-5-H-1-RUNS-100000.csv,traverse_p_qa,20,greedy,1,5,1,100000,1.0,122.0,22.53634,145.5006394044,22.461576689724442,22.611103310275556,0.07476331027555716,0.0,1.0,0.91873,0.07466518710000002,0.9170363832111031,0.920423616788897,0.0016936167888969011,0.0,0.28,0.051510200000000006,0.0008722560459600001,0.05132714648798344,0.05169325351201657,0.00018305351201656356,0.0,120.0,20.69888,145.49702674559998,20.624117617885336,20.773642382114662,0.07476238211466324,0.0,120.0,20.69888,145.49702674559998,20.624117617885336,20.773642382114662,0.07476238211466324,0.0,1.0,0.08127,0.07466518710000002,0.07957638321110305,0.08296361678889694,0.0016936167888969428,0.08127,0.07958357572764607,0.08298075740172162
T-traverse_p_qa-W-20-HS-greedy-D-1-C-5-H-2-RUNS-100000.csv,traverse_p_qa,20,greedy,1,5,2,100000,2.0,132.0,25.79513,186.17243828309998,25.710560499652157,25.879699500347844,0.08456950034784327,0.0,1.0,0.96814,0.030844940400000007,0.9670514508599027,0.9692285491400973,0.0010885491400972613,0.0,0.325,0.05926385,0.0011328048331775,0.059055240722949945,0.059472459277050055,0.000208609277050055,0.0,132.0,23.85885,188.52464667749996,23.77374792701254,23.94395207298746,0.08510207298746053,0.0,132.0,23.85885,188.52464667749996,23.77374792701254,23.94395207298746,0.08510207298746053,0.0,1.0,0.10704,0.05799243839999999,0.10554740577732111,0.10853259422267889,0.001492594222678889,0.03186,0.03078006558895079,0.03296719761437876
T-traverse_p_qa-W-20-HS-greedy-D-1-C-5-H-3-RUNS-100000.csv,traverse_p_qa,20,greedy,1,5,3,100000,2.0,126.0,28.07107,236.89707905510002,27.975672734897792,28.166467265102206,0.09539726510220703,0.0,1.0,0.98001,0.019590399899999996,0.9791424835433501,0.98087751645665,0.0008675164566499527,0.0,0.2825,0.06461842500000001,0.0014250934630193751,0.06438444553407328,0.06485240446592673,0.00023397946592672303,0.0,124.0,26.11105,239.28247789749997,26.015173643837958,26.20692635616204,0.09587635616204082,0.0,124.0,26.11105,239.28247789749997,26.015173643837958,26.20692635616204,0.09587635616204082,0.0,1.0,0.13945,0.0530436975,0.13802251035619867,0.1408774896438013,0.0014274896438013218,0.01999,0.01913144260581463,0.020876554781469537
T-traverse_p_qa-W-20-HS-greedy-D-1-C-5-H-4-RUNS-100000.csv,traverse_p_qa,20,greedy,1,5,4,100000,2.0,134.0,29.49663,282.2074686431,29.39250852231459,29.60075147768541,0.10412147768541047,0.0,1.0,0.98543,0.0143577151,0.9846873251160289,0.9861726748839712,0.0007426748839711728,0.0,0.3,0.06795165,0.0016741132622775001,0.06769805044344744,0.06820524955655256,0.00025359955655256117,0.0,132.0,27.52577,284.35263590709997,27.42125353784687,27.630286462153133,0.10451646215313204,0.0,132.0,27.52577,284.35263590709997,27.42125353784687,27.630286462153133,0.10451646215313204,0.0,1.0,0.16634,0.05221850440000002,0.16492365750433363,0.16775634249566634,0.0014163424956663562,0.01457,0.013836443491712378,0.015331905902708696
T-traverse_p_qa-W-20-HS-greedy-D-1-C-5-H-5-RUNS-100000.csv,traverse_p_qa,20,greedy,1,5,5,100000,2.0,136.0,30.42141,339.83646361190006,30.307150831500863,30.53566916849914,0.11425916849913875,0.0,1.0,0.98666,0.0131620444,0.9859489211733777,0.9873710788266222,0.0007110788266222468,0.0,0.3,0.0700921,0.00199434326759,0.06981530641089842,0.07036889358910159,0.00027679358910158436,0.0,134.0,28.44809,342.00790535190004,28.333466373761784,28.562713626238217,0.11462362623821676,0.0,134.0,28.44809,342.00790535190004,28.333466373761784,28.562713626238217,0.11462362623821676,0.0,1.0,0.1932,0.05728735999999999,0.19171650708739138,0.19468349291260864,0.0014834929126086305,0.01334,0.012638076117737165,0.014070356206916127
T-traverse_p_qa-W-20-HS-greedy-D-10-C-5-H-1-RUNS-100000.csv,traverse_p_qa,20,greedy,10,5,1,100000,1.0,141.0,29.43861,305.28633126790004,29.330314664449535,29.546905335550466,0.10829533555046567,1.0,10.0,8.52891,2.5509842119000004,8.519010575295283,8.538809424704716,0.009899424704716608,0.0,0.3975,0.107635975,0.003716293073299375,0.10725813228840711,0.10801381771159288,0.00037784271159288507,0.0,49.5,19.372878999999998,58.947228151359,19.325292061490963,19.420465938509032,0.04758693850903484,0.0,495.0,193.72879,5894.7228151358995,193.25292061490967,194.20465938509034,0.47586938509033416,0.0,1.0,0.56682,0.24553508759999998,0.5637487663838058,0.5698912336161942,0.0030712336161942133,0.56682,0.5637419216499502,0.5698942021046006
T-traverse_p_qa-W-20-HS-greedy-D-10-C-5-H-2-RUNS-100000.csv,traverse_p_qa,20,greedy,10,5,2,100000,2.0,145.0,38.96771,254.7318273559,38.868786909269346,39.06663309073065,0.09892309073065064,0.0,10.0,8.96508,2.9015405935999996,8.954522273755977,8.975637726244024,0.010557726244023513,0.0,0.4,0.151487475,0.003722513980624375,0.151109316174796,0.15186563382520402,0.0003781588252040058,0.0,55.6,22.594687999999998,53.713345782656,22.549262765915994,22.640113234084,0.04542523408400356,0.0,556.0,225.94688,5371.334578265601,225.49262765915995,226.40113234084004,0.45425234084004273,0.0,1.0,0.594755,0.13708398997500001,0.592460175701959,0.5970498242980411,0.002294824298041065,0.38688,0.38385969314413215,0.38990686922216183
T-traverse_p_qa-W-20-HS-greedy-D-10-C-5-H-3-RUNS-100000.csv,traverse_p_qa,20,greedy,10,5,3,100000,2.0,135.0,45.88289,283.8512952479,45.77846571471041,45.9873142852896,0.10442428528959624,0.0,10.0,9.38836,1.7176965104,9.380236759935622,9.396483240064379,0.008123240064378479,0.0,0.3925,0.161085,0.004331929025,0.16067705958103615,0.16149294041896387,0.00040794041896385913,0.0,63.0,25.827027,72.72582464127099,25.77417025701087,25.879883742989133,0.05285674298913179,0.0,630.0,258.27027,7272.582464127099,257.74170257010866,258.7988374298913,0.528567429891325,0.0,1.0,0.59343,0.10454639065555556,0.5914259405838589,0.5954340594161411,0.002004059416141124,0.27027,0.26751918871470604,0.2730341413025817
T-traverse_p_qa-W-20-HS-greedy-D-10-C-5-H-4-RUNS-100000.csv,traverse_p_qa,20,greedy,10,5,4,100000,2.0,137.0,49.41253,364.9136089991,49.29413016383749,49.53092983616251,0.11839983616251004,0.0,10.0,9.68553,0.6937786190999998,9.680367423179133,9.690692576820867,0.00516257682086696,0.0,0.3875,0.1492766,0.00392311881744,0.1488883854555909,0.1496648145444091,0.00038821454440909897,0.0,82.9,27.017294000000003,103.00441471756399,26.954389170330177,27.08019882966983,0.0629048296698258,0.0,829.0,270.17294,10300.4414717564,269.5438917033017,270.80198829669825,0.6290482966982722,0.0,1.0,0.575745,0.09062519497500002,0.573879133581909,0.5776108664180909,0.0018658664180909446,0.18754,0.1851247523802178,0.18997338401340838
T-traverse_p_qa-W-20-HS-greedy-D-10-C-5-H-5-RUNS-100000.csv,traverse_p_qa,20,greedy,10,5,5,100000,2.0,148.0,52.90582,489.10277012759997,52.76874566973637,53.04289433026363,0.13707433026362992,7.0,10.0,9.86956,0.1311454064,9.867315432796225,9.871804567203775,0.00224456720377475,0.0,0.33,0.12330822500000001,0.0027941515848493746,0.12298059696810473,0.12363585303189528,0.00032762803189527456,0.0,94.7,29.302117000000003,148.031467018311,29.226706279031593,29.377527720968413,0.07541072096841006,0.0,947.0,293.02117,14803.1467018311,292.2670627903159,293.7752772096841,0.7541072096840935,0.0,1.0,0.5445059999999999,0.081632815964,0.5427351227433632,0.5462768772566367,0.001770877256636716,0.12191,0.11988812905230548,0.1239538283220031
T-traverse_p_qa-W-20-HS-greedy-D-2-C-5-H-1-RUNS-100000.csv,traverse_p_qa,20,greedy,2,5,1,100000,1.0,123.0,25.45163,191.5060203431,25.36585765435468,25.537402345645322,0.08577234564532077,0.0,2.0,1.81649,0.2027140799,1.813699397180995,1.819280602819005,0.002790602819005006,0.0,0.33,0.06633165,0.0017108190832775,0.06607528536534228,0.06658801463465773,0.0002563646346577242,0.0,92.0,20.571095,94.65308800097499,20.510794145705507,20.631395854294492,0.06030085429449272,0.0,184.0,41.14219,378.61235200389996,41.021588291411014,41.262791708588985,0.12060170858898545,0.0,1.0,0.15707,0.1323990151,0.1548147304897016,0.15932526951029838,0.002255269510298391,0.15707,0.15481974084232533,0.15934016810121157
T-traverse_p_qa-W-20-HS-greedy-D-2-C-5-H-2-RUNS-100000.csv,traverse_p_qa,20,greedy,2,5,2,100000,2.0,131.0,30.77377,220.7356499871,30.681684275102466,30.865855724897532,0.09208572489753308,0.0,2.0,1.91871,0.09846193589999999,1.9167651314364371,1.9206548685635627,0.001944868563562796,0.0,0.32,0.08472377499999999,0.002079681262249375,0.08444112143931028,0.0850064285606897,0.0002826535606897107,0.0,92.0,23.649365,113.635917596775,23.583293543149118,23.71543645685088,0.06607145685088156,0.0,184.0,47.29873,454.5436703871,47.166587086298236,47.43087291370176,0.13214291370176312,0.0,1.0,0.19535,0.0942133775,0.1934475539140254,0.1972524460859746,0.0019024460859745906,0.0694,0.06783240055811912,0.07099262967934447
T-traverse_p_qa-W-20-HS-greedy-D-2-C-5-H-3-RUNS-100000.csv,traverse_p_qa,20,greedy,2,5,3,100000,2.0,141.0,33.54058,272.5297132636,33.43825941817633,33.64290058182367,0.10232058182366899,0.0,2.0,1.9496,0.05939984,1.9480894026832276,1.9511105973167724,0.0015105973167723885,0.0,0.3375,0.0905736,0.00244777635804,0.09026695072709941,0.0908802492729006,0.00030664927290059707,0.0,92.0,25.512035,147.13278765877502,25.43685353173355,25.58721646826645,0.07518146826645022,0.0,184.0,51.02407,588.5311506351001,50.8737070634671,51.1744329365329,0.15036293653290045,0.0,1.0,0.2417,0.07961888777777776,0.2399511034356283,0.2434488965643717,0.001748896564371688,0.04463,0.04335840763594746,0.04592808797254176
T-traverse_p_qa-W-20-HS-greedy-D-2-C-5-H-4-RUNS-100000.csv,traverse_p_qa,20,greedy,2,5,4,100000,2.0,132.0,36.6324,336.56021023999995,36.51869293321618,36.746107066783814,0.11370706678381737,0.0,2.0,1.96446,0.039776908400000005,1.9632238488308082,1.965696151169192,0.0012361511691918459,0.0,0.335,0.09352225,0.0025768406299375,0.09320762020223812,0.09383687979776188,0.00031462979776188116,0.0,119.0,28.155485,187.918921914775,28.07051975237323,28.240450247626768,0.08496524762676927,0.0,238.0,56.31097,751.6756876591,56.14103950474646,56.480900495253536,0.16993049525353854,0.0,1.0,0.274565,0.072275310775,0.2728987082072061,0.27623129179279393,0.001666291792793928,0.03279,0.031694796056731624,0.03391241072072849
T-traverse_p_qa-W-20-HS-greedy-D-2-C-5-H-5-RUNS-100000.csv,traverse_p_qa,20,greedy,2,5,5,100000,2.0,141.0,37.43995,404.05665399749995,37.31536171636158,37.56453828363843,0.124588283638424,0.0,2.0,1.97346,0.026175628400000005,1.972457222387259,1.974462777612741,0.0010027776127410348,0.0,0.34,0.0868034,0.00233637987344,0.08650380966434468,0.08710299033565533,0.00029959033565532533,0.0,125.0,28.96989,228.2603283879,28.876247868588173,29.063532131411826,0.09364213141182631,0.0,250.0,57.93978,913.0413135516,57.752495737176346,58.12706426282365,0.18728426282365263,0.0,1.0,0.29863,0.06962132310000001,0.2969945878965198,0.30026541210348023,0.0016354121034802271,0.02637,0.025385638954344328,0.02738195994274808
T-traverse_p_qa-W-20-HS-greedy-D-3-C-5-H-1-RUNS-100000.csv,traverse_p_qa,20,greedy,3,5,1,100000,1.0,132.0,27.20626,223.6113568124,27.113576377480673,27.298943622519328,0.09268362251932771,0.0,3.0,2.69922,0.38045139159999997,2.6953969880120896,2.7030430119879103,0.003823011987910352,0.0,0.3575,0.075935525,0.002236768355474375,0.07564239074211822,0.07622865925788179,0.0002931342578817858,0.0,89.0,20.417726666666667,77.88025109862222,20.363028881280012,20.47242445205332,0.054697785386654374,0.0,267.0,61.25318,700.9222598875999,61.089086643840034,61.41727335615997,0.16409335615996667,0.0,1.0,0.22341,0.17349797189999996,0.2208283148742516,0.22599168512574838,0.002581685125748384,0.22341,0.2208314121190316,0.22600463948545896
T-traverse_p_qa-W-20-HS-greedy-D-3-C-5-H-2-RUNS-100000.csv,traverse_p_qa,20,greedy,3,5,2,100000,2.0,129.0,33.86898,229.3254337596,33.77511964701053,33.962840352989474,0.09386035298947348,0.0,3.0,2.84871,0.22238133589999998,2.845787158676915,2.8516328413230854,0.00292284132308529,0.0,0.3575,0.10227354999999999,0.0025961332203974998,0.10195774459505133,0.10258935540494865,0.0003158054049486603,0.0,77.66666666666667,23.70729333333333,87.88396058506667,23.649188684381322,23.765397982285336,0.058104648952006954,0.0,233.0,71.12188,790.9556452656001,70.94756605314399,71.29619394685602,0.1743139468560173,0.0,1.0,0.27191,0.11740495190000001,0.26978627011317574,0.27403372988682423,0.002123729886824244,0.11077,0.10883109921105924,0.11273150823681573
T-traverse_p_qa-W-20-HS-greedy-D-3-C-5-H-3-RUNS-100000.csv,traverse_p_qa,20,greedy,3,5,3,100000,2.0,140.0,37.50196,287.0881761584,37.39694200451684,37.606977995483156,0.10501799548315915,0.0,3.0,2.90961,0.12515964790000003,2.9074172544530366,2.911802745546963,0.0021927455469632484,0.0,0.3625,0.10956172500000001,0.003065144352524375,0.10921857694821102,0.109904873051789,0.0003431480517889912,0.0,97.33333333333333,25.88162,119.22239950893334,25.813943950325577,25.949296049674427,0.06767604967442509,0.0,292.0,77.64486,1073.0015955804,77.44183185097673,77.84788814902326,0.20302814902326816,0.0,1.0,0.31882,0.09350047426666665,0.3169247653919822,0.32071523460801776,0.0018952346080177707,0.07141,0.06982142208211499,0.07302348995127492
T-traverse_p_qa-W-20-HS-greedy-D-3-C-5-H-4-RUNS-100000.csv,traverse_p_qa,20,greedy,3,5,4,100000,2.0,139.0,39.71727,349.6095937471,39.60137952518266,39.83316047481734,0.11589047481734127,0.0,3.0,2.9397,0.07544391,2.9379975743051285,2.941402425694872,0.0017024256948716676,0.0,0.37,0.107175625,0.003053474218359375,0.10683313081673187,0.10751811918326812,0.00034249418326812164,0.0,93.66666666666667,27.39703666666667,148.12760744087777,27.321601461573497,27.47247187175984,0.07543520509317148,0.0,281.0,82.19111,1333.1484669679,81.96480438472048,82.41741561527951,0.22630561527951443,0.0,1.0,0.350635,0.081623846775,0.348864220031255,0.35240577996874495,0.0017707799687449732,0.05174,0.05037516058393827,0.053130912251224176
T-traverse_p_qa-W-20-HS-greedy-D-3-C-5-H-5-RUNS-100000.csv,traverse_p_qa,20,greedy,3,5,5,100000,2.0,157.0,41.37429,424.7955969959,41.246544363463194,41.50203563653681,0.12774563653680815,1.0,3.0,2.96084,0.0386664944,2.9596212251853316,2.9620587748146687,0.0012187748146685884,0.0,0.3775,0.096122025,0.002446990872399375,0.09581542493256019,0.09642862506743981,0.00030660006743980783,0.0,110.33333333333333,28.99873,185.63089505376666,28.91428358820894,29.083176411791058,0.08444641179105972,0.0,331.0,86.99619,1670.6780554839,86.74285076462681,87.24952923537319,0.2533392353731898,0.0,1.0,0.36022800000000005,0.074208588016,0.3585395696291459,0.3619164303708542,0.0016884303708541437,0.03864,0.037453832473991214,0.0398530214996407
T-traverse_p_qa-W-20-HS-greedy-D-4-C-5-H-1-RUNS-100000.csv,traverse_p_qa,20,greedy,4,5,1,100000,1.0,137.0,28.1711,244.75516479,28.074133436636266,28.268066563363732,0.09696656336373266,0.0,4.0,3.56837,0.5952255431000001,3.563588140062305,3.5731518599376946,0.004781859937694755,0.0,0.3575,0.08273035,0.0025891705638775,0.0824149683639114,0.08304573163608858,0.00031538163608858805,0.0,64.5,20.17848,70.2959773896,20.126513758386825,20.230446241613176,0.05196624161317587,0.0,258.0,80.71392,1124.7356382336,80.5060550335473,80.9217849664527,0.20786496645270347,0.0,1.0,0.28537,0.2039339631,0.28257101319644956,0.28816898680355046,0.0027989868035504517,0.28537,0.2825723212204103,0.28818013212717225
T-traverse_p_qa-W-20-HS-greedy-D-4-C-5-H-2-RUNS-100000.csv,traverse_p_qa,20,greedy,4,5,2,100000,2.0,131.0,35.45825,239.0556769375,35.362419092223696,35.5540809077763,0.09583090777630332,0.0,4.0,3.76875,0.3893334375,3.7648826193185827,3.772617380681417,0.0038673806814171208,0.0,0.3625,0.114632775,0.0030655287082993745,0.11428960543424857,0.11497594456575144,0.0003431695657514361,0.0,72.0,23.32487,75.9179969831,23.27086568746755,23.378874312532453,0.0540043125324523,0.0,288.0,93.29948,1214.6879517296,93.0834627498702,93.51549725012981,0.2160172501298092,0.0,1.0,0.33493,0.1307818951,0.3326885457215991,0.3371714542784009,0.0022414542784008895,0.15099,0.14877603600867426,0.15322422687720985
T-traverse_p_qa-W-20-HS-greedy-D-4-C-5-H-3-RUNS-100000.csv,traverse_p_qa,20,greedy,4,5,3,100000,2.0,126.0,39.56837,283.5501255431,39.464001127136186,39.67273887286382,0.10436887286381591,0.0,4.0,3.85727,0.2256981471,3.8543254423050324,3.860214557694968,0.00294455769496782,0.0,0.3675,0.12100352500000001,0.003340292250074375,0.12064530625805753,0.1213617437419425,0.00035821874194248704,0.0,75.75,25.6796675,99.13099396444375,25.617956753252468,25.741378246747534,0.06171074674753285,0.0,303.0,102.71867,1586.0959034311,102.47182701300987,102.96551298699013,0.2468429869901314,0.0,1.0,0.38253,0.10170968798888887,0.3805533160662915,0.38450668393370846,0.0019766839337084785,0.10216,0.10028945444538684,0.10405365593500794
T-traverse_p_qa-W-20-HS-greedy-D-4-C-5-H-4-RUNS-100000.csv,traverse_p_qa,20,greedy,4,5,4,100000,2.0,134.0,42.67189,359.2570338279,42.5544114138171,42.789368586182896,0.11747858618289797,0.0,4.0,3.91042,0.1233154236,3.9082434694320964,3.912596530567903,0.0021765305679033453,0.0,0.3625,0.118313275,0.0033267445212743748,0.11795578343712154,0.11867076656287845,0.00035749156287845363,0.0,91.0,27.7076075,129.15012350094375,27.63717007284361,27.778044927156394,0.07043742715639212,0.0,364.0,110.83043,2066.4019760151,110.54868029137444,111.11217970862558,0.2817497086255685,0.0,1.0,0.4043175,0.08667798419375,0.40249272016648935,0.40614227983351064,0.001824779833510648,0.07249,0.07089030241804838,0.07411454613227349
T-traverse_p_qa-W-20-HS-greedy-D-4-C-5-H-5-RUNS-100000.csv,traverse_p_qa,20,greedy,4,5,5,100000,2.0,140.0,43.46707,447.9252556151,43.33589265203279,43.59824734796721,0.1311773479672098,1.0,4.0,3.94809,0.051615351899999995,3.9466818610300862,3.949498138969914,0.0014081389699138747,0.0,0.315,0.10135752499999999,0.0025853171883743757,0.10104237813723821,0.10167267186276177,0.00031514686276178094,0.0,99.5,28.33412,173.3861838256,28.252506253376993,28.415733746623005,0.08161374662300602,0.0,398.0,113.33648,2774.1789412096,113.01002501350797,113.66293498649202,0.3264549864920241,0.0,1.0,0.40581,0.07695944390000001,0.4040905599757879,0.4075294400242121,0.0017194400242120933,0.05072,0.04936805889296826,0.052098074454865625
T-traverse_p_qa-W-20-HS-greedy-D-5-C-5-H-1-RUNS-100000.csv,traverse_p_qa,20,greedy,5,5,1,100000,1.0,128.0,28.98749,263.1363934999,28.886948229115,29.088031770885003,0.10054177088500182,0.0,5.0,4.41545,0.8653912975000002,4.409684163366452,4.4212158366335474,0.005765836633547572,0.0,0.4025,0.08892217499999999,0.0028542134807693752,0.08859104441386027,0.08925330558613971,0.000331130586139719,0.0,61.4,20.045216,65.631436313344,19.99500347907729,20.09542852092271,0.05021252092270956,0.0,307.0,100.22608,1640.7859078336,99.97501739538646,100.47714260461353,0.25106260461353713,0.0,1.0,0.34395,0.22564839749999996,0.34100576685054323,0.3468942331494567,0.002944233149456743,0.34395,0.3410053813396536,0.34690367200150457
T-traverse_p_qa-W-20-HS-greedy-D-5-C-5-H-2-RUNS-100000.csv,traverse_p_qa,20,greedy,5,5,2,100000,2.0,139.0,37.02728,240.3958558016,36.93118084705642,37.12337915294358,0.09609915294358018,0.0,5.0,4.67765,0.6047804775000001,4.672829912156025,4.682470087843975,0.0048200878439752515,0.0,0.375,0.12478439999999999,0.00332543326664,0.12442697889769734,0.12514182110230265,0.000357421102302663,0.0,66.0,23.455764,66.604267976304,23.40518070672467,23.506347293275326,0.05058329327532718,0.0,330.0,117.27882,1665.1066994075998,117.02590353362336,117.53173646637663,0.25291646637663234,0.0,1.0,0.3878,0.13836616000000002,0.38549446873745763,0.3901055312625423,0.0023055312625423485,0.18971,0.18728398467627685,0.19215402554558822
T-traverse_p_qa-W-20-HS-greedy-D-5-C-5-H-3-RUNS-100000.csv,traverse_p_qa,20,greedy,5,5,3,100000,2.0,134.0,41.40944,291.5155188864,41.303615332868276,41.51526466713172,0.10582466713172067,0.0,5.0,4.79637,0.36934482310000005,4.792603204183366,4.800136795816633,0.003766795816633639,0.0,0.3775,0.132421775,0.003772490693349375,0.13204108614742388,0.1328024638525761,0.00038068885257611096,0.0,73.4,25.61777,91.14834542709998,25.558596062849194,25.676943937150806,0.05917393715080621,0.0,367.0,128.08885,2278.7086356775,127.79298031424598,128.38471968575402,0.2958696857540133,0.0,1.0,0.43237,0.10572396087777777,0.4303546857115872,0.43438531428841276,0.002015314288412784,0.13107,0.12898405584590192,0.1331773674398856
T-traverse_p_qa-W-20-HS-greedy-D-5-C-5-H-4-RUNS-100000.csv,traverse_p_qa,20,greedy,5,5,4,100000,2.0,144.0,44.51815,370.0478905775,44.39892013895661,44.637379861043385,0.11922986104338662,0.0,5.0,4.87787,0.1828142631,4.87521990703347,4.880520092966529,0.002650092966529627,0.0,0.355,0.1270693,0.00360203487251,0.12669731105975804,0.12744128894024195,0.0003719889402419574,0.0,94.0,27.573486000000003,126.924237407804,27.503658201063917,27.643313798936088,0.06982779893608537,0.0,470.0,137.86743,3173.1059351951,137.51829100531958,138.21656899468044,0.3491389946804304,0.0,1.0,0.447925,0.08949819437499998,0.4460707716874371,0.44977922831256295,0.0018542283125629333,0.09352,0.09172221319423093,0.09534140241306499
T-traverse_p_qa-W-20-HS-greedy-D-5-C-5-H-5-RUNS-100000.csv,traverse_p_qa,20,greedy,5,5,5,100000,2.0,140.0,46.25335,458.75184377749997,46.12059680481978,46.38610319518021,0.13275319518021433,2.0,5.0,4.93405,0.06562059750000002,4.93246227178851,4.93563772821149,0.0015877282114900026,0.0,0.33,0.10790162499999999,0.002641293259859375,0.10758308470133943,0.10822016529866055,0.00031854029866056066,0.0,101.8,29.012822000000003,159.25425199631601,28.934604921655882,29.091039078344124,0.07821707834412095,0.0,509.0,145.06411,3981.3562999079,144.67302460827938,145.45519539172062,0.3910853917206225,0.0,1.0,0.44037200000000004,0.079641301616,0.43862285728344425,0.44212114271655584,0.001749142716555796,0.06399,0.062480805520643376,0.06552454326216633
T-traverse_p_qa-W-20-HS-greedy-D-6-C-5-H-1-RUNS-100000.csv,traverse_p_qa,20,greedy,6,5,1,100000,1.0,149.0,29.39585,281.4834127775,29.291862179630208,29.49983782036979,0.1039878203697917,0.0,6.0,5.25516,1.1612533744,5.248480875084942,5.261839124915058,0.006679124915057955,0.0,0.3725,0.093868675,0.003112698166244375,0.09352287532857961,0.09421447467142038,0.00034579967142038537,0.0,55.666666666666664,19.854786666666666,63.710865865600006,19.80531428423876,19.90425904909457,0.049472382427904193,0.0,334.0,119.12872,2293.5911711616,118.83188570543257,119.42555429456743,0.29683429456743227,0.0,1.0,0.3971,0.23941159,0.3940673055476293,0.4001326944523707,0.003032694452370699,0.3971,0.3940653819634168,0.4001405874556054
T-traverse_p_qa-W-20-HS-greedy-D-6-C-5-H-2-RUNS-100000.csv,traverse_p_qa,20,greedy,6,5,2,100000,2.0,140.0,37.96797,247.69004407909998,37.87042380205594,38.06551619794406,0.09754619794406238,0.0,6.0,5.55241,0.9544131919000001,5.5463548586160165,5.558465141383984,0.006055141383983553,0.0,0.4125,0.13250915000000002,0.0034800782912774997,0.13214351262822613,0.1328747873717739,0.00036563737177389144,0.0,70.0,23.342255,62.04337234830833,23.29343432618109,23.391075673818914,0.04882067381891275,0.0,420.0,140.05353,2233.5614045391,139.7606059570865,140.34645404291348,0.2929240429134836,0.0,1.0,0.43962,0.1429092556,0.4372769246783064,0.4419630753216936,0.0023430753216935885,0.23273,0.23011370241402915,0.23536180774693677
T-traverse_p_qa-W-20-HS-greedy-D-6-C-5-H-3-RUNS-100000.csv,traverse_p_qa,20,greedy,6,5,3,100000,2.0,124.0,42.36065,287.5859015775,42.25554100897163,42.465758991028366,0.10510899102836646,0.0,6.0,5.72928,0.5357906816000001,5.724743158056055,5.733816841943946,0.0045368419439455465,0.0,0.4075,0.14034495,0.0039799891344975006,0.1399539317618181,0.14073596823818188,0.00039101823818188386,0.0,68.66666666666667,25.37377,85.99327432043333,25.316293764682317,25.431246235317683,0.05747623531768298,0.0,412.0,152.24262,3095.7578755356003,151.89776258809388,152.5874774119061,0.34485741190610497,0.0,1.0,0.47573,0.10762652265555557,0.4736966332120505,0.47776336678794945,0.0020333667879494643,0.1621,0.15982061518869772,0.1643990010078392
T-traverse_p_qa-W-20-HS-greedy-D-6-C-5-H-4-RUNS-100000.csv,traverse_p_qa,20,greedy,6,5,4,100000,2.0,139.0,45.29409,359.8680810719,45.17651154873252,45.411668451267474,0.11757845126747668,0.0,6.0,5.84862,0.2422840956,5.845569166373503,5.851670833626498,0.0030508336264976066,0.0,0.38,0.13102224999999998,0.0036724668799375,0.1306466418429271,0.13139785815707286,0.000375608157072882,0.0,81.66666666666667,26.91589333333333,111.56886329084445,26.850425559183133,26.981361107483526,0.06546777415019633,0.0,490.0,161.49536,4016.4790784704,161.10255335509882,161.8881666449012,0.3928066449011851,0.0,1.0,0.479805,0.09064716197499999,0.4779389074582348,0.48167109254176516,0.0018660925417651741,0.11124,0.10929747842448172,0.11320510158292522
T-traverse_p_qa-W-20-HS-greedy-D-6-C-5-H-5-RUNS-100000.csv,traverse_p_qa,20,greedy,6,5,5,100000,2.0,138.0,47.23891,469.6067520119,47.10459539548772,47.373224604512274,0.1343146045122765,3.0,6.0,5.92139,0.07847046789999998,5.919653762258546,5.923126237741453,0.0017362377414533725,0.0,0.3275,0.1101409,0.00271113727219,0.10981817558281337,0.11046362441718663,0.0003227244171866289,0.0,96.0,28.507411666666666,160.91322590053056,28.428788244671725,28.586035088661607,0.07862342199494066,0.0,576.0,171.04447,5792.8761324191,170.57272946803033,171.51621053196965,0.47174053196965815,0.0,1.0,0.467756,0.080645924464,0.46599585971178176,0.46951614028821825,0.0017601402882182482,0.07568,0.0740480556812668,0.07733660547120433
T-traverse_p_qa-W-20-HS-greedy-D-7-C-5-H-1-RUNS-100000.csv,traverse_p_qa,20,greedy,7,5,1,100000,1.0,140.0,29.65659,291.1674995719,29.550828519944385,29.762351480055617,0.10576148005561592,0.0,7.0,6.08549,1.4844414599000002,6.077938423798734,6.093041576201266,0.007551576201265675,0.0,0.37,0.09832842499999998,0.0032973216495193755,0.09797251783726237,0.0986843321627376,0.0003559071627376176,0.0,54.285714285714285,19.723152857142857,61.27305504724694,19.674636203479448,19.771669510806266,0.04851665366340896,0.0,380.0,138.06207,3002.3796973151007,137.72245342435616,138.40168657564385,0.33961657564384495,0.0,1.0,0.44484,0.2469573744,0.44175988401274396,0.44792011598725606,0.003080115987256049,0.44484,0.4417565777016647,0.447926622124306
T-traverse_p_qa-W-20-HS-greedy-D-7-C-5-H-2-RUNS-100000.csv,traverse_p_qa,20,greedy,7,5,2,100000,2.0,132.0,37.99397,246.8058336391,37.89659806921355,38.09134193078644,0.09737193078644424,0.0,7.0,6.42535,1.3077273775,6.418262147367923,6.432437852632077,0.0070878526320772295,0.0,0.38,0.13879485,0.0036678439884775004,0.13841947832464163,0.13917022167535836,0.0003753716753583658,0.0,64.57142857142857,22.780328571428573,58.75576487163265,22.732818978046723,22.827838164810423,0.047509593381850124,0.0,452.0,159.4623,2879.03247871,159.12973284632704,159.79486715367295,0.3325671536729544,0.0,1.0,0.48623,0.14449038710000003,0.48387399857579977,0.4885860014242002,0.002356001424200227,0.27559,0.2728222267454497,0.27837079439037105
T-traverse_p_qa-W-20-HS-greedy-D-7-C-5-H-3-RUNS-100000.csv,traverse_p_qa,20,greedy,7,5,3,100000,2.0,142.0,43.6514,294.75021804,43.54498982954518,43.757810170454825,0.10641017045482215,0.0,7.0,6.65797,0.7510854790999999,6.6525984360038155,6.663341563996184,0.005371563996184214,0.0,0.39,0.146419575,0.004166005869319376,0.14601952340148328,0.14681962659851672,0.0004000515985167208,0.0,69.85714285714286,25.571822857142855,83.6151549465796,25.515146938161088,25.628498776124623,0.05667591898176738,0.0,489.0,179.00276,4097.1425923824,178.60602856712762,179.39949143287237,0.39673143287237167,0.0,1.0,0.5085633333333334,0.1079644471,0.5065267768770098,0.510599889789657,0.0020365564563236127,0.18825,0.18583121588294246,0.19068687922785751
T-traverse_p_qa-W-20-HS-greedy-D-7-C-5-H-4-RUNS-100000.csv,traverse_p_qa,20,greedy,7,5,4,100000,2.0,144.0,47.17765,374.0519104775,47.05777682454818,47.29752317545182,0.11987317545182208,0.0,7.0,6.80879,0.3420487359,6.8051650663125605,6.81241493368744,0.0036249336874396576,0.0,0.4,0.138071875,0.003835733271484375,0.13768800844850412,0.1384557415514959,0.0003838665514958872,0.0,78.28571428571429,27.460081428571428,115.45015671173672,27.39348463270077,27.526678224442087,0.06659679587065881,0.0,548.0,192.22057,5657.0576788751005,191.7543924289054,192.68674757109463,0.46617757109461877,0.0,1.0,0.5093625,0.09188796859375001,0.5074836790395311,0.511241320960469,0.0018788209604689854,0.13127,0.12918269574652655,0.13337871588198336
T-traverse_p_qa-W-20-HS-greedy-D-7-C-5-H-5-RUNS-100000.csv,traverse_p_qa,20,greedy,7,5,5,100000,2.0,142.0,49.03992,479.30278639359994,48.90422587395876,49.175614126041246,0.1356941260412441,4.0,7.0,6.90816,0.09180541440000001,6.9062820232164395,6.91003797678356,0.0018779767835601646,0.0,0.33,0.114353,0.0027491252659999996,0.11402802246813255,0.11467797753186744,0.00032497753186744305,0.0,97.42857142857143,28.83825,147.36930163137754,28.76300812939944,28.913491870600556,0.07524187060055709,0.0,682.0,201.86775,7221.095779937501,201.3410569057961,202.3944430942039,0.5266930942038925,0.0,1.0,0.48997599999999997,0.08182431942400001,0.4882030467984201,0.49174895320157985,0.0017729532015798855,0.08774,0.08599347235771743,0.08951048160370326
T-traverse_p_qa-W-20-HS-greedy-D-8-C-5-H-1-RUNS-100000.csv,traverse_p_qa,20,greedy,8,5,1,100000,1.0,140.0,29.61024,297.6903271424,29.503300430113534,29.71717956988647,0.10693956988646747,1.0,8.0,6.89793,1.8398517150999998,6.889522875432867,6.906337124567132,0.008407124567132662,0.0,0.385,0.10173710000000001,0.0034582022335900003,0.10137261365319729,0.10210158634680273,0.00036448634680272263,0.0,58.75,19.55386875,60.299643314023434,19.505739018050285,19.601998481949714,0.04812973194971448,0.0,470.0,156.43095,3859.1771720975,156.04591214440228,156.8159878555977,0.38503785559771586,0.0,1.0,0.49174,0.24993177239999997,0.48864139080093694,0.4948386091990631,0.0030986091990630737,0.49174,0.48863672495913263,0.4948437541964871
T-traverse_p_qa-W-20-HS-greedy-D-8-C-5-H-2-RUNS-100000.csv,traverse_p_qa,20,greedy,8,5,2,100000,2.0,131.0,38.63797,255.9438042791,38.538811857695976,38.73712814230403,0.09915814230402731,0.0,8.0,7.28194,1.7819098364000001,7.273666315918821,7.290213684081178,0.008273684081178345,0.0,0.39,0.1432633,0.0037346639981099996,0.14288452453596967,0.14364207546403035,0.0003787754640303398,0.0,58.875,22.80883,57.70322965609999,22.76174786675958,22.85591213324042,0.04708213324041921,0.0,471.0,182.47064,3693.0066979903995,182.09398293407665,182.84729706592336,0.3766570659233537,0.0,1.0,0.525595,0.14309739597499999,0.5232503828534758,0.5279396171465243,0.0023446171465242305,0.3131,0.3102261253815296,0.3159847183337281
T-traverse_p_qa-W-20-HS-greedy-D-8-C-5-H-3-RUNS-100000.csv,traverse_p_qa,20,greedy,8,5,3,100000,2.0,136.0,44.70608,287.2850910336,44.60102599456876,44.81113400543124,0.1050540054312421,0.0,8.0,7.57875,1.0141584375,7.572508212552882,7.584991787447119,0.006241787447118341,0.0,0.3925,0.151667925,0.004207511713694375,0.15126588548702488,0.15206996451297514,0.0004020395129751275,0.0,68.375,25.72792625,75.31149759331095,25.674138086882593,25.781714413117406,0.05378816311740664,0.0,547.0,205.82341,4819.935845971901,205.39310469506074,206.25371530493925,0.4303053049392531,0.0,1.0,0.5401133333333333,0.10644869826666667,0.5380911233559541,0.5421355433107126,0.00202220997737923,0.21399,0.2114514199910419,0.21654517895691777
T-traverse_p_qa-W-20-HS-greedy-D-8-C-5-H-4-RUNS-100000.csv,traverse_p_qa,20,greedy,8,5,4,100000,2.0,151.0,48.71866,368.11698780439997,48.59974161536796,48.83757838463204,0.11891838463203896,0.0,8.0,7.77293,0.43338921509999995,7.768849671571149,7.77701032842885,0.004080328428850422,0.0,0.385,0.143849775,0.003899711669949375,0.14346272032232155,0.14423682967767848,0.0003870546776784667,0.0,80.625,27.85792,108.45931702360001,27.79337100215512,27.92246899784488,0.06454899784488077,0.0,645.0,222.86336,6941.3962895104005,222.34696801724095,223.37975198275905,0.5163919827590462,0.0,1.0,0.532575,0.09143136937499999,0.5307008528643914,0.5344491471356086,0.0018741471356086281,0.14846,0.14626150335080354,0.15067890684643057
T-traverse_p_qa-W-20-HS-greedy-D-8-C-5-H-5-RUNS-100000.csv,traverse_p_qa,20,greedy,8,5,5,100000,2.0,143.0,49.59364,474.5188115504,49.45862476136184,49.72865523863816,0.1350152386381609,5.0,8.0,7.89524,0.1040453424,7.893240748671718,7.8972392513282825,0.00199925132828227,0.0,0.33,0.11565692500000001,0.0027303921370443753,0.11533305659410542,0.1159807934058946,0.00032386840589458676,0.0,94.5,28.27020375,144.30949352723596,28.19574709480154,28.34466040519846,0.07445665519846045,0.0,756.0,226.16163,9235.807585743101,225.56597675841232,226.7572832415877,0.5956532415876836,0.0,1.0,0.510956,0.08196716606400001,0.5091814998868653,0.5127305001131346,0.001774500113134625,0.09977,0.09791914329197261,0.10164410678518251
T-traverse_p_qa-W-20-HS-greedy-D-9-C-5-H-1-RUNS-100000.csv,traverse_p_qa,20,greedy,9,5,1,100000,1.0,139.0,29.50378,302.47478571159996,29.395984492821373,29.611575507178625,0.10779550717862563,1.0,9.0,7.71443,2.1974997750999994,7.705242010483232,7.723617989516768,0.009187989516767914,0.0,0.3825,0.10471075,0.0035902089594375,0.10433937220396779,0.10508212779603222,0.00037137779603221843,0.0,49.333333333333336,19.42691,59.62365612350494,19.379050806801196,19.474769193198803,0.047859193198803496,0.0,444.0,174.84219,4829.5161460039,174.41145726121073,175.27292273878925,0.4307327387892599,0.0,1.0,0.5306,0.24906364,0.5275067769569202,0.5336932230430798,0.003093223043079796,0.5306,0.5275009837597165,0.5336972411534726
T-traverse_p_qa-W-20-HS-greedy-D-9-C-5-H-2-RUNS-100000.csv,traverse_p_qa,20,greedy,9,5,2,100000,2.0,138.0,39.09547,252.08527547909998,38.9970621347513,39.193877865248695,0.09840786524869571,0.0,9.0,8.13336,2.3097551104000003,8.12394025731131,8.14277974268869,0.009419742688690391,0.0,0.38,0.148401575,0.003747775350019375,0.14802213523159619,0.14878101476840383,0.000379439768403822,0.0,59.0,22.95155777777778,55.22806865974815,22.90549649809915,22.997619057456408,0.04606127967862861,0.0,531.0,206.56402,4473.4735614396,206.14946848289233,206.97857151710767,0.41455151710766813,0.0,1.0,0.55997,0.14114359910000002,0.5576414441164048,0.5622985558835951,0.0023285558835951514,0.34945,0.34649424140216956,0.3524144927800955
T-traverse_p_qa-W-20-HS-greedy-D-9-C-5-H-3-RUNS-100000.csv,traverse_p_qa,20,greedy,9,5,3,100000,2.0,133.0,44.67674,287.2973829724,44.57168374714341,44.781796252856594,0.10505625285659193,0.0,9.0,8.48548,1.3419491696,8.478300005619825,8.492659994380176,0.0071799943801753585,0.0,0.3925,0.153917975,0.0041666835343993755,0.15351789086552642,0.1543180591344736,0.0004000841344735939,0.0,63.77777777777778,25.18969111111111,73.81742370211852,25.136439161391493,25.242943060830726,0.05325194971961622,0.0,574.0,226.70722,5979.2113198716,226.22795245252345,227.18648754747656,0.4792675474765531,0.0,1.0,0.56891,0.1057091896777778,0.5668948265011019,0.5709251734988982,0.0020151734988981262,0.24292,0.2402645119497694,0.24559040631651205
T-traverse_p_qa-W-20-HS-greedy-D-9-C-5-H-4-RUNS-100000.csv,traverse_p_qa,20,greedy,9,5,4,100000,2.0,140.0,48.78768,361.41642021760003,48.66984887847823,48.905511121521776,0.11783112152177466,0.0,9.0,8.73584,0.5327394944,8.731316094561457,8.740363905438542,0.004523905438542641,0.0,0.3875,0.145564925,0.0038296386722443754,0.1451813635326536,0.14594848646734643,0.00038356146734641605,0.0,78.66666666666667,27.149465555555555,100.57471893659137,27.087307061343836,27.211624049767273,0.06215849421171882,0.0,708.0,244.34519,8146.552233863901,243.78576355209455,244.90461644790545,0.5594264479054516,0.0,1.0,0.5553225,0.09108754599375,0.5534518800046787,0.5571931199953214,0.0018706199953213432,0.16724,0.16493166162534667,0.16956765548251565
T-traverse_p_qa-W-20-HS-greedy-D-9-C-5-H-5-RUNS-100000.csv,traverse_p_qa,20,greedy,9,5,5,100000,2.0,142.0,51.03519,475.1396516639,50.90008646615162,51.17029353384838,0.1351035338483797,6.0,9.0,8.88312,0.1163390656,8.881005932464634,8.885234067535366,0.0021140675353663596,0.0,0.34,0.119059875,0.0027263684774843757,0.1187362453174444,0.1193835046825556,0.0003236296825556012,0.0,105.11111111111111,28.72865333333333,143.94317123340247,28.654291240395448,28.803015426271212,0.0743620929378821,0.0,946.0,258.55788,11659.3968699056,257.88862116355904,259.227138836441,0.6692588364409744,0.0,1.0,0.526866,0.081412618044,0.5250975127552684,0.5286344872447315,0.0017684872447315536,0.11051,0.10857310695210051,0.11246951567616657
T-traverse_p_qa-W-20-HS-random-D-1-C-5-H-1-RUNS-100000.csv,traverse_p_qa,20,random,1,5,1,100000,1.0,144.0,22.76212,152.57787310560002,22.685560013236515,22.838679986763484,0.07655998676348474,0.0,1.0,0.89956,0.0903518064,0.8976969500826166,0.9014230499173834,0.001863049917383397,0.0,0.335,0.05216004999999999,0.0009282986839975002,0.0519712074141131,0.05234889258588688,0.00018884258588688918,0.0,142.0,20.963,154.317291,20.88600485047059,21.03999514952941,0.07699514952940945,0.0,142.0,20.963,154.317291,20.88600485047059,21.03999514952941,0.07699514952940945,0.0,1.0,0.10044,0.0903518064,0.09857695008261658,0.10230304991738343,0.0018630499173834247,0.10044,0.09858359110068429,0.10231961981030152
T-traverse_p_qa-W-20-HS-random-D-1-C-5-H-2-RUNS-100000.csv,traverse_p_qa,20,random,1,5,2,100000,2.0,131.0,25.91571,194.27078519589998,25.829320727031156,26.002099272968845,0.08638927296884447,0.0,1.0,0.96431,0.0344162239,0.9631601592904483,0.9654598407095517,0.0011498407095517083,0.0,0.3175,0.059581550000000004,0.0011850636495974998,0.059368183167612824,0.059794916832387184,0.00021336683238717957,0.0,131.0,23.98709,197.1186833319,23.9000698222314,24.074110177768596,0.08702017776859705,0.0,131.0,23.98709,197.1186833319,23.9000698222314,24.074110177768596,0.08702017776859705,0.0,1.0,0.126745,0.065153204975,0.12516293630901926,0.12832706369098074,0.0015820636909807395,0.03569,0.03454866346805283,0.03685836799651691
T-traverse_p_qa-W-20-HS-random-D-1-C-5-H-3-RUNS-100000.csv,traverse_p_qa,20,random,1,5,3,100000,2.0,132.0,28.19138,237.32413369559998,28.09589678723435,28.28686321276565,0.0954832127656502,0.0,1.0,0.97795,0.0215637975,0.9770398380118023,0.9788601619881977,0.0009101619881977108,0.0,0.305,0.06489025,0.0014244153299375001,0.06465632621045546,0.06512417378954453,0.00023392378954453785,0.0,130.0,26.23548,240.0087091696,26.13945825990194,26.33150174009806,0.09602174009805964,0.0,130.0,26.23548,240.0087091696,26.13945825990194,26.33150174009806,0.09602174009805964,0.0,1.0,0.15500666666666665,0.05775737773333332,0.15351710048048903,0.15649623285284428,0.0014895661861776266,0.02205,0.021148737013272093,0.022979130367406272
T-traverse_p_qa-W-20-HS-random-D-1-C-5-H-4-RUNS-100000.csv,traverse_p_qa,20,random,1,5,4,100000,2.0,135.0,30.27695,285.4393886975,30.17223400525133,30.38166599474867,0.10471599474866977,0.0,1.0,0.98349,0.016237419899999998,0.9827002046322759,0.984279795367724,0.0007897953677240555,0.0,0.3225,0.070010325,0.0017030398308943752,0.06975454388626476,0.07026610611373524,0.00025578111373524004,0.0,135.0,28.30997,287.8873685991,28.204805932219685,28.415134067780315,0.10516406778031495,0.0,135.0,28.30997,287.8873685991,28.204805932219685,28.415134067780315,0.10516406778031495,0.0,1.0,0.1760625,0.055830121093750004,0.17459799669446005,0.17752700330553997,0.0014645033055399603,0.01651,0.015729265702634755,0.0173189555851627
T-traverse_p_qa-W-20-HS-random-D-1-C-5-H-5-RUNS-100000.csv,traverse_p_qa,20,random,1,5,5,100000,2.0,139.0,31.38878,330.1081301116,31.276168127063052,31.50139187293695,0.11261187293694874,0.0,1.0,0.98722,0.012616671599999997,0.9865238088939194,0.9879161911060805,0.0006961911060805459,0.0,0.3275,0.07247985,0.0019354669689774999,0.07220717271990457,0.07275252728009543,0.0002726772800954319,0.0,137.0,29.41434,332.23612236440005,29.30136574241558,29.52731425758442,0.11297425758441904,0.0,137.0,29.41434,332.23612236440005,29.30136574241558,29.52731425758442,0.11297425758441904,0.0,1.0,0.19351800000000002,0.056941583676,0.1920389909133149,0.19499700908668516,0.0014790090866851346,0.01278,0.012092980563954648,0.013495490060509735
T-traverse_p_qa-W-20-HS-random-D-10-C-5-H-1-RUNS-100000.csv,traverse_p_qa,20,random,10,5,1,100000,1.0,133.0,31.95477,303.34348424710004,31.84681981106623,32.06272018893377,0.10795018893376707,0.0,10.0,7.75496,9.3487153984,7.736009003964305,7.773910996035695,0.018950996035695056,0.0,0.395,0.11748837499999999,0.0037208615523593755,0.11711030011668262,0.11786644988331736,0.0003780748833173697,0.0,53.0,19.180483,59.982588786711005,19.132479967482976,19.228486032517022,0.048003032517023314,0.0,530.0,191.80483,5998.2588786711,191.3247996748298,192.28486032517023,0.48003032517021893,0.0,1.0,0.58221,0.24324151589999993,0.579153144413811,0.585266855586189,0.0030568555861889557,0.58221,0.5791458526400552,0.5852693782883588
T-traverse_p_qa-W-20-HS-random-D-10-C-5-H-2-RUNS-100000.csv,traverse_p_qa,20,random,10,5,2,100000,2.0,131.0,38.08485,266.3469104775,37.983696735530174,38.18600326446983,0.1011532644698292,0.0,10.0,8.47576,5.457952422400001,8.461279920571387,8.490240079428611,0.014480079428611958,0.0,0.375,0.14822902500000001,0.0035497993350493747,0.1478597431411777,0.14859830685882233,0.0003692818588223179,0.0,58.4,22.17815,51.686118977499994,22.133590220527477,22.22270977947252,0.044559779472521654,0.0,584.0,221.7815,5168.61189775,221.33590220527478,222.2270977947252,0.44559779472521654,0.0,1.0,0.6315,0.14073775,0.6291747943308171,0.6338252056691828,0.002325205669182817,0.44756,0.44447467428581605,0.4506483677493363
T-traverse_p_qa-W-20-HS-random-D-10-C-5-H-3-RUNS-100000.csv,traverse_p_qa,20,random,10,5,3,100000,2.0,130.0,44.28967,295.5513212911,44.18311532127251,44.39622467872749,0.10655467872749114,0.0,10.0,9.10574,2.9573990524,9.095081133174817,9.116398866825184,0.010658866825183466,0.0,0.3875,0.15579495,0.0040148388044975005,0.15540222357166394,0.15618767642833603,0.0003927264283360432,0.0,62.8,25.114291,69.235634467319,25.06271817640369,25.165863823596315,0.0515728235963131,0.0,628.0,251.14291,6923.5634467319,250.62718176403686,251.65863823596314,0.5157282359631381,0.0,1.0,0.6174633333333333,0.11124903198888889,0.6153960300626724,0.6195306366039941,0.0020673032706608474,0.3214,0.3185056840956895,0.3243046778971822
T-traverse_p_qa-W-20-HS-random-D-10-C-5-H-4-RUNS-100000.csv,traverse_p_qa,20,random,10,5,4,100000,2.0,138.0,49.05649,359.7930188799,48.93892381177698,49.17405618822301,0.1175661882230159,0.0,10.0,9.59393,1.0389571550999999,9.587612359770427,9.600247640229574,0.006317640229573485,0.0,0.395,0.147321825,0.0037887968161693757,0.14694031429439663,0.14770333570560334,0.0003815107056033551,0.0,75.8,27.008637,99.656516302231,26.94676289612555,27.070511103874452,0.06187410387445169,0.0,758.0,270.08637,9965.6516302231,269.46762896125546,270.7051110387445,0.6187410387445311,0.0,1.0,0.585395,0.095137693975,0.5834832443535474,0.5873067556464526,0.0019117556464526286,0.21035,0.20782740834820096,0.21288940212654842
T-traverse_p_qa-W-20-HS-random-D-10-C-5-H-5-RUNS-100000.csv,traverse_p_qa,20,random,10,5,5,100000,2.0,149.0,52.69984,473.6283239744,52.564951506444025,52.83472849355598,0.13488849355597665,6.0,10.0,9.86648,0.13377240959999998,9.86421306354584,9.868746936454158,0.0022669364541592074,0.0,0.33,0.1231374,0.0027292682212399994,0.12281359825820858,0.12346120174179141,0.0003238017417914185,0.0,90.0,29.415897,140.579878385391,29.342408792727998,29.489385207272004,0.07348820727200334,0.0,900.0,294.15897,14057.9878385391,293.42408792727997,294.89385207272005,0.7348820727200405,0.0,1.0,0.5473439999999999,0.081620945664,0.5455732515004585,0.5491147484995413,0.001770748499541397,0.12487,0.12282703477161347,0.12693474997565318
T-traverse_p_qa-W-20-HS-random-D-2-C-5-H-1-RUNS-100000.csv,traverse_p_qa,20,random,2,5,1,100000,1.0,135.0,25.86167,199.30641481109998,25.774168255838052,25.949171744161948,0.08750174416194767,0.0,2.0,1.76579,0.2882556759,1.7624622935758432,1.7691177064241568,0.0033277064241568066,0.0,0.3075,0.06757465,0.0017063935523775,0.06731861716087945,0.06783068283912055,0.0002560328391205541,0.0,93.5,20.677485,100.85791157477502,20.615239056107594,20.739730943892408,0.062245943892406785,0.0,187.0,41.35497,403.43164629910007,41.23047811221519,41.479461887784815,0.12449188778481357,0.0,1.0,0.17976,0.14744634240000004,0.17738002128378458,0.18213997871621543,0.002379978716215425,0.17976,0.1773843776308001,0.18215421118428093
T-traverse_p_qa-W-20-HS-random-D-2-C-5-H-2-RUNS-100000.csv,traverse_p_qa,20,random,2,5,2,100000,2.0,125.0,30.87708,224.7195306736,30.784167000423206,30.969992999576792,0.092912999576793,0.0,2.0,1.89451,0.1349618599,1.8922330075077158,1.896786992492284,0.00227699249228408,0.0,0.35,0.084651575,0.002065171662519375,0.08436990917923479,0.08493324082076523,0.00028166582076522007,0.0,97.5,23.753995,116.05760403997499,23.687223232636843,23.820766767363157,0.06677176736315715,0.0,195.0,47.50799,464.23041615989996,47.374446465273685,47.641533534726314,0.1335435347263143,0.0,1.0,0.225685,0.10450378077499997,0.22368134902184728,0.22768865097815272,0.002003650978152721,0.08519,0.0834668019730176,0.08693730137111014
T-traverse_p_qa-W-20-HS-random-D-2-C-5-H-3-RUNS-100000.csv,traverse_p_qa,20,random,2,5,3,100000,2.0,137.0,33.81077,272.77362200709996,33.7084036409604,33.9131363590396,0.10236635903959979,0.0,2.0,1.93681,0.07937702390000001,1.9350637618289184,1.9385562381710815,0.0017462381710815489,0.0,0.3375,0.09094365,0.0023975562746775,0.09064016273198368,0.09124713726801632,0.00030348726801632253,0.0,106.0,25.829125,145.08087923437498,25.754469611335367,25.903780388664636,0.07465538866463461,0.0,212.0,51.65825,580.3235169374999,51.50893922267073,51.80756077732927,0.14931077732926923,0.0,1.0,0.26244666666666666,0.08589063604444444,0.2606301935250311,0.26426313980830224,0.0018164731416355773,0.0531,0.05171819291740546,0.054507799297005936
T-traverse_p_qa-W-20-HS-random-D-2-C-5-H-4-RUNS-100000.csv,traverse_p_qa,20,random,2,5,4,100000,2.0,125.0,34.91984,322.2396143744,34.80857833982091,35.03110166017909,0.111261660179089,0.0,2.0,1.95727,0.05040414710000001,1.9558784807888523,1.9586615192111478,0.0013915192111477737,0.0,0.3375,0.08937705,0.0025030921832975,0.08906695519302388,0.08968714480697612,0.0003100948069761217,0.0,102.0,26.58204,174.71578443840002,26.500113926159095,26.663966073840903,0.08192607384090422,0.0,204.0,53.16408,698.8631377536001,53.00022785231819,53.32793214768181,0.16385214768180845,0.0,1.0,0.2871375,0.07630893109374999,0.28542534232709205,0.28884965767290793,0.0017121576729079435,0.03798,0.03680369118414624,0.03918320243362198
T-traverse_p_qa-W-20-HS-random-D-2-C-5-H-5-RUNS-100000.csv,traverse_p_qa,20,random,2,5,5,100000,2.0,143.0,36.82387,399.31100822310003,36.700015522116075,36.947724477883924,0.12385447788392412,0.0,2.0,1.97327,0.026715507100000004,1.9722569339010936,1.9742830660989066,0.001013066098906501,0.0,0.3525,0.08531325000000001,0.0023130913744375,0.085015156527679,0.08561134347232101,0.00029809347232100103,0.0,120.0,28.395465,223.885514933775,28.302724577628222,28.48820542237178,0.09274042237177937,0.0,240.0,56.79093,895.5420597351,56.605449155256444,56.97641084474356,0.18548084474355875,0.0,1.0,0.29783800000000005,0.069776925756,0.29620076135525625,0.29947523864474385,0.0016372386447437992,0.02638,0.025395455475866458,0.027392142804916458
T-traverse_p_qa-W-20-HS-random-D-3-C-5-H-1-RUNS-100000.csv,traverse_p_qa,20,random,3,5,1,100000,1.0,126.0,27.78763,226.5570089831,27.694337909997177,27.880922090002823,0.0932920900028229,0.0,3.0,2.59887,0.6399647231,2.593911685286046,2.6038283147139536,0.004958314713953804,0.0,0.345,0.0777301,0.00216555142899,0.07744167007142794,0.07801852992857206,0.0002884299285720593,0.0,75.66666666666667,20.422813333333334,82.43725110737778,20.366538032902852,20.479088633763816,0.05627530043048168,0.0,227.0,61.26844,741.9352599663999,61.09961409870855,61.43726590129145,0.1688259012914486,0.0,1.0,0.2491,0.18704918999999998,0.2464193878156212,0.25178061218437875,0.002680612184378761,0.2491,0.24642174347537657,0.2517928158627473
T-traverse_p_qa-W-20-HS-random-D-3-C-5-H-2-RUNS-100000.csv,traverse_p_qa,20,random,3,5,2,100000,2.0,134.0,33.956,235.89340399999998,33.8608050368556,34.051194963144404,0.0951949631444009,0.0,3.0,2.79559,0.33000655190000006,2.7920294478380745,2.799150552161925,0.003560552161925301,0.0,0.3475,0.1029296,0.0026186009438400005,0.10261243100110735,0.10324676899889264,0.00031716899889264183,0.0,81.66666666666667,23.806166666666666,86.87381308333333,23.748396913305506,23.863936420027827,0.057769753361160525,0.0,245.0,71.4185,781.86431775,71.24519073991651,71.59180926008348,0.17330926008348513,0.0,1.0,0.307895,0.12749316897499996,0.30568190768847214,0.3101080923115278,0.002213092311527831,0.13669,0.1345664397692092,0.1388346560000673
T-traverse_p_qa-W-20-HS-random-D-3-C-5-H-3-RUNS-100000.csv,traverse_p_qa,20,random,3,5,3,100000,2.0,133.0,37.51496,285.6107761984,37.410212572449545,37.61970742755046,0.10474742755045696,0.0,3.0,2.87448,0.1951047296,2.871742274065522,2.877217725934478,0.0027377259344780747,0.0,0.34,0.10954445,0.0029805942241974996,0.10920606780821566,0.10988283219178434,0.0003383821917843366,0.0,85.33333333333333,26.0049,114.21334265666667,25.93866088941193,26.071139110588067,0.06623911058806797,0.0,256.0,78.0147,1027.9200839100001,77.81598266823579,78.21341733176422,0.19871733176421458,0.0,1.0,0.34582333333333326,0.10072066656666667,0.3438562834796628,0.3477903831870037,0.001967049853670466,0.08984,0.08807459466345714,0.09162923632869485
T-traverse_p_qa-W-20-HS-random-D-3-C-5-H-4-RUNS-100000.csv,traverse_p_qa,20,random,3,5,4,100000,2.0,131.0,39.61491,347.03823569189996,39.49944649553933,39.73037350446067,0.11546350446067066,0.0,3.0,2.92373,0.1031528871,2.921739341488142,2.925720658511858,0.00199065851185809,0.0,0.3525,0.10659650000000001,0.00300971243775,0.10625646895287548,0.10693653104712454,0.00034003104712453103,0.0,93.66666666666667,27.43698333333333,148.64575112194444,27.361416308943717,27.512550357722944,0.07556702438961338,0.0,281.0,82.31095,1337.8117600975002,82.08424892683117,82.53765107316885,0.22670107316884014,0.0,1.0,0.3617175,0.08642107519375,0.3598954264491676,0.36353957355083244,0.0018220735508324148,0.0618,0.060315308584447995,0.06331016933105084
T-traverse_p_qa-W-20-HS-random-D-3-C-5-H-5-RUNS-100000.csv,traverse_p_qa,20,random,3,5,5,100000,2.0,139.0,40.61983,425.8949007710999,40.491919177518,40.747740822482,0.1279108224820007,1.0,3.0,2.96164,0.0380285104,2.960431321690636,2.962848678309364,0.0012086783093638864,0.0,0.32,0.09422805000000001,0.0024512495931975,0.09392118324655109,0.09453491675344892,0.00030686675344891723,0.0,113.66666666666667,28.232273333333332,183.87830909862225,28.148226506371614,28.31632016029505,0.08404682696171761,0.0,341.0,84.69682,1654.9047818876,84.44467951911486,84.94896048088515,0.25214048088514573,0.0,1.0,0.3598160000000001,0.07411484614399999,0.35812863639678116,0.361503363603219,0.0016873636032189165,0.03779,0.03661654710863124,0.038990357928577635
T-traverse_p_qa-W-20-HS-random-D-4-C-5-H-1-RUNS-100000.csv,traverse_p_qa,20,random,4,5,1,100000,1.0,127.0,29.28663,247.80591324309998,29.189060988714925,29.384199011285073,0.09756901128507423,0.0,4.0,3.40133,1.1801842311,3.3945966533267673,3.408063346673233,0.006733346673232887,0.0,0.35,0.08628264999999999,0.0025084589339775002,0.08597222294188862,0.08659307705811135,0.00031042705811136495,0.0,81.5,20.2562375,74.09195671859375,20.202886618008215,20.309588381991787,0.05335088199178628,0.0,326.0,81.02495,1185.4713074975,80.81154647203286,81.23835352796715,0.21340352796714512,0.0,1.0,0.31193,0.21462967509999994,0.30905855200314514,0.31480144799685483,0.002871447996854848,0.31193,0.3090590924056625,0.3148118192171737
T-traverse_p_qa-W-20-HS-random-D-4-C-5-H-2-RUNS-100000.csv,traverse_p_qa,20,random,4,5,2,100000,2.0,135.0,35.01131,239.78986208389998,34.91533204762647,35.10728795237353,0.09597795237353068,0.0,4.0,3.67074,0.6488878523999999,3.6657472376645988,3.675732762335401,0.004992762335401135,0.0,0.3875,0.113509575,0.0029581209458193754,0.11317247089997362,0.11384667910002638,0.0003371041000263808,0.0,71.5,23.1194575,70.81161303069375,23.067301015013115,23.171613984986884,0.05215648498688452,0.0,286.0,92.47783,1132.9858084911,92.26920406005246,92.68645593994754,0.20862593994753809,0.0,1.0,0.372735,0.140311119775,0.370413321301886,0.375056678698114,0.0023216786981140047,0.18575,0.18334372675969346,0.18817451371685678
T-traverse_p_qa-W-20-HS-random-D-4-C-5-H-3-RUNS-100000.csv,traverse_p_qa,20,random,4,5,3,100000,2.0,131.0,39.01517,282.8871998711,38.9109232030696,39.119416796930395,0.10424679693039707,0.0,4.0,3.7929,0.37970959000000004,3.7890807168723124,3.7967192831276875,0.003819283127687534,0.0,0.3625,0.12122405,0.0033487039515975006,0.12086538049892057,0.12158271950107943,0.00035866950107943385,0.0,81.0,25.4203,95.80245791000002,25.359634134613685,25.480965865386317,0.06066586538631569,0.0,324.0,101.6812,1532.8393265600002,101.43853653845474,101.92386346154527,0.24266346154526275,0.0,1.0,0.40965666666666667,0.10958252656666666,0.4076049058763733,0.41170842745696,0.0020517607902933443,0.12907,0.12699774605190256,0.1311637938172287
T-traverse_p_qa-W-20-HS-random-D-4-C-5-H-4-RUNS-100000.csv,traverse_p_qa,20,random,4,5,4,100000,2.0,132.0,42.52683,357.4676801511,42.40964434217155,42.64401565782844,0.11718565782844337,0.0,4.0,3.88479,0.17621665589999996,3.8821881662134077,3.8873918337865927,0.002601833786592511,0.0,0.3575,0.118646175,0.0033266244703693748,0.1182886898875076,0.11900366011249242,0.0003574851124924089,0.0,86.5,27.6033175,128.60748861919376,27.533028202928573,27.673606797071425,0.07028929707142595,0.0,346.0,110.41327,2057.7198179071,110.1321128117143,110.6944271882857,0.2811571882857038,0.0,1.0,0.4187,0.09098780999999999,0.4168304043996201,0.42056959560037993,0.0018695956003799141,0.08611,0.08437833257840538,0.08786571686267451
T-traverse_p_qa-W-20-HS-random-D-4-C-5-H-5-RUNS-100000.csv,traverse_p_qa,20,random,4,5,5,100000,2.0,146.0,44.34909,447.49654617190004,44.217975442006846,44.48020455799315,0.13111455799315053,1.0,4.0,3.94881,0.0507895839,3.9474131704989146,3.9502068295010853,0.0013968295010853282,0.0,0.3525,0.10353217499999999,0.0025907754272693753,0.1032166956364689,0.10384765436353108,0.00031547936353108763,0.0,110.5,29.21765,174.29916847750002,29.135821662266476,29.29947833773352,0.08182833773352272,0.0,442.0,116.8706,2788.7866956400003,116.5432866490659,117.19791335093409,0.32731335093409086,0.0,1.0,0.406758,0.07722912943600001,0.40503554993209867,0.40848045006790135,0.0017224500679013377,0.05009,0.048746101456842265,0.05146006928739969
T-traverse_p_qa-W-20-HS-random-D-5-C-5-H-1-RUNS-100000.csv,traverse_p_qa,20,random,5,5,1,100000,1.0,136.0,30.2652,263.27428896000004,30.164631888330906,30.365768111669095,0.1005681116690944,0.0,5.0,4.18424,1.9276156224,4.175634694558,4.192845305442,0.008605305441999889,0.0,0.3525,0.093039675,0.002773083688394375,0.09271328446249415,0.09336606553750586,0.0003263905375058551,0.0,69.0,20.03027,69.0716481271,19.97875828837584,20.081781711624163,0.051511711624161904,0.0,345.0,100.15135,1726.7912031775002,99.89379144187919,100.4089085581208,0.25755855812080597,0.0,1.0,0.36472,0.23169932159999998,0.36173655213912065,0.36770344786087933,0.0029834478608793402,0.36472,0.3617355657477953,0.3677122823767111
T-traverse_p_qa-W-20-HS-random-D-5-C-5-H-2-RUNS-100000.csv,traverse_p_qa,20,random,5,5,2,100000,2.0,146.0,35.98685,249.67523707750001,35.88891367421855,36.084786325781444,0.09793632578144695,0.0,5.0,4.5204,1.07856384,4.513963066842242,4.5268369331577585,0.006436933157758062,0.0,0.3725,0.12286615,0.0032317073091775,0.12251380178020974,0.12321849821979025,0.00035234821979025777,0.0,68.6,22.771294000000005,65.747085965564,22.721037258616853,22.821550741383156,0.05025674138315139,0.0,343.0,113.85647,1643.6771491391,113.60518629308423,114.10775370691577,0.2512837069157712,0.0,1.0,0.432625,0.148088109375,0.43023984742422,0.43501015257577996,0.0023851525757799807,0.23788,0.2352436350779384,0.24053157592958485
T-traverse_p_qa-W-20-HS-random-D-5-C-5-H-3-RUNS-100000.csv,traverse_p_qa,20,random,5,5,3,100000,2.0,132.0,40.26363,284.8352292231,40.15902488460962,40.36823511539038,0.10460511539037753,0.0,5.0,4.70359,0.6195111119,4.6987115638904715,4.708468436109529,0.00487843610952865,0.0,0.3775,0.130560975,0.0035963299945493753,0.1301892807532452,0.13093266924675478,0.000371694246754789,0.0,80.6,25.050606000000002,85.516160232764,24.99328943335909,25.107922566640912,0.05731656664091034,0.0,403.0,125.25303,2137.9040058191003,124.96644716679545,125.53961283320454,0.28658283320454814,0.0,1.0,0.4611766666666666,0.1133238599,0.45909017453825623,0.463263158795077,0.0020864921284103888,0.16499,0.16269423717351308,0.16730521085149416
T-traverse_p_qa-W-20-HS-random-D-5-C-5-H-4-RUNS-100000.csv,traverse_p_qa,20,random,5,5,4,100000,2.0,136.0,43.79902,367.7380270396,43.680162841836285,43.91787715816371,0.11885715816371345,0.0,5.0,4.84564,0.2586529904,4.842487792316613,4.848792207683387,0.003152207683386976,0.0,0.3725,0.1248914,0.0035521727060399996,0.12452199471217207,0.12526080528782793,0.00036940528782793136,0.0,87.0,27.104387999999997,123.949462345456,27.03538334403054,27.173392655969455,0.06900465596945793,0.0,435.0,135.52194,3098.7365586364,135.17691672015272,135.86696327984728,0.34502327984728254,0.0,1.0,0.45997,0.0937213491,0.4580725281696358,0.4618674718303642,0.0018974718303642057,0.10802,0.1061025086149568,0.10996025941552129
T-traverse_p_qa-W-20-HS-random-D-5-C-5-H-5-RUNS-100000.csv,traverse_p_qa,20,random,5,5,5,100000,2.0,137.0,46.21958,456.58774462360003,46.087140297503126,46.352019702496875,0.13243970249687465,2.0,5.0,4.93448,0.06502712960000001,4.9328994677444875,4.936060532255512,0.0015805322555122459,0.0,0.3275,0.107792225,0.002639838542049375,0.1074737724329961,0.1081106775670039,0.000318452567003899,0.0,102.2,29.243192,165.065716051136,29.163560570602932,29.32282342939707,0.07963142939706813,0.0,511.0,146.21596,4126.6429012784,145.81780285301465,146.61411714698534,0.39815714698534066,0.0,1.0,0.438448,0.07982015129600001,0.4366968943686382,0.44019910563136183,0.0017511056313618267,0.06364,0.062134686854022826,0.06517068255857898
T-traverse_p_qa-W-20-HS-random-D-6-C-5-H-1-RUNS-100000.csv,traverse_p_qa,20,random,6,5,1,100000,1.0,137.0,30.91817,274.53087385109995,30.815474439970057,31.020865560029943,0.10269556002994307,0.0,6.0,4.94445,2.8543841975,4.933978418298501,4.954921581701498,0.010471581701498422,0.0,0.365,0.09916717499999998,0.0030151870900193747,0.0988268348359726,0.09950751516402737,0.00034034016402738343,0.0,65.66666666666667,19.810405,66.05602012486389,19.760030323136352,19.860779676863647,0.050374676863647494,0.0,394.0,118.86243,2378.0167244951,118.56018193881813,119.16467806118187,0.30224806118187075,0.0,1.0,0.41817,0.2433038511000001,0.4151127527506174,0.4212272472493826,0.003057247249382611,0.41817,0.4151102190428242,0.4212345279833291
T-traverse_p_qa-W-20-HS-random-D-6-C-5-H-2-RUNS-100000.csv,traverse_p_qa,20,random,6,5,2,100000,2.0,142.0,37.19464,264.26311527039996,37.09388320451588,37.295396795484116,0.10075679548411642,0.0,6.0,5.34359,1.6696959119,5.33558106510505,5.35159893489495,0.008008934894950137,0.0,0.3875,0.1307351,0.0034107533779900003,0.13037312278832933,0.13109707721167066,0.00036197721167066654,0.0,65.16666666666667,22.77565333333333,63.95648635093333,22.726085678762455,22.825220987904206,0.04956765457087542,0.0,391.0,136.65392,2302.4335086336,136.35651407257475,136.95132592742524,0.2974059274252454,0.0,1.0,0.484625,0.15113610937500002,0.48221542643238474,0.4870345735676152,0.0024095735676152308,0.28737,0.28456640543194944,0.2901859318106726
T-traverse_p_qa-W-20-HS-random-D-6-C-5-H-3-RUNS-100000.csv,traverse_p_qa,20,random,6,5,3,100000,2.0,138.0,41.97553,295.5694312191,41.8689720567498,42.0820879432502,0.10655794325020196,0.0,6.0,5.59563,0.9533349030999999,5.589578280109135,5.601681719890864,0.006051719890864504,0.0,0.385,0.13814885000000002,0.0037704749936775,0.13776826286496113,0.1385294371350389,0.00038058713503888453,0.0,73.5,25.432031666666663,85.34648725010835,25.37477198928196,25.489291344051367,0.05725967738470317,0.0,441.0,152.59219,3072.4735410039,152.24863193569178,152.9357480643082,0.3435580643082119,0.0,1.0,0.5021466666666666,0.11561983626666664,0.5000391440380763,0.504254189295257,0.0021075226285903748,0.20163,0.19914695489578513,0.2041303623784995
T-traverse_p_qa-W-20-HS-random-D-6-C-5-H-4-RUNS-100000.csv,traverse_p_qa,20,random,6,5,4,100000,2.0,136.0,45.33921,362.4814265759,45.22120539634684,45.45721460365316,0.11800460365316212,0.0,6.0,5.80018,0.3721519676000001,5.796398916823539,5.803961083176461,0.0037810831764613084,0.0,0.3725,0.131567025,0.0036541858701493756,0.1311923528708155,0.13194169712918452,0.00037467212918451676,0.0,78.66666666666667,27.16599166666667,113.4247648221528,27.09998162375343,27.23200170957991,0.0660100429132413,0.0,472.0,162.99595,4083.2915335975,162.59988974252056,163.39201025747943,0.39606025747943363,0.0,1.0,0.49289,0.09523444790000002,0.49097727248398354,0.49480272751601645,0.0019127275160164547,0.13028,0.12819944403274286,0.13238202530117762
T-traverse_p_qa-W-20-HS-random-D-6-C-5-H-5-RUNS-100000.csv,traverse_p_qa,20,random,6,5,5,100000,2.0,143.0,47.83988,466.2003215856001,47.70605342732465,47.973706572675354,0.13382657267535336,3.0,6.0,5.92109,0.07850321190000001,5.919353400049421,5.92282659995058,0.0017365999505791763,0.0,0.3225,0.11169065,0.0026972535775775,0.11136875297696901,0.112012547023031,0.0003218970230309953,0.0,99.33333333333333,29.034981666666663,156.00122822744166,28.957567564698188,29.11239576863514,0.07741410196847553,0.0,596.0,174.20989,5616.0442161879,173.74540538818914,174.67437461181086,0.4644846118108603,0.0,1.0,0.468158,0.08048208703599999,0.4663996485403723,0.46991635145962773,0.001758351459627716,0.07605,0.07441437159161031,0.07771026783489154
T-traverse_p_qa-W-20-HS-random-D-7-C-5-H-1-RUNS-100000.csv,traverse_p_qa,20,random,7,5,1,100000,1.0,137.0,31.42397,282.3728994391,31.319818008637125,31.528121991362877,0.10415199136287612,0.0,7.0,5.66928,4.1082042816,5.656717326093465,5.681842673906535,0.012562673906534982,0.0,0.3675,0.10462252500000002,0.003201922825124375,0.10427180421753914,0.10497324578246091,0.00035072078246088656,0.0,53.0,19.638738571428572,63.83578467002245,19.589217712148027,19.688259430709117,0.04952085928054473,0.0,371.0,137.47117,3127.9534488311006,137.12452398503618,137.81781601496382,0.34664601496382375,0.0,1.0,0.46793,0.24897151510000004,0.4648373490782047,0.47102265092179535,0.003092650921795337,0.46793,0.46483337358018795,0.4710284867810553
T-traverse_p_qa-W-20-HS-random-D-7-C-5-H-2-RUNS-100000.csv,traverse_p_qa,20,random,7,5,2,100000,2.0,133.0,37.70562,261.4070404156,37.60540915794883,37.80583084205118,0.10021084205117603,0.0,7.0,6.14702,2.4210451195999996,6.137375993088216,6.156664006911785,0.009644006911784686,0.0,0.3825,0.13738112500000002,0.0034899725562343746,0.13701496822248485,0.1377472817775152,0.00036615677751516973,0.0,59.0,22.772787142857144,58.518885133875514,22.725373416033545,22.820200869680743,0.047413726823599234,0.0,413.0,159.40951,2867.4253715599,159.07761391223482,159.7414060877652,0.33189608776518753,0.0,1.0,0.52735,0.15065697750000004,0.5249442488807775,0.5297557511192225,0.0024057511192224768,0.33016,0.32724524635270097,0.3330846072477761
T-traverse_p_qa-W-20-HS-random-D-7-C-5-H-3-RUNS-100000.csv,traverse_p_qa,20,random,7,5,3,100000,2.0,153.0,42.7761,290.20908879,42.670512726358915,42.881687273641084,0.10558727364108478,0.0,7.0,6.48229,1.3451863559000001,6.4751013506798385,6.489478649320161,0.007188649320161389,0.0,0.41,0.14363655,0.0038632767540975003,0.14325130768692237,0.14402179231307763,0.00038524231307762724,0.0,67.57142857142857,25.429655714285715,75.46216229371224,25.375813774994164,25.483497653577267,0.053841939291551455,0.0,473.0,178.00759,3697.6459523918998,177.63069642495913,178.38448357504086,0.3768935750408673,0.0,1.0,0.53747,0.11583822132222221,0.5353604879449706,0.5395795120550294,0.0021095120550294055,0.2344,0.2317771360727677,0.23703827707867728
T-traverse_p_qa-W-20-HS-random-D-7-C-5-H-4-RUNS-100000.csv,traverse_p_qa,20,random,7,5,4,100000,2.0,151.0,47.15113,370.6583897231001,47.03180182772035,47.27045817227965,0.11932817227965131,0.0,7.0,6.7477,0.51952471,6.743232555399408,6.752167444600592,0.004467444600591897,0.0,0.375,0.13946955,0.0038216664977974994,0.13908638797137582,0.13985271202862418,0.0003831620286241788,0.0,79.0,27.619115714285712,115.0580820588551,27.55263209765445,27.685599330916975,0.06648361663126323,0.0,553.0,193.33381,5637.8460208839,192.86842468358114,193.79919531641886,0.4653853164188604,0.0,1.0,0.523935,0.09600711577500003,0.5220145288704039,0.5258554711295962,0.0019204711295961463,0.15269,0.15046576459622676,0.1549343993157715
T-traverse_p_qa-W-20-HS-random-D-7-C-5-H-5-RUNS-100000.csv,traverse_p_qa,20,random,7,5,5,100000,2.0,138.0,49.30505,471.5783744975001,49.17045373394966,49.439646266050346,0.13459626605034458,4.0,7.0,6.90712,0.09257330559999999,6.905234185558458,6.909005814441542,0.001885814441542344,0.0,0.325,0.115192975,0.0027273336981493753,0.11486928803494255,0.11551666196505746,0.0003236869650574542,0.0,95.42857142857143,29.163607142857146,152.67402433545917,29.08702303668053,29.24019124903376,0.0765841061766146,0.0,668.0,204.14525,7481.0271924375,203.6091612567637,204.6813387432363,0.5360887432362915,0.0,1.0,0.49040199999999995,0.081886278396,0.48862837566805684,0.49217562433194306,0.0017736243319431133,0.08881,0.08705381662191493,0.09059007467772033
T-traverse_p_qa-W-20-HS-random-D-8-C-5-H-1-RUNS-100000.csv,traverse_p_qa,20,random,8,5,1,100000,1.0,130.0,31.67092,289.4947263536,31.56546276028835,31.776377239711646,0.10545723971164733,0.0,8.0,6.38635,5.554363677499999,6.371742589721828,6.400957410278172,0.01460741027817214,0.0,0.38,0.1092696,0.00339614564084,0.10890839876669851,0.10963080123330148,0.0003612012333014808,0.0,56.625,19.43392875,62.233213183673435,19.385033442273553,19.482824057726447,0.0488953077264469,0.0,453.0,155.47143,3982.9256437551,155.08026753818842,155.86259246181157,0.3911624618115752,0.0,1.0,0.50908,0.24991755359999998,0.5059814789432541,0.5121785210567459,0.0030985210567459065,0.50908,0.5059763101587054,0.5121831631186095
T-traverse_p_qa-W-20-HS-random-D-8-C-5-H-2-RUNS-100000.csv,traverse_p_qa,20,random,8,5,2,100000,2.0,148.0,37.61386,264.10555590039996,37.51313324568185,37.714586754318155,0.1007267543181527,0.0,8.0,6.93566,3.2966603644000005,6.924406355943128,6.946913644056873,0.01125364405687268,0.0,0.3925,0.141026125,0.003541511629984375,0.14065727447366516,0.14139497552633484,0.0003688505263348407,0.0,60.0,22.25877875,55.304141214798435,22.212685758245204,22.3048717417548,0.0460929917547972,0.0,480.0,178.07023,3539.4650377471,177.70148606596163,178.4389739340384,0.3687439340383776,0.0,1.0,0.565985,0.14938347977500002,0.5635894383207614,0.5683805616792386,0.0023955616792386003,0.37346,0.3704606164791104,0.37646672452425234
T-traverse_p_qa-W-20-HS-random-D-8-C-5-H-3-RUNS-100000.csv,traverse_p_qa,20,random,8,5,3,100000,2.0,126.0,43.19572,295.5179536816,43.08917133642963,43.30226866357037,0.10654866357037207,0.0,8.0,7.36429,1.8182227959,7.355932437740148,7.372647562259851,0.008357562259851292,0.0,0.39,0.147805675,0.003934471250294376,0.14741689916799483,0.14819445083200516,0.0003887758320051671,0.0,66.625,25.0520725,75.48906251724375,24.998220964964663,25.10592403503534,0.05385153503533857,0.0,533.0,200.41658,4831.3000011036,199.9857677197173,200.84739228028272,0.43081228028270857,0.0,1.0,0.56853,0.1141836391,0.5664356078018514,0.5706243921981485,0.0020943921981485536,0.2642,0.261469154073213,0.26694452839172933
T-traverse_p_qa-W-20-HS-random-D-8-C-5-H-4-RUNS-100000.csv,traverse_p_qa,20,random,8,5,4,100000,2.0,139.0,47.80721,366.1277420159,47.688613358659346,47.92580664134065,0.11859664134065184,0.0,8.0,7.70357,0.6566592551,7.698547428751732,7.708592571248268,0.00502257124826766,0.0,0.3925,0.141654975,0.003778063120249375,0.14127400508934101,0.14203594491065896,0.0003809699106589737,0.0,77.5,27.25565125,105.92225009462344,27.191861680636073,27.319440819363926,0.06378956936392655,0.0,620.0,218.04521,6779.0240060559,217.53489344508858,218.5555265549114,0.5103165549114124,0.0,1.0,0.5463075,0.09539999044375001,0.5443931107937812,0.5482218892062187,0.0019143892062187806,0.17106,0.168730655510783,0.17340843935312045
T-traverse_p_qa-W-20-HS-random-D-8-C-5-H-5-RUNS-100000.csv,traverse_p_qa,20,random,8,5,5,100000,2.0,154.0,50.87632,481.54048325760004,50.740309488623765,51.012330511376234,0.13601051137623443,5.0,8.0,7.89451,0.1050418599,7.892501197349186,7.896518802650815,0.0020088026508142676,0.0,0.35,0.11891545,0.0027726312512975,0.11858908608938817,0.11924181391061184,0.0003263639106118321,0.0,99.125,29.510145,152.304603016475,29.433653604212758,29.586636395787245,0.07649139578724373,0.0,793.0,236.08116,9747.4945930544,235.46922883370206,236.69309116629796,0.6119311662979499,0.0,1.0,0.5099980000000001,0.08202163999600001,0.5082229103340715,0.5117730896659286,0.001775089665928542,0.10034,0.09848441815437488,0.1022187986021425
T-traverse_p_qa-W-20-HS-random-D-9-C-5-H-1-RUNS-100000.csv,traverse_p_qa,20,random,9,5,1,100000,1.0,127.0,31.89907,292.6619431351,31.793037452131536,32.00510254786846,0.1060325478684625,0.0,9.0,7.09663,7.2202326431,7.079975497389075,7.1132845026109255,0.01665450261092527,0.0,0.375,0.113889375,0.003541186199609375,0.11352054142093732,0.11425820857906269,0.00036883357906268566,0.0,55.0,19.33099222222222,60.6067329142605,19.28274009012804,19.379244354316402,0.048252132094180666,0.0,495.0,173.97893,4909.1453660551,173.54466081115237,174.4131991888476,0.43426918884762244,0.0,1.0,0.54612,0.24787294560000003,0.5430341796750022,0.5492058203249979,0.0030858203249978233,0.54612,0.5430279359962872,0.5492093885978598
T-traverse_p_qa-W-20-HS-random-D-9-C-5-H-2-RUNS-100000.csv,traverse_p_qa,20,random,9,5,2,100000,2.0,135.0,38.49421,271.7525864759,38.39203540745343,38.59638459254658,0.10217459254657513,0.0,9.0,7.72962,4.2162346556,7.716893222303759,7.74234677769624,0.012726777696240532,0.0,0.4075,0.1457401,0.0035677345019900003,0.1453698864283573,0.14611031357164272,0.0003702135716427135,0.0,61.111111111111114,22.626632222222224,55.61906823091234,22.580408179504623,22.672856264939824,0.04622404271760061,0.0,550.0,203.63969,4505.1445267039,203.22367361554157,204.05570638445843,0.41601638445843037,0.0,1.0,0.59934,0.14566156440000003,0.5969744694764196,0.6017055305235803,0.0023655305235803503,0.4104,0.40734882427750946,0.4134563735236768
T-traverse_p_qa-W-20-HS-random-D-9-C-5-H-3-RUNS-100000.csv,traverse_p_qa,20,random,9,5,3,100000,2.0,143.0,43.79168,297.7997627776,43.68472077558778,43.89863922441222,0.10695922441222194,0.0,9.0,8.23946,2.3465789084,8.229965466028018,8.24895453397198,0.009494533971981411,0.0,0.3975,0.15195635,0.0039966974446775,0.15156451185862688,0.1523481881413731,0.0003918381413731131,0.0,64.55555555555556,25.06936,74.37717067188149,25.01590653062213,25.12281346937787,0.05345346937787099,0.0,581.0,225.62424,6024.5508244224,225.14315877559915,226.10532122440083,0.4810812244008389,0.0,1.0,0.59368,0.1132840576,0.5915938743190398,0.5957661256809602,0.002086125680960227,0.29338,0.29055902927932703,0.2962129590779064
T-traverse_p_qa-W-20-HS-random-D-9-C-5-H-4-RUNS-100000.csv,traverse_p_qa,20,random,9,5,4,100000,2.0,130.0,49.21455,360.97329829750004,49.096791135249205,49.3323088647508,0.11775886475079744,0.0,9.0,8.64992,0.8376039936000002,8.644247487768357,8.655592512231642,0.005672512231642557,0.0,0.3925,0.14728695,0.0037944441096975003,0.14690515507478735,0.14766874492521265,0.00038179492521264735,0.0,79.0,27.84816888888889,103.76452607913086,27.785032385708433,27.911305392069345,0.0631365031804556,0.0,711.0,250.63352,8404.9266124096,250.0652914713759,251.2017485286241,0.568228528624104,0.0,1.0,0.567805,0.094747481975,0.5658971689625254,0.5697128310374746,0.0019078310374746055,0.19133,0.18889602512779854,0.1937818909056045
T-traverse_p_qa-W-20-HS-random-D-9-C-5-H-5-RUNS-100000.csv,traverse_p_qa,20,random,9,5,5,100000,2.0,154.0,51.54762,472.8985523356,51.41283546532883,51.68240453467117,0.13478453467116935,6.0,9.0,8.88148,0.11707300959999999,8.879359274478675,8.883600725521324,0.0021207255213244736,0.0,0.345,0.1201391,0.00272135677619,0.11981576790769533,0.12046243209230467,0.0003233320923046734,0.0,93.33333333333333,29.01034222222222,138.7043893347358,28.937345867377044,29.083338577067398,0.07299635484517708,0.0,840.0,261.09308,11235.055536113601,260.4361128063934,261.7500471936066,0.6569671936065902,0.0,1.0,0.5311560000000001,0.08173490366399999,0.5293840157847328,0.5329279842152673,0.0017719842152672527,0.11247,0.11051805470774108,0.11444445349368482
T-traverse_p_qa-W-20-HS-weighted-D-1-C-5-H-1-RUNS-100000.csv,traverse_p_qa,20,weighted,1,5,1,100000,1.0,127.0,22.6346,149.39458284,22.55884287297962,22.710357127020377,0.07575712702037762,0.0,1.0,0.91278,0.0796126716,0.911031171708776,0.9145288282912241,0.001748828291224025,0.0,0.3125,0.051792325,0.000900344383594375,0.05160634750179078,0.05197830249820922,0.00018597749820922077,0.0,127.0,20.80904,149.8463942784,20.73316840398015,20.884911596019847,0.07587159601984794,0.0,127.0,20.80904,149.8463942784,20.73316840398015,20.884911596019847,0.07587159601984794,0.0,1.0,0.08722,0.0796126716,0.08547117170877597,0.08896882829122404,0.0017488282912240388,0.08722,0.0854781930727232,0.08898579134526359
T-traverse_p_qa-W-20-HS-weighted-D-1-C-5-H-2-RUNS-100000.csv,traverse_p_qa,20,weighted,1,5,2,100000,2.0,123.0,25.98762,190.02528673560002,25.90217989574424,26.07306010425576,0.08544010425575976,0.0,1.0,0.96681,0.03208842390000001,0.9656997257579577,0.9679202742420422,0.0011102742420422418,0.0,0.2875,0.059733024999999995,0.001157177661849375,0.05952218350252474,0.05994386649747525,0.00021084149747525177,0.0,123.0,24.054,192.49792399999998,23.968005812705833,24.139994187294164,0.08599418729416541,0.0,123.0,24.054,192.49792399999998,23.968005812705833,24.139994187294164,0.08599418729416541,0.0,1.0,0.109095,0.059240780975,0.10758642655401349,0.11060357344598651,0.0015085734459865108,0.03319,0.032088302079139625,0.034318880461569334
T-traverse_p_qa-W-20-HS-weighted-D-1-C-5-H-3-RUNS-100000.csv,traverse_p_qa,20,weighted,1,5,3,100000,2.0,130.0,28.10293,234.9104754151,28.00793357468017,28.19792642531983,0.09499642531983099,0.0,1.0,0.97957,0.0200126151,0.9786931849558308,0.9804468150441693,0.0008768150441692546,0.0,0.3025,0.064648775,0.001412729328499375,0.06441581275008892,0.06488173724991109,0.00023296224991108117,0.0,128.0,26.14379,237.38599443590002,26.04829434375193,26.239285656248068,0.09549565624806888,0.0,128.0,26.14379,237.38599443590002,26.04829434375193,26.239285656248068,0.09549565624806888,0.0,1.0,0.14077333333333333,0.053327313066666666,0.1393420325058449,0.14220463416082177,0.0014313008274884353,0.02043,0.019562131172880932,0.021325838313065903
T-traverse_p_qa-W-20-HS-weighted-D-1-C-5-H-4-RUNS-100000.csv,traverse_p_qa,20,weighted,1,5,4,100000,2.0,139.0,28.99368,286.90444005759997,28.888695615593306,29.098664384406696,0.10498438440669489,0.0,1.0,0.98451,0.015250059899999995,0.9837445940285584,0.9852754059714416,0.0007654059714415906,0.0,0.3075,0.0667948,0.0017105361929599999,0.06653845656164288,0.06705114343835712,0.0002563434383571206,0.0,139.0,27.02466,289.1564718844,26.919264388023453,27.130055611976548,0.10539561197654734,0.0,139.0,27.02466,289.1564718844,26.919264388023453,27.130055611976548,0.10539561197654734,0.0,1.0,0.1682875,0.05316244234374999,0.16685841344381194,0.16971658655618807,0.001429086556188064,0.01549,0.014733685178885207,0.01627460310052317
T-traverse_p_qa-W-20-HS-weighted-D-1-C-5-H-5-RUNS-100000.csv,traverse_p_qa,20,weighted,1,5,5,100000,2.0,143.0,30.59534,336.5706302844,30.481631173020713,30.709048826979288,0.11370882697928764,0.0,1.0,0.98722,0.0126166716,0.9865238088939194,0.9879161911060805,0.0006961911060805459,0.0,0.3175,0.07050085,0.0019724795242775,0.07022557781941387,0.07077612218058614,0.00027527218058613634,0.0,143.0,28.6209,338.64166319,28.50684186511648,28.734958134883517,0.11405813488351768,0.0,143.0,28.6209,338.64166319,28.50684186511648,28.734958134883517,0.11405813488351768,0.0,1.0,0.193126,0.05681634812399999,0.19164861825192958,0.1946033817480704,0.001477381748070411,0.01278,0.012092980563954648,0.013495490060509735
T-traverse_p_qa-W-20-HS-weighted-D-10-C-5-H-1-RUNS-100000.csv,traverse_p_qa,20,weighted,10,5,1,100000,1.0,138.0,30.04274,303.6879932924,29.934728528616997,30.150751471383,0.10801147138300138,0.0,10.0,8.32386,4.4148347004,8.310836932394762,8.336883067605237,0.013023067605237415,0.0,0.42,0.11010950000000001,0.0036989936347499998,0.10973253774794743,0.1104864622520526,0.0003769622520525817,0.0,51.2,19.320932999999997,58.69460070951099,19.27344814156221,19.368417858437784,0.04748485843778738,0.0,512.0,193.20933,5869.4600709511,192.73448141562213,193.68417858437786,0.4748485843778667,0.0,1.0,0.57315,0.24464907749999992,0.5700843126445706,0.5762156873554295,0.0030656873554294473,0.57315,0.5700772840584049,0.5762184724746973
T-traverse_p_qa-W-20-HS-weighted-D-10-C-5-H-2-RUNS-100000.csv,traverse_p_qa,20,weighted,10,5,2,100000,2.0,142.0,38.98131,255.51490068389998,38.882234975777585,39.080385024222416,0.09907502422241521,0.0,10.0,8.90305,3.3163906975,8.891762729956488,8.914337270043513,0.011287270043512265,0.0,0.4225,0.15060105,0.0037472838638975,0.15022163511242242,0.15098046488757755,0.0003794148875775616,0.0,56.1,22.646176,53.629205577023995,22.600786358434473,22.69156564156553,0.04538964156552794,0.0,561.0,226.46176,5362.9205577024,226.00786358434473,226.91565641565526,0.4538964156552652,0.0,1.0,0.594105,0.14021174897500002,0.5917841435743193,0.5964258564256807,0.002320856425680695,0.39224,0.3892120140405034,0.39527423734508277
T-traverse_p_qa-W-20-HS-weighted-D-10-C-5-H-3-RUNS-100000.csv,traverse_p_qa,20,weighted,10,5,3,100000,2.0,141.0,44.96947,290.7563579191,44.86378321631434,45.075156783685664,0.10568678368566253,0.0,10.0,9.36179,1.8178979959,9.353433184254126,9.370146815745873,0.008356815745873547,0.0,0.4175,0.158665175,0.0042658571797193744,0.15826035754803416,0.15906999245196582,0.00040481745196582763,0.0,61.3,24.987951000000006,72.00659512159899,24.9353562725248,25.040545727475212,0.052594727475206327,0.0,613.0,249.87951,7200.659512159899,249.35356272524794,250.40545727475208,0.5259472747520704,0.0,1.0,0.59573,0.10571798932222222,0.593714742627404,0.597745257372596,0.002015257372596002,0.27624,0.27347018820672275,0.27902279519099527
T-traverse_p_qa-W-20-HS-weighted-D-10-C-5-H-4-RUNS-100000.csv,traverse_p_qa,20,weighted,10,5,4,100000,2.0,140.0,51.01502,360.85065439960005,50.897281141761034,51.132758858238965,0.11773885823896535,0.0,10.0,9.6746,0.74605484,9.66924645512455,9.679953544875449,0.0053535448754491455,0.0,0.4175,0.153612425,0.003924120948119375,0.15322416087553967,0.15400068912446033,0.0003882641244603302,0.0,82.1,28.567183999999997,102.001648710144,28.504586113958624,28.62978188604137,0.06259788604137384,0.0,821.0,285.67184,10200.1648710144,285.04586113958624,286.2978188604137,0.6259788604137384,0.0,1.0,0.5768225,0.09082517849374999,0.5749545760034156,0.5786904239965844,0.0018679239965844197,0.1887,0.1862789812146419,0.19113908773162197
T-traverse_p_qa-W-20-HS-weighted-D-10-C-5-H-5-RUNS-100000.csv,traverse_p_qa,20,weighted,10,5,5,100000,2.0,139.0,52.42092,482.37964635360004,52.28479102992265,52.55704897007735,0.13612897007735114,7.0,10.0,9.86888,0.13160754560000001,9.866631481494013,9.871128518505989,0.002248518505988173,0.0,0.335,0.12190555,0.0027545645041975003,0.12158025113742399,0.12223084886257601,0.00032529886257601226,0.0,89.7,28.960347000000002,143.318138939591,28.886146530826935,29.03454746917307,0.07420046917306777,0.0,897.0,289.60347,14331.813893959097,288.8614653082693,290.3454746917307,0.742004691730699,0.0,1.0,0.5436559999999999,0.08173495366399999,0.5418840152427414,0.5454279847572584,0.0017719847572584824,0.12257,0.12054339244195503,0.1246185264372689
T-traverse_p_qa-W-20-HS-weighted-D-2-C-5-H-1-RUNS-100000.csv,traverse_p_qa,20,weighted,2,5,1,100000,1.0,136.0,25.49141,191.4610062119,25.40564773548561,25.577172264514388,0.08576226451438984,0.0,2.0,1.80331,0.22670304390000004,1.800358894421668,1.806261105578332,0.002951105578332003,0.0,0.31,0.0664398,0.0016916372259599998,0.06618487660822811,0.06669472339177188,0.00025492339177188295,0.0,88.5,20.57203,95.87988167910001,20.511339625684265,20.63272037431574,0.06069037431573676,0.0,177.0,41.14406,383.51952671640004,41.02267925136853,41.26544074863148,0.12138074863147352,0.0,1.0,0.16234,0.1359857244,0.1600543868243838,0.16462561317561622,0.002285613175616208,0.16234,0.16005924530900276,0.16464035692108955
T-traverse_p_qa-W-20-HS-weighted-D-2-C-5-H-2-RUNS-100000.csv,traverse_p_qa,20,weighted,2,5,2,100000,2.0,135.0,30.65446,221.6468821084,30.562184398549366,30.746735601450634,0.09227560145063407,0.0,2.0,1.91633,0.10300933109999998,1.9143407271520636,1.9183192728479366,0.001989272847936485,0.0,0.35,0.08427167499999999,0.0020690244801943748,0.08398974656150691,0.08455360343849307,0.0002819284384930759,0.0,87.0,23.56657,116.35293843509999,23.499713328807644,23.633426671192353,0.06685667119235461,0.0,174.0,47.13314,465.41175374039994,46.99942665761529,47.26685334238471,0.13371334238470922,0.0,1.0,0.19847,0.0950946591,0.19655867678714833,0.20038132321285168,0.0019113232128516733,0.0705,0.06892087350781209,0.07210409203177937
T-traverse_p_qa-W-20-HS-weighted-D-2-C-5-H-3-RUNS-100000.csv,traverse_p_qa,20,weighted,2,5,3,100000,2.0,136.0,34.05541,273.7411997319,33.95286224561747,34.15795775438254,0.1025477543825346,0.0,2.0,1.94745,0.0627484975,1.945897406595415,1.9490025934045847,0.001552593404584801,0.0,0.34,0.0921084,0.00244330964944,0.09180203064204644,0.09241476935795358,0.00030636935795357034,0.0,122.0,26.00467,147.7158531911,25.929339712490997,26.080000287509005,0.07533028750900428,0.0,244.0,52.00934,590.8634127644,51.85867942498199,52.16000057501801,0.15066057501800856,0.0,1.0,0.24225333333333332,0.08044443359999999,0.2404953932430067,0.24401127342365994,0.0017579400903266207,0.04607,0.04477886323918227,0.04738754654794145
T-traverse_p_qa-W-20-HS-weighted-D-2-C-5-H-4-RUNS-100000.csv,traverse_p_qa,20,weighted,2,5,4,100000,2.0,132.0,35.43848,327.4941752896,35.32631487066862,35.55064512933138,0.11216512933138034,0.0,2.0,1.96401,0.0401947199,1.962767373604144,1.965252626395856,0.001242626395856039,0.0,0.3475,0.090448675,0.002538035628244375,0.09013642321586637,0.09076092678413364,0.0003122517841336325,0.0,120.5,27.049025,178.63474404937497,26.96618520082472,27.13186479917528,0.08283979917527873,0.0,241.0,54.09805,714.5389761974999,53.93237040164944,54.26372959835056,0.16567959835055746,0.0,1.0,0.275505,0.072689494975,0.27383394056390575,0.27717605943609425,0.0016710594360942466,0.03324,0.03213749338035371,0.03436968613213973
T-traverse_p_qa-W-20-HS-weighted-D-2-C-5-H-5-RUNS-100000.csv,traverse_p_qa,20,weighted,2,5,5,100000,2.0,133.0,38.00046,406.1903397884,37.875543195312595,38.1253768046874,0.12491680468740185,0.0,2.0,1.97445,0.02525719749999999,1.9734649718282404,1.9754350281717596,0.0009850281717596054,0.0,0.32,0.08830395,0.0023636185393975002,0.08800261833918506,0.08860528166081495,0.00030133166081494633,0.0,120.0,29.52832,229.2935929776,29.434466163275935,29.622173836724066,0.09385383672406533,0.0,240.0,59.05664,917.1743719104,58.86893232655187,59.24434767344813,0.18770767344813066,0.0,1.0,0.297514,0.069736219804,0.2958772389850713,0.2991507610149287,0.0016367610149287115,0.02537,0.024404180580784834,0.02636348005410896
T-traverse_p_qa-W-20-HS-weighted-D-3-C-5-H-1-RUNS-100000.csv,traverse_p_qa,20,weighted,3,5,1,100000,1.0,130.0,27.34599,224.1860609199,27.25318735070431,27.438792649295692,0.09280264929569171,0.0,3.0,2.67558,0.44545166360000005,2.671443277733657,2.679716722266343,0.004136722266343096,0.0,0.345,0.07631774999999999,0.0022138757849375,0.07602611966523669,0.07660938033476329,0.00029163033476330147,0.0,73.66666666666667,20.408506666666668,79.07830452551111,20.353389771374463,20.463623561958872,0.05511689529220476,0.0,221.0,61.22552,711.7047407295998,61.060169314123385,61.39087068587662,0.16535068587661783,0.0,1.0,0.2291,0.17661319,0.22649524045120475,0.23170475954879524,0.0026047595487952435,0.2291,0.22649817347821097,0.23171754755685492
T-traverse_p_qa-W-20-HS-weighted-D-3-C-5-H-2-RUNS-100000.csv,traverse_p_qa,20,weighted,3,5,2,100000,2.0,146.0,33.34613,229.3009440231,33.25227465883291,33.439985341167095,0.09385534116709238,0.0,3.0,2.84612,0.22674094559999997,2.8431686477393963,2.8490713522606037,0.0029513522606037235,0.0,0.3525,0.10126825,0.0026339811669375,0.10095015092658251,0.1015863490734175,0.00031809907341749655,0.0,85.33333333333333,23.308943333333332,85.93484623901111,23.251486627431255,23.36640003923541,0.05745670590207652,0.0,256.0,69.92683,773.4136161511,69.75445988229376,70.09920011770623,0.17237011770623667,0.0,1.0,0.27209,0.11831203190000002,0.2699580818455038,0.2742219181544962,0.002131918154496204,0.1126,0.11064706306668165,0.11457543754566284
T-traverse_p_qa-W-20-HS-weighted-D-3-C-5-H-3-RUNS-100000.csv,traverse_p_qa,20,weighted,3,5,3,100000,2.0,143.0,38.23409,285.8011118719,38.12930767556658,38.338872324433424,0.1047823244334225,0.0,3.0,2.90544,0.1333584064,2.903176574158435,2.907703425841565,0.0022634258415648034,0.0,0.3625,0.11205369999999999,0.0030766418163100002,0.11170990897042626,0.11239749102957372,0.0003437910295737284,0.0,85.0,26.50294666666667,117.99474465048888,26.435619954950642,26.570273378382698,0.06732671171602789,0.0,255.0,79.50884,1061.9527018544,79.30685986485192,79.7108201351481,0.20198013514809077,0.0,1.0,0.32108333333333333,0.09458882638888888,0.3191771003059845,0.32298956636068216,0.0019062330273488248,0.07377,0.07215725763976592,0.0754075156967984
T-traverse_p_qa-W-20-HS-weighted-D-3-C-5-H-4-RUNS-100000.csv,traverse_p_qa,20,weighted,3,5,4,100000,2.0,140.0,39.86663,350.6878024431,39.75056095753538,39.982699042464624,0.11606904246462335,0.0,3.0,2.93696,0.07882595839999999,2.9352198339108306,2.9387001660891694,0.0017401660891693815,0.0,0.3525,0.10751699999999999,0.0030557127109999997,0.10717438029901101,0.10785961970098897,0.00034261970098897754,0.0,114.66666666666667,27.55634,150.51329913773333,27.48029975473688,27.632380245263118,0.07604024526311903,0.0,344.0,82.66902,1354.6196922395998,82.44089926421064,82.89714073578936,0.22812073578936065,0.0,1.0,0.3515525,0.08270521474375,0.3497700288138105,0.3533349711861895,0.001782471186189516,0.05413,0.05273551209234391,0.05555041910890289
T-traverse_p_qa-W-20-HS-weighted-D-3-C-5-H-5-RUNS-100000.csv,traverse_p_qa,20,weighted,3,5,5,100000,2.0,148.0,41.59403,430.6254983591,41.46541075904063,41.72264924095936,0.12861924095936672,1.0,3.0,2.96029,0.039053115900000004,2.9590651471515264,2.961514852848474,0.0012248528484737342,0.0,0.325,0.096650525,0.002487110329724375,0.09634142173177611,0.0969596282682239,0.00030910326822389256,0.0,115.0,29.207773333333336,190.8133702419555,29.122156241399452,29.29339042526722,0.08561709193388367,0.0,345.0,87.62332,1717.3203321776002,87.36646872419836,87.88017127580166,0.256851275801651,0.0,1.0,0.3609860000000001,0.074686307804,0.3592921436895066,0.36267985631049354,0.0016938563104934579,0.03925,0.038054804530131395,0.04047201283384687
T-traverse_p_qa-W-20-HS-weighted-D-4-C-5-H-1-RUNS-100000.csv,traverse_p_qa,20,weighted,4,5,1,100000,1.0,145.0,28.47454,249.56703178839996,28.376624898543774,28.572455101456228,0.09791510145622695,0.0,4.0,3.51731,0.7645003639,3.5118906784576316,3.5227293215423687,0.0054193215423685714,0.0,0.3775,0.08374764999999999,0.0025935016194774995,0.08343200469556185,0.08406329530443814,0.00031564530443814465,0.0,69.0,20.1788975,71.79760380949374,20.126379153225322,20.23141584677468,0.05251834677467926,0.0,276.0,80.71559,1148.7616609518998,80.50551661290129,80.92566338709872,0.21007338709871703,0.0,1.0,0.29575,0.20828193750000007,0.2929213326616585,0.29857866733834154,0.0028286673383415284,0.29575,0.2929223407338316,0.298589510048119
T-traverse_p_qa-W-20-HS-weighted-D-4-C-5-H-2-RUNS-100000.csv,traverse_p_qa,20,weighted,4,5,2,100000,2.0,133.0,35.89955,238.99589979750004,35.80373107448619,35.99536892551381,0.09581892551381088,0.0,4.0,3.75433,0.4212362511,3.7503072880015766,3.7583527119984232,0.004022711998423301,0.0,0.36,0.11523639999999999,0.0030090989900399996,0.11489640360766416,0.11557639639233581,0.0003399963923358257,0.0,69.0,23.64373,74.03296918710001,23.590400359608456,23.697059640391547,0.05332964039154575,0.0,276.0,94.57492,1184.5275069936001,94.36160143843382,94.78823856156619,0.213318561566183,0.0,1.0,0.337785,0.133628793775,0.3355192807451804,0.3400507192548196,0.0022657192548196092,0.15767,0.15541622447518438,0.15994364954484624
T-traverse_p_qa-W-20-HS-weighted-D-4-C-5-H-3-RUNS-100000.csv,traverse_p_qa,20,weighted,4,5,3,100000,2.0,136.0,39.85493,286.2693046951,39.75006188468764,39.95979811531237,0.10486811531236384,0.0,4.0,3.84964,0.2466918704,3.8465615401751383,3.8527184598248616,0.003078459824861657,0.0,0.365,0.1227866,0.00339696086044,0.12242535541745977,0.12314784458254022,0.00036124458254022107,0.0,79.0,25.89485,97.9081372275,25.83352105903628,25.956178940963724,0.061328940963722545,0.0,316.0,103.5794,1566.53019564,103.33408423614512,103.8247157638549,0.24531576385489018,0.0,1.0,0.3841333333333334,0.10263269333333332,0.38214770055079444,0.3861189661158723,0.0019856327825389375,0.10499,0.10309655216319143,0.10690639285553687
T-traverse_p_qa-W-20-HS-weighted-D-4-C-5-H-4-RUNS-100000.csv,traverse_p_qa,20,weighted,4,5,4,100000,2.0,136.0,42.65066,362.6661015644,42.53262534001533,42.768694659984675,0.11803465998467289,0.0,4.0,3.9069,0.13145239,3.904652807303714,3.9091471926962855,0.0022471926962857047,0.0,0.36,0.11878960000000001,0.00338362068184,0.11842906543561878,0.11915013456438124,0.0003605345643812319,0.0,90.5,27.6497225,132.20122129799375,27.578457907688083,27.720987092311915,0.07126459231191618,0.0,362.0,110.59889,2115.2195407679,110.31383163075233,110.88394836924766,0.2850583692476647,0.0,1.0,0.4057875,0.08697712984375001,0.40395957401132393,0.4076154259886761,0.0018279259886760935,0.07403,0.07241462539941387,0.07567013266224519
T-traverse_p_qa-W-20-HS-weighted-D-4-C-5-H-5-RUNS-100000.csv,traverse_p_qa,20,weighted,4,5,5,100000,2.0,139.0,44.42444,445.66211068639996,44.29359445882977,44.55528554117022,0.13084554117022407,1.0,4.0,3.94812,0.0514484656,3.9467141393189613,3.9495258606810384,0.00140586068103854,0.0,0.32,0.10342077499999999,0.0025727893608993753,0.10310639262758017,0.10373515737241981,0.00031438237241981914,0.0,111.25,29.221995,169.05615321997502,29.141406780128243,29.302583219871757,0.0805882198717569,0.0,445.0,116.88798,2704.8984515196003,116.56562712051297,117.21033287948703,0.3223528794870276,0.0,1.0,0.40694800000000003,0.076652525296,0.40523199201290583,0.40866400798709424,0.0017160079870942035,0.05077,0.04941742310123959,0.052148707279161634
T-traverse_p_qa-W-20-HS-weighted-D-5-C-5-H-1-RUNS-100000.csv,traverse_p_qa,20,weighted,5,5,1,100000,1.0,136.0,29.31652,265.7209950896,29.215485660553643,29.417554339446358,0.10103433944635754,0.0,5.0,4.35123,1.1619274870999998,4.344548936735486,4.357911063264514,0.006681063264514009,0.0,0.3725,0.090111625,0.0028709429773593753,0.08977952539834677,0.09044372460165323,0.0003320996016532296,0.0,57.8,20.031944,66.80767558086401,19.981283525613012,20.082604474386986,0.050660474386987175,0.0,289.0,100.15972,1670.1918895216,99.90641762806506,100.41302237193493,0.2533023719349359,0.0,1.0,0.3502,0.22755996,0.34724332223207194,0.3531566777679281,0.002956677767928073,0.3502,0.3472427559304112,0.3531659347308652
T-traverse_p_qa-W-20-HS-weighted-D-5-C-5-H-2-RUNS-100000.csv,traverse_p_qa,20,weighted,5,5,2,100000,2.0,143.0,36.94067,241.4356899511,36.844363232505906,37.03697676749409,0.09630676749409162,0.0,5.0,4.65021,0.6951969559000002,4.645042148777504,4.655377851222497,0.005167851222496189,0.0,0.3725,0.124773875,0.003292635054984374,0.12441822085863191,0.1251295291413681,0.0003556541413680947,0.0,66.0,23.34635,65.9740300775,23.296006595869397,23.396693404130605,0.05034340413060434,0.0,330.0,116.73175,1649.3507519375003,116.48003297934699,116.98346702065302,0.25171702065301815,0.0,1.0,0.39372,0.14048956159999998,0.391396845463938,0.39604315453606204,0.002323154536062022,0.19729,0.1948273120733797,0.19977025747550622
T-traverse_p_qa-W-20-HS-weighted-D-5-C-5-H-3-RUNS-100000.csv,traverse_p_qa,20,weighted,5,5,3,100000,2.0,128.0,41.38698,291.7014264796,41.28112159457256,41.49283840542744,0.10585840542744052,0.0,5.0,4.7888,0.39075456,4.784925567502594,4.792674432497407,0.003874432497406488,0.0,0.385,0.13157005000000002,0.0037041235679975,0.13119282644428248,0.13194727355571756,0.0003772235557175374,0.0,71.6,25.757316,91.21135807614401,25.698121612328084,25.816510387671915,0.05919438767191565,0.0,358.0,128.78658,2280.2839519036,128.49060806164042,129.08255193835956,0.29597193835957114,0.0,1.0,0.43289,0.10683624789999999,0.4308641122194637,0.4349158877805363,0.0020258877805363062,0.13376,0.13165589627585025,0.13588537023051134
T-traverse_p_qa-W-20-HS-weighted-D-5-C-5-H-4-RUNS-100000.csv,traverse_p_qa,20,weighted,5,5,4,100000,2.0,142.0,44.44699,363.29918993990003,44.3288523612868,44.5651276387132,0.11813763871320049,0.0,5.0,4.87665,0.18933477750000002,4.873953060102182,4.879346939897817,0.0026969398978176073,0.0,0.37,0.126330075,0.0035725245879943746,0.12595961298498037,0.1267005370150196,0.0003704620150196125,0.0,86.6,27.618856,119.70076365126401,27.551044315634936,27.686667684365066,0.0678116843650649,0.0,433.0,138.09428,2992.5190912816,137.75522157817468,138.4333384218253,0.33905842182531387,0.0,1.0,0.4473175,0.08997642919374998,0.4454583242407166,0.4491766757592834,0.0018591757592834046,0.09323,0.09143473353477577,0.0950488990410232
T-traverse_p_qa-W-20-HS-weighted-D-5-C-5-H-5-RUNS-100000.csv,traverse_p_qa,20,weighted,5,5,5,100000,2.0,143.0,46.42347,457.6746631591,46.290872753196304,46.5560672468037,0.132597246803698,2.0,5.0,4.93537,0.0644529631,4.9337964609854055,4.936943539014594,0.0015735390145943384,0.0,0.325,0.10847397499999999,0.0026323131851993748,0.10815597666144675,0.10879197333855323,0.0003179983385532409,0.0,109.2,29.328226,161.84947849292402,29.24937417969264,29.40707782030736,0.07885182030736004,0.0,546.0,146.64113,4046.2369623230993,146.24687089846321,147.0353891015368,0.39425910153678956,0.0,1.0,0.43973600000000007,0.079235450304,0.4379913197832043,0.4414806802167958,0.0017446802167957465,0.06266,0.061165624331644554,0.0641798028603577
T-traverse_p_qa-W-20-HS-weighted-D-6-C-5-H-1-RUNS-100000.csv,traverse_p_qa,20,weighted,6,5,1,100000,1.0,145.0,29.73382,277.6800882076,29.630537095952025,29.837102904047978,0.10328290404797613,0.0,6.0,5.16892,1.6418260336,5.160978187303469,5.176861812696531,0.007941812696531159,0.0,0.3725,0.09499035,0.0030636200318775,0.09464728728394854,0.09533341271605146,0.0003430627160514593,0.0,59.5,19.816278333333337,63.75875662697501,19.766787360473817,19.865769306192856,0.049490972859519644,0.0,357.0,118.89767,2295.3152385711,118.60072416284288,119.19461583715713,0.29694583715712497,0.0,1.0,0.40402,0.24078783959999997,0.400978601366793,0.407061398633207,0.0030413986332070153,0.40402,0.40097647742483306,0.40706909051728185
T-traverse_p_qa-W-20-HS-weighted-D-6-C-5-H-2-RUNS-100000.csv,traverse_p_qa,20,weighted,6,5,2,100000,2.0,130.0,37.73841,249.5340006719,37.640501378470475,37.83631862152953,0.09790862152952684,0.0,6.0,5.52218,1.0575080475999998,5.5158062076315115,5.528553792368488,0.006373792368488118,0.0,0.3825,0.133230325,0.003546653312894375,0.1328612068161237,0.13359944318387632,0.0003691181838763047,0.0,65.16666666666667,23.14436166666667,64.43333887586388,23.09460956976357,23.194113763569767,0.049752096903098675,0.0,391.0,138.86617,2319.6001995311,138.56765741858143,139.1646825814186,0.29851258141857784,0.0,1.0,0.445295,0.145489862975,0.442930864095267,0.447659135904733,0.002364135904733,0.24226,0.23960698754303403,0.24492796905709058
T-traverse_p_qa-W-20-HS-weighted-D-6-C-5-H-3-RUNS-100000.csv,traverse_p_qa,20,weighted,6,5,3,100000,2.0,136.0,42.8835,291.95078774999996,42.77759635765374,42.989403642346254,0.10590364234625582,0.0,6.0,5.71498,0.5979435996,5.710187234480779,5.71977276551922,0.004792765519220588,0.0,0.375,0.1404125,0.0038852254687499997,0.14002616488431996,0.14079883511568003,0.00038633511568003653,0.0,73.66666666666667,25.925323333333335,85.12545172878887,25.868137851315492,25.982508815351178,0.057185482017843015,0.0,442.0,155.55194,3064.5162622363996,155.20882710789294,155.89505289210706,0.3431128921070581,0.0,1.0,0.4749733333333333,0.10847144373333337,0.47293200068467955,0.47701466598198705,0.0020413326486537486,0.16346,0.16117287601860236,0.16576666103609264
T-traverse_p_qa-W-20-HS-weighted-D-6-C-5-H-4-RUNS-100000.csv,traverse_p_qa,20,weighted,6,5,4,100000,2.0,144.0,46.05999,360.4736111998999,45.94231266892959,46.17766733107041,0.11767733107041067,0.0,6.0,5.83622,0.2806161116,5.832936686347114,5.8395033136528856,0.003283313652885589,0.0,0.37,0.1340937,0.0037345479953099993,0.13371493041860807,0.13447246958139195,0.0003787695813919356,0.0,80.33333333333333,27.70082833333333,112.42420881386388,27.635110083160388,27.766546583506273,0.0657182501729423,0.0,482.0,166.20497,4047.2715172991,165.81066049896236,166.59927950103764,0.3943095010376396,0.0,1.0,0.483475,0.091528174375,0.4815998609793431,0.4853501390206569,0.0018751390206568908,0.11457,0.11260213665477513,0.11656024897029976
T-traverse_p_qa-W-20-HS-weighted-D-6-C-5-H-5-RUNS-100000.csv,traverse_p_qa,20,weighted,6,5,5,100000,2.0,135.0,48.53735,466.4700249775,48.40348472265171,48.671215277348296,0.133865277348292,3.0,6.0,5.92041,0.07921543189999998,5.918665540189093,5.9221544598109075,0.0017444598109070952,0.0,0.325,0.11324045,0.0026846413587974997,0.11291930644574495,0.11356159355425506,0.0003211435542550545,0.0,106.83333333333333,29.710855,155.884202668975,29.63346993988029,29.78824006011971,0.07738506011970969,0.0,641.0,178.26513,5611.8312960831,177.80081963928174,178.72944036071826,0.46431036071825815,0.0,1.0,0.46696599999999994,0.081122354844,0.4652006681944497,0.46873133180555016,0.0017653318055502187,0.07669,0.07504802595638513,0.07835657589617416
T-traverse_p_qa-W-20-HS-weighted-D-7-C-5-H-1-RUNS-100000.csv,traverse_p_qa,20,weighted,7,5,1,100000,1.0,136.0,30.09403,288.2098283591,29.98880705209298,30.19925294790702,0.10522294790701991,0.0,7.0,5.98249,2.1803233999000002,5.9733379890881535,5.991642010911847,0.009152010911846808,0.0,0.385,0.09981724999999998,0.0032763358524375004,0.09946247723031883,0.10017202276968114,0.00035477276968115534,0.0,55.0,19.69467142857143,61.923864259387756,19.64589779666454,19.74344506047832,0.0487736319068901,0.0,385.0,137.8627,3034.2693487100005,137.52128457665177,138.2041154233482,0.3414154233482236,0.0,1.0,0.44925,0.24742443749999998,0.4461669727229556,0.4523330272770444,0.0030830272770444034,0.44925,0.44616353862378866,0.4523394053726159
T-traverse_p_qa-W-20-HS-weighted-D-7-C-5-H-2-RUNS-100000.csv,traverse_p_qa,20,weighted,7,5,2,100000,2.0,132.0,38.0466,253.62672843999997,37.94789172071325,38.145308279286745,0.09870827928674686,0.0,7.0,6.395,1.455855,6.387521489073351,6.402478510926648,0.007478510926648418,0.0,0.4,0.137821325,0.0036741414377443747,0.13744563121848055,0.13819701878151944,0.00037569378151944277,0.0,58.142857142857146,22.77924714285714,60.53481531892041,22.731023647906113,22.82747063780817,0.048223494951027845,0.0,407.0,159.45473,2966.2059506271,159.11716553534282,159.7922944646572,0.33756446465719137,0.0,1.0,0.487155,0.14697250597499997,0.48477884853396597,0.48953115146603404,0.0023761514660340377,0.28143,0.278644172611955,0.2842285094700588
T-traverse_p_qa-W-20-HS-weighted-D-7-C-5-H-3-RUNS-100000.csv,traverse_p_qa,20,weighted,7,5,3,100000,2.0,163.0,42.91881,290.14755818390006,42.813233920345596,43.024386079654406,0.10557607965440496,0.0,7.0,6.64127,0.8028627871000001,6.635716372642206,6.646823627357793,0.005553627357793189,0.0,0.385,0.144110775,0.004074733091399375,0.14371513002475172,0.14450641997524827,0.0003956449752482716,0.0,75.0,25.078734285714287,79.38937438164082,25.023509090320832,25.13395948110774,0.055225195393454385,0.0,525.0,175.55114,3890.0793447004,175.16456363224583,175.93771636775418,0.3865763677541736,0.0,1.0,0.5116233333333333,0.10904712034444443,0.5095765910009543,0.5136700756657123,0.0020467423323790035,0.19357,0.1911251292676654,0.19603265653754107
T-traverse_p_qa-W-20-HS-weighted-D-7-C-5-H-4-RUNS-100000.csv,traverse_p_qa,20,weighted,7,5,4,100000,2.0,134.0,47.72143,374.4550687551,47.6014922414696,47.841367758530396,0.11993775853039779,0.0,7.0,6.80219,0.36664120390000005,6.7984370160553205,6.80594298394468,0.003752983944679933,0.0,0.39,0.139832425,0.003884563606119375,0.13944612279253454,0.14021872720746548,0.0003863022074654665,0.0,87.71428571428571,27.833704285714283,113.32945900071633,27.767721981291267,27.8996865901373,0.06598230442301656,0.0,614.0,194.83593,5553.1434910351,194.37405386903887,195.2978061309611,0.4618761309611159,0.0,1.0,0.5102775,0.09159499799375,0.5084016765960178,0.5121533234039823,0.0018758234039822907,0.13203,0.12993754202074106,0.13414382531092717
T-traverse_p_qa-W-20-HS-weighted-D-7-C-5-H-5-RUNS-100000.csv,traverse_p_qa,20,weighted,7,5,5,100000,2.0,140.0,48.99233,472.4183911711,48.85761390996162,49.127046090038384,0.13471609003838125,3.0,7.0,6.90958,0.09086422359999999,6.907711674542854,6.911448325457146,0.0018683254571456587,0.0,0.3375,0.11411487499999999,0.0027002447412343747,0.11379279953993006,0.11443695046006992,0.0003220754600699316,0.0,94.57142857142857,28.70901,145.0036642076551,28.63437448054578,28.78364551945422,0.07463551945421898,0.0,662.0,200.96307,7105.1795461751,200.44062136382044,201.48551863617953,0.5224486361795471,0.0,1.0,0.48999400000000004,0.080632679964,0.4882340042518526,0.4917539957481475,0.001759995748147447,0.08626,0.0845269573546009,0.08801708329887081
T-traverse_p_qa-W-20-HS-weighted-D-8-C-5-H-1-RUNS-100000.csv,traverse_p_qa,20,weighted,8,5,1,100000,1.0,133.0,30.17082,295.38340052760003,30.064295595684985,30.277344404315013,0.10652440431501375,0.0,8.0,6.77056,2.8272172864000003,6.760138369644132,6.780981630355868,0.010421630355867961,0.0,0.3875,0.1037411,0.0034173014207900003,0.10337877548884865,0.10410342451115136,0.00036232451115135456,0.0,52.5,19.54992875,59.99655977617344,19.501920127437366,19.597937372562633,0.04800862256263372,0.0,420.0,156.39943,3839.7798256751003,156.01536101949893,156.78349898050107,0.38406898050106975,0.0,1.0,0.49642,0.2499871836,0.49332104733092325,0.4995189526690767,0.0030989526690767266,0.49642,0.4933162457626011,0.4995239619101262
T-traverse_p_qa-W-20-HS-weighted-D-8-C-5-H-2-RUNS-100000.csv,traverse_p_qa,20,weighted,8,5,2,100000,2.0,136.0,38.35931,252.2304863239,38.260873795468235,38.457746204531766,0.09843620453176527,0.0,8.0,7.2388,1.9986545599999999,7.230037562349611,7.24756243765039,0.008762437650389643,0.0,0.39,0.14195619999999998,0.00372033490656,0.1415781518737377,0.14233424812626225,0.00037804812626227036,0.0,58.5,22.64711625,57.314648215235934,22.600192913313055,22.694039586686944,0.046923336686944594,0.0,468.0,181.17693,3668.1374857751,180.80154330650444,181.55231669349556,0.37538669349555676,0.0,1.0,0.528195,0.14561254197499998,0.5258298675697729,0.530560132430227,0.002365132430227068,0.32101,0.3181166209554075,0.3239137636720455
T-traverse_p_qa-W-20-HS-weighted-D-8-C-5-H-3-RUNS-100000.csv,traverse_p_qa,20,weighted,8,5,3,100000,2.0,130.0,44.73611,286.8654920679,44.63113274178051,44.84108725821948,0.10497725821948478,0.0,8.0,7.54762,1.1267723356,7.541040783781908,7.554199216218093,0.006579216218092654,0.0,0.4075,0.15189685,0.0041571593350775,0.15149722338299815,0.15229647661700185,0.00039962661700185254,0.0,68.75,25.91585375,74.84726675236094,25.862231622109,25.969475877891,0.05362212789099985,0.0,550.0,207.32683,4790.2250721511,206.897852976872,207.755807023128,0.4289770231279988,0.0,1.0,0.5431233333333333,0.10840482256666666,0.5410826276554559,0.5451640390112107,0.002040705677877397,0.22188,0.21930777847521069,0.22446836202275713
T-traverse_p_qa-W-20-HS-weighted-D-8-C-5-H-4-RUNS-100000.csv,traverse_p_qa,20,weighted,8,5,4,100000,2.0,137.0,47.72869,361.7089408839,47.610811203463065,47.846568796536936,0.11787879653693523,0.0,8.0,7.76868,0.4426910576,7.764556115948676,7.772803884051323,0.004123884051323579,0.0,0.385,0.1421746,0.0038414261148399997,0.1417904486943564,0.14255875130564363,0.00038415130564362077,0.0,79.5,27.000405,101.11909639847501,26.93807851119112,27.062731488808883,0.06232648880888192,0.0,636.0,216.00324,6471.6221695024005,215.50462808952895,216.50185191047106,0.49861191047105535,0.0,1.0,0.5360125,0.09178622484374999,0.534134719498025,0.537890280501975,0.0018777805019749572,0.15117,0.14895494385256527,0.15340530855335668
T-traverse_p_qa-W-20-HS-weighted-D-8-C-5-H-5-RUNS-100000.csv,traverse_p_qa,20,weighted,8,5,5,100000,2.0,139.0,50.52291,465.0201151319,50.38925292857127,50.65656707142874,0.13365707142873617,4.0,8.0,7.89476,0.10528454240000001,7.8927488781785184,7.896771121821481,0.002011121821481332,0.0,0.3275,0.117760775,0.0026671574338993755,0.11744067888946337,0.11808087111053663,0.00032009611053662734,0.0,99.25,29.32304625,144.65077002661093,29.24850160578365,29.39759089421635,0.0745446442163491,0.0,794.0,234.58437,9257.6492817031,233.9880128462692,235.1807271537308,0.5963571537307928,0.0,1.0,0.51057,0.0817018751,0.5087983738447851,0.5123416261552148,0.001771626155214867,0.09987,0.09801831297169743,0.10174493125968698
T-traverse_p_qa-W-20-HS-weighted-D-9-C-5-H-1-RUNS-100000.csv,traverse_p_qa,20,weighted,9,5,1,100000,1.0,137.0,30.18006,299.48125839640005,30.07279923353548,30.28732076646452,0.10726076646452043,0.0,9.0,7.55409,3.5795742719000003,7.542363409479764,7.565816590520237,0.011726590520236613,0.0,0.3775,0.10723735000000001,0.0035902760149774996,0.10686596873580999,0.10760873126419003,0.00037138126419002104,0.0,55.44444444444444,19.445016666666668,60.26107683305556,19.39690232859974,19.493131004733595,0.04811433806692733,0.0,499.0,175.00515,4881.1472234775,174.57212095739763,175.43817904260234,0.43302904260235664,0.0,1.0,0.53585,0.2487147775,0.5327589440489633,0.5389410559510368,0.0030910559510367586,0.53585,0.5327529984814371,0.5389449218795207
T-traverse_p_qa-W-20-HS-weighted-D-9-C-5-H-2-RUNS-100000.csv,traverse_p_qa,20,weighted,9,5,2,100000,2.0,142.0,39.19668,259.7164969776,39.09679371992165,39.29656628007835,0.09988628007835132,0.0,9.0,8.07624,2.6311274623999994,8.066186274690665,8.086293725309336,0.010053725309335348,0.0,0.4175,0.148307525,0.003725086340874375,0.1479292355382501,0.1486858144617499,0.0003782894617498922,0.0,58.888888888888886,22.87483777777778,55.72509022059754,22.828569699517338,22.921105856038224,0.04626807826044299,0.0,530.0,205.87354,4513.732307868399,205.457127295656,206.289952704344,0.4164127043439976,0.0,1.0,0.56215,0.1426073775,0.5598094007147656,0.5644905992852345,0.002340599285234446,0.35509,0.3521232669563767,0.3580651399520063
T-traverse_p_qa-W-20-HS-weighted-D-9-C-5-H-3-RUNS-100000.csv,traverse_p_qa,20,weighted,9,5,3,100000,2.0,136.0,44.67235,288.2254154775,44.56712420676952,44.77757579323048,0.1052257932304812,0.0,9.0,8.46085,1.4316072775,8.453434029047223,8.468265970952778,0.007415970952777684,0.0,0.4075,0.1549241,0.0041972918641900005,0.15452254905148324,0.15532565094851677,0.00040155094851676565,0.0,65.22222222222223,25.38099111111111,76.26962552634075,25.32686187747327,25.435120344748952,0.05412923363784117,0.0,587.0,228.42892,6177.839667633601,227.94175689725944,228.91608310274057,0.48716310274056696,0.0,1.0,0.5710533333333333,0.10750920160000002,0.5690210751094195,0.5730855915572471,0.002032258223913841,0.24969,0.24700960833028482,0.2523849167426126
T-traverse_p_qa-W-20-HS-weighted-D-9-C-5-H-4-RUNS-100000.csv,traverse_p_qa,20,weighted,9,5,4,100000,2.0,140.0,49.27523,370.9145184471,49.15586060634877,49.394599393651234,0.11936939365123322,0.0,9.0,8.72445,0.5773621975000001,8.719740440978269,8.72915955902173,0.004709559021730314,0.0,0.4,0.146346325,0.003906439471494375,0.14595893659189138,0.14673371340810862,0.00038738840810861874,0.0,75.77777777777777,27.56125333333333,106.3721211155753,27.49732844455927,27.62517822210739,0.06392488877406066,0.0,682.0,248.05128,8616.1418103616,247.47595600103344,248.62660399896654,0.5753239989665531,0.0,1.0,0.55615,0.09128217749999999,0.5542773825455155,0.5580226174544846,0.0018726174544845264,0.16919,0.1668708849904899,0.17152831866426838
T-traverse_p_qa-W-20-HS-weighted-D-9-C-5-H-5-RUNS-100000.csv,traverse_p_qa,20,weighted,9,5,5,100000,2.0,146.0,51.61312,475.5092838656,51.4779639248536,51.74827607514641,0.13515607514640493,4.0,9.0,8.88327,0.11688410710000004,8.881150986111807,8.885389013888192,0.002119013888192356,0.0,0.3325,0.11998115000000002,0.0027254885196775,0.11965757254872764,0.12030472745127241,0.000323577451272386,0.0,93.44444444444444,29.18954222222222,146.62737251142715,29.114489992792315,29.264594451652123,0.07505222942990386,0.0,841.0,262.70588,11876.817173425601,262.0304099351308,263.38135006486914,0.6754700648691596,0.0,1.0,0.527038,0.081876946556,0.525264476732914,0.528811523267086,0.001773523267086019,0.11023,0.1082952729360707,0.11218736604076479
