filename,tactic,grid_width,hide_strategy,swarm_size,n_hider_candidates,n_hiders,runs,steps_min,steps_max,steps_mean,steps_var,steps_ci_lower,steps_ci_upper,steps_half_width,taken_down_min,taken_down_max,taken_down_mean,taken_down_var,taken_down_ci_lower,taken_down_ci_upper,taken_down_half_width,area_covered_min,area_covered_max,area_covered_mean,area_covered_var,area_covered_ci_lower,area_covered_ci_upper,area_covered_half_width,mean_distance_travelled_min,mean_distance_travelled_max,mean_distance_travelled_mean,mean_distance_travelled_var,mean_distance_travelled_ci_lower,mean_distance_travelled_ci_upper,mean_distance_travelled_half_width,total_distance_covered_min,total_distance_covered_max,total_distance_covered_mean,total_distance_covered_var,total_distance_covered_ci_lower,total_distance_covered_ci_upper,total_distance_covered_half_width,hider_frac_found_min,hider_frac_found_max,hider_frac_found_mean,hider_frac_found_var,hider_frac_found_ci_lower,hider_frac_found_ci_upper,hider_frac_found_half_width,all_found_mean,all_found_ci_lower,all_found_ci_upper
T-discounted_distance-W-20-HS-greedy-D-1-C-5-H-1-RUNS-100000.csv,discounted_distance,20,greedy,1,5,1,100000,1.0,80.0,24.85261,201.8656861879,24.764548247799656,24.94067175220034,0.08806175220034262,0.0,1.0,0.62597,0.23413155910000003,0.6229709338162712,0.6289690661837288,0.0029990661837288046,0.0,0.185,0.057946275000000005,0.001228491026124375,0.05772903386379511,0.0581635161362049,0.00021724113620489455,0.0,79.0,23.4879,205.11759359,23.399131776657672,23.576668223342327,0.0887682233423277,0.0,79.0,23.4879,205.11759359,23.399131776657672,23.576668223342327,0.0887682233423277,0.0,1.0,0.26126,0.19300321239999998,0.2585370583172682,0.2639829416827318,0.0027229416827317943,0.26126,0.2585390628250138,0.2639947903562469
T-discounted_distance-W-20-HS-greedy-D-1-C-5-H-2-RUNS-100000.csv,discounted_distance,20,greedy,1,5,2,100000,2.0,85.0,28.18166,220.21567964439998,28.089682798753067,28.273637201246935,0.09197720124693376,0.0,1.0,0.68767,0.21477997110000005,0.6847975468028569,0.6905424531971431,0.002872453197143132,0.0,0.2075,0.0655705,0.0013710322797499998,0.06534100146828602,0.06579999853171399,0.00022949853171398693,0.0,84.0,26.62105,228.9490268975,26.527266708218924,26.714833291781076,0.09378329178107592,0.0,84.0,26.62105,228.9490268975,26.527266708218924,26.714833291781076,0.09378329178107592,0.0,1.0,0.30467,0.1230411911,0.3024958908957236,0.3068441091042764,0.0021741091042764005,0.12706,0.1250016704109867,0.12913998664052978
T-discounted_distance-W-20-HS-greedy-D-1-C-5-H-3-RUNS-100000.csv,discounted_distance,20,greedy,1,5,3,100000,2.0,86.0,29.39663,236.83383464309998,29.3012454698515,29.492014530148495,0.0953845301484968,0.0,1.0,0.69688,0.21123826559999997,0.6940313285181879,0.6997286714818122,0.002848671481812115,0.0,0.21,0.06831720000000001,0.0014757203091600001,0.0680791007110538,0.06855529928894621,0.0002380992889462058,0.0,85.0,27.76661,247.0071991079,27.669198355106133,27.864021644893867,0.09741164489386733,0.0,85.0,27.76661,247.0071991079,27.669198355106133,27.864021644893867,0.09741164489386733,0.0,1.0,0.34690666666666664,0.10654909795555553,0.34488350326568773,0.34892983006764555,0.0020231634009789112,0.06686,0.06531945831742011,0.06842572140152046
T-discounted_distance-W-20-HS-greedy-D-1-C-5-H-4-RUNS-100000.csv,discounted_distance,20,greedy,1,5,4,100000,2.0,87.0,30.05611,248.1429616679,29.958474657959147,30.153745342040853,0.09763534204085289,0.0,1.0,0.697,0.21119100000000002,0.6941516472381392,0.6998483527618607,0.002848352761860795,0.0,0.215,0.069835325,0.001545766194644375,0.06959164046184985,0.07007900953815016,0.00024368453815015734,0.0,86.0,28.38762,258.7306707356,28.287923473245158,28.48731652675484,0.09969652675484042,0.0,86.0,28.38762,258.7306707356,28.287923473245158,28.48731652675484,0.09969652675484042,0.0,1.0,0.3837475,0.10061348124375,0.3817814970764366,0.38571350292356343,0.0019660029235634147,0.02851,0.027487200616595125,0.029560266833074274
T-discounted_distance-W-20-HS-greedy-D-1-C-5-H-5-RUNS-100000.csv,discounted_distance,20,greedy,1,5,5,100000,2.0,86.0,30.29663,256.5834806431,30.197348022821938,30.395911977178063,0.09928197717806242,0.0,1.0,0.70005,0.20997999750000002,0.6972098254307243,0.7028901745692756,0.0028401745692756553,0.0,0.2,0.07036925000000001,0.0015991679044375002,0.0701213919070983,0.07061710809290171,0.0002478580929017038,0.0,85.0,28.59937,267.3674256031,28.498023135115247,28.700716864884754,0.10134686488475353,0.0,85.0,28.59937,267.3674256031,28.498023135115247,28.700716864884754,0.10134686488475353,0.0,1.0,0.41603599999999996,0.09696924670400002,0.4141059299024696,0.41796607009753034,0.0019300700975303786,0.00279,0.0024725742218273078,0.0031367859482935015
T-discounted_distance-W-20-HS-greedy-D-10-C-5-H-1-RUNS-100000.csv,discounted_distance,20,greedy,10,5,1,100000,1.0,88.0,30.95692,235.4512641136,30.861814291642467,31.052025708357533,0.09510570835753285,0.0,10.0,6.2719,5.39711039,6.257500854444022,6.286299145555978,0.014399145555977988,0.0,0.2175,0.0751221,0.00134932259159,0.07489442572240475,0.07534977427759525,0.0002276742775952495,0.0,68.5,23.608665,131.055561217775,23.53770987023659,23.679620129763407,0.07095512976340856,0.0,685.0,236.08665,13105.5561217775,235.3770987023659,236.79620129763407,0.7095512976340785,0.0,1.0,0.6646,0.22290684000000002,0.6616737072659352,0.6675262927340647,0.0029262927340647504,0.6646,0.6616640195378075,0.6675264309553866
T-discounted_distance-W-20-HS-greedy-D-10-C-5-H-2-RUNS-100000.csv,discounted_distance,20,greedy,10,5,2,100000,2.0,87.0,39.17982,163.1573647676,39.100650224675626,39.25898977532437,0.07916977532437386,0.0,10.0,6.84702,4.8568971196,6.833360477323619,6.860679522676381,0.01365952267638093,0.0,0.2075,0.09431357500000002,0.0009474370082193749,0.09412279570314694,0.09450435429685311,0.0001907792968530858,0.0,70.5,26.711247,111.66747520499099,26.64575029987339,26.77674370012661,0.06549670012660869,0.0,705.0,267.11247,11166.7475204991,266.4575029987339,267.76743700126605,0.6549670012660727,0.0,1.0,0.6903,0.07216590999999999,0.6886349697904963,0.6919650302095037,0.001665030209503704,0.40706,0.40401276445207257,0.41011262712082686
T-discounted_distance-W-20-HS-greedy-D-10-C-5-H-3-RUNS-100000.csv,discounted_distance,20,greedy,10,5,3,100000,2.0,82.0,42.87571,128.5690819959,42.80543119911414,42.94598880088586,0.07027880088585903,0.0,10.0,6.95961,4.8006186479,6.946029846614351,6.973190153385648,0.01358015338564833,0.0,0.2,0.102750625,0.0007662753746093751,0.10257905217350642,0.10292219782649357,0.00017157282649357675,0.0,72.9,27.834332999999997,105.84522854511101,27.77056662720219,27.898099372797805,0.06376637279780795,0.0,729.0,278.34333,10584.5228545111,277.7056662720219,278.98099372797805,0.6376637279780653,0.0,1.0,0.7132966666666667,0.03328008754444445,0.712165964299504,0.7144273690338294,0.001130702367162728,0.22142,0.2188497024120889,0.2240064648125265
T-discounted_distance-W-20-HS-greedy-D-10-C-5-H-4-RUNS-100000.csv,discounted_distance,20,greedy,10,5,4,100000,2.0,86.0,44.73008,113.47954319360001,44.66405401927025,44.79610598072975,0.06602598072974786,0.0,10.0,6.97575,4.7963619374999995,6.96217586871321,6.989324131286789,0.013574131286789637,0.0,0.2025,0.10692,0.00069442785,0.10675666861818499,0.10708333138181501,0.00016333138181501283,0.0,70.6,28.363493,104.66582673895103,28.30008288724183,28.426903112758165,0.06341011275816655,0.0,706.0,283.63493,10466.5826738951,283.0008288724183,284.2690311275817,0.6341011275816868,0.0,1.0,0.7399475,0.019345822243749998,0.7390854158351321,0.7408095841648679,0.0008620841648678823,0.09728,0.09545000589702991,0.09913338976869654
T-discounted_distance-W-20-HS-greedy-D-10-C-5-H-5-RUNS-100000.csv,discounted_distance,20,greedy,10,5,5,100000,2.0,87.0,45.86134,105.63247340439999,45.79763774652099,45.925042253479006,0.06370225347900771,0.0,10.0,6.98091,4.804925571899999,6.967323756193483,6.994496243806516,0.013586243806516407,0.0,0.215,0.10949615,0.0006627488851774999,0.10933658759473805,0.10965571240526195,0.00015956240526195098,0.0,70.2,28.622967999999997,104.936021070976,28.55947609354364,28.686459906456353,0.06349190645635616,0.0,702.0,286.22968,10493.6021070976,285.5947609354364,286.86459906456355,0.6349190645635758,0.0,1.0,0.764172,0.013829954416000002,0.7634431025251484,0.7649008974748516,0.0007288974748516086,0.01075,0.010120067315759013,0.011408545809875386
T-discounted_distance-W-20-HS-greedy-D-5-C-5-H-1-RUNS-100000.csv,discounted_distance,20,greedy,5,5,1,100000,1.0,85.0,30.61879,227.6538489359,30.525272353212234,30.712307646787767,0.09351764678776675,0.0,5.0,3.13661,1.8442677078999998,3.1281927921335706,3.1450272078664296,0.008417207866429521,0.0,0.21,0.07381457500000001,0.0013175253300693748,0.07358959932780422,0.0740395506721958,0.0002249756721957874,0.0,72.0,23.695014,137.979913539804,23.622208530709944,23.767819469290057,0.07280546929005638,0.0,360.0,118.47507,3449.4978384950996,118.11104265354973,118.83909734645027,0.36402734645027124,0.0,1.0,0.5745,0.24444975000000005,0.5714355617813374,0.5775644382186627,0.003064438218662646,0.5745,0.5714284939817257,0.5775671842337067
T-discounted_distance-W-20-HS-greedy-D-5-C-5-H-2-RUNS-100000.csv,discounted_distance,20,greedy,5,5,2,100000,2.0,82.0,37.68398,175.99939135959997,37.60175352848096,37.766206471519034,0.08222647151903573,0.0,5.0,3.4285,1.6839077500000001,3.4204570527712783,3.436542947228722,0.008042947228721786,0.0,0.2025,0.09016632499999999,0.001050412773494375,0.08996544529194923,0.09036720470805075,0.00020087970805075794,0.0,78.0,26.669025999999995,124.97125821132398,26.599737502719087,26.738314497280903,0.06928849728090825,0.0,390.0,133.34513,3124.2814552831,132.99868751359548,133.69157248640454,0.346442486404527,0.0,1.0,0.61574,0.09407425239999999,0.6138389591061214,0.6176410408938785,0.0019010408938785472,0.33068,0.3277640693324756,0.3336057540903057
T-discounted_distance-W-20-HS-greedy-D-5-C-5-H-3-RUNS-100000.csv,discounted_distance,20,greedy,5,5,3,100000,2.0,82.0,40.67933,157.0407007511,40.60165841214412,40.75700158785588,0.0776715878558818,0.0,5.0,3.47415,1.6590317774999996,3.466166682095492,3.4821333179045078,0.007983317904507903,0.0,0.2025,0.09700797500000001,0.0009622110988993749,0.09681571397541282,0.0972002360245872,0.00019226102458719252,0.0,74.8,27.824404000000005,122.432101244784,27.75582301428662,27.89298498571339,0.06858098571338545,0.0,374.0,139.12202,3060.8025311196006,138.77911507143307,139.46492492856692,0.3429049285669237,0.0,1.0,0.6487866666666667,0.05589141671111111,0.6473213596461506,0.6502519736871829,0.0014653070205161711,0.17974,0.17736448159482482,0.1821341083833792
T-discounted_distance-W-20-HS-greedy-D-5-C-5-H-4-RUNS-100000.csv,discounted_distance,20,greedy,5,5,4,100000,2.0,83.0,42.22121,153.5148961359,42.144415285012855,42.298004714987144,0.07679471498714463,0.0,5.0,3.49258,1.6411249436000002,3.4846398831347805,3.500520116865219,0.007940116865219338,0.0,0.205,0.10049369999999999,0.0009556507603099999,0.10030209551255759,0.1006853044874424,0.00019160448744240388,0.0,82.0,28.308492,122.78122788593599,28.23981330133392,28.37717069866608,0.0686786986660799,0.0,410.0,141.54246,3069.5306971484,141.1990665066696,141.88585349333042,0.34339349333041014,0.0,1.0,0.6771325,0.04220470244375001,0.6758591831309219,0.6784058168690782,0.001273316869078167,0.07608,0.07444407338217505,0.0777405642835652
T-discounted_distance-W-20-HS-greedy-D-5-C-5-H-5-RUNS-100000.csv,discounted_distance,20,greedy,5,5,5,100000,2.0,86.0,43.14864,149.6534261504,43.07281727241128,43.22446272758872,0.07582272758872222,0.0,5.0,3.49618,1.6459054076,3.4882283270855523,3.5041316729144474,0.007951672914447538,0.0,0.2125,0.10256932499999999,0.000943011756544375,0.10237899176685504,0.10275965823314494,0.00019033323314494865,0.0,77.8,28.64783,122.26661269110002,28.57929537960168,28.716364620398316,0.06853462039831726,0.0,389.0,143.23915,3056.6653172775,142.89647689800842,143.58182310199157,0.3426731019915792,0.0,1.0,0.7048079999999999,0.035873683136000006,0.7036340649884457,0.705981935011554,0.0011739350115541614,0.008,0.0074571679600437795,0.008571652142690293
T-discounted_distance-W-20-HS-random-D-1-C-5-H-1-RUNS-100000.csv,discounted_distance,20,random,1,5,1,100000,1.0,83.0,22.46059,173.71710685189998,22.378898406939133,22.542281593060867,0.08169159306086726,0.0,1.0,0.51833,0.24966401110000006,0.5152330510739733,0.5214269489260266,0.0030969489260266325,0.0,0.2025,0.0528065,0.0010644463077499999,0.05260428286581369,0.05300871713418631,0.00020221713418631243,0.0,82.0,21.36313,176.93346660310002,21.280685618426574,21.44557438157343,0.0824443815734277,0.0,82.0,21.36313,176.93346660310002,21.280685618426574,21.44557438157343,0.0824443815734277,0.0,1.0,0.42087,0.24373844309999992,0.4178100235245791,0.42392997647542097,0.0030599764754209446,0.42087,0.41780741161682033,0.423937178771241
T-discounted_distance-W-20-HS-random-D-1-C-5-H-2-RUNS-100000.csv,discounted_distance,20,random,1,5,2,100000,2.0,85.0,27.11986,197.8402935804,27.032680686409076,27.207039313590922,0.0871793135909229,0.0,1.0,0.64103,0.2301105391,0.6380567986159587,0.6440032013840413,0.002973201384041335,0.0,0.2075,0.063385,0.0012427132749999999,0.06316650498135563,0.06360349501864436,0.00021849501864436294,0.0,84.0,25.71585,207.4242087775,25.626584057981802,25.805115942018197,0.08926594201819782,0.0,84.0,25.71585,207.4242087775,25.626584057981802,25.805115942018197,0.08926594201819782,0.0,1.0,0.4201,0.15207599000000002,0.4176829457532277,0.4225170542467723,0.002417054246772299,0.23702,0.23438694877320154,0.23966831218848297
T-discounted_distance-W-20-HS-random-D-1-C-5-H-3-RUNS-100000.csv,discounted_distance,20,random,1,5,3,100000,2.0,83.0,28.96846,221.85178522840002,28.876141755967012,29.06077824403299,0.09231824403298816,0.0,1.0,0.68346,0.21634242839999998,0.6805771176351757,0.6863428823648242,0.0028828823648242574,0.0,0.1975,0.067496325,0.0013937106739943751,0.06726493617301786,0.06772771382698213,0.0002313888269821346,0.0,82.0,27.42146,232.98815146840002,27.326853061423538,27.51606693857646,0.09460693857646163,0.0,82.0,27.42146,232.98815146840002,27.326853061423538,27.51606693857646,0.09460693857646163,0.0,1.0,0.41944333333333333,0.12148840123333333,0.41728298650428486,0.4216036801623818,0.002160346829048476,0.13646,0.13433795508629223,0.1386031540844346
T-discounted_distance-W-20-HS-random-D-1-C-5-H-4-RUNS-100000.csv,discounted_distance,20,random,1,5,4,100000,2.0,82.0,29.77958,241.2115750236,29.683317941710627,29.875842058289372,0.09626205828937273,0.0,1.0,0.69999,0.2100039999,0.697149663107982,0.702830336892018,0.002840336892018014,0.0,0.2025,0.069253575,0.001509131412219375,0.06901279544868423,0.06949435455131577,0.00024077955131576734,0.0,81.0,28.14248,252.38309944959997,28.044014020349888,28.24094597965011,0.09846597965011128,0.0,81.0,28.14248,252.38309944959997,28.044014020349888,28.24094597965011,0.09846597965011128,0.0,1.0,0.4160875,0.10608056734375,0.41406878974959815,0.41810621025040184,0.002018710250401845,0.06289,0.06139304806722475,0.0644123655622529
T-discounted_distance-W-20-HS-random-D-1-C-5-H-5-RUNS-100000.csv,discounted_distance,20,random,1,5,5,100000,2.0,85.0,30.34637,257.03007782310004,30.24700165760841,30.44573834239159,0.09936834239158898,0.0,1.0,0.69749,0.21099769989999997,0.6946429510648114,0.7003370489351887,0.002847048935188612,0.0,0.2075,0.070464325,0.001599572964794375,0.07021643551854598,0.07071221448145401,0.0002478894814540167,0.0,84.0,28.65169,267.8649301439,28.550248888233575,28.75313111176642,0.10144111176642312,0.0,84.0,28.65169,267.8649301439,28.550248888233575,28.75313111176642,0.10144111176642312,0.0,1.0,0.41727,0.09746934710000002,0.41533495931872383,0.4192050406812761,0.0019350406812761456,0.00281,0.002491406931322318,0.00315795001907685
T-discounted_distance-W-20-HS-random-D-10-C-5-H-1-RUNS-100000.csv,discounted_distance,20,random,10,5,1,100000,1.0,81.0,28.87047,216.8538519791,28.77919756397669,28.96174243602331,0.09127243602330992,0.0,10.0,5.22126,8.618404012400001,5.20306426949693,5.23945573050307,0.018195730503069996,0.0,0.2,0.070315275,0.001255488164174375,0.07009565980627487,0.07053489019372512,0.0002196151937251256,0.0,67.2,21.268517000000003,108.96484452071101,21.20381774600811,21.333216253991896,0.06469925399189336,0.0,672.0,212.68517,10896.484452071101,212.03817746008104,213.33216253991895,0.6469925399189549,0.0,1.0,0.76551,0.17950443990000003,0.762884006366497,0.768135993633503,0.002625993633503021,0.76551,0.7628713758927653,0.7681332161838711
T-discounted_distance-W-20-HS-random-D-10-C-5-H-2-RUNS-100000.csv,discounted_distance,20,random,10,5,2,100000,2.0,84.0,37.60171,156.9602150759,37.52405831861218,37.67936168138782,0.0776516813878203,0.0,10.0,6.45577,5.955623707099999,6.44064415323587,6.47089584676413,0.015125846764130202,0.0,0.2075,0.090897975,0.0009139295783993749,0.0907105996582824,0.09108535034171761,0.00018737534171760217,0.0,67.4,25.679556,99.009454042864,25.61788309519967,25.741228904800334,0.06167290480033216,0.0,674.0,256.79556,9900.9454042864,256.1788309519967,257.41228904800334,0.6167290480033216,0.0,1.0,0.763345,0.07640191097499999,0.761631799541205,0.7650582004587951,0.0017132004587950833,0.55485,0.5517631742127407,0.5579336439448259
T-discounted_distance-W-20-HS-random-D-10-C-5-H-3-RUNS-100000.csv,discounted_distance,20,random,10,5,3,100000,2.0,82.0,41.73686,126.3075573404,41.667202041927794,41.806517958072206,0.06965795807220587,0.0,10.0,6.8538,5.039425560000001,6.839886173340416,6.867713826659584,0.013913826659583961,0.0,0.195,0.100406725,0.000754645262274375,0.10023645917138037,0.10057699082861964,0.00017026582861963402,0.0,68.5,27.292862999999997,99.534690563231,27.23102672688561,27.354699273114385,0.06183627311438755,0.0,685.0,272.92863,9953.4690563231,272.31026726885614,273.54699273114386,0.6183627311438613,0.0,1.0,0.76486,0.04176473595555556,0.7635933374180672,0.7661266625819327,0.0012666625819327537,0.36737,0.3643809216973503,0.37036677266451323
T-discounted_distance-W-20-HS-random-D-10-C-5-H-4-RUNS-100000.csv,discounted_distance,20,random,10,5,4,100000,2.0,84.0,44.26673,111.9714251071,44.201144222068244,44.33231577793176,0.06558577793175857,0.0,10.0,6.98212,4.787540305599999,6.968558357460104,6.995681642539896,0.013561642539896113,0.0,0.205,0.106052125,0.0006862767204843751,0.1058897550320437,0.10621449496795629,0.000162369967956294,0.0,73.4,28.145858999999998,102.10318005211901,28.083229967076903,28.208488032923093,0.06262903292309474,0.0,734.0,281.45859,10210.318005211899,280.83229967076903,282.084880329231,0.6262903292309829,0.0,1.0,0.76402,0.024143439599999997,0.7630569349057963,0.7649830650942038,0.0009630650942037411,0.18377,0.18137375208580364,0.18618460352743824
T-discounted_distance-W-20-HS-random-D-10-C-5-H-5-RUNS-100000.csv,discounted_distance,20,random,10,5,5,100000,2.0,82.0,45.87813,105.2081977031,45.814555806155624,45.94170419384437,0.06357419384437435,0.0,10.0,6.98554,4.7977709083999995,6.971963875103069,6.999116124896932,0.013576124896931496,0.0,0.2,0.10955585000000001,0.0006603652307775001,0.10939657479569768,0.10971512520430234,0.00015927520430232545,0.0,69.0,28.64251,104.0081352999,28.579299427105262,28.70572057289474,0.06321057289473941,0.0,690.0,286.4251,10400.813529989999,285.79299427105263,287.05720572894734,0.6321057289473515,0.0,1.0,0.7641439999999999,0.013697547264000005,0.7634186001270375,0.7648693998729623,0.0007253998729623845,0.01003,0.00942164017240872,0.010667025242922254
T-discounted_distance-W-20-HS-random-D-5-C-5-H-1-RUNS-100000.csv,discounted_distance,20,random,5,5,1,100000,1.0,83.0,27.98424,209.53473162240002,27.894521070837833,28.073958929162167,0.08971892916216717,0.0,5.0,2.60969,2.6280881039,2.5996420831711533,2.619737916828847,0.010047916828846759,0.0,0.205,0.067813475,0.001223108545924375,0.0675967102936933,0.0680302397063067,0.00021676470630670186,0.0,76.0,21.331865999999998,117.137513358044,21.26478429822401,21.398947701775985,0.0670817017759866,0.0,380.0,106.65933,2928.4378339511,106.32392149112006,106.99473850887993,0.33540850887993656,0.0,1.0,0.7029,0.20883158999999998,0.7000676027182896,0.7057323972817103,0.0028323972817103638,0.7029,0.7000567993578868,0.7057314282248965
T-discounted_distance-W-20-HS-random-D-5-C-5-H-2-RUNS-100000.csv,discounted_distance,20,random,5,5,2,100000,2.0,79.0,35.88987,166.20376138310002,35.809964532744665,35.96977546725534,0.07990546725533676,0.0,5.0,3.22828,1.9615282415999995,3.219599327852677,3.2369606721473225,0.00868067214732271,0.0,0.1925,0.086299725,0.000993959527424375,0.08610431786296162,0.08649513213703837,0.0001954071370383753,0.0,71.8,25.5979,110.74106519,25.532675550900453,25.663124449099545,0.06522444909954572,0.0,359.0,127.9895,2768.5266297499998,127.66337775450229,128.31562224549774,0.3261222454977286,0.0,1.0,0.70538,0.10002905559999999,0.7034197152758006,0.7073402847241994,0.0019602847241994015,0.4898,0.48669700322385473,0.49290358846927856
T-discounted_distance-W-20-HS-random-D-5-C-5-H-3-RUNS-100000.csv,discounted_distance,20,random,5,5,3,100000,2.0,85.0,39.6059,151.48386519,39.52961498072925,39.68218501927075,0.07628501927074893,0.0,5.0,3.42556,1.7227386864,3.417424846075412,3.433695153924588,0.008135153924587968,0.0,0.2075,0.094781875,0.000930306233984375,0.09459282832776073,0.09497092167223928,0.0001890466722392764,0.0,77.4,27.310994000000004,114.846688731964,27.244571485787375,27.377416514212634,0.06642251421262912,0.0,387.0,136.55497,2871.1672182990997,136.22285742893683,136.88708257106316,0.3321125710631634,0.0,1.0,0.7046066666666667,0.06491611195555556,0.703027484170283,0.7061858491630504,0.0015791824963836687,0.3128,0.30992688412741726,0.31568397700038087
T-discounted_distance-W-20-HS-random-D-5-C-5-H-4-RUNS-100000.csv,discounted_distance,20,random,5,5,4,100000,2.0,81.0,41.80098,148.4752510396,41.72545632659929,41.87650367340071,0.07552367340070987,0.0,5.0,3.48844,1.6407463664000002,3.480500799006725,3.4963792009932755,0.007939200993275275,0.0,0.195,0.09970102500000001,0.000927482676449375,0.09951226543203463,0.09988978456796539,0.00018875956796537974,0.0,75.0,28.153018,118.46604269167601,28.085556963126532,28.220479036873467,0.0674610368734676,0.0,375.0,140.76509,2961.6510672919,140.42778481563263,141.10239518436734,0.33730518436735224,0.0,1.0,0.7047525,0.04675203874375,0.7034123409346723,0.7060926590653277,0.0013401590653276951,0.15399,0.15175797498750715,0.1562421132437081
T-discounted_distance-W-20-HS-random-D-5-C-5-H-5-RUNS-100000.csv,discounted_distance,20,random,5,5,5,100000,2.0,83.0,43.19223,151.2680376271,43.11599934387346,43.26846065612654,0.07623065612654045,0.0,5.0,3.48629,1.6596520359,3.478305189882587,3.4942748101174126,0.0079848101174127,0.0,0.205,0.10268485000000001,0.0009534545804775,0.10249346580221026,0.10287623419778975,0.0001913841977897457,0.0,73.0,28.707217999999997,123.762190300476,28.63826549241265,28.776170507587345,0.06895250758734761,0.0,365.0,143.53609,3094.0547575119,143.19132746206327,143.88085253793673,0.34476253793673095,0.0,1.0,0.704882,0.036112966076,0.703704156332625,0.7060598436673751,0.0011778436673750559,0.0076,0.007071052876026365,0.008157799393002128
T-discounted_distance-W-20-HS-weighted-D-1-C-5-H-1-RUNS-100000.csv,discounted_distance,20,weighted,1,5,1,100000,1.0,82.0,24.11365,194.47179367749996,24.027216045873658,24.20008395412634,0.08643395412634192,0.0,1.0,0.59079,0.24175717590000004,0.5877424856572324,0.5938375143427677,0.003047514342767621,0.0,0.2025,0.05637835,0.0011834807762775,0.0561651257108079,0.0565915742891921,0.0002132242891920988,0.0,81.0,22.83807,197.42260867509998,22.750982762502975,22.92515723749702,0.0870872374970233,0.0,81.0,22.83807,197.42260867509998,22.750982762502975,22.92515723749702,0.0870872374970233,0.0,1.0,0.31521,0.21585265589999997,0.31233038272871994,0.31808961727128005,0.002879617271280055,0.31521,0.31233082830879216,0.31809989294186836
T-discounted_distance-W-20-HS-weighted-D-1-C-5-H-2-RUNS-100000.csv,discounted_distance,20,weighted,1,5,2,100000,2.0,84.0,27.85335,213.7660237775,27.76272971767073,27.943970282329268,0.09062028232926878,0.0,1.0,0.67269,0.2201781639,0.6697816732741347,0.6755983267258653,0.0029083267258652734,0.0,0.2,0.06488197500000001,0.0013320043825993746,0.06465576651129559,0.06510818348870442,0.0002262084887044158,0.0,83.0,26.3462,222.70728556000003,26.25370392936955,26.43869607063045,0.09249607063044962,0.0,83.0,26.3462,222.70728556000003,26.25370392936955,26.43869607063045,0.09249607063044962,0.0,1.0,0.347305,0.13580173697500003,0.3450209335544622,0.3495890664455378,0.0022840664455378024,0.16554,0.16324114908028572,0.16785826694132439
T-discounted_distance-W-20-HS-weighted-D-1-C-5-H-3-RUNS-100000.csv,discounted_distance,20,weighted,1,5,3,100000,2.0,81.0,29.35261,232.7318361879,29.25805511530865,29.447164884691347,0.0945548846913482,0.0,1.0,0.69241,0.21297839190000006,0.6895496192730284,0.6952703807269716,0.0028603807269715897,0.0,0.1975,0.06828765,0.0014535792324775,0.06805134363149747,0.06852395636850254,0.0002363063685025396,0.0,80.0,27.75059,243.16736465190002,27.6539384739879,27.8472415260121,0.09665152601209925,0.0,80.0,27.75059,243.16736465190002,27.6539384739879,27.8472415260121,0.09665152601209925,0.0,1.0,0.37375333333333327,0.11226400137777777,0.37167662105742005,0.3758300456092465,0.0020767122759132173,0.09039,0.08861969918052001,0.09218409961270124
T-discounted_distance-W-20-HS-weighted-D-1-C-5-H-4-RUNS-100000.csv,discounted_distance,20,weighted,1,5,4,100000,2.0,81.0,29.93326,245.1929657724,29.836206751867273,30.030313248132728,0.09705324813272753,0.0,1.0,0.69818,0.21072468759999996,0.695334793575355,0.701025206424645,0.0028452064246450304,0.0,0.1975,0.069571775,0.0015299303108493752,0.06932934191062978,0.06981420808937022,0.0002424330893702198,0.0,80.0,28.27501,255.9900194999,28.175842905714102,28.3741770942859,0.09916709428589954,0.0,80.0,28.27501,255.9900194999,28.175842905714102,28.3741770942859,0.09916709428589954,0.0,1.0,0.395335,0.10227023777500001,0.393352876528981,0.397317123471019,0.001982123471019004,0.03993,0.038724833332441644,0.04116194325405595
T-discounted_distance-W-20-HS-weighted-D-1-C-5-H-5-RUNS-100000.csv,discounted_distance,20,weighted,1,5,5,100000,2.0,84.0,30.38359,257.1423287119,30.28419996176781,30.482980038232192,0.09939003823219039,0.0,1.0,0.69843,0.21062553510000004,0.69558546303304,0.70127453696696,0.002844536966959965,0.0,0.2,0.07057012500000001,0.001600188144984375,0.07032218785518762,0.0708180621448124,0.00024793714481238793,0.0,83.0,28.68792,267.9080460736,28.586470724507446,28.78936927549255,0.101449275492552,0.0,83.0,28.68792,267.9080460736,28.586470724507446,28.78936927549255,0.101449275492552,0.0,1.0,0.41770199999999996,0.096991039196,0.4157717130364234,0.4196322869635765,0.0019302869635765552,0.00276,0.002444333097677307,0.003105031943804427
T-discounted_distance-W-20-HS-weighted-D-10-C-5-H-1-RUNS-100000.csv,discounted_distance,20,weighted,10,5,1,100000,1.0,80.0,30.27661,231.81123690789997,30.182242312325386,30.370977687674618,0.09436768767461601,0.0,10.0,5.91985,6.6828459774999995,5.903827259564244,5.935872740435757,0.01602274043575669,0.0,0.1975,0.07356560000000001,0.00133224749664,0.07333937086873941,0.0737918291312606,0.00022622913126059407,0.0,68.9,22.796557999999997,124.740152152636,22.72733359906293,22.865782400937064,0.06922440093706683,0.0,689.0,227.96558,12474.0152152636,227.27333599062933,228.65782400937064,0.6922440093706541,0.0,1.0,0.69975,0.21009993750000006,0.6969090143965517,0.7025909856034482,0.002840985603448254,0.69975,0.6968983028436908,0.702590107586186
T-discounted_distance-W-20-HS-weighted-D-10-C-5-H-2-RUNS-100000.csv,discounted_distance,20,weighted,10,5,2,100000,2.0,82.0,38.56573,162.0874795671,38.48682022484477,38.644639775155234,0.0789097751552319,0.0,10.0,6.7477,5.15206471,6.733631534628846,6.761768465371154,0.014068465371154026,0.0,0.2,0.092976675,0.000940379968444375,0.09278660754653213,0.09316674245346786,0.00019006745346786258,0.0,68.5,26.346898,107.426242777596,26.28265715207172,26.411138847928278,0.06424084792827855,0.0,685.0,263.46898,10742.6242777596,262.8265715207172,264.11138847928277,0.6424084792827784,0.0,1.0,0.71842,0.07599270359999999,0.7167113936376398,0.7201286063623601,0.0017086063623601433,0.46582,0.46272430306443146,0.46891767969783277
T-discounted_distance-W-20-HS-weighted-D-10-C-5-H-3-RUNS-100000.csv,discounted_distance,20,weighted,10,5,3,100000,2.0,83.0,42.41326,128.8948961724,42.34289220671814,42.48362779328186,0.07036779328186071,0.0,10.0,6.92734,4.8549805244,6.913683172702807,6.940996827297193,0.013656827297192642,0.0,0.195,0.10181662500000001,0.000768870186109375,0.10164476192348391,0.1019884880765161,0.00017186307651609334,0.0,69.8,27.669403,105.503527323591,27.60573963922111,27.73306636077889,0.06366336077888946,0.0,698.0,276.69403,10550.3527323591,276.0573963922111,277.3306636077889,0.6366336077888946,0.0,1.0,0.7336,0.03752215111111112,0.7323993955867629,0.7348006044132371,0.0012006044132371052,0.27963,0.27684967477207206,0.2824231118109079
T-discounted_distance-W-20-HS-weighted-D-10-C-5-H-4-RUNS-100000.csv,discounted_distance,20,weighted,10,5,4,100000,2.0,85.0,44.56254,113.07096874839999,44.49663298720592,44.628447012794076,0.06590701279407796,0.0,10.0,6.97433,4.7806110511,6.9607781752468885,6.987881824753112,0.013551824753111674,0.0,0.205,0.106618775,0.0006921627549993749,0.10645571021411397,0.10678183978588603,0.00016306478588602735,0.0,71.3,28.292758000000003,103.871531953436,28.229588950842025,28.35592704915798,0.0631690491579775,0.0,713.0,282.92758,10387.153195343599,282.2958895084202,283.55927049157975,0.631690491579775,0.0,1.0,0.7498825,0.02136811119375,0.7489764771748907,0.7507885228251093,0.0009060228251093205,0.13248,0.13038450135752386,0.13459683974683007
T-discounted_distance-W-20-HS-weighted-D-10-C-5-H-5-RUNS-100000.csv,discounted_distance,20,weighted,10,5,5,100000,2.0,86.0,45.95219,105.2446842039,45.888604783256035,46.01577521674397,0.06358521674396655,0.0,10.0,6.97425,4.7997269375,6.960671107923288,6.9878288920767115,0.013578892076711924,0.0,0.21,0.10970029999999999,0.00066079380491,0.10954097311962689,0.10985962688037308,0.00015932688037309517,0.0,75.5,28.641736,104.133513306304,28.578487339562212,28.70498466043779,0.06324866043778954,0.0,755.0,286.41736,10413.3513306304,285.78487339562207,287.0498466043779,0.6324866043779025,0.0,1.0,0.7646,0.013713240000000005,0.7638741847150686,0.7653258152849313,0.0007258152849313193,0.01016,0.009547687411029808,0.010800968481114242
T-discounted_distance-W-20-HS-weighted-D-5-C-5-H-1-RUNS-100000.csv,discounted_distance,20,weighted,5,5,1,100000,1.0,83.0,29.58081,226.4925697439,29.487531178398942,29.674088821601057,0.09327882160105716,0.0,5.0,2.96098,2.1732174396,2.951842915062249,2.970117084937751,0.009137084937751005,0.0,0.2025,0.07143252500000001,0.001315144559624375,0.07120775268541805,0.07165729731458197,0.0002247723145819558,0.0,72.0,22.789066000000002,133.217392847644,22.717528042497463,22.86060395750254,0.07153795750253877,0.0,360.0,113.94533,3330.4348211910997,113.5876402124873,114.3030197875127,0.3576897875126974,0.0,1.0,0.62224,0.2350573824,0.6192350100828325,0.6252449899171675,0.0030049899171674666,0.62224,0.6192265548206906,0.6252463536692945
T-discounted_distance-W-20-HS-weighted-D-5-C-5-H-2-RUNS-100000.csv,discounted_distance,20,weighted,5,5,2,100000,2.0,81.0,37.03064,173.81850119039999,36.94892456974518,37.112355430254816,0.08171543025481753,0.0,5.0,3.37178,1.7608796316000002,3.363555284082259,3.3800047159177415,0.008224715917741321,0.0,0.1975,0.0887788,0.00103769517056,0.08857914004489575,0.08897845995510426,0.0001996599551042505,0.0,72.0,26.331248000000002,120.340456362496,26.263255360901187,26.399240639098817,0.06799263909881503,0.0,360.0,131.65624,3008.5114090623997,131.31627680450592,131.99620319549408,0.3399631954940787,0.0,1.0,0.64953,0.0997157791,0.6475727873467849,0.6514872126532152,0.0019572126532151346,0.39368,0.3906500162928138,0.3967161515474795
T-discounted_distance-W-20-HS-weighted-D-5-C-5-H-3-RUNS-100000.csv,discounted_distance,20,weighted,5,5,3,100000,2.0,84.0,40.30893,155.2984122551,40.23169047769961,40.386169522300385,0.07723952230038833,0.0,5.0,3.46042,1.6693534236,3.452411886544197,3.4684281134558033,0.008008113455803212,0.0,0.2025,0.09625969999999999,0.00095256690591,0.09606840491313826,0.09645099508686172,0.00019129508686173413,0.0,75.0,27.661232000000002,119.57934824217598,27.593454715884516,27.729009284115488,0.06777728411548622,0.0,375.0,138.30616,2989.4837060544,137.96727357942257,138.64504642057744,0.33888642057743823,0.0,1.0,0.66988,0.060358563377777785,0.6683572608329984,0.6714027391670017,0.00152273916700163,0.23067,0.22806188115075088,0.2332937486783251
T-discounted_distance-W-20-HS-weighted-D-5-C-5-H-4-RUNS-100000.csv,discounted_distance,20,weighted,5,5,4,100000,2.0,84.0,42.18473,148.9737848271,42.10907964033187,42.26038035966813,0.07565035966813127,0.0,5.0,3.4874,1.6483412400000002,3.4794424452828876,3.4953575547171125,0.007957554717112458,0.0,0.2075,0.10047424999999999,0.0009278607119375,0.10028545196741015,0.10066304803258982,0.00018879803258983752,0.0,75.8,28.360886,120.48108009500399,28.2928536461312,28.428918353868802,0.06803235386880147,0.0,379.0,141.80443,3012.0270023750995,141.464268230656,142.144591769344,0.3401617693440073,0.0,1.0,0.6892875,0.04346836734375001,0.6879952613224031,0.690579738677597,0.0012922386775969796,0.1071,0.10518975785747262,0.1090330639057224
T-discounted_distance-W-20-HS-weighted-D-5-C-5-H-5-RUNS-100000.csv,discounted_distance,20,weighted,5,5,5,100000,2.0,82.0,43.24091,149.24909237190002,43.1651897706517,43.3166302293483,0.07572022934829903,0.0,5.0,3.48981,1.6551561638999999,3.4818360123405925,3.4977839876594072,0.007973987659407378,0.0,0.1975,0.10284025000000001,0.0009419777299375,0.10265002114710624,0.10303047885289378,0.00019022885289377012,0.0,79.0,28.710188000000002,122.483825804656,28.641592528924196,28.77878347107581,0.0685954710758061,0.0,395.0,143.55094,3062.0956451164,143.20796264462098,143.89391735537902,0.34297735537901985,0.0,1.0,0.705564,0.035582641904000005,0.7043948367216748,0.7067331632783251,0.0011691632783251693,0.00773,0.00719650013761285,0.008292341601541686
T-discounted_distance_reverse-W-20-HS-greedy-D-1-C-5-H-1-RUNS-100000.csv,discounted_distance_reverse,20,greedy,1,5,1,100000,1.0,76.0,22.1231,151.66554639,22.04676924846356,22.199430751536443,0.07633075153644242,0.0,1.0,0.63216,0.23253373440000003,0.6291711848600641,0.635148815139936,0.0029888151399359852,0.0,0.18,0.051501625,0.000935822309859375,0.051312018697743045,0.05169123130225696,0.00018960630225695746,0.0,75.0,20.80604,154.66409951839998,20.72895838061445,20.88312161938555,0.0770816193855488,0.0,75.0,20.80604,154.66409951839998,20.72895838061445,20.88312161938555,0.0770816193855488,0.0,1.0,0.3151,0.21581199000000004,0.31222065399650545,0.31797934600349453,0.002879346003494543,0.3151,0.31222110275669046,0.31798962487840343
T-discounted_distance_reverse-W-20-HS-greedy-D-1-C-5-H-2-RUNS-100000.csv,discounted_distance_reverse,20,greedy,1,5,2,100000,2.0,72.0,25.74952,177.31459976959997,25.666986869290273,25.832053130709728,0.08253313070972723,0.0,1.0,0.7109,0.20552119000000002,0.7080901419902351,0.7137098580097648,0.002809858009764854,0.0,0.1775,0.059834525000000006,0.0011251408055243752,0.059626622596971504,0.06004242740302851,0.00020790240302850233,0.0,71.0,24.21861,186.09139966790002,24.134058907696932,24.30316109230307,0.08455109230306945,0.0,71.0,24.21861,186.09139966790002,24.134058907696932,24.30316109230307,0.08455109230306945,0.0,1.0,0.33325,0.14556443749999998,0.3308852582739335,0.3356147417260665,0.0023647417260664882,0.17999,0.17761318283066468,0.18238539260791298
T-discounted_distance_reverse-W-20-HS-greedy-D-1-C-5-H-3-RUNS-100000.csv,discounted_distance_reverse,20,greedy,1,5,3,100000,2.0,73.0,27.06908,196.7895679536,26.98213249835386,27.15602750164614,0.08694750164614007,0.0,1.0,0.72755,0.19822099750000002,0.7247904968128376,0.7303095031871625,0.0027595031871624487,0.0,0.175,0.062844975,0.001249610804749375,0.06262587445532872,0.06306407554467128,0.00021910054467128015,0.0,72.0,25.45213,206.93040846309998,25.362970375889542,25.54128962411046,0.08915962411045797,0.0,72.0,25.45213,206.93040846309998,25.362970375889542,25.54128962411046,0.08915962411045797,0.0,1.0,0.349,0.12216788888888888,0.3468336201580619,0.35116637984193805,0.002166379841938071,0.1106,0.10866241158071903,0.11256020579276747
T-discounted_distance_reverse-W-20-HS-greedy-D-1-C-5-H-4-RUNS-100000.csv,discounted_distance_reverse,20,greedy,1,5,4,100000,2.0,76.0,27.80114,213.84565470040002,27.710502840562103,27.891777159437897,0.09063715943789674,0.0,1.0,0.73073,0.19676366709999998,0.7279806595272114,0.7334793404727886,0.0027493404727886306,0.0,0.1875,0.064484275,0.001352575715224375,0.06425632643414345,0.06471222356585654,0.00022794856585654777,0.0,75.0,26.12463,224.08441736310002,26.03184839095262,26.217411609047378,0.09278160904737831,0.0,75.0,26.12463,224.08441736310002,26.03184839095262,26.217411609047378,0.09278160904737831,0.0,1.0,0.36084,0.1098907444,0.35878535578825177,0.3628946442117482,0.0020546442117482244,0.05422,0.052824410855961366,0.055641515015731086
T-discounted_distance_reverse-W-20-HS-greedy-D-1-C-5-H-5-RUNS-100000.csv,discounted_distance_reverse,20,greedy,1,5,5,100000,2.0,74.0,28.20245,227.10712399750003,28.10904471494884,28.295855285051157,0.09340528505115842,0.0,1.0,0.7333,0.19557111000000002,0.73055900387418,0.7360409961258199,0.0027409961258199056,0.0,0.18,0.06533905000000001,0.0014291195450975,0.06510474025533611,0.06557335974466391,0.00023430974466390198,0.0,73.0,26.47019,236.8253913639,26.374807170126715,26.565572829873283,0.09538282987328373,0.0,73.0,26.47019,236.8253913639,26.374807170126715,26.565572829873283,0.09538282987328373,0.0,1.0,0.368256,0.10213151846400002,0.36627522126088924,0.3702367787391107,0.0019807787391107334,0.00104,0.0008498319697345097,0.0012599953459277832
T-discounted_distance_reverse-W-20-HS-greedy-D-10-C-5-H-1-RUNS-100000.csv,discounted_distance_reverse,20,greedy,10,5,1,100000,1.0,72.0,27.26637,184.98021702309998,27.18207171996322,27.35066828003678,0.08429828003677997,0.0,10.0,6.34102,5.4671853596,6.326527678144121,6.35551232185588,0.014492321855879453,0.0,0.1775,0.066661175,0.001081910185119375,0.0664573057731129,0.0668650442268871,0.00020386922688710174,0.0,65.9,20.968929999999997,93.8146822551,20.90889680223816,21.028963197761833,0.06003319776183602,0.0,659.0,209.6893,9381.468225510002,209.08896802238164,210.28963197761837,0.6003319776183673,0.0,1.0,0.80177,0.15893486709999996,0.7992990402968657,0.8042409597031343,0.002470959703134268,0.80177,0.7992853491108545,0.804237135982614
T-discounted_distance_reverse-W-20-HS-greedy-D-10-C-5-H-2-RUNS-100000.csv,discounted_distance_reverse,20,greedy,10,5,2,100000,2.0,75.0,36.00887,133.0809313231,35.937368691916106,36.0803713080839,0.07150130808389576,0.0,10.0,7.12308,4.6368313136,7.109733520623653,7.136426479376347,0.01334647937634692,0.0,0.1825,0.08728709999999999,0.00078684617359,0.08711323947370195,0.08746096052629804,0.00017386052629804472,0.0,67.4,24.223115999999997,81.220322450544,24.16725760844367,24.278974391556325,0.05585839155632755,0.0,674.0,242.23116,8122.0322450544,241.6725760844367,242.78974391556326,0.5585839155632755,0.0,1.0,0.77837,0.07342514309999999,0.7766905059400732,0.7800494940599269,0.0016794940599268449,0.5802,0.5771338604835716,0.5832614870533723
T-discounted_distance_reverse-W-20-HS-greedy-D-10-C-5-H-3-RUNS-100000.csv,discounted_distance_reverse,20,greedy,10,5,3,100000,2.0,74.0,40.14054,108.72590850839998,40.07591172057637,40.20516827942363,0.06462827942362992,0.0,10.0,7.26728,4.4928214016,7.254142411676268,7.280417588323733,0.013137588323732352,0.0,0.1825,0.09685184999999999,0.0006587435265775001,0.09669277048743787,0.09701092951256211,0.00015907951256212416,0.0,66.3,25.526309000000005,80.504275936519,25.470697380131696,25.581920619868313,0.05561161986830854,0.0,663.0,255.26309,8050.427593651901,254.7069738013169,255.8192061986831,0.5561161986830996,0.0,1.0,0.7668233333333333,0.04479419767777777,0.7655115353694725,0.7681351312971941,0.001311797963860828,0.38847,0.3854473751340822,0.3914990949817654
T-discounted_distance_reverse-W-20-HS-greedy-D-10-C-5-H-4-RUNS-100000.csv,discounted_distance_reverse,20,greedy,10,5,4,100000,2.0,82.0,42.53513,98.90846588309999,42.47348855594355,42.59677144405646,0.06164144405645544,0.0,10.0,7.31273,4.5064299471,7.299572530150223,7.325887469849778,0.013157469849777392,0.0,0.2025,0.1022026,0.00061564492824,0.10204881243365192,0.10235638756634809,0.000153787566348082,0.0,72.4,26.140809000000004,81.231505725519,26.084946762988302,26.196671237011707,0.05586223701170212,0.0,724.0,261.40809,8123.1505725519,260.849467629883,261.966712370117,0.558622370117007,0.0,1.0,0.75631,0.029260183899999997,0.755249783406703,0.7573702165932971,0.0010602165932970253,0.19516,0.19270747174876854,0.19763022162185034
T-discounted_distance_reverse-W-20-HS-greedy-D-10-C-5-H-5-RUNS-100000.csv,discounted_distance_reverse,20,greedy,10,5,5,100000,2.0,77.0,44.17332,94.65196017759999,44.113019504959055,44.23362049504094,0.06030049504094137,0.0,10.0,7.31134,4.472887404400001,7.298231588863351,7.3244484111366495,0.013108411136649067,0.0,0.1875,0.105763925,0.000602859356094375,0.10561174272434438,0.1059161072756556,0.00015218227565561016,0.0,64.4,26.554387000000002,82.42239015423101,26.498116772168892,26.610657227831112,0.05627022783111002,0.0,644.0,265.54387,8242.2390154231,264.98116772168896,266.1065722783111,0.5627022783110647,0.0,1.0,0.7485139999999999,0.019596791804000008,0.7476463420294017,0.7493816579705981,0.0008676579705981791,0.00469,0.004275958312233931,0.00513315912122336
T-discounted_distance_reverse-W-20-HS-greedy-D-5-C-5-H-1-RUNS-100000.csv,discounted_distance_reverse,20,greedy,5,5,1,100000,1.0,72.0,26.93157,177.49354733509998,26.848995233185768,27.014144766814233,0.0825747668142327,0.0,5.0,3.17809,1.8531739519,3.1696524926348957,3.1865275073651045,0.008437507365104402,0.0,0.1775,0.065293975,0.0010439671411993751,0.06509371256793568,0.06549423743206433,0.00020026243206432148,0.0,68.0,20.958056000000003,98.945611900864,20.89640298201399,21.019709017986017,0.06165301798601419,0.0,340.0,104.79028,2473.6402975215997,104.48201491006994,105.09854508993006,0.3082650899300603,0.0,1.0,0.69478,0.21206075160000004,0.691925788053864,0.697634211946136,0.0028542119461359983,0.69478,0.691915221333175,0.6976334775797832
T-discounted_distance_reverse-W-20-HS-greedy-D-5-C-5-H-2-RUNS-100000.csv,discounted_distance_reverse,20,greedy,5,5,2,100000,2.0,75.0,34.48842,144.0261059036,34.41403648781892,34.56280351218108,0.07438351218107897,0.0,5.0,3.55745,1.5993794975000002,3.549611520378545,3.5652884796214543,0.007838479621454564,0.0,0.1825,0.08295897499999999,0.0008766932794493749,0.08277545647498595,0.08314249352501403,0.00018351852501403976,0.0,69.0,24.203962,92.693261502556,24.14428868658536,24.263635313414643,0.05967331341464188,0.0,345.0,121.01981,2317.3315375639,120.72144343292679,121.31817656707322,0.2983665670732165,0.0,1.0,0.68782,0.10635864760000001,0.6857986455515666,0.6898413544484334,0.0020213544484334323,0.47109,0.46799208539669035,0.47418959165348945
T-discounted_distance_reverse-W-20-HS-greedy-D-5-C-5-H-3-RUNS-100000.csv,discounted_distance_reverse,20,greedy,5,5,3,100000,2.0,75.0,37.9291,135.88381319,37.85684965351289,38.00135034648711,0.0722503464871096,0.0,5.0,3.64566,1.5390631644000003,3.637970744475335,3.653349255524665,0.00768925552466504,0.0,0.185,0.09088865000000002,0.0008499388011775,0.09070795343393957,0.09106934656606046,0.0001806965660604426,0.0,66.0,25.457818,94.580901478876,25.39754014410571,25.518095855894288,0.060277855894288024,0.0,330.0,127.28909,2364.5225369719,126.98770072052857,127.59047927947144,0.30138927947143657,0.0,1.0,0.68171,0.07452147590000001,0.6800180138835752,0.6834019861164249,0.0016919861164248484,0.30456,0.3017082752266926,0.30742306416930754
T-discounted_distance_reverse-W-20-HS-greedy-D-5-C-5-H-4-RUNS-100000.csv,discounted_distance_reverse,20,greedy,5,5,4,100000,2.0,77.0,39.8974,135.20109324,39.825331385486415,39.96946861451358,0.07206861451358293,0.0,5.0,3.65079,1.5459423759,3.6430835791503076,3.658496420849693,0.007706420849692641,0.0,0.18,0.09529782499999999,0.000856664487769375,0.0951164149039134,0.09547923509608658,0.00018141009608658998,0.0,69.0,26.1852,97.18899056,26.124096708260904,26.246303291739093,0.061103291739094345,0.0,345.0,130.926,2429.7247639999996,130.6204835413045,131.23151645869547,0.30551645869547883,0.0,1.0,0.6783775,0.05841459249375001,0.6768794829823263,0.6798755170176737,0.001498017017673714,0.15372,0.15148958822854972,0.15597051572106344
T-discounted_distance_reverse-W-20-HS-greedy-D-5-C-5-H-5-RUNS-100000.csv,discounted_distance_reverse,20,greedy,5,5,5,100000,2.0,76.0,41.18888,138.41700434560002,41.11595930582516,41.26180069417484,0.07292069417484015,0.0,5.0,3.65423,1.5467131071000002,3.6465216583675635,3.6619383416324367,0.0077083416324366105,0.0,0.185,0.09809119999999999,0.00088502360756,0.09790681164107236,0.09827558835892762,0.00018438835892763128,0.0,66.8,26.577804,99.85946573758399,26.515866925191975,26.639741074808025,0.06193707480802502,0.0,334.0,132.88902,2496.4866434396,132.57933462595986,133.19870537404012,0.30968537404012864,0.0,1.0,0.6752119999999999,0.047952755056,0.6738547406149775,0.6765692593850223,0.0013572593850224024,0.00309,0.0027554849009235214,0.003453829089172852
T-discounted_distance_reverse-W-20-HS-random-D-1-C-5-H-1-RUNS-100000.csv,discounted_distance_reverse,20,random,1,5,1,100000,1.0,73.0,21.0784,147.77001344,21.003055903772683,21.153744096227314,0.0753440962273153,0.0,1.0,0.5731,0.24465639,0.5700342668285971,0.576165733171403,0.003065733171402907,0.0,0.175,0.049214425,0.000907163684419375,0.049027744524050704,0.049401105475949295,0.00018668047594929543,0.0,72.0,19.87682,150.0771066876,19.800890018237123,19.952749981762874,0.0759299817628758,0.0,72.0,19.87682,150.0771066876,19.800890018237123,19.952749981762874,0.0759299817628758,0.0,1.0,0.37152,0.23349288959999992,0.3685250270707612,0.37451497292923885,0.002994972929238837,0.37152,0.36852384390673887,0.37452360965944625
T-discounted_distance_reverse-W-20-HS-random-D-1-C-5-H-2-RUNS-100000.csv,discounted_distance_reverse,20,random,1,5,2,100000,2.0,76.0,25.29999,171.60895599990002,25.218795605774215,25.381184394225787,0.08119439422578623,0.0,1.0,0.68308,0.21648171360000001,0.6801961897583826,0.6859638102416175,0.002883810241617435,0.0,0.1775,0.058868125,0.0010865065464843752,0.058663823175510485,0.059072426824489516,0.00020430182448951534,0.0,75.0,23.82458,179.89966782360003,23.741447421313236,23.907712578686766,0.08313257868676516,0.0,75.0,23.82458,179.89966782360003,23.741447421313236,23.907712578686766,0.08313257868676516,0.0,1.0,0.3722,0.15140216,0.3697883065330436,0.37461169346695633,0.002411693466956355,0.20767,0.20515937352088956,0.2101975927030547
T-discounted_distance_reverse-W-20-HS-random-D-1-C-5-H-3-RUNS-100000.csv,discounted_distance_reverse,20,random,1,5,3,100000,2.0,73.0,26.9051,194.63695399,26.81862935050273,26.991570649497273,0.08647064949727223,0.0,1.0,0.71829,0.20234947590000005,0.7155019079164823,0.7210780920835177,0.0027880920835177125,0.0,0.1775,0.062488550000000004,0.0012347787438975002,0.06227075362669327,0.06270634637330674,0.00021779637330673896,0.0,72.0,25.30847,204.51367625909998,25.219832550876227,25.397107449123773,0.08863744912377314,0.0,72.0,25.30847,204.51367625909998,25.219832550876227,25.397107449123773,0.08863744912377314,0.0,1.0,0.3729,0.12470336777777778,0.3707112550224955,0.3750887449775045,0.0021887449775044865,0.12166,0.119639928248067,0.12370204370811529
T-discounted_distance_reverse-W-20-HS-random-D-1-C-5-H-4-RUNS-100000.csv,discounted_distance_reverse,20,random,1,5,4,100000,2.0,78.0,27.73373,213.2717102871,27.64321455368066,27.824245446319342,0.0905154463193405,0.0,1.0,0.73209,0.1961342319,0.7293450605375218,0.7348349394624782,0.002744939462478224,0.0,0.1825,0.064315525,0.001347796931474375,0.06408797947286418,0.06454307052713582,0.00022754552713581677,0.0,77.0,26.0571,223.37045959,25.964466315113725,26.14973368488627,0.09263368488627322,0.0,77.0,26.0571,223.37045959,25.964466315113725,26.14973368488627,0.09263368488627322,0.0,1.0,0.36976,0.1103237924,0.3677013113861396,0.37181868861386036,0.002058688613860382,0.05546,0.05404934721360898,0.05689650525782216
T-discounted_distance_reverse-W-20-HS-random-D-1-C-5-H-5-RUNS-100000.csv,discounted_distance_reverse,20,random,1,5,5,100000,2.0,73.0,28.23629,227.24827703589997,28.142855692539566,28.329724307460435,0.09343430746043424,0.0,1.0,0.73226,0.1960552924,0.7295156129804931,0.735004387019507,0.0027443870195069664,0.0,0.18,0.06543360000000001,0.00143161949104,0.06519908540691934,0.06566811459308068,0.00023451459308067302,0.0,72.0,26.50506,237.01173439640002,26.409639652125072,26.600480347874928,0.09542034787492781,0.0,72.0,26.50506,237.01173439640002,26.409639652125072,26.600480347874928,0.09542034787492781,0.0,1.0,0.369958,0.102082678236,0.36797769493079624,0.3719383050692038,0.0019803050692037694,0.00103,0.0008407947699377748,0.001249037636897859
T-discounted_distance_reverse-W-20-HS-random-D-10-C-5-H-1-RUNS-100000.csv,discounted_distance_reverse,20,random,10,5,1,100000,1.0,73.0,27.88524,198.48473014239997,27.7979188147518,27.9725611852482,0.0873211852482001,0.0,10.0,5.75426,8.2940518524,5.736409949693018,5.772110050306983,0.017850050306982723,0.0,0.18,0.0679766,0.00115373935244,0.06776607197107432,0.06818712802892568,0.00021052802892568279,0.0,60.0,19.867256,85.913335430464,19.80980648569486,19.924705514305142,0.05744951430514078,0.0,600.0,198.67256,8591.333543046401,198.09806485694858,199.24705514305143,0.574495143051422,0.0,1.0,0.74797,0.18851087910000003,0.7452789344245252,0.7506610655754749,0.002691065575474827,0.74797,0.7452668163036358,0.7506587945196367
T-discounted_distance_reverse-W-20-HS-random-D-10-C-5-H-2-RUNS-100000.csv,discounted_distance_reverse,20,random,10,5,2,100000,2.0,79.0,36.11296,140.79202003839998,36.03941636504907,36.18650363495093,0.07354363495092997,0.0,10.0,6.86916,5.5147808944,6.854604732127533,6.883715267872467,0.01455526787246697,0.0,0.1875,0.08742640000000002,0.00082754895804,0.08724809935285575,0.08760470064714428,0.00017830064714426108,0.0,64.0,23.762214000000004,75.865159418204,23.708228483755278,23.81619951624473,0.05398551624472603,0.0,640.0,237.62214,7586.515941820399,237.08228483755272,238.16199516244728,0.5398551624472816,0.0,1.0,0.747855,0.08296539897500001,0.7460697272569651,0.749640272743035,0.0017852727430349713,0.53665,0.5335533356980724,0.5397445382547886
T-discounted_distance_reverse-W-20-HS-random-D-10-C-5-H-3-RUNS-100000.csv,discounted_distance_reverse,20,random,10,5,3,100000,2.0,75.0,40.213,112.795951,40.147173187426276,40.278826812573726,0.06582681257372514,0.0,10.0,7.20176,4.679812902399999,7.188351805026082,7.215168194973918,0.013408194973917986,0.0,0.1825,0.09694887499999999,0.0006796720737343749,0.09678728823573825,0.09711046176426173,0.00016158676426174245,0.0,66.0,25.33852,77.8441234096,25.28383490289939,25.39320509710061,0.054685097100609426,0.0,660.0,253.3852,7784.412340960001,252.8383490289939,253.9320509710061,0.5468509710061085,0.0,1.0,0.74876,0.0474473512888889,0.7474099120594887,0.7501100879405113,0.0013500879405112798,0.34868,0.3457257748520136,0.3516430040119577
T-discounted_distance_reverse-W-20-HS-random-D-10-C-5-H-4-RUNS-100000.csv,discounted_distance_reverse,20,random,10,5,4,100000,2.0,79.0,42.59367,101.3578259311,42.531269982043526,42.65607001795648,0.06240001795647743,0.0,10.0,7.31641,4.4440547119,7.303343906252734,7.3294760937472665,0.013066093747266194,0.0,0.1925,0.102274725,0.000628289438674375,0.10211936616672646,0.10243008383327354,0.00015535883327354172,0.0,66.4,26.048247000000003,79.58767512699102,25.99295287619215,26.103541123807858,0.05529412380785459,0.0,664.0,260.48247,7958.767512699101,259.9295287619214,261.03541123807855,0.5529412380785743,0.0,1.0,0.7485375,0.029903486093750008,0.7474656920312959,0.7496093079687041,0.0010718079687040971,0.17207,0.16973517278811975,0.1744238633203348
T-discounted_distance_reverse-W-20-HS-random-D-10-C-5-H-5-RUNS-100000.csv,discounted_distance_reverse,20,random,10,5,5,100000,2.0,76.0,44.15802,94.5533896796,44.09775091158868,44.21828908841132,0.060269088411317284,0.0,10.0,7.30537,4.4444791631,7.292303282297009,7.3184367177029905,0.013066717702990616,0.0,0.185,0.1057144,0.00060208538264,0.10556231544437551,0.10586648455562449,0.00015208455562448764,0.0,65.0,26.562620999999996,81.850843310359,26.506546210685986,26.618695789314007,0.05607478931401033,0.0,650.0,265.62621,8185.0843310359005,265.0654621068599,266.1869578931401,0.5607478931401033,0.0,1.0,0.74922,0.01946379160000001,0.7483552913680865,0.7500847086319135,0.0008647086319134578,0.00464,0.004228212863511115,0.0050809098791536654
T-discounted_distance_reverse-W-20-HS-random-D-5-C-5-H-1-RUNS-100000.csv,discounted_distance_reverse,20,random,5,5,1,100000,1.0,75.0,26.77608,186.8076598336,26.691366346672055,26.860793653327946,0.08471365332794534,0.0,5.0,2.8834,2.51114444,2.8735781811864074,2.8932218188135925,0.009821818813592564,0.0,0.185,0.0648357,0.00109563850551,0.06463054140566948,0.06504085859433051,0.0002051585943305123,0.0,65.0,19.83916,92.1687888944,19.779655746419543,19.898664253580456,0.059504253580456634,0.0,325.0,99.1958,2304.2197223599997,98.89827873209772,99.49332126790229,0.29752126790228317,0.0,1.0,0.67454,0.21953578840000001,0.6716359189324032,0.6774440810675969,0.0029040810675968753,0.67454,0.6716259417915141,0.6774439318438306
T-discounted_distance_reverse-W-20-HS-random-D-5-C-5-H-2-RUNS-100000.csv,discounted_distance_reverse,20,random,5,5,2,100000,2.0,76.0,34.29864,150.0931541504,34.222705958820555,34.37457404117944,0.07593404117944402,0.0,5.0,3.43733,1.8253124711,3.4289561595495393,3.445703840450461,0.008373840450460968,0.0,0.185,0.082507275,0.0009082411345743749,0.08232048369552945,0.08269406630447056,0.0001867913044705516,0.0,69.0,23.772655999999998,88.148071505664,23.714464107824526,23.83084789217547,0.05819189217547205,0.0,345.0,118.86328,2203.7017876416,118.57232053912266,119.15423946087735,0.29095946087734603,0.0,1.0,0.674645,0.112386623975,0.6725671538683956,0.6767228461316045,0.002077846131604444,0.46042,0.4573269350780313,0.4635153609395671
T-discounted_distance_reverse-W-20-HS-random-D-5-C-5-H-3-RUNS-100000.csv,discounted_distance_reverse,20,random,5,5,3,100000,2.0,75.0,37.87797,137.7398986791,37.80522788051166,37.95071211948834,0.07274211948833909,0.0,5.0,3.60172,1.5984530416,3.593883790964624,3.6095562090353757,0.007836209035375852,0.0,0.1825,0.090749275,0.000856121899474375,0.09056792236315618,0.09093062763684383,0.0001813526368438234,0.0,67.0,25.320784,91.73423922534401,25.261420184977034,25.380147815022966,0.05936381502296584,0.0,335.0,126.60392,2293.3559806335998,126.30710092488518,126.90073907511483,0.29681907511482564,0.0,1.0,0.6743666666666667,0.0766095988888889,0.6726511392402128,0.6760821940931205,0.0017155274264538667,0.28969,0.2868796268753036,0.29251257568740224
T-discounted_distance_reverse-W-20-HS-random-D-5-C-5-H-4-RUNS-100000.csv,discounted_distance_reverse,20,random,5,5,4,100000,2.0,78.0,39.87239,136.7196256879,39.799917790564756,39.94486220943525,0.07247220943524724,0.0,5.0,3.64259,1.5515080918999995,3.6348697192500254,3.650310280749975,0.007720280749974773,0.0,0.19,0.095194025,0.000863647291799375,0.09501187705364385,0.09537617294635616,0.00018214794635615372,0.0,67.4,26.126652000000004,96.511018470896,26.06576220376469,26.187541796235315,0.06088979623531188,0.0,337.0,130.63326,2412.7754617724,130.32881101882344,130.93770898117657,0.30444898117656294,0.0,1.0,0.6762975,0.058683566493749985,0.6747960380822599,0.6777989619177401,0.0015014619177401434,0.14253,0.14036862998370422,0.14471212556565233
T-discounted_distance_reverse-W-20-HS-random-D-5-C-5-H-5-RUNS-100000.csv,discounted_distance_reverse,20,random,5,5,5,100000,2.0,81.0,41.18057,139.5385844751,41.10735446707702,41.25378553292298,0.07321553292297978,0.0,5.0,3.65014,1.5415379804000002,3.6424445647910564,3.6578354352089435,0.007695435208943557,0.0,0.19,0.09809092500000001,0.0008921308701443749,0.09790579774779908,0.09827605225220094,0.00018512725220093396,0.0,68.0,26.555564000000004,100.22422224190399,26.493513909575857,26.61761409042415,0.06205009042414744,0.0,340.0,132.77782,2505.6055560475997,132.46756954787924,133.08807045212075,0.31025045212075497,0.0,1.0,0.675626,0.047983508124,0.6742683054658386,0.6769836945341613,0.0013576945341613467,0.00307,0.002736597396192292,0.003432719541676441
T-discounted_distance_reverse-W-20-HS-weighted-D-1-C-5-H-1-RUNS-100000.csv,discounted_distance_reverse,20,weighted,1,5,1,100000,1.0,74.0,21.84627,150.8317570871,21.77014935378455,21.92239064621545,0.07612064621545045,0.0,1.0,0.61097,0.2376856591,0.6079482567481691,0.6139917432518309,0.0030217432518309106,0.0,0.1775,0.05092415,0.0009300948217775,0.050735124809421064,0.05111317519057894,0.00018902519057893696,0.0,73.0,20.56873,153.7751561871,20.49187021597686,20.645589784023137,0.07685978402313864,0.0,73.0,20.56873,153.7751561871,20.49187021597686,20.645589784023137,0.07685978402313864,0.0,1.0,0.33343,0.22225443509999998,0.3305079927483318,0.3363520072516682,0.0029220072516681905,0.33343,0.3305079114995301,0.33636175233119675
T-discounted_distance_reverse-W-20-HS-weighted-D-1-C-5-H-2-RUNS-100000.csv,discounted_distance_reverse,20,weighted,1,5,2,100000,2.0,72.0,25.55578,173.85516859159998,25.474055951173384,25.637504048826614,0.0817240488266151,0.0,1.0,0.70578,0.2076545916,0.7029555958520591,0.7086044041479408,0.002824404147940829,0.0,0.175,0.059390124999999995,0.001101683239984375,0.05918440124505847,0.05959584875494152,0.0002057237549415239,0.0,71.0,24.03597,182.3564361591,23.952271703413462,24.119668296586536,0.08369829658653671,0.0,71.0,24.03597,182.3564361591,23.952271703413462,24.119668296586536,0.08369829658653671,0.0,1.0,0.343535,0.14673620377500002,0.34116075948896907,0.3459092405110309,0.0023742405110309117,0.18597,0.18356261923282735,0.18839560845101885
T-discounted_distance_reverse-W-20-HS-weighted-D-1-C-5-H-3-RUNS-100000.csv,discounted_distance_reverse,20,weighted,1,5,3,100000,2.0,73.0,26.96024,196.04529914239998,26.873457074191666,27.04702292580833,0.08678292580833258,0.0,1.0,0.72562,0.19909561559999997,0.7228544155827584,0.7283855844172417,0.0027655844172416177,0.0,0.18,0.062594825,0.001245690445719375,0.06237606841344144,0.06281358158655857,0.0002187565865585661,0.0,72.0,25.34862,206.16266409560004,25.259625927703603,25.437614072296398,0.08899407229639777,0.0,72.0,25.34862,206.16266409560004,25.259625927703603,25.437614072296398,0.08899407229639777,0.0,1.0,0.3561933333333333,0.12308408706666667,0.354018845281227,0.3583678213854396,0.0021744880521062937,0.114,0.1120364361427241,0.11598598275059498
T-discounted_distance_reverse-W-20-HS-weighted-D-1-C-5-H-4-RUNS-100000.csv,discounted_distance_reverse,20,weighted,1,5,4,100000,2.0,75.0,27.81498,213.9860275996,27.724313097349327,27.90564690265067,0.09066690265067123,0.0,1.0,0.73176,0.19628730239999997,0.7290139896196485,0.7345060103803515,0.0027460103803514935,0.0,0.185,0.06453194999999999,0.0013541368041975,0.0643038699275034,0.06476003007249659,0.00022808007249659756,0.0,74.0,26.13734,224.16885772440003,26.044540911435828,26.23013908856417,0.09279908856417052,0.0,74.0,26.13734,224.16885772440003,26.044540911435828,26.23013908856417,0.09279908856417052,0.0,1.0,0.3623725,0.10975804624374999,0.360319096701936,0.36442590329806396,0.0020534032980639716,0.05412,0.05272563451888051,0.05554029727467266
T-discounted_distance_reverse-W-20-HS-weighted-D-1-C-5-H-5-RUNS-100000.csv,discounted_distance_reverse,20,weighted,1,5,5,100000,2.0,77.0,28.27878,227.39922171159998,28.185314666847688,28.372245333152314,0.09346533315231298,0.0,1.0,0.73319,0.19562242389999998,0.7304486443068178,0.7359313556931822,0.0027413556931822347,0.0,0.19,0.06551752500000001,0.001430112480374375,0.06528313387165667,0.06575191612834334,0.00023439112834333642,0.0,76.0,26.54655,237.1023730975,26.451111408408792,26.641988591591208,0.09543859159120771,0.0,76.0,26.54655,237.1023730975,26.451111408408792,26.641988591591208,0.09543859159120771,0.0,1.0,0.36992800000000003,0.101613274816,0.3679522531626417,0.3719037468373584,0.0019757468373583498,0.00096,0.0007776701307338346,0.0011721998336201203
T-discounted_distance_reverse-W-20-HS-weighted-D-10-C-5-H-1-RUNS-100000.csv,discounted_distance_reverse,20,weighted,10,5,1,100000,1.0,74.0,27.43935,190.86852157750002,27.353720535883255,27.524979464116747,0.08562946411674588,0.0,10.0,6.12957,6.5321016151,6.113729002062822,6.145410997937178,0.01584099793717808,0.0,0.1775,0.06698975,0.0011119460199375002,0.06678307025183411,0.06719642974816589,0.00020667974816589163,0.0,62.0,20.480327000000003,90.83609087307099,20.42125450837336,20.539399491626646,0.05907249162664385,0.0,620.0,204.80327,9083.6090873071,204.21254508373357,205.39399491626642,0.5907249162664243,0.0,1.0,0.77864,0.17235975040000004,0.7760667972929894,0.7812132027070106,0.002573202707010558,0.77864,0.7760537829871408,0.781210046302562
T-discounted_distance_reverse-W-20-HS-weighted-D-10-C-5-H-2-RUNS-100000.csv,discounted_distance_reverse,20,weighted,10,5,2,100000,2.0,75.0,36.03185,135.59221557749999,35.9596772173626,36.1040227826374,0.07217278263740212,0.0,10.0,7.0355,4.89585975,7.021785797574922,7.049214202425078,0.013714202425077815,0.0025,0.1825,0.087318275,0.000799984913524375,0.08714296892355668,0.08749358107644332,0.00017530607644332397,0.3,63.0,24.069875,79.343613584375,24.014665723067065,24.125084276932935,0.05520927693293487,3.0,630.0,240.69875,7934.3613584375,240.14665723067066,241.25084276932932,0.5520927693293345,0.0,1.0,0.767345,0.07759415097500001,0.7656184841721387,0.7690715158278614,0.001726515827861319,0.56548,0.5624008520160633,0.5685553494751957
T-discounted_distance_reverse-W-20-HS-weighted-D-10-C-5-H-3-RUNS-100000.csv,discounted_distance_reverse,20,weighted,10,5,3,100000,2.0,77.0,40.13108,109.99535803359998,40.06607552573692,40.196084474263074,0.06500447426307687,0.0,10.0,7.25406,4.5468135164,7.240843707477283,7.267276292522717,0.013216292522717055,0.0,0.1825,0.096782225,0.0006655382365493751,0.0966223271673215,0.0969421228326785,0.00015989783267850166,0.0,67.0,25.42149,79.0451737799,25.366384651839148,25.47659534816085,0.055105348160850554,0.0,670.0,254.2149,7904.517377990001,253.6638465183915,254.7659534816085,0.5510534816085055,0.0,1.0,0.7596533333333333,0.04566014648888889,0.7583289164097337,0.7609777502569329,0.0013244169235996361,0.37221,0.36921269009341384,0.3752147234374871
T-discounted_distance_reverse-W-20-HS-weighted-D-10-C-5-H-4-RUNS-100000.csv,discounted_distance_reverse,20,weighted,10,5,4,100000,2.0,76.0,42.54048,99.97692136959999,42.478506510415066,42.60245348958494,0.0619734895849362,0.0,10.0,7.31883,4.425977431100001,7.305790508100653,7.331869491899347,0.013039491899347055,0.0,0.1875,0.10220082500000001,0.000620939306819375,0.10204637758367079,0.10235527241632923,0.0001544474163292231,0.0,67.6,26.081861,80.066355276679,26.02640084219001,26.13732115780999,0.05546015780998914,0.0,676.0,260.81861,8006.635527667899,260.2640084219001,261.37321157809987,0.5546015780998914,0.0,1.0,0.7536575,0.02949474769375,0.7525930422848215,0.7547219577151785,0.0010644577151784906,0.18774,0.1853237548576381,0.19017436990695702
T-discounted_distance_reverse-W-20-HS-weighted-D-10-C-5-H-5-RUNS-100000.csv,discounted_distance_reverse,20,weighted,10,5,5,100000,2.0,79.0,44.19399,95.3458778799,44.13346886943691,44.25451113056309,0.06052113056308883,0.0,10.0,7.29688,4.4888022655999995,7.283748289226636,7.310011710773364,0.01313171077336417,0.0,0.1925,0.10578545000000002,0.0006068496932975,0.10563276490636703,0.105938135093633,0.00015268509363298988,0.0,70.0,26.597148999999998,81.799895171799,26.54109166530667,26.653206334693326,0.05605733469332819,0.0,700.0,265.97149,8179.989517179899,265.41091665306675,266.5320633469333,0.5605733469332677,0.0,1.0,0.749162,0.019439897756000003,0.7482978222913113,0.7500261777086887,0.0008641777086887403,0.00442,0.004018282350256206,0.004850864229975446
T-discounted_distance_reverse-W-20-HS-weighted-D-5-C-5-H-1-RUNS-100000.csv,discounted_distance_reverse,20,weighted,5,5,1,100000,1.0,72.0,26.8679,182.69140958999998,26.78412486531906,26.951675134680936,0.08377513468093767,0.0,5.0,3.0594,2.11799164,3.0503797579388223,3.068420242061178,0.009020242061177797,0.0,0.175,0.065106075,0.001072622935594375,0.06490308267823931,0.06530906732176069,0.0002029923217606866,0.0,66.0,20.56165,97.5299912775,20.50043960754156,20.622860392458442,0.06121039245844173,0.0,330.0,102.80825,2438.2497819375003,102.5021980377078,103.1143019622922,0.30605196229220155,0.0,1.0,0.6869,0.21506839,0.6840256188022045,0.6897743811977954,0.0028743811977954836,0.6869,0.6840152816662719,0.6897738746184704
T-discounted_distance_reverse-W-20-HS-weighted-D-5-C-5-H-2-RUNS-100000.csv,discounted_distance_reverse,20,weighted,5,5,2,100000,2.0,74.0,34.5056,145.54138864,34.43082622126712,34.580373778732884,0.07477377873288304,0.0,5.0,3.51444,1.6703714864,3.506429445024123,3.522450554975877,0.008010554975876882,0.0,0.1825,0.08301912499999999,0.000884437696734375,0.0828347976863491,0.08320345231365087,0.00018432731365088106,0.0,71.0,24.09747,91.03379359910001,24.038333258333733,24.15660674166627,0.05913674166626848,0.0,355.0,120.48735,2275.8448399774998,120.19166629166867,120.78303370833135,0.29568370833133883,0.0,1.0,0.682325,0.10894509437500001,0.6802792153716702,0.6843707846283297,0.0020457846283297165,0.4667,0.46360390865915174,0.4697980230543113
T-discounted_distance_reverse-W-20-HS-weighted-D-5-C-5-H-3-RUNS-100000.csv,discounted_distance_reverse,20,weighted,5,5,3,100000,2.0,77.0,37.93889,135.14105556789997,37.8668373887309,38.0109426112691,0.07205261126910045,0.0,5.0,3.61607,1.5652677551,3.6083155608790887,3.6238244391209116,0.007754439120911449,0.0,0.19,0.09092185,0.0008437260675775,0.09074181505724704,0.09110188494275295,0.00018003494275295462,0.0,70.0,25.491464000000004,93.65701913670401,25.43148126875879,25.551446731241217,0.059982731241213116,0.0,350.0,127.45732,2341.4254784175996,127.15740634379392,127.75723365620607,0.2999136562060727,0.0,1.0,0.6804866666666666,0.07494456315555555,0.6787898843181658,0.6821834490151674,0.0016967823485007916,0.30076,0.2979185022382228,0.30361305772849956
T-discounted_distance_reverse-W-20-HS-weighted-D-5-C-5-H-4-RUNS-100000.csv,discounted_distance_reverse,20,weighted,5,5,4,100000,2.0,78.0,39.8765,135.43720775,39.804368482804506,39.948631517195494,0.07213151719549415,0.0,5.0,3.65189,1.5348094279,3.6442113777940173,3.6595686222059824,0.007678622205982588,0.0,0.1925,0.09526465,0.0008582134603775,0.09508307597021089,0.09544622402978913,0.0001815740297891194,0.0,67.0,26.144848,96.064977456896,26.084099072651576,26.205596927348424,0.060748927348424075,0.0,335.0,130.72424,2401.6244364224,130.42049536325788,131.02798463674213,0.30374463674212393,0.0,1.0,0.677935,0.058422885775,0.6764368766472908,0.6794331233527091,0.0014981233527091575,0.15126,0.14904439818400508,0.1534958489818402
T-discounted_distance_reverse-W-20-HS-weighted-D-5-C-5-H-5-RUNS-100000.csv,discounted_distance_reverse,20,weighted,5,5,5,100000,2.0,74.0,41.17329,140.4941205759,41.099824211118076,41.24675578888193,0.07346578888192568,0.0,5.0,3.6559,1.5374351899999996,3.648214812282121,3.663585187717879,0.007685187717878961,0.0,0.18,0.098056475,0.0008979921480743749,0.09787074060264608,0.09824220939735392,0.0001857343973539205,0.0,70.0,26.542922,100.031596901916,26.480931566652718,26.604912433347284,0.06199043334728316,0.0,350.0,132.71461,2500.7899225479,132.40465783326357,133.02456216673642,0.3099521667364229,0.0,1.0,0.674988,0.048269599856,0.6736262639947229,0.6763497360052771,0.0013617360052771144,0.00348,0.003124476241653321,0.0038647833898906095
T-divide_over_risks-W-20-HS-greedy-D-1-C-5-H-1-RUNS-100000.csv,divide_over_risks,20,greedy,1,5,1,100000,1.0,127.0,21.93834,120.84489804440001,21.87020500456246,22.00647499543754,0.0681349954375392,0.0,1.0,0.5828,0.24314415999999997,0.5797437562187286,0.5858562437812713,0.0030562437812713394,0.0,0.3075,0.05178352500000001,0.0007368668510743751,0.05161527674012528,0.05195177325987474,0.0001682482598747287,0.0,125.0,20.77274,122.26833289240001,20.704204897487532,20.841275102512466,0.06853510251246675,0.0,125.0,20.77274,122.26833289240001,20.704204897487532,20.841275102512466,0.06853510251246675,0.0,1.0,0.4172,0.24314415999999997,0.4141437562187286,0.4202562437812714,0.003056243781271395,0.4172,0.41414125060408696,0.42026355269596777
T-divide_over_risks-W-20-HS-greedy-D-1-C-5-H-2-RUNS-100000.csv,divide_over_risks,20,greedy,1,5,2,100000,2.0,122.0,27.83946,199.0919669084,27.752005343172858,27.92691465682714,0.08745465682714126,0.0,1.0,0.70137,0.2094501231,0.698533411216089,0.7042065887839111,0.0028365887839110204,0.0,0.3,0.06557615,0.0012495953011775,0.06535705081449253,0.06579524918550747,0.00021909918550747087,0.0,120.0,26.43672,209.7689356416,26.34695094390823,26.526489056091773,0.08976905609177166,0.0,120.0,26.43672,209.7689356416,26.34695094390823,26.526489056091773,0.08976905609177166,0.0,1.0,0.386095,0.19329315097499997,0.38337001381877717,0.3888199861812229,0.002724986181222855,0.29863,0.29579433605436184,0.3014773475508528
T-divide_over_risks-W-20-HS-greedy-D-1-C-5-H-3-RUNS-100000.csv,divide_over_risks,20,greedy,1,5,3,100000,2.0,130.0,31.77457,311.2261913151,31.665226205637627,31.883913794362375,0.10934379436237407,0.0,1.0,0.76248,0.1811042496,0.7598423304125358,0.7651176695874643,0.002637669587464253,0.0,0.3,0.0744911,0.0019233052707900004,0.07421928076726864,0.07476291923273137,0.00027181923273136843,0.0,128.0,30.24961,328.8104648479,30.13721968539239,30.36200031460761,0.11239031460760884,0.0,128.0,30.24961,328.8104648479,30.13721968539239,30.36200031460761,0.11239031460760884,0.0,1.0,0.35062666666666664,0.17066316284444444,0.348066159673153,0.35318717366018026,0.0025605069935136227,0.23752,0.23488502039646056,0.2401702115223762
T-divide_over_risks-W-20-HS-greedy-D-1-C-5-H-4-RUNS-100000.csv,divide_over_risks,20,greedy,1,5,4,100000,2.0,142.0,34.49344,438.9540169664,34.36358293428626,34.623297065713736,0.12985706571373612,0.0,1.0,0.7911,0.16526079000000002,0.7885803455576925,0.7936196544423075,0.0025196544423075062,0.0,0.325,0.080495725,0.0026409394442243753,0.08017720603715897,0.08081424396284104,0.00031851896284103287,0.0,142.0,32.91124,462.1504216624,32.77799597349756,33.04448402650244,0.13324402650243883,0.0,142.0,32.91124,462.1504216624,32.77799597349756,33.04448402650244,0.13324402650243883,0.0,1.0,0.331275,0.15875562437500002,0.3288054340328734,0.3337445659671266,0.002469565967126608,0.2089,0.20638386148294077,0.21143303325771268
T-divide_over_risks-W-20-HS-greedy-D-1-C-5-H-5-RUNS-100000.csv,divide_over_risks,20,greedy,1,5,5,100000,2.0,138.0,36.63528,570.9800393216001,36.4871760865116,36.7833839134884,0.14810391348839858,0.0,1.0,0.80564,0.15658419040000002,0.8031873813467222,0.8080926186532779,0.0024526186532778382,0.0,0.33,0.085172275,0.0033465556338243756,0.08481372056727186,0.08553082943272815,0.000358554432728142,0.0,138.0,35.024,598.707084,34.87234271748794,35.17565728251206,0.1516572825120619,0.0,138.0,35.024,598.707084,34.87234271748794,35.17565728251206,0.1516572825120619,0.0,1.0,0.317242,0.151716313436,0.3148278057458114,0.3196561942541887,0.0024141942541886507,0.19436,0.19191131668634978,0.19682642319160149
T-divide_over_risks-W-20-HS-greedy-D-10-C-5-H-1-RUNS-100000.csv,divide_over_risks,20,greedy,10,5,1,100000,1.0,126.0,23.86265,214.3702249775,23.771901740717876,23.95339825928212,0.09074825928212249,0.0,10.0,3.93154,6.5188532284,3.9157150745460774,3.9473649254539227,0.015824925453922667,0.0,0.3825,0.13235487499999998,0.0043002848762343756,0.13194842728650485,0.1327613227134951,0.0004064477134951283,0.0,57.7,19.564621000000002,62.77787842635901,19.51551219246381,19.613729807536195,0.049108807536192955,0.0,577.0,195.64621,6277.787842635901,195.15512192463805,196.13729807536194,0.49108807536194377,0.0,1.0,0.94982,0.04766196760000001,0.9484668621107508,0.9511731378892492,0.0013531378892491785,0.94982,0.948448783514472,0.9511650510842755
T-divide_over_risks-W-20-HS-greedy-D-10-C-5-H-2-RUNS-100000.csv,divide_over_risks,20,greedy,10,5,2,100000,2.0,133.0,29.70917,209.24318791110002,29.61951350939953,29.798826490600472,0.08965649060047198,0.0,10.0,4.74555,6.6651051975,4.729548541276897,4.761551458723102,0.016001458723102324,0.0,0.38,0.16546485,0.0030256937894775,0.16512391737818657,0.16580578262181342,0.0003409326218134223,0.0,60.4,22.882153,44.802534584591,22.840666445930015,22.923639554069982,0.04148655406998358,0.0,604.0,228.82153,4480.253458459099,228.40666445930017,229.23639554069982,0.4148655406998216,0.0,1.0,0.955615,0.025262471775,0.9546298689855108,0.9566001310144892,0.00098513101448916,0.92131,0.9196239267465972,0.922971588782559
T-divide_over_risks-W-20-HS-greedy-D-10-C-5-H-3-RUNS-100000.csv,divide_over_risks,20,greedy,10,5,3,100000,2.0,141.0,32.70223,201.1576030271,32.61432283033854,32.79013716966146,0.08790716966146306,0.0,10.0,5.07668,6.599320177599999,5.060757704815489,5.09260229518451,0.015922295184510382,0.0,0.38,0.180122075,0.002544529910194375,0.17980942397884378,0.1804347260211562,0.0003126510211562128,0.0,77.0,24.382987000000004,39.237028057831004,24.34416265622101,24.421811343778998,0.038824343778994574,0.0,770.0,243.82987,3923.7028057831003,243.44162656221005,244.21811343778995,0.38824343778995285,0.0,1.0,0.96293,0.016533592877777777,0.9621330341889436,0.9637269658110563,0.0007969658110563715,0.91122,0.90944019323117,0.9129759137120426
T-divide_over_risks-W-20-HS-greedy-D-10-C-5-H-4-RUNS-100000.csv,divide_over_risks,20,greedy,10,5,4,100000,2.0,140.0,35.60568,208.21971173759997,35.51624304764745,35.69511695235255,0.08943695235254978,0.0,10.0,5.28602,6.6460125596,5.270041476335731,5.301998523664269,0.015978523664268884,0.0,0.395,0.19160485,0.0022841683314775,0.19130862608026689,0.1919010739197331,0.00029622391973310735,0.0,73.2,25.724780999999997,38.319524202039,25.68641326822256,25.763148731777434,0.0383677317774378,0.0,732.0,257.24781,3831.9524202038997,256.8641326822256,257.63148731777443,0.3836773177744135,0.0,1.0,0.96762,0.012434035599999999,0.9669288662129446,0.9683111337870555,0.0006911337870554313,0.90501,0.9031759888229671,0.9068204815721942
T-divide_over_risks-W-20-HS-greedy-D-10-C-5-H-5-RUNS-100000.csv,divide_over_risks,20,greedy,10,5,5,100000,2.0,132.0,38.82666,218.36337324439998,38.73507044084309,38.918249559156905,0.09158955915690825,0.0,10.0,5.47955,6.689241797499999,5.463519594113286,5.495580405886713,0.01603040588671334,0.0,0.3925,0.20264970000000002,0.00220011546491,0.20235897739045616,0.20294042260954387,0.0002907226095438531,0.0,71.9,27.113581,41.235333656438996,27.073780289230648,27.153381710769352,0.03980071076935232,0.0,719.0,271.13581,4123.533365643901,270.73780289230643,271.53381710769355,0.39800710769355874,0.0,1.0,0.9693160000000001,0.011196892144,0.9686601495531725,0.9699718504468277,0.0006558504468275883,0.89853,0.8966419548078441,0.9003948944852264
T-divide_over_risks-W-20-HS-greedy-D-5-C-5-H-1-RUNS-100000.csv,divide_over_risks,20,greedy,5,5,1,100000,1.0,150.0,29.34117,380.3785930311,29.220287312943984,29.46205268705602,0.12088268705601735,0.0,5.0,2.24743,2.8341883950999995,2.2369955291755566,2.2578644708244435,0.010434470824443487,0.0,0.3825,0.128962325,0.004186833168094375,0.12856127465031117,0.1293633753496888,0.0004010503496888196,0.0,75.6,21.539568000000003,84.693872773376,21.48252766500395,21.596608334996056,0.05704033499605288,0.0,378.0,107.69784,2117.3468193344,107.41263832501973,107.98304167498027,0.2852016749802715,0.0,1.0,0.82415,0.1449267775,0.8217904434559774,0.8265095565440227,0.002359556544022645,0.82415,0.8217760962998948,0.8265050874719038
T-divide_over_risks-W-20-HS-greedy-D-5-C-5-H-2-RUNS-100000.csv,divide_over_risks,20,greedy,5,5,2,100000,2.0,137.0,36.30245,361.24861399749994,36.18464623624295,36.42025376375705,0.1178037637570526,0.0,5.0,2.69156,2.7957047664,2.6811966127976405,2.7019233872023594,0.010363387202359409,0.0,0.375,0.157261775,0.003200012936349375,0.1569111588324281,0.1576123911675719,0.00035061616757189884,0.0,74.4,25.251863999999998,66.11109172550401,25.2014683285616,25.302259671438396,0.05039567143839818,0.0,372.0,126.25932,1652.7772931375998,126.00734164280802,126.51129835719199,0.25197835719198736,0.0,1.0,0.84653,0.08769195909999998,0.8446945778957456,0.8483654221042544,0.0018354221042543584,0.76208,0.7594282726302237,0.7647165186855983
T-divide_over_risks-W-20-HS-greedy-D-5-C-5-H-3-RUNS-100000.csv,divide_over_risks,20,greedy,5,5,3,100000,2.0,138.0,39.85634,336.7957218044,39.74259315631264,39.97008684368737,0.1137468436873661,0.0,5.0,2.87339,2.7110399079000005,2.8631847411055924,2.883595258894408,0.01020525889440771,0.0,0.38,0.17004585,0.0027991885227775003,0.16971792679818132,0.17037377320181868,0.0003279232018186806,0.0,82.0,27.092342000000002,61.81734135503601,27.04361033693075,27.141073663069253,0.04873166306925114,0.0,410.0,135.46171,1545.4335338759,135.21805168465374,135.70536831534628,0.24365831534626636,0.0,1.0,0.8671633333333333,0.06290664221111113,0.865608784663403,0.8687178820032636,0.0015545486699303224,0.73688,0.7341390305995833,0.7396072242239248
T-divide_over_risks-W-20-HS-greedy-D-5-C-5-H-4-RUNS-100000.csv,divide_over_risks,20,greedy,5,5,4,100000,2.0,152.0,44.03782,325.1726696476,43.92605312978713,44.14958687021288,0.11176687021287535,0.0,5.0,3.02269,2.5901151639,3.0127149378880937,3.032665062111906,0.00997506211190613,0.0,0.3975,0.18247259999999998,0.00260834287424,0.18215605284734054,0.18278914715265943,0.000316547152659441,0.0,88.0,29.223002,69.449444907996,29.17134960532574,29.27465439467426,0.051652394674260194,0.0,440.0,146.11501,1736.2361226999,145.8567480266287,146.37327197337132,0.2582619733713045,0.0,1.0,0.876015,0.054581469775,0.8745669662494001,0.8774630337505999,0.0014480337505998753,0.7197,0.7169048725901694,0.7224823797245769
T-divide_over_risks-W-20-HS-greedy-D-5-C-5-H-5-RUNS-100000.csv,divide_over_risks,20,greedy,5,5,5,100000,2.0,140.0,48.45844,320.92893276639995,48.34740484394052,48.56947515605949,0.11103515605948644,0.0,5.0,3.15479,2.4364900559,3.1451152802631057,3.1644647197368947,0.009674719736894488,0.0,0.39,0.194627925,0.0026528917476943753,0.1943086860779065,0.19494716392209352,0.0003192389220935121,0.0,93.6,31.445075999999997,81.32611695422399,31.389181240774167,31.500970759225826,0.055894759225829205,0.0,468.0,157.22538,2033.1529238555997,156.94590620387086,157.50485379612914,0.2794737961291389,0.0,1.0,0.879714,0.051762878203999996,0.8783038501040369,0.8811241498959631,0.0014101498959631087,0.70627,0.7034360676926301,0.7090919642680358
T-divide_over_risks-W-20-HS-random-D-1-C-5-H-1-RUNS-100000.csv,divide_over_risks,20,random,1,5,1,100000,1.0,128.0,28.64215,310.2581733775,28.532976386024508,28.751323613975494,0.10917361397549286,0.0,1.0,0.6804,0.21745583999999998,0.6775097087431472,0.6832902912568528,0.002890291256852806,0.0,0.32,0.067244925,0.0018572843742443751,0.06697781184697123,0.06751203815302877,0.0002671131530287696,0.0,128.0,27.28135,321.3081121775,27.17024926896095,27.392450731039048,0.11110073103904838,0.0,128.0,27.28135,321.3081121775,27.17024926896095,27.392450731039048,0.11110073103904838,0.0,1.0,0.3196,0.21745583999999998,0.31670970874314713,0.32249029125685286,0.0028902912568528616,0.3196,0.3167100274026645,0.32250043905813425
T-divide_over_risks-W-20-HS-random-D-1-C-5-H-2-RUNS-100000.csv,divide_over_risks,20,random,1,5,2,100000,2.0,139.0,33.03969,402.7703747038999,32.9153001824319,33.1640798175681,0.12438981756810108,0.0,1.0,0.76569,0.1794088239,0.7630647058490633,0.7683152941509367,0.002625294150936708,0.0,0.3225,0.0772254,0.0024163135948399995,0.0769207278761367,0.0775300721238633,0.00030467212386330045,0.0,139.0,31.50831,423.2141309439,31.380802376485402,31.6358176235146,0.12750762351459954,0.0,139.0,31.50831,423.2141309439,31.380802376485402,31.6358176235146,0.12750762351459954,0.0,1.0,0.31591,0.17531087189999997,0.3133148617657415,0.3185051382342585,0.0025951382342584983,0.23431,0.23168748849446924,0.23694792988485938
T-divide_over_risks-W-20-HS-random-D-1-C-5-H-3-RUNS-100000.csv,divide_over_risks,20,random,1,5,3,100000,2.0,137.0,34.96705,475.54330429749996,34.83188909005229,35.10221090994771,0.13516090994770735,0.0,1.0,0.79082,0.1654237276,0.7882991037467834,0.7933408962532166,0.002520896253216609,0.0,0.3325,0.0815058,0.00282373794136,0.08117644196266785,0.08183515803733216,0.0003293580373321531,0.0,137.0,33.38541,499.8220891319001,33.24684173026955,33.52397826973045,0.1385682697304489,0.0,137.0,33.38541,499.8220891319001,33.24684173026955,33.52397826973045,0.1385682697304489,0.0,1.0,0.31504333333333334,0.16131547589999998,0.31255393675541043,0.31753272991125625,0.002489396577922909,0.20918,0.20666261159409158,0.21171426687443712
T-divide_over_risks-W-20-HS-random-D-1-C-5-H-4-RUNS-100000.csv,divide_over_risks,20,random,1,5,4,100000,2.0,142.0,35.89841,524.8284294719,35.75641771518638,36.04040228481362,0.14199228481361814,0.0,1.0,0.79938,0.16037161560000002,0.79689789686256,0.80186210313744,0.002482103137440017,0.0,0.3275,0.08355195,0.0030967861511975,0.083207035319558,0.083896864680442,0.00034491468044199614,0.0,142.0,34.29965,551.1719998775,34.15413772028693,34.44516227971307,0.14551227971306702,0.0,142.0,34.29965,551.1719998775,34.15413772028693,34.44516227971307,0.14551227971306702,0.0,1.0,0.3165225,0.15569038199374996,0.3140768913406532,0.31896810865934677,0.0024456086593467874,0.20062,0.1981416516455596,0.20311572433550099
T-divide_over_risks-W-20-HS-random-D-1-C-5-H-5-RUNS-100000.csv,divide_over_risks,20,random,1,5,5,100000,2.0,142.0,36.54157,563.0973119350999,36.39449197194924,36.68864802805076,0.14707802805075687,0.0,1.0,0.80721,0.1556220159,0.8047649283522125,0.8096550716477875,0.002445071647787511,0.0,0.3275,0.08495332500000001,0.003304928383944375,0.08459700754491592,0.0853096424550841,0.0003563174550840903,0.0,142.0,34.92715,590.5138028775001,34.7765340039991,35.07776599600089,0.15061599600089437,0.0,142.0,34.92715,590.5138028775001,34.7765340039991,35.07776599600089,0.15061599600089437,0.0,1.0,0.316,0.15093119999999996,0.3135920604286652,0.3184079395713348,0.002407939571334783,0.19279,0.1903489089712536,0.19524892218095602
T-divide_over_risks-W-20-HS-random-D-10-C-5-H-1-RUNS-100000.csv,divide_over_risks,20,random,10,5,1,100000,1.0,128.0,23.7894,171.24972763999997,23.708290632248683,23.870509367751318,0.08110936775131705,0.0,10.0,3.39252,7.3921080496,3.3756684355968525,3.409371564403148,0.016851564403147723,0.0,0.3675,0.134508825,0.0042994333096193745,0.1341024175320293,0.13491523246797069,0.0004064074679706875,0.0,67.9,19.353898,60.490378405596,19.305692208057234,19.402103791942768,0.04820579194276675,0.0,679.0,193.53898,6049.037840559599,193.05692208057235,194.02103791942767,0.4820579194276604,0.0,1.0,0.9708,0.028347359999999988,0.9697564521181278,0.9718435478818722,0.00104354788187222,0.9708,0.9697377184921827,0.9718348562664493
T-divide_over_risks-W-20-HS-random-D-10-C-5-H-2-RUNS-100000.csv,divide_over_risks,20,random,10,5,2,100000,2.0,133.0,30.42804,182.92208175840003,30.344211993386274,30.511868006613724,0.08382800661372514,0.0,10.0,4.45715,7.2591038775,4.440450726526042,4.4738492734739586,0.016699273473958165,0.0,0.3825,0.169959325,0.003013525783044375,0.16961907860915737,0.17029957139084262,0.00034024639084262454,0.0,65.9,23.215187999999998,46.312176924655994,23.173008282258674,23.25736771774132,0.04217971774132323,0.0,659.0,232.15188,4631.2176924656,231.73008282258678,232.57367717741323,0.4217971774132252,0.0,1.0,0.968345,0.018725460975000004,0.9674968506565377,0.9691931493434623,0.0008481493434623344,0.94449,0.9430528945065649,0.945901255980619
T-divide_over_risks-W-20-HS-random-D-10-C-5-H-3-RUNS-100000.csv,divide_over_risks,20,random,10,5,3,100000,2.0,132.0,34.1251,193.41534998999998,34.03890113640416,34.21129886359585,0.08619886359584683,0.0,10.0,4.94947,6.939976719100001,4.933141921556994,4.965798078443005,0.016328078443005545,0.0,0.3925,0.18650575,0.0025129313419375,0.18619504633019246,0.18681645366980754,0.0003107036698075383,0.0,66.6,25.083993,42.402408675951,25.04363298350229,25.124353016497707,0.04036001649770782,0.0,666.0,250.83993,4240.2408675951,250.43632983502292,251.2435301649771,0.4036001649770924,0.0,1.0,0.9697333333333333,0.014117262222222227,0.9689969036044869,0.9704697630621798,0.0007364297288464661,0.92831,0.9266936335584256,0.9299014708686879
T-divide_over_risks-W-20-HS-random-D-10-C-5-H-4-RUNS-100000.csv,divide_over_risks,20,random,10,5,4,100000,2.0,139.0,36.79903,206.5810810591,36.70994566462073,36.88811433537927,0.08908433537926896,0.0,10.0,5.27128,6.752927161600001,5.255173465616712,5.2873865343832875,0.016106534383287574,0.0,0.3875,0.19641955000000003,0.0022911887527975,0.1961228712054638,0.19671622879453626,0.000296678794536237,0.0,72.6,26.261757999999997,41.259368949436,26.22194569138116,26.301570308618835,0.03981230861883844,0.0,726.0,262.61758,4125.936894943599,262.2194569138116,263.01570308618835,0.39812308618837733,0.0,1.0,0.96952,0.012224719600000003,0.9688347082167765,0.9702052917832236,0.0006852917832235184,0.91218,0.9104087984637649,0.913927252260075
T-divide_over_risks-W-20-HS-random-D-10-C-5-H-5-RUNS-100000.csv,divide_over_risks,20,random,10,5,5,100000,2.0,145.0,38.81651,216.6172614199,38.72528736731103,38.90773263268897,0.09122263268896802,0.0,10.0,5.48538,6.7033262556,5.469332726666654,5.501427273333347,0.016047273333346546,0.0,0.385,0.20285497500000002,0.002179203430249375,0.202565637344351,0.20314431265564903,0.00028933765564900793,0.0,71.3,27.109266,41.033023741244,27.069563044945703,27.1489689550543,0.03970295505429888,0.0,713.0,271.09266,4103.3023741244,270.69563044945704,271.489689550543,0.3970295505429817,0.0,1.0,0.9693860000000001,0.011066383003999999,0.9687339829990855,0.9700380170009146,0.000652017000914551,0.89769,0.8957951278599358,0.899561770525658
T-divide_over_risks-W-20-HS-random-D-5-C-5-H-1-RUNS-100000.csv,divide_over_risks,20,random,5,5,1,100000,1.0,137.0,29.29449,293.90226563990007,29.188233002880647,29.400746997119352,0.10625699711935255,0.0,5.0,2.06323,2.7936119671,2.0528704924186467,2.073589507581353,0.010359507581353178,0.0,0.38,0.13249007499999998,0.004030027838994375,0.13209660638694068,0.1328835436130593,0.0003934686130593057,0.0,86.2,21.956771999999997,88.734563340016,21.8983868393402,22.015157160659793,0.05838516065979604,0.0,431.0,109.78386,2218.3640835004003,109.49193419670102,110.07578580329898,0.2919258032989802,0.0,1.0,0.87951,0.1059721599,0.8774923215085851,0.8815276784914149,0.002017678491414876,0.87951,0.8774763452499692,0.8815216145464905
T-divide_over_risks-W-20-HS-random-D-5-C-5-H-2-RUNS-100000.csv,divide_over_risks,20,random,5,5,2,100000,2.0,150.0,37.87922,305.16755219159995,37.77094573396696,37.98749426603303,0.10827426603303536,0.0,5.0,2.6173,2.6508407099999998,2.607208682112065,2.6273913178879353,0.010091317887935158,0.0,0.3825,0.1652592,0.00303231819036,0.16491789436629192,0.16560050563370807,0.0003413056337080722,0.0,102.0,26.56806,76.9795846364,26.51367941777259,26.62244058222741,0.05438058222740949,0.0,510.0,132.8403,1924.48961591,132.56839708886298,133.11220291113705,0.27190291113703324,0.0,1.0,0.88109,0.0711854119,0.8794363196247309,0.8827436803752692,0.0016536803752691398,0.81392,0.8114938446593595,0.8163279340529799
T-divide_over_risks-W-20-HS-random-D-5-C-5-H-3-RUNS-100000.csv,divide_over_risks,20,random,5,5,3,100000,2.0,140.0,42.77619,312.3030390839,42.66665720331587,42.88572279668413,0.10953279668412819,0.0,5.0,2.89711,2.5348436479000003,2.887241942765786,2.9069780572342143,0.009868057234214245,0.0,0.3775,0.18016534999999997,0.0027537257843775003,0.17984010066528483,0.18049059933471512,0.00032524933471514417,0.0,92.0,28.86351,76.5466196799,28.80928256283372,28.917737437166284,0.054227437166282755,0.0,460.0,144.31755,1913.6654919975,144.0464128141686,144.58868718583142,0.27113718583140667,0.0,1.0,0.8787033333333333,0.06160378532222223,0.8771649669865424,0.8802416996801241,0.0015383663467908315,0.76564,0.7630018772093548,0.7682627073157373
T-divide_over_risks-W-20-HS-random-D-5-C-5-H-4-RUNS-100000.csv,divide_over_risks,20,random,5,5,4,100000,2.0,142.0,46.078,317.31255600000003,45.967592214263234,46.18840778573677,0.11040778573676846,0.0,5.0,3.04849,2.4778187199,3.038733572172989,3.058246427827011,0.009756427827011027,0.0,0.385,0.188889775,0.002669294337949375,0.18856955068598458,0.18920999931401544,0.0003202243140154326,0.0,89.0,30.372402,78.744846750396,30.317401436068682,30.42740256393132,0.055000563931319135,0.0,445.0,151.86201,1968.6211687598998,151.5870071803434,152.1370128196566,0.27500281965660633,0.0,1.0,0.879005,0.05578770997500001,0.8775410530520543,0.8804689469479458,0.0014639469479457157,0.73245,0.7296945659141291,0.7351919461380045
T-divide_over_risks-W-20-HS-random-D-5-C-5-H-5-RUNS-100000.csv,divide_over_risks,20,random,5,5,5,100000,2.0,147.0,48.27094,319.4504515164,48.16016090203719,48.381719097962815,0.11077909796281205,0.0,5.0,3.15419,2.4471954439,3.1444940492898907,3.163885950710109,0.009695950710109091,0.0,0.405,0.19423905,0.0026372533300974997,0.1939207534025802,0.1945573465974198,0.00031829659741980376,0.0,91.8,31.336662,79.671581497756,31.281338736585614,31.391985263414387,0.05532326341438676,0.0,459.0,156.68331,1991.7895374439001,156.40669368292805,156.95992631707196,0.2766163170719551,0.0,1.0,0.879878,0.05162230511599999,0.8784697661865528,0.8812862338134473,0.001408233813447235,0.70546,0.7026238230600821,0.7082842559193783
T-divide_over_risks-W-20-HS-weighted-D-1-C-5-H-1-RUNS-100000.csv,divide_over_risks,20,weighted,1,5,1,100000,1.0,140.0,25.31947,213.3434489191,25.228939331529716,25.410000668470282,0.0905306684702829,0.0,1.0,0.63455,0.2318962975,0.6315652842405415,0.6375347157594584,0.0029847157594584672,0.0,0.2925,0.05961135,0.0012888887011775,0.05938883270102207,0.05983386729897793,0.00022251729897793115,0.0,140.0,24.05037,218.95015286310002,23.958657465020377,24.142082534979625,0.0917125349796244,0.0,140.0,24.05037,218.95015286310002,23.958657465020377,24.142082534979625,0.0917125349796244,0.0,1.0,0.36545,0.2318962975,0.3624652842405415,0.3684347157594585,0.0029847157594585227,0.36545,0.3624642767263409,0.36844352904081895
T-divide_over_risks-W-20-HS-weighted-D-1-C-5-H-2-RUNS-100000.csv,divide_over_risks,20,weighted,1,5,2,100000,2.0,158.0,30.82761,309.8589516879,30.71850664767734,30.93671335232266,0.10910335232265922,0.0,1.0,0.74001,0.1923951999,0.7372913507031325,0.7427286492968674,0.0027186492968674925,0.0,0.3625,0.07228227499999999,0.0018868460333243747,0.07201304447198323,0.07255150552801676,0.0002692305280167645,0.0,156.0,29.34759,325.6141311919,29.23574728694337,29.459432713056632,0.11184271305663174,0.0,156.0,29.34759,325.6141311919,29.23574728694337,29.459432713056632,0.11184271305663174,0.0,1.0,0.350625,0.18236960937500005,0.3479781318669511,0.35327186813304895,0.0026468681330489296,0.25999,0.2572733918892804,0.2627205350385393
T-divide_over_risks-W-20-HS-weighted-D-1-C-5-H-3-RUNS-100000.csv,divide_over_risks,20,weighted,1,5,3,100000,2.0,138.0,33.69668,407.10833697759995,33.57162211790802,33.82173788209198,0.12505788209197988,0.0,1.0,0.77679,0.17338729590000002,0.774209138446314,0.779370861553686,0.002580861553685976,0.0,0.325,0.07876715000000001,0.0024497987058774997,0.07846037407675148,0.07907392592324854,0.0003067759232485284,0.0,138.0,32.1431,428.49298239,32.014799624273756,32.27140037572624,0.12830037572624065,0.0,138.0,32.1431,428.49298239,32.014799624273756,32.27140037572624,0.12830037572624065,0.0,1.0,0.3385933333333333,0.1656056657333333,0.33607105118123143,0.3411156154854352,0.0025222821521018735,0.22321,0.22063224146289842,0.2258038217617769
T-divide_over_risks-W-20-HS-weighted-D-1-C-5-H-4-RUNS-100000.csv,divide_over_risks,20,weighted,1,5,4,100000,2.0,143.0,35.32819,490.3672613238999,35.190938593045395,35.465441406954604,0.13725140695460425,0.0,1.0,0.79446,0.16329330839999998,0.7919553891049718,0.7969646108950283,0.002504610895028292,0.0,0.3325,0.08230707500000001,0.0029095734674443752,0.08197274855126263,0.08264140144873738,0.0003343264487373765,0.0,143.0,33.73927,515.3155698671,33.59857045155717,33.87996954844282,0.14069954844282506,0.0,143.0,33.73927,515.3155698671,33.59857045155717,33.87996954844282,0.14069954844282506,0.0,1.0,0.3275825,0.15748408069375003,0.32512284383623824,0.33004215616376176,0.0024596561637617587,0.20554,0.20303900196327998,0.20805808805289577
T-divide_over_risks-W-20-HS-weighted-D-1-C-5-H-5-RUNS-100000.csv,divide_over_risks,20,weighted,1,5,5,100000,2.0,148.0,36.57284,568.1820343344,36.42509941305453,36.72058058694547,0.1477405869454671,0.0,1.0,0.80639,0.15612516790000003,0.803940978879216,0.8088390211207841,0.002449021120784045,0.0,0.335,0.085000825,0.003324638436819375,0.08464344661482702,0.08535820338517298,0.00035737838517298226,0.0,148.0,34.96006,595.7625447963999,34.80877611480102,35.11134388519898,0.1512838851989784,0.0,148.0,34.96006,595.7625447963999,34.80877611480102,35.11134388519898,0.1512838851989784,0.0,1.0,0.316416,0.15125851494399997,0.3140054508695965,0.3188265491304034,0.00241054913040345,0.19361,0.1911649358493089,0.19607284763042687
T-divide_over_risks-W-20-HS-weighted-D-10-C-5-H-1-RUNS-100000.csv,divide_over_risks,20,weighted,10,5,1,100000,1.0,134.0,23.4569,191.98732238999997,23.371019938420293,23.54278006157971,0.08588006157970796,0.0,10.0,3.68045,6.994317797499999,3.6640581205315326,3.6968418794684674,0.01639187946846743,0.0,0.385,0.13151385000000002,0.0042312958831775,0.1311106757663886,0.13191702423361143,0.00040317423361141413,0.0,63.4,19.277212000000002,60.236515907055995,19.229107468040056,19.32531653195995,0.048104531959946684,0.0,634.0,192.77212,6023.6515907056,192.29107468040056,193.25316531959945,0.4810453195994455,0.0,1.0,0.95649,0.041616879899999994,0.9552255815335742,0.9577544184664257,0.0012644184664257763,0.95649,0.9552072979070175,0.9577461396538295
T-divide_over_risks-W-20-HS-weighted-D-10-C-5-H-2-RUNS-100000.csv,divide_over_risks,20,weighted,10,5,2,100000,2.0,135.0,29.88482,202.80313356759999,29.796554008932475,29.973085991067528,0.08826599106752653,0.0,10.0,4.62851,6.888265179899999,4.612242867642051,4.64477713235795,0.01626713235794952,0.0,0.38,0.16642522499999998,0.003042239046199375,0.16608336149624622,0.16676708850375374,0.00034186350375375874,0.0,60.6,22.967996,45.64945394398401,22.926119163649673,23.009872836350326,0.04187683635032613,0.0,606.0,229.67996,4564.9453943984,229.26119163649673,230.09872836350326,0.4187683635032613,0.0,1.0,0.96082,0.0222199276,0.9598960948432433,0.9617439051567567,0.0009239051567566658,0.92997,0.9283707917036919,0.9315442151161368
T-divide_over_risks-W-20-HS-weighted-D-10-C-5-H-3-RUNS-100000.csv,divide_over_risks,20,weighted,10,5,3,100000,2.0,135.0,33.42945,202.4660226975,33.34125739981185,33.517642600188154,0.088192600188151,0.0,10.0,5.05412,6.7663110256,5.03799751246366,5.0702424875363405,0.01612248753634038,0.0,0.39,0.18273057499999998,0.0025217507726693748,0.18241932658203955,0.1830418234179604,0.00031124841796043023,0.0,68.0,24.706978000000003,40.812630707516,24.66738181304646,24.746574186953545,0.039596186953541945,0.0,680.0,247.06978,4081.2630707516005,246.67381813046458,247.46574186953544,0.39596186953542656,0.0,1.0,0.9645233333333334,0.015760295011111113,0.9637452282677113,0.9653014383989555,0.0007781050656221478,0.91438,0.9126287578527518,0.9161071639979635
T-divide_over_risks-W-20-HS-weighted-D-10-C-5-H-4-RUNS-100000.csv,divide_over_risks,20,weighted,10,5,4,100000,2.0,141.0,36.26556,211.6041578864,36.17539911419377,36.35572088580623,0.0901608858062275,0.0,10.0,5.30403,6.6783957591,5.2880125953574995,5.320047404642501,0.016017404642500566,0.0,0.3925,0.193894675,0.002315431319144375,0.19359643078872968,0.1941929192112703,0.00029824421127030987,0.0,70.4,26.007668,40.324203001776006,25.968309461123205,26.047026538876793,0.03935853887679386,0.0,704.0,260.07668,4032.4203001776,259.68309461123204,260.470265388768,0.3935853887679741,0.0,1.0,0.9679725,0.012379864243749998,0.9672828733874133,0.9686621266125868,0.0006896266125867578,0.90591,0.9040836925302072,0.9077127252125611
T-divide_over_risks-W-20-HS-weighted-D-10-C-5-H-5-RUNS-100000.csv,divide_over_risks,20,weighted,10,5,5,100000,2.0,148.0,38.80304,214.79282675839997,38.71220233582511,38.893877664174894,0.09083766417489159,0.0,10.0,5.48894,6.6911976764,5.472907250705616,5.504972749294385,0.016032749294384807,0.0,0.385,0.20279317500000002,0.0021934131109193748,0.2025028955517625,0.20308345444823753,0.00029027944823750707,0.0,70.0,27.098721,41.092445864159,27.0589893073565,27.1384526926435,0.03973169264349963,0.0,700.0,270.98721,4109.2445864159,270.589893073565,271.384526926435,0.3973169264349963,0.0,1.0,0.96944,0.011030886399999995,0.9687890295460296,0.9700909704539703,0.0006509704539703343,0.89787,0.8959765874564619,0.8997403004098872
T-divide_over_risks-W-20-HS-weighted-D-5-C-5-H-1-RUNS-100000.csv,divide_over_risks,20,weighted,5,5,1,100000,1.0,144.0,28.7025,336.94429375,28.58872807029544,28.816271929704563,0.11377192970456207,0.0,5.0,2.1432,2.85103376,2.132734565803362,2.1536654341966384,0.010465434196638146,0.0,0.3975,0.128227875,0.004043329760484375,0.12783375756054982,0.12862199243945016,0.0003941174394501701,0.0,73.2,21.34184,82.93570941440001,21.285394821172545,21.398285178827457,0.05644517882745603,0.0,366.0,106.7092,2073.39273536,106.42697410586271,106.99142589413728,0.2822258941372837,0.0,1.0,0.84517,0.13085767110000002,0.8429278964580159,0.847412103541984,0.002242103541984064,0.84517,0.8429129320236917,0.8474070286439479
T-divide_over_risks-W-20-HS-weighted-D-5-C-5-H-2-RUNS-100000.csv,divide_over_risks,20,weighted,5,5,2,100000,2.0,138.0,36.89586,343.4529548604,36.78099447552064,37.010725524479355,0.11486552447935594,0.0,5.0,2.66855,2.7645108974999997,2.658244591194991,2.6788554088050094,0.010305408805009186,0.0,0.3875,0.15996865,0.0031156180171775004,0.15962268817877126,0.16031461182122872,0.00034596182122872965,0.0,92.8,25.739662000000003,70.708610125756,25.687543462351762,25.791780537648243,0.052118537648240704,0.0,464.0,128.69831,1767.7152531439,128.4377173117588,128.95890268824118,0.2605926882411893,0.0,1.0,0.860175,0.079031469375,0.8584325669517855,0.8619174330482146,0.0017424330482145312,0.77769,0.7750998686311144,0.7802640158544328
T-divide_over_risks-W-20-HS-weighted-D-5-C-5-H-3-RUNS-100000.csv,divide_over_risks,20,weighted,5,5,3,100000,2.0,144.0,41.68351,335.6209040799,41.569961716652635,41.79705828334736,0.11354828334736311,0.0,5.0,2.9119,2.64681839,2.9018163411764264,2.921983658823574,0.01008365882357376,0.0,0.385,0.17553,0.002789728975,0.17520263135717726,0.17585736864282273,0.00032736864282273404,0.0,87.2,28.10412,70.91690622559999,28.05192475242359,28.156315247576412,0.05219524757641025,0.0,436.0,140.5206,1772.9226556400001,140.25962376211797,140.78157623788204,0.2609762378820335,0.0,1.0,0.8688766666666665,0.06254333812222224,0.8673266134813521,0.870426719851981,0.0015500531853144262,0.74019,0.7374600704701068,0.7429059921492221
T-divide_over_risks-W-20-HS-weighted-D-5-C-5-H-4-RUNS-100000.csv,divide_over_risks,20,weighted,5,5,4,100000,2.0,141.0,45.35389,326.2356118679,45.24194060399664,45.46583939600336,0.11194939600336085,0.0,5.0,3.05301,2.5438799399,3.0431243694297634,3.0628956305702366,0.009885630570236614,0.0,0.375,0.18617012499999996,0.0026432797449843747,0.1858514649386755,0.18648878506132444,0.00031866006132447167,0.0,84.6,29.90595,74.1319653975,29.852584715566106,29.959315284433895,0.053365284433894544,0.0,423.0,149.52975,1853.2991349375,149.26292357783055,149.79657642216947,0.2668264221694585,0.0,1.0,0.87584,0.0546067944,0.8743916303601392,0.8772883696398607,0.0014483696398607249,0.71905,0.716252924494617,0.7218343655564519
T-divide_over_risks-W-20-HS-weighted-D-5-C-5-H-5-RUNS-100000.csv,divide_over_risks,20,weighted,5,5,5,100000,2.0,144.0,48.36494,318.63477879640004,48.25430242201565,48.475577577984346,0.11063757798434892,0.0,5.0,3.16461,2.4432135478999997,3.154921940769374,3.1742980592306265,0.009688059230626322,0.0,0.3925,0.19429335,0.0026423936457775,0.19397474335490894,0.19461195664509107,0.00031860664509106296,0.0,88.2,31.317354000000005,79.93551403868399,31.261939176105038,31.372768823894972,0.05541482389496721,0.0,441.0,156.58677,1998.3878509671,156.30969588052517,156.86384411947483,0.2770741194748325,0.0,1.0,0.87877,0.052115687099999995,0.8773550525678905,0.8801849474321096,0.00141494743210957,0.70345,0.7006082993547078,0.7062798963017758
T-horizontal_scan_traversal-W-20-HS-greedy-D-1-C-5-H-1-RUNS-100000.csv,horizontal_scan_traversal,20,greedy,1,5,1,100000,1.0,401.0,155.6806,11788.842143639999,155.00763628642395,156.35356371357605,0.6729637135760527,0.0,1.0,0.66971,0.22119851589999998,0.6667949421640704,0.6726250578359296,0.002915057835929602,0.0,0.9975,0.38336465,0.0738372865053775,0.3816804489435965,0.38504885105640346,0.0016842010564034893,0.0,400.0,154.34001,11815.760663199902,153.66627840534417,155.01374159465584,0.673731594655834,0.0,400.0,154.34001,11815.760663199902,153.66627840534417,155.01374159465584,0.673731594655834,0.0,1.0,0.32912,0.2208000256,0.3262075690937896,0.33203243090621043,0.002912430906210406,0.32912,0.3262076124835176,0.3320423014726151
T-horizontal_scan_traversal-W-20-HS-greedy-D-1-C-5-H-2-RUNS-100000.csv,horizontal_scan_traversal,20,greedy,1,5,2,100000,2.0,401.0,181.01361,13025.2312647679,180.30623648885663,181.72098351114337,0.7073735111433734,0.0,1.0,0.7527,0.18614271000000002,0.7500258911115364,0.7553741088884637,0.0026741088884636444,0.0,0.9975,0.44627809999999996,0.08187236058538999,0.4445046264015925,0.4480515735984074,0.00177347359840746,0.0,400.0,179.50614,13101.3995823004,178.7967012314275,180.21557876857247,0.7094387685724826,0.0,400.0,179.50614,13101.3995823004,178.7967012314275,180.21557876857247,0.7094387685724826,0.0,1.0,0.36826,0.17112957239999996,0.3656959965574675,0.37082400344253247,0.002564003442532492,0.24523,0.2425659146117507,0.24790886948844312
T-horizontal_scan_traversal-W-20-HS-greedy-D-1-C-5-H-3-RUNS-100000.csv,horizontal_scan_traversal,20,greedy,1,5,3,100000,2.0,401.0,190.59024,14025.442516742401,189.85620907440955,191.32427092559044,0.7340309255904458,0.0,1.0,0.77626,0.1736804124,0.773676957855017,0.7788430421449829,0.00258304214498295,0.0,0.9975,0.47010145000000003,0.0882465902078975,0.46826023273703876,0.4719426672629613,0.00184121726296127,0.0,400.0,189.03524,14121.4638981424,188.2987006886859,189.77177931131408,0.7365393113140897,0.0,400.0,189.03524,14121.4638981424,188.2987006886859,189.77177931131408,0.7365393113140897,0.0,1.0,0.39425,0.1548858263888889,0.39181071856757865,0.3966892814324213,0.0024392814324213363,0.22126,0.21869037268040029,0.223845803840348
T-horizontal_scan_traversal-W-20-HS-greedy-D-1-C-5-H-4-RUNS-100000.csv,horizontal_scan_traversal,20,greedy,1,5,4,100000,2.0,401.0,196.05521,14694.369001855901,195.3038785953753,196.80654140462468,0.7513314046246933,0.0,1.0,0.78514,0.16869518040000003,0.7825942989079142,0.7876857010920857,0.0025457010920857392,0.0,0.9975,0.483717675,0.09249446833009439,0.48183266372805256,0.48560268627194747,0.0018850112719474565,0.0,400.0,194.48206,14801.0547981564,193.72800607545216,195.23611392454782,0.7540539245478328,0.0,400.0,194.48206,14801.0547981564,193.72800607545216,195.23611392454782,0.7540539245478328,0.0,1.0,0.41476,0.1465766424,0.4123870507181066,0.41713294928189343,0.0023729492818934106,0.21199,0.20946016760672131,0.21453654756269586
T-horizontal_scan_traversal-W-20-HS-greedy-D-1-C-5-H-5-RUNS-100000.csv,horizontal_scan_traversal,20,greedy,1,5,5,100000,2.0,401.0,198.45153,15300.880530659098,197.68484973648344,199.21821026351654,0.7666802635165482,0.0,1.0,0.78714,0.16755062039999996,0.784602949619482,0.7896770503805179,0.002537050380517991,0.0,0.9975,0.489697175,0.09633739798451937,0.4877734033189075,0.49162094668109246,0.0019237716810924788,0.0,400.0,196.87341,15416.1241249719,196.10384790089108,197.64297209910893,0.7695620991089243,0.0,400.0,196.87341,15416.1241249719,196.10384790089108,197.64297209910893,0.7695620991089243,0.0,1.0,0.43184200000000006,0.142036087036,0.4295060936834764,0.4341779063165237,0.0023359063165236393,0.20902,0.20650332559480572,0.21155356217186141
T-horizontal_scan_traversal-W-20-HS-greedy-D-10-C-5-H-1-RUNS-100000.csv,horizontal_scan_traversal,20,greedy,10,5,1,100000,1.0,401.0,198.50172,13120.480417041603,197.79176480725818,199.21167519274184,0.7099551927418304,0.0,10.0,6.65822,5.5114464316,6.643669133148972,6.672770866851028,0.014550866851028132,0.0,0.9975,0.493252175,0.08186176992026938,0.4914788161098548,0.49502553389014525,0.001773358890145238,0.0,399.3,153.595569,7644.99121526624,153.05363728610456,154.13750071389546,0.5419317138954511,0.0,3993.0,1535.95569,764499.1215266238,1530.5363728610455,1541.3750071389545,5.419317138954511,0.0,1.0,0.89699,0.0923989399,0.8951059624008002,0.8988740375991997,0.0018840375991997504,0.89699,0.8950894687581917,0.898867470534272
T-horizontal_scan_traversal-W-20-HS-greedy-D-10-C-5-H-2-RUNS-100000.csv,horizontal_scan_traversal,20,greedy,10,5,2,100000,2.0,401.0,264.94001,9105.254831199898,264.34858166994184,265.5314383300581,0.591428330058136,0.0,10.0,7.5137,4.099592309999999,7.501150500480858,7.5262494995191425,0.012549499519142415,0.0,0.9975,0.6589798500000001,0.0569279935439775,0.6575010174198933,0.660458682580107,0.001478832580106837,0.0,399.8,180.36237100000002,6321.982077958359,179.86955738055872,180.85518461944133,0.4928136194413071,0.0,3998.0,1803.62371,632198.2077958359,1798.695573805587,1808.5518461944132,4.928136194413128,0.0,1.0,0.89932,0.0524985376,0.8978998648583879,0.9007401351416121,0.0014201351416121,0.82323,0.8208512798548172,0.8255899574282135
T-horizontal_scan_traversal-W-20-HS-greedy-D-10-C-5-H-3-RUNS-100000.csv,horizontal_scan_traversal,20,greedy,10,5,3,100000,2.0,401.0,293.67243,6908.3205278951,293.15726979055097,294.18759020944907,0.5151602094490499,0.0,10.0,7.75202,3.6787259195999997,7.740132109736066,7.763907890263934,0.011887890263934331,0.0,0.9975,0.73066065,0.0433251916665775,0.7293705412592099,0.7319507587407902,0.0012901087407901635,0.0,400.0,189.84111299999998,5971.114720421231,189.36217005652998,190.32005594346998,0.47894294347000255,0.0,4000.0,1898.41113,597111.4720421231,1893.6217005653,1903.2005594347,4.789429434699969,0.0,1.0,0.9033866666666666,0.042899197155555555,0.9021029160842216,0.9046704172491116,0.001283750582445009,0.79213,0.7896015202689559,0.7946415251304686
T-horizontal_scan_traversal-W-20-HS-greedy-D-10-C-5-H-4-RUNS-100000.csv,horizontal_scan_traversal,20,greedy,10,5,4,100000,2.0,401.0,309.76472,5815.6605633215995,309.2920526579924,310.23738734200765,0.4726673420076395,0.0,10.0,7.84401,3.5052971199,7.832405712251151,7.855614287748849,0.011604287748848918,0.0,0.9975,0.770840175,0.036570791918469375,0.7696548887297936,0.7720254612702064,0.0011852862702064204,0.0,400.0,194.098747,5790.936685129991,193.6270854436951,194.5704085563049,0.4716615563048947,0.0,4000.0,1940.98747,579093.6685129991,1936.2708544369511,1945.704085563049,4.71661556304889,0.0,1.0,0.908465,0.038311343775,0.9072518353028296,0.9096781646971703,0.0012131646971703658,0.78119,0.7786143868195036,0.7837492943077502
T-horizontal_scan_traversal-W-20-HS-greedy-D-10-C-5-H-5-RUNS-100000.csv,horizontal_scan_traversal,20,greedy,10,5,5,100000,2.0,401.0,320.68611,5278.8932830679,320.2357834913839,321.13643650861604,0.45032650861605816,0.0,10.0,7.87094,3.4837635164000003,7.859371410663092,7.882508589336908,0.011568589336907742,0.0,0.9975,0.7981089499999999,0.033272652179897506,0.7969783739494208,0.799239526050579,0.0011305760505790907,0.0,399.6,197.292915,5791.382039102775,196.82123530739688,197.7645946926031,0.47167969260311793,0.0,3996.0,1972.92915,579138.2039102776,1968.2123530739686,1977.6459469260312,4.716796926031293,0.0,1.0,0.9102039999999999,0.037194278383999996,0.9090086526034663,0.9113993473965335,0.001195347396533597,0.77268,0.7700695452738515,0.7752746302825828
T-horizontal_scan_traversal-W-20-HS-greedy-D-5-C-5-H-1-RUNS-100000.csv,horizontal_scan_traversal,20,greedy,5,5,1,100000,1.0,401.0,196.39655,12988.7450380975,195.6901679295993,197.10293207040067,0.7063820704006787,0.0,5.0,3.33899,1.8190357798999996,3.3306305694858658,3.347349430514134,0.008359430514134125,0.0,0.9975,0.48733482499999997,0.08102813140471937,0.48557051870685136,0.4890991312931486,0.0017643062931486098,0.0,400.0,154.29048,8054.4875341696,153.73422359049746,154.84673640950254,0.556256409502538,0.0,2000.0,771.4524,201362.18835424,768.6711179524873,774.2336820475127,2.7812820475127182,0.0,1.0,0.76603,0.17922803910000001,0.7634060288968691,0.7686539711031308,0.00262397110313084,0.76603,0.7633933832269297,0.7686511786434305
T-horizontal_scan_traversal-W-20-HS-greedy-D-5-C-5-H-2-RUNS-100000.csv,horizontal_scan_traversal,20,greedy,5,5,2,100000,2.0,401.0,252.05399,10106.177195079901,251.43090180148698,252.67707819851302,0.6230881985130168,0.0,5.0,3.75394,1.4441544763999996,3.746491601624149,3.761388398375851,0.007448398375851095,0.0,0.9975,0.6259475999999999,0.06334149267924,0.6243876875720843,0.6275075124279156,0.001559912427915644,0.0,400.0,179.504638,7088.729012888956,178.98279452369783,180.02648147630217,0.5218434763021662,0.0,2000.0,897.52319,177218.22532222388,894.9139726184891,900.1324073815109,2.6092173815109163,0.0,1.0,0.78214,0.1093220204,0.7800906794453559,0.784189320554644,0.0020493205546440185,0.65999,0.6570443481518365,0.6629263698676465
T-horizontal_scan_traversal-W-20-HS-greedy-D-5-C-5-H-3-RUNS-100000.csv,horizontal_scan_traversal,20,greedy,5,5,3,100000,2.0,401.0,276.1165,8908.488847749999,275.5314970020802,276.70150299791976,0.585002997919787,0.0,5.0,3.87366,1.3043382044,3.866581337947025,3.880738662052975,0.007078662052975027,0.0,0.9975,0.6859333999999999,0.05604819926444001,0.6844660392321781,0.6874007607678218,0.0014673607678218348,0.0,400.0,189.05091200000004,6858.994294368256,188.537594237973,189.56422976202708,0.513317762027043,0.0,2000.0,945.25456,171474.8573592064,942.6879711898648,947.8211488101351,2.5665888101351584,0.0,1.0,0.7945266666666666,0.09073404262222225,0.7926596800621685,0.7963936532711647,0.0018669866044981331,0.625,0.6219908395414863,0.6280019088090767
T-horizontal_scan_traversal-W-20-HS-greedy-D-5-C-5-H-4-RUNS-100000.csv,horizontal_scan_traversal,20,greedy,5,5,4,100000,2.0,401.0,290.32199,8441.579732439899,289.75252382277665,290.8914561772234,0.5694661772233758,0.0,5.0,3.91667,1.2595061111000003,3.9097140538555837,3.923625946144416,0.006955946144416192,0.0,0.9975,0.721371875,0.05323705602148437,0.7199417859314028,0.7228019640685972,0.0014300890685972067,0.0,400.0,194.46441599999997,6823.509296978943,193.9524277841661,194.97640421583384,0.5119882158338669,0.0,2000.0,972.32208,170587.73242447362,969.7621389208307,974.8820210791694,2.5599410791693344,0.0,1.0,0.8041825,0.08196863169375002,0.8024079840222903,0.8059570159777097,0.001774515977709723,0.60902,0.6059874602238424,0.6120462152873644
T-horizontal_scan_traversal-W-20-HS-greedy-D-5-C-5-H-5-RUNS-100000.csv,horizontal_scan_traversal,20,greedy,5,5,5,100000,2.0,401.0,298.34395,8424.7039683975,297.77505332427586,298.91284667572415,0.5688966757241474,0.0,5.0,3.94029,1.2290447159000002,3.933418684128494,3.947161315871506,0.006871315871506134,0.0,0.9975,0.7413841999999998,0.05320899561536001,0.7399544878696884,0.7428139121303112,0.0014297121303114002,0.0,400.0,197.252336,6826.893193743103,196.7402208479777,197.76445115202233,0.5121151520223179,0.0,2000.0,986.26168,170672.3298435776,983.7011042398884,988.8222557601115,2.560575760111533,0.0,1.0,0.80914,0.07839166040000001,0.807404634325012,0.810875365674988,0.0017353656749879987,0.59998,0.5969357476217966,0.6030184523695903
T-horizontal_scan_traversal-W-20-HS-random-D-1-C-5-H-1-RUNS-100000.csv,horizontal_scan_traversal,20,random,1,5,1,100000,1.0,401.0,143.53505,10903.6044914975,142.88784611392904,144.18225388607098,0.6472038860709688,0.0,1.0,0.56827,0.24533920710000007,0.5651999916970872,0.5713400083029129,0.003070008302912819,0.0,0.9975,0.35351035000000003,0.0683361826928775,0.35189010224291795,0.3551305977570821,0.0016202477570820828,0.0,400.0,142.39779,10935.5851931159,141.74963767162436,143.04594232837562,0.6481523283756303,0.0,400.0,142.39779,10935.5851931159,141.74963767162436,143.04594232837562,0.6481523283756303,0.0,1.0,0.43101,0.2452403799,0.427940610087617,0.434079389912383,0.0030693899123829804,0.43101,0.427937704462573,0.43408629767013535
T-horizontal_scan_traversal-W-20-HS-random-D-1-C-5-H-2-RUNS-100000.csv,horizontal_scan_traversal,20,random,1,5,2,100000,2.0,401.0,176.17479,12496.7124984559,175.48191648532313,176.86766351467688,0.6928735146768759,0.0,1.0,0.69425,0.21226693749999997,0.6913944008210186,0.6971055991789815,0.0028555991789814827,0.0,0.9975,0.43447519999999995,0.07863164270996,0.4327371800961019,0.436213219903898,0.001738019903898047,0.0,400.0,174.78477,12582.9101060471,174.08951100175986,175.48002899824016,0.6952589982401491,0.0,400.0,174.78477,12582.9101060471,174.08951100175986,175.48002899824016,0.6952589982401491,0.0,1.0,0.43334,0.1810014444,0.4307030791653767,0.4359769208346233,0.002636920834623302,0.30423,0.3013791542257668,0.3070922043248247
T-horizontal_scan_traversal-W-20-HS-random-D-1-C-5-H-3-RUNS-100000.csv,horizontal_scan_traversal,20,random,1,5,3,100000,2.0,401.0,188.21686,13704.3069317404,187.49128115859835,188.94243884140164,0.7255788414016422,0.0,1.0,0.74628,0.18934616159999998,0.7435829790241777,0.7489770209758224,0.0026970209758223618,0.0,0.9975,0.46431795000000003,0.08629560805779751,0.4624971995835101,0.46613870041648997,0.0018207504164899357,0.0,400.0,186.72199,13809.226460439899,185.99363895571966,187.45034104428035,0.7283510442803447,0.0,400.0,186.72199,13809.226460439899,185.99363895571966,187.45034104428035,0.7283510442803447,0.0,1.0,0.4319466666666667,0.15890207715555552,0.42947596186924397,0.43441737146408943,0.002470704797422729,0.25141,0.2487234217429163,0.25411100344020116
T-horizontal_scan_traversal-W-20-HS-random-D-1-C-5-H-4-RUNS-100000.csv,horizontal_scan_traversal,20,random,1,5,4,100000,2.0,401.0,195.34693,14608.0980695751,194.59780738290664,196.09605261709333,0.7491226170933487,0.0,1.0,0.7734,0.17525243999999995,0.7708052942873921,0.7759947057126079,0.002594705712607892,0.0,0.9975,0.482006525,0.09198499579492436,0.48012671235017085,0.4838863376498292,0.0018798126498291712,0.0,400.0,193.79704,14719.748687238402,193.04506003645778,194.54901996354224,0.751979963542226,0.0,400.0,193.79704,14719.748687238402,193.04506003645778,194.54901996354224,0.751979963542226,0.0,1.0,0.4311925,0.14780990294375002,0.4288095889165797,0.43357541108342024,0.0023829110834202583,0.22351,0.2209309977687687,0.22610504802578774
T-horizontal_scan_traversal-W-20-HS-random-D-1-C-5-H-5-RUNS-100000.csv,horizontal_scan_traversal,20,random,1,5,5,100000,2.0,401.0,199.14417,15369.7871850111,198.37576532504065,199.91257467495936,0.7684046749593563,0.0,1.0,0.7859,0.16826118999999998,0.7833575755910864,0.7884424244089137,0.0025424244089136128,0.0,0.9975,0.4914351,0.09677161311299,0.48950699774924966,0.49336320225075037,0.001928102250750352,0.0,400.0,197.56887,15485.492016923099,196.79757844596733,198.34016155403268,0.7712915540326719,0.0,400.0,197.56887,15485.492016923099,196.79757844596733,198.34016155403268,0.7712915540326719,0.0,1.0,0.43355800000000005,0.14230386063599998,0.4312198928360333,0.4358961071639668,0.0023381071639667628,0.2106,0.2080763006127873,0.2131404953333146
T-horizontal_scan_traversal-W-20-HS-random-D-10-C-5-H-1-RUNS-100000.csv,horizontal_scan_traversal,20,random,10,5,1,100000,1.0,401.0,197.39667,13012.433202911101,196.6896440924669,198.1036959075331,0.707025907533108,0.0,10.0,5.6681,8.66250239,5.649857777223862,5.686342222776138,0.01824222277613785,0.0,0.9975,0.49056257499999995,0.08124442932186937,0.4887959154411633,0.4923292345588366,0.0017666595588366474,0.0,399.8,142.62643599999998,6850.164795537905,142.11344873818408,143.1394232618159,0.5129872618159084,0.0,3998.0,1426.26436,685016.4795537904,1421.1344873818407,1431.394232618159,5.129872618159197,0.0,1.0,0.91157,0.08061013510000001,0.9098102503160956,0.9133297496839043,0.0017597496839043547,0.91157,0.9097933233197126,0.9133227631282522
T-horizontal_scan_traversal-W-20-HS-random-D-10-C-5-H-2-RUNS-100000.csv,horizontal_scan_traversal,20,random,10,5,2,100000,2.0,401.0,260.32041,9195.2410674319,259.72606634448874,260.9147536555112,0.5943436555112385,0.0,10.0,6.97071,5.6064120959000014,6.956034308293097,6.985385691706904,0.014675691706903748,0.0,0.9975,0.647585975,0.05751811167079937,0.6460994973587469,0.6490724526412531,0.0014864776412530922,0.0,397.7,174.35243799999998,5950.989488256157,173.87430285991837,174.83057314008158,0.47813514008160496,0.0,3977.0,1743.52438,595098.9488256156,1738.743028599184,1748.305731400816,4.781351400815993,0.0,1.0,0.91011,0.05399478790000001,0.908669769542064,0.9115502304579359,0.0014402304579359537,0.85448,0.8522791733799918,0.8566602452156081
T-horizontal_scan_traversal-W-20-HS-random-D-10-C-5-H-3-RUNS-100000.csv,horizontal_scan_traversal,20,random,10,5,3,100000,2.0,401.0,290.90084,7068.036087294399,290.3797587449836,291.42192125501646,0.5210812550164405,0.0,10.0,7.46546,4.3925669884000005,7.452469817036455,7.478450182963545,0.012990182963545038,0.0,0.9975,0.7238593249999999,0.044332199798044376,0.7225543093727212,0.7251643406272786,0.001305015627278694,0.0,400.0,186.71128900000002,5786.86495645848,186.23979329040415,187.1827847095959,0.47149570959587095,0.0,4000.0,1867.11289,578686.495645848,1862.3979329040415,1871.8278470959588,4.714957095958653,0.0,1.0,0.91067,0.04407681776666668,0.9093687486671191,0.9119712513328808,0.0013012513328808373,0.81766,0.8152526187835663,0.8200489424446029
T-horizontal_scan_traversal-W-20-HS-random-D-10-C-5-H-4-RUNS-100000.csv,horizontal_scan_traversal,20,random,10,5,4,100000,2.0,401.0,308.69346,5926.1256132284,308.21632475548563,309.1705952445144,0.47713524451438616,0.0,10.0,7.72506,3.7774679964,7.713013622513398,7.737106377486602,0.012046377486601756,0.0,0.9975,0.7682183,0.037266822795110004,0.7670217874574428,0.7694148125425573,0.0011965125425572598,0.0,400.0,193.46313800000001,5761.589245792957,192.99267311027245,193.93360288972758,0.47046488972756606,0.0,4000.0,1934.63138,576158.9245792957,1929.9267311027243,1939.3360288972758,4.704648897275774,0.0,1.0,0.9104025,0.03983291299375,0.9091654789065793,0.9116395210934207,0.0012370210934207204,0.79229,0.7897622298170858,0.7948008062836407
T-horizontal_scan_traversal-W-20-HS-random-D-10-C-5-H-5-RUNS-100000.csv,horizontal_scan_traversal,20,random,10,5,5,100000,2.0,401.0,320.37951,5301.7614821599,319.92820913682925,320.8308108631707,0.45130086317072937,0.0,10.0,7.88171,3.4464574759000004,7.870203518765749,7.893216481234251,0.011506481234251353,0.0,0.9975,0.7973452000000001,0.03341959803696,0.7962121301529969,0.7984782698470033,0.0011330698470032319,0.0,400.0,196.87962199999998,5794.247885937118,196.4078256172392,197.35141838276076,0.47179638276077185,0.0,4000.0,1968.79622,579424.7885937116,1964.078256172392,1973.514183827608,4.717963827607946,0.0,1.0,0.910356,0.037157553264,0.909161242884018,0.9115507571159821,0.001194757115982048,0.77358,0.7709731568859177,0.7761709663841908
T-horizontal_scan_traversal-W-20-HS-random-D-5-C-5-H-1-RUNS-100000.csv,horizontal_scan_traversal,20,random,5,5,1,100000,1.0,401.0,188.74739,12675.4912581879,188.04957793921676,189.44520206078323,0.6978120607832352,0.0,5.0,2.83035,2.6148688774999997,2.8203273854310345,2.840372614568966,0.010022614568965693,0.0,0.9975,0.468432575,0.07916206349136937,0.4666887029200915,0.4701764470799085,0.001743872079908504,0.0,400.0,142.14365800000002,7256.5269819790365,141.61567434443887,142.67164165556116,0.5279836555611439,0.0,2000.0,710.71829,181413.1745494759,708.0783717221943,713.3582082778057,2.639918277805691,0.0,1.0,0.81006,0.15386279640000003,0.80762878771258,0.81249121228742,0.002431212287420048,0.81006,0.807614853673643,0.8124871494772524
T-horizontal_scan_traversal-W-20-HS-random-D-5-C-5-H-2-RUNS-100000.csv,horizontal_scan_traversal,20,random,5,5,2,100000,2.0,401.0,246.2925,10081.25530375,245.6701805452592,246.91481945474078,0.62231945474079,0.0,5.0,3.47879,1.8380501358999999,3.47038699256095,3.4871930074390503,0.008403007439050203,0.0,0.9975,0.611820025,0.06321394382149938,0.6102616839378936,0.6133783660621064,0.0015583410621063942,0.0,400.0,174.11098599999997,6676.265976907804,173.6045519630624,174.61742003693755,0.506434036937577,0.0,2000.0,870.55493,166906.64942269513,868.0227598153122,873.0871001846879,2.532170184687857,0.0,1.0,0.80985,0.1067229775,0.8078251864521294,0.8118748135478705,0.002024813547870541,0.71531,0.7125018550741338,0.7181056521015319
T-horizontal_scan_traversal-W-20-HS-random-D-5-C-5-H-3-RUNS-100000.csv,horizontal_scan_traversal,20,random,5,5,3,100000,2.0,401.0,273.3681,8932.37460239,272.78231326173653,273.9538867382635,0.5857867382634936,0.0,5.0,3.72362,1.5070740956,3.7160110737645464,3.7312289262354534,0.007608926235453506,0.0,0.9975,0.6792471499999999,0.0562097513418775,0.6777776760099105,0.6807166239900894,0.0014694739900894538,0.0,400.0,187.1436,6647.01708304,186.6382765310595,187.6489234689405,0.5053234689405031,0.0,2000.0,935.718,166175.427076,933.1913826552974,938.2446173447025,2.526617344702572,0.0,1.0,0.81024,0.09090003128888888,0.808371306445135,0.8121086935548649,0.0018686935548649641,0.66193,0.6589883801781942,0.6648622252607548
T-horizontal_scan_traversal-W-20-HS-random-D-5-C-5-H-4-RUNS-100000.csv,horizontal_scan_traversal,20,random,5,5,4,100000,2.0,401.0,288.60946,8522.5245585084,288.0372700809699,289.1816499190301,0.5721899190301087,0.0,5.0,3.86018,1.3253103676,3.853044656764968,3.8673153432350325,0.007135343235032288,0.0,0.9975,0.717176075,0.05375681463509438,0.7157390218377886,0.7186131281622115,0.0014370531622114324,0.0,400.0,193.452544,6720.8268655280635,192.94442267111668,193.9606653288833,0.5081213288833055,0.0,2000.0,967.26272,168020.6716382016,964.7221133555835,969.8033266444164,2.5406066444164708,0.0,1.0,0.8096075,0.08325757094375,0.8078190865004493,0.8113959134995508,0.0017884134995507228,0.62624,0.623232798399488,0.629239878003921
T-horizontal_scan_traversal-W-20-HS-random-D-5-C-5-H-5-RUNS-100000.csv,horizontal_scan_traversal,20,random,5,5,5,100000,2.0,401.0,297.88926,8460.7719966524,297.31914683840535,298.4593731615946,0.5701131615946338,0.0,5.0,3.94467,1.2260085911,3.9378071765259697,3.95153282347403,0.006862823474030222,0.0,0.9975,0.7402391500000001,0.0534400096822775,0.7388063375866136,0.7416719624133865,0.0014328124133864417,0.0,400.0,196.75787200000002,6886.539727631616,196.24352453944763,197.2722194605524,0.5143474605523863,0.0,2000.0,983.78936,172163.4931907904,981.217622697238,986.361097302762,2.571737302762017,0.0,1.0,0.8072379999999999,0.079156011356,0.8054941945830304,0.8089818054169694,0.0017438054169695016,0.59788,0.594833181374709,0.6009211404519093
T-horizontal_scan_traversal-W-20-HS-weighted-D-1-C-5-H-1-RUNS-100000.csv,horizontal_scan_traversal,20,weighted,1,5,1,100000,1.0,401.0,150.58797,11468.022481279098,149.92422641122434,151.2517135887757,0.6637435887756737,0.0,1.0,0.63076,0.23290182239999996,0.6277688202311933,0.6337511797688067,0.0029911797688066954,0.0,0.9975,0.370829525,0.07183907757577437,0.36916826944947473,0.37249078055052526,0.0016612555505252646,0.0,400.0,149.32559,11496.097981151901,148.66103443419385,149.99014556580616,0.6645555658061539,0.0,400.0,149.32559,11496.097981151901,148.66103443419385,149.99014556580616,0.6645555658061539,0.0,1.0,0.36838,0.23267617560000003,0.3653902695837501,0.3713697304162499,0.0029897304162498917,0.36838,0.36538917728536624,0.37137845847263096
T-horizontal_scan_traversal-W-20-HS-weighted-D-1-C-5-H-2-RUNS-100000.csv,horizontal_scan_traversal,20,weighted,1,5,2,100000,2.0,401.0,179.14605,12787.8344593975,178.44515239792662,179.84694760207339,0.7008976020733826,0.0,1.0,0.7352,0.19468096,0.7324652488670155,0.7379347511329845,0.002734751132984492,0.0,0.9975,0.441698275,0.08041216092452438,0.43994068757000493,0.443455862429995,0.0017575874299950445,0.0,400.0,177.67397,12867.8341544391,176.97088343571582,178.37705656428417,0.7030865642841775,0.0,400.0,177.67397,12867.8341544391,176.97088343571582,178.37705656428417,0.7030865642841775,0.0,1.0,0.388595,0.17485142597500003,0.38600326460064777,0.3911867353993523,0.0025917353993522574,0.26312,0.2603927757760753,0.2658609694004188
T-horizontal_scan_traversal-W-20-HS-weighted-D-1-C-5-H-3-RUNS-100000.csv,horizontal_scan_traversal,20,weighted,1,5,3,100000,2.0,401.0,189.87373,13877.388125887099,189.1435836158796,190.60387638412038,0.7301463841203883,0.0,1.0,0.76701,0.17870565990000004,0.7643898556088035,0.7696301443911965,0.0026201443911965105,0.0,0.9975,0.46835622499999996,0.08733829781624938,0.46652450775956433,0.4701879422404356,0.0018317172404356263,0.0,400.0,188.33716,13976.126483134398,187.60442070463222,189.0698992953678,0.7327392953677929,0.0,400.0,188.33716,13976.126483134398,187.60442070463222,189.0698992953678,0.7327392953677929,0.0,1.0,0.407,0.1559932222222222,0.4045520139655445,0.4094479860344554,0.0024479860344554516,0.23044,0.2278327997539512,0.2330628434363744
T-horizontal_scan_traversal-W-20-HS-weighted-D-1-C-5-H-4-RUNS-100000.csv,horizontal_scan_traversal,20,weighted,1,5,4,100000,2.0,401.0,196.25056,14727.655279686398,195.49837810363155,197.00274189636846,0.7521818963684552,0.0,1.0,0.77858,0.1723931836,0.7760065477387025,0.7811534522612976,0.0025734522612975708,0.0,0.9975,0.4842399,0.09272133062298998,0.48235257844890894,0.48612722155109106,0.001887321551091059,0.0,400.0,194.69061,14837.4866078279,193.93562861908632,195.44559138091367,0.7549813809136765,0.0,400.0,194.69061,14837.4866078279,193.93562861908632,195.44559138091367,0.7549813809136765,0.0,1.0,0.422745,0.14760041497499998,0.42036377814102094,0.425126221858979,0.0023812218589790435,0.21863,0.21607147002276603,0.2212048593086773
T-horizontal_scan_traversal-W-20-HS-weighted-D-1-C-5-H-5-RUNS-100000.csv,horizontal_scan_traversal,20,weighted,1,5,5,100000,2.0,401.0,199.15703,15306.5642915791,198.39020735177857,199.9238526482214,0.7668226482214209,0.0,1.0,0.78808,0.16700991360000003,0.7855470466169198,0.7906129533830802,0.0025329533830802387,0.0,0.9975,0.491455725,0.09637082655222438,0.489531619578556,0.493379830421444,0.001924105421444,0.0,400.0,197.57693,15421.4409617751,196.8072352059501,198.34662479404992,0.7696947940499115,0.0,400.0,197.57693,15421.4409617751,196.8072352059501,198.34662479404992,0.7696947940499115,0.0,1.0,0.43223,0.14137602710000002,0.42989952763220124,0.43456047236779877,0.0023304723677987638,0.20798,0.20546798100671743,0.21050896720100531
T-horizontal_scan_traversal-W-20-HS-weighted-D-10-C-5-H-1-RUNS-100000.csv,horizontal_scan_traversal,20,weighted,10,5,1,100000,1.0,401.0,198.66568,13102.265390137602,197.9562177901343,199.37514220986571,0.7094622098657055,0.0,10.0,6.32331,6.818880643899999,6.30712500328032,6.33949499671968,0.0161849967196801,0.0,0.9975,0.49367372499999995,0.08175895118212437,0.49190148013299867,0.49544596986700123,0.0017722448670012825,0.0,399.9,149.554396,7355.343469475183,149.02282956508958,150.0859624349104,0.5315664349104168,0.0,3999.0,1495.54396,735534.3469475183,1490.228295650896,1500.859624349104,5.315664349104054,0.0,1.0,0.89943,0.09045567509999997,0.8975658795064048,0.9012941204935951,0.0018641204935951894,0.89943,0.897549313471764,0.9012874832163423
T-horizontal_scan_traversal-W-20-HS-weighted-D-10-C-5-H-2-RUNS-100000.csv,horizontal_scan_traversal,20,weighted,10,5,2,100000,2.0,401.0,262.17855,9199.4599098975,261.58407001556094,262.773029984439,0.5944799844390332,0.0,10.0,7.32999,4.6508365999,7.3166233796784015,7.343356620321598,0.013366620321598077,0.0,0.9975,0.65213295,0.057532649524297506,0.6506462845150555,0.6536196154849446,0.0014866654849445826,0.0,400.0,177.949404,6249.487430244783,177.45942409314637,178.4393839068536,0.4899799068536197,0.0,4000.0,1779.49404,624948.7430244784,1774.594240931464,1784.3938390685362,4.89979906853614,0.0,1.0,0.90273,0.053858547099999994,0.9012915876997907,0.9041684123002094,0.0014384123002093574,0.83483,0.8325137879667793,0.8371267744824277
T-horizontal_scan_traversal-W-20-HS-weighted-D-10-C-5-H-3-RUNS-100000.csv,horizontal_scan_traversal,20,weighted,10,5,3,100000,2.0,401.0,292.81001,6940.837293799901,292.29363881037125,293.3263811896287,0.5163711896287282,0.0,10.0,7.67548,3.861226769600001,7.663300801028765,7.687659198971236,0.01217919897123565,0.0,0.9975,0.7285484,0.04352762273243999,0.7272552808427336,0.7298415191572664,0.0012931191572663758,0.0,399.0,188.782255,5889.457053014975,188.30659820971036,189.25791179028963,0.4756567902896336,0.0,3990.0,1887.82255,588945.7053014975,1883.0659820971039,1892.5791179028963,4.756567902896222,0.0,1.0,0.90611,0.043099112344444454,0.9048232616816834,0.9073967383183166,0.0012867383183166048,0.80107,0.7985820914622952,0.8035404343212428
T-horizontal_scan_traversal-W-20-HS-weighted-D-10-C-5-H-4-RUNS-100000.csv,horizontal_scan_traversal,20,weighted,10,5,4,100000,2.0,401.0,309.69844,5872.607901566401,309.22346410045714,310.1734158995429,0.47497589954286923,0.0,10.0,7.79786,3.6068994204,7.7860887363408136,7.8096312636591865,0.01177126365918646,0.0,0.9975,0.7706958749999999,0.03693122982048437,0.7695047620226616,0.7718869879773382,0.0011911129773383156,0.0,400.0,194.303259,5819.362466478919,193.8304412459845,194.7760767540155,0.47281775401549453,0.0,4000.0,1943.03259,581936.2466478919,1938.304412459845,1947.760767540155,4.728177540155002,0.0,1.0,0.9090475,0.039024517743749994,0.9078230957066215,0.9102719042933786,0.001224404293378556,0.78521,0.7826513936934408,0.7877520538458794
T-horizontal_scan_traversal-W-20-HS-weighted-D-10-C-5-H-5-RUNS-100000.csv,horizontal_scan_traversal,20,weighted,10,5,5,100000,2.0,401.0,320.61448,5265.3210343296005,320.16473276781863,321.0642272321814,0.44974723218138024,0.0,10.0,7.87626,3.4784084124,7.864700305472429,7.887819694527572,0.011559694527571551,0.0,0.9975,0.79792745,0.033187913036497506,0.7967983145487763,0.7990565854512237,0.0011291354512237284,0.0,400.0,197.17947800000002,5760.679551847516,196.70905025245128,197.64990574754876,0.47042774754874017,0.0,4000.0,1971.79478,576067.9551847515,1967.0905025245127,1976.4990574754872,4.704277475487288,0.0,1.0,0.910484,0.036827685744,0.9092945579562074,0.9116734420437925,0.0011894420437925657,0.77204,0.7694269873930124,0.7746372253443787
T-horizontal_scan_traversal-W-20-HS-weighted-D-5-C-5-H-1-RUNS-100000.csv,horizontal_scan_traversal,20,weighted,5,5,1,100000,1.0,401.0,194.18733,12937.0152374711,193.4823559739801,194.8923040260199,0.7049740260198973,0.0,5.0,3.15959,2.1816610319,3.150435182131715,3.1687448178682853,0.009154817868285203,0.0,0.9975,0.48187515,0.08072736231247751,0.4801141212238023,0.48363617877619763,0.0017610287761976595,0.0,400.0,150.22991,7816.2874809919,149.6819405666647,150.77787943333527,0.5479694333352825,0.0,2000.0,751.14955,195407.18702479752,748.4097028333235,753.8893971666764,2.739847166676441,0.0,1.0,0.77887,0.17223152309999998,0.7762977546401227,0.7814422453598772,0.002572245359877212,0.77887,0.7762847336081793,0.7814390823180293
T-horizontal_scan_traversal-W-20-HS-weighted-D-5-C-5-H-2-RUNS-100000.csv,horizontal_scan_traversal,20,weighted,5,5,2,100000,2.0,401.0,250.40315,10032.5821200775,249.7823346693864,251.02396533061363,0.6208153306136239,0.0,5.0,3.66191,1.5744651519000001,3.6541328119943395,3.669687188005661,0.00777718800566074,0.0,0.9975,0.62192885,0.0628856521626775,0.6203745607047009,0.6234831392952991,0.001554289295299105,0.0,400.0,178.08872,6976.8062807616,177.57101256323503,178.60642743676496,0.5177074367649652,0.0,2000.0,890.4436,174420.15701904,887.8550628161752,893.0321371838247,2.5885371838247693,0.0,1.0,0.793045,0.108492127975,0.7910034727314367,0.7950865272685633,0.0020415272685633257,0.68178,0.6788828442340638,0.6846666092129249
T-horizontal_scan_traversal-W-20-HS-weighted-D-5-C-5-H-3-RUNS-100000.csv,horizontal_scan_traversal,20,weighted,5,5,3,100000,2.0,401.0,275.77745,8904.1641614975,275.1925890161516,276.3623109838484,0.5848609838483867,0.0,5.0,3.82707,1.3679452151,3.8198207942929394,3.8343192057070605,0.0072492057070605576,0.0,0.9975,0.6851459,0.05601290083819,0.6836790013673059,0.6866127986326941,0.0014668986326941136,0.0,400.0,188.81295799999998,6823.146885290236,188.3009833807606,189.32493261923935,0.5119746192393677,0.0,2000.0,944.06479,170578.6721322559,941.5049169038031,946.624663096197,2.5598730961969522,0.0,1.0,0.8003833333333334,0.09018763083333334,0.7985219768317214,0.8022446898349455,0.0018613565016120104,0.63663,0.6336400426101976,0.639612030932231
T-horizontal_scan_traversal-W-20-HS-weighted-D-5-C-5-H-4-RUNS-100000.csv,horizontal_scan_traversal,20,weighted,5,5,4,100000,2.0,401.0,289.84009,8477.2803187919,289.26942091837145,290.4107590816285,0.5706690816285231,0.0,5.0,3.90227,1.2797388471,3.895258406204707,3.9092815937952934,0.007011593795293258,0.0,0.9975,0.720184075,0.05345988580389437,0.7187509961560272,0.7216171538439728,0.0014330788439728126,0.0,400.0,194.47291599999997,6796.675981656944,193.96193546758084,194.9838965324191,0.5109805324191257,0.0,2000.0,972.36458,169916.8995414236,969.8096773379044,974.9194826620957,2.5549026620956283,0.0,1.0,0.80537,0.08213916309999998,0.803593639088009,0.8071463609119911,0.0017763609119910706,0.61261,0.609582413164796,0.6156310540585248
T-horizontal_scan_traversal-W-20-HS-weighted-D-5-C-5-H-5-RUNS-100000.csv,horizontal_scan_traversal,20,weighted,5,5,5,100000,2.0,401.0,298.43324,8450.9659231024,297.863457316074,299.003022683926,0.5697826839260074,0.0,5.0,3.93486,1.2325767804,3.9279788177181647,3.9417411822818353,0.0068811822818353185,0.0,0.9975,0.7416222750000001,0.05337331266132438,0.7401903569928512,0.743054193007149,0.0014319180071489246,0.0,400.0,197.372232,6860.476699338176,196.85885877038845,197.88560522961154,0.5133732296115454,0.0,2000.0,986.86116,171511.9174834544,984.2942938519424,989.4280261480577,2.56686614805767,0.0,1.0,0.8096939999999999,0.07881122636400001,0.807953996531038,0.8114340034689618,0.0017400034689618593,0.60269,0.5996491452127091,0.6057248975521425
T-lidbetter-W-20-HS-greedy-D-1-C-5-H-1-RUNS-100000.csv,lidbetter,20,greedy,1,5,1,100000,1.0,143.0,28.59105,321.1472498975,28.479977083624934,28.702122916375064,0.11107291637506478,0.0,1.0,0.6394,0.23056763999999996,0.6364238470371568,0.6423761529628431,0.0029761529628431482,0.0,0.35,0.067276325,0.0018674710319943751,0.06700848033015365,0.06754416966984635,0.00026784466984634825,0.0,143.0,27.31225,324.5900699375,27.200583298935094,27.423916701064904,0.11166670106490528,0.0,143.0,27.31225,324.5900699375,27.200583298935094,27.423916701064904,0.11166670106490528,0.0,1.0,0.3606,0.23056763999999996,0.35762384703715683,0.3635761529628431,0.0029761529628431482,0.3606,0.35762297985578295,0.36358510733020105
T-lidbetter-W-20-HS-greedy-D-1-C-5-H-2-RUNS-100000.csv,lidbetter,20,greedy,1,5,2,100000,2.0,143.0,34.08453,369.91432467910005,33.965321658442576,34.203738341557425,0.11920834155742455,0.0,1.0,0.73856,0.19308912640000003,0.7358364523356874,0.7412835476643126,0.0027235476643125978,0.0,0.355,0.08004807500000001,0.0022015731262943748,0.07975725609892974,0.08033889390107028,0.0002908189010702722,0.0,143.0,32.60741,384.0514830919,32.48594510064855,32.72887489935145,0.12146489935145155,0.0,143.0,32.60741,384.0514830919,32.48594510064855,32.72887489935145,0.12146489935145155,0.0,1.0,0.37733,0.17700707110000002,0.37472233751352335,0.37993766248647665,0.0026076624864766473,0.26144,0.2587184516448348,0.2641753910842349
T-lidbetter-W-20-HS-greedy-D-1-C-5-H-3-RUNS-100000.csv,lidbetter,20,greedy,1,5,3,100000,2.0,145.0,37.71102,427.7612705596,37.58282921651765,37.83921078348234,0.1281907834823457,0.0,1.0,0.77849,0.17244331989999998,0.7759161735533882,0.7810638264466119,0.00257382644661186,0.0,0.3375,0.0883224,0.0025468271582400003,0.08800960787715968,0.08863519212284031,0.00031279212284031355,0.0,145.0,36.15404,446.01337167839995,36.023142904209465,36.28493709579054,0.13089709579053732,0.0,145.0,36.15404,446.01337167839995,36.023142904209465,36.28493709579054,0.13089709579053732,0.0,1.0,0.38645333333333326,0.15596715448888887,0.3840055518465896,0.38890111482007694,0.002447781486743683,0.22151,0.21893932562928284,0.2240968363659434
T-lidbetter-W-20-HS-greedy-D-1-C-5-H-4-RUNS-100000.csv,lidbetter,20,greedy,1,5,4,100000,2.0,141.0,40.08618,494.3054730076,39.94837855207197,40.223981447928026,0.13780144792802673,0.0,1.0,0.79497,0.16299269910000003,0.792467695556367,0.7974723044436329,0.0025023044436329744,0.0,0.3475,0.09368462500000002,0.0029124491011093745,0.09335013337877728,0.09401911662122277,0.0003344916212227461,0.0,141.0,38.49624,514.9382058624,38.35559197791505,38.63688802208495,0.14064802208495308,0.0,141.0,38.49624,514.9382058624,38.35559197791505,38.63688802208495,0.14064802208495308,0.0,1.0,0.403185,0.144228105775,0.4008311378733128,0.4055388621266872,0.0023538621266872006,0.20503,0.20253132312709635,0.20754579653032723
T-lidbetter-W-20-HS-greedy-D-1-C-5-H-5-RUNS-100000.csv,lidbetter,20,greedy,1,5,5,100000,2.0,147.0,43.46597,589.7342819591,43.31545344883123,43.61648655116877,0.15051655116877072,0.0,1.0,0.80189,0.15886242789999996,0.7994196034670106,0.8043603965329894,0.002470396532989416,0.0,0.34,0.10119657500000001,0.003423185270769375,0.10083393870098697,0.10155921129901305,0.00036263629901303607,0.0,147.0,41.86219,611.9714784038999,41.70886193239865,42.01551806760135,0.15332806760135043,0.0,147.0,41.86219,611.9714784038999,41.70886193239865,42.01551806760135,0.15332806760135043,0.0,1.0,0.42806600000000006,0.138169499644,0.4257621077502792,0.43036989224972094,0.0023038922497208847,0.19811,0.1956434306487334,0.20059409123334235
T-lidbetter-W-20-HS-greedy-D-10-C-5-H-1-RUNS-100000.csv,lidbetter,20,greedy,10,5,1,100000,1.0,142.0,34.7513,473.63694831,34.61641027835199,34.88618972164801,0.13488972164800828,0.0,10.0,6.38707,5.5994068151,6.37240347988755,6.401736520112449,0.014666520112449177,0.0,0.3125,0.084392325,0.002625618668594375,0.0840747312866291,0.08470991871337091,0.0003175937133709089,0.0,122.4,27.339924,218.40238007422403,27.24832626076517,27.431521739234828,0.09159773923482817,0.0,1224.0,273.39924,21840.2380074224,272.48326260765174,274.3152173923483,0.9159773923482817,0.0,1.0,0.91448,0.07820632959999999,0.912746686884053,0.9162133131159469,0.0017333131159469328,0.91448,0.9127296731420996,0.9162062428495154
T-lidbetter-W-20-HS-greedy-D-10-C-5-H-2-RUNS-100000.csv,lidbetter,20,greedy,10,5,2,100000,2.0,139.0,47.62335,414.14622477750004,47.49721578033281,47.749484219667195,0.1261342196671933,0.0,10.0,7.42943,4.2386198751,7.416669481941479,7.442190518058521,0.012760518058520631,0.0,0.34,0.11463709999999999,0.00229235067859,0.1143403459879484,0.11493385401205158,0.00029675401205159213,0.0,117.8,32.430637000000004,199.550509474231,32.343081689641565,32.518192310358444,0.08755531035843944,0.0,1178.0,324.30637,19955.0509474231,323.43081689641565,325.1819231035844,0.875553103584366,0.0,1.0,0.91011,0.04650478790000001,0.9087733893865577,0.9114466106134422,0.0013366106134422573,0.8395,0.8372100841298937,0.8417702065597624
T-lidbetter-W-20-HS-greedy-D-10-C-5-H-3-RUNS-100000.csv,lidbetter,20,greedy,10,5,3,100000,2.0,147.0,55.18705,353.0629022975001,55.07058857095733,55.30351142904267,0.11646142904267265,0.0,10.0,7.77521,3.7380794559000003,7.763226592288592,7.787193407711409,0.01198340771140849,0.0,0.3325,0.13196535,0.0019992830243775,0.13168821383010426,0.13224248616989576,0.0002771361698957475,0.0,115.2,35.449536,202.42628498470404,35.36135205495346,35.53771994504655,0.08818394504654492,0.0,1152.0,354.49536,20242.6284984704,353.61352054953454,355.37719945046547,0.8818394504654634,0.0,1.0,0.90144,0.04452370417777778,0.9001321687342423,0.9027478312657577,0.0013078312657577307,0.79212,0.7895914759419126,0.7946315700386786
T-lidbetter-W-20-HS-greedy-D-10-C-5-H-4-RUNS-100000.csv,lidbetter,20,greedy,10,5,4,100000,2.0,144.0,62.19512,333.6475881856,62.08190601787881,62.3083339821212,0.11321398212119504,0.0,10.0,7.95689,3.4643915278999997,7.94535361993796,7.968426380062039,0.011536380062039164,0.0,0.35,0.1475282,0.00193576657976,0.14725550161546488,0.1478008983845351,0.00027269838453511386,0.0,133.1,39.081096,221.64747583878398,38.98882027495911,39.173371725040894,0.0922757250408921,0.0,1331.0,390.81096,22164.7475838784,389.8882027495911,391.733717250409,0.9227572504089494,0.0,1.0,0.8953975,0.04405269199375,0.8940966048406455,0.8966983951593545,0.0013008951593544982,0.7607,0.7580430675691285,0.763341803904174
T-lidbetter-W-20-HS-greedy-D-10-C-5-H-5-RUNS-100000.csv,lidbetter,20,greedy,10,5,5,100000,2.0,145.0,68.15296,337.85160323840006,68.03903499313141,68.26688500686858,0.11392500686858398,0.0,10.0,8.04772,3.3097628016000002,8.036444014553652,8.058995985446348,0.011275985446348002,0.0,0.35,0.16086477500000002,0.0019618886016993745,0.1605902428297123,0.16113930717028774,0.00027453217028772237,0.0,121.4,42.3734,245.33000004000002,42.276319634933024,42.47048036506697,0.09708036506697226,0.0,1214.0,423.734,24533.000004,422.76319634933026,424.7048036506697,0.9708036506697226,0.0,1.0,0.9015939999999999,0.038733459164,0.9003741702712081,0.9028138297287917,0.0012198297287917548,0.74671,0.7440024078629237,0.7494032761333314
T-lidbetter-W-20-HS-greedy-D-5-C-5-H-1-RUNS-100000.csv,lidbetter,20,greedy,5,5,1,100000,1.0,138.0,34.1234,454.09491244000003,33.99132233286321,34.25547766713678,0.13207766713678382,0.0,5.0,3.19087,1.8778986431,3.18237639332949,3.19936360667051,0.008493606670509912,0.0,0.3425,0.082447125,0.002531735891734375,0.08213526098152901,0.08275898901847098,0.00031186401847098366,0.0,119.2,27.40156,233.1550775664,27.30691917656851,27.49620082343149,0.09464082343149016,0.0,596.0,137.0078,5828.87693916,136.53459588284255,137.48100411715745,0.4732041171574508,0.0,1.0,0.80337,0.15796664309999997,0.8009065782818751,0.805833421718125,0.0024634217181249696,0.80337,0.8008928402355711,0.8058295518490025
T-lidbetter-W-20-HS-greedy-D-5-C-5-H-2-RUNS-100000.csv,lidbetter,20,greedy,5,5,2,100000,2.0,138.0,45.5086,410.58810604,45.38300878740281,45.634191212597194,0.1255912125971932,0.0,5.0,3.71678,1.4611064315999998,3.709288013302445,3.724271986697555,0.007491986697555131,0.0,0.3275,0.10903684999999999,0.0023208830920775,0.10873825488137738,0.1093354451186226,0.00029859511862261046,0.0,129.0,32.488844,219.334809143664,32.39705093910723,32.58063706089277,0.09179306089276906,0.0,645.0,162.44422,5483.3702285916,161.98525469553618,162.90318530446382,0.4589653044638169,0.0,1.0,0.79519,0.10485786390000001,0.793182957474396,0.7971970425256039,0.002007042525603908,0.67918,0.6762766825585187,0.6820729217868992
T-lidbetter-W-20-HS-greedy-D-5-C-5-H-3-RUNS-100000.csv,lidbetter,20,greedy,5,5,3,100000,2.0,144.0,52.21804,385.68893855839997,52.09631643505196,52.33976356494804,0.12172356494804148,0.0,5.0,3.8892,1.3045633600000002,3.8821207270120612,3.896279272987939,0.007079272987938978,0.0,0.3325,0.12431755000000001,0.0022396457619975,0.12402422725694572,0.12461087274305431,0.0002933227430542973,0.0,118.2,35.738938000000005,225.40031583215602,35.64588436743787,35.831991632562136,0.09305363256213184,0.0,591.0,178.69469,5635.007895803899,178.22942183718936,179.15995816281065,0.465268162810645,0.0,1.0,0.7868166666666666,0.09543842194444443,0.7849018918972961,0.7887314414360371,0.0019147747693705197,0.62159,0.6185755608219186,0.6245973853813868
T-lidbetter-W-20-HS-greedy-D-5-C-5-H-4-RUNS-100000.csv,lidbetter,20,greedy,5,5,4,100000,2.0,151.0,58.0684,399.1414014399999,57.94457182841647,58.19222817158352,0.12382817158352566,0.0,5.0,3.98073,1.2149986671,3.973898061124738,3.987561938875262,0.006831938875262011,0.0,0.3625,0.137425325,0.002346030236144375,0.13712511657648105,0.13772553342351893,0.0003002084235189384,0.0,130.0,39.014815999999996,252.396971686144,38.916347314295884,39.11328468570411,0.0984686857041126,0.0,650.0,195.07408,6309.9242921536,194.58173657147947,195.56642342852055,0.4923434285205417,0.0,1.0,0.78726,0.08741294240000001,0.7854275001786525,0.7890924998213474,0.0018324998213474775,0.58881,0.5857527616074727,0.5918620864234246
T-lidbetter-W-20-HS-greedy-D-5-C-5-H-5-RUNS-100000.csv,lidbetter,20,greedy,5,5,5,100000,2.0,146.0,63.5828,439.29462416,63.45289256263889,63.71270743736111,0.129907437361112,0.0,5.0,4.01624,1.1839562624,4.0094959015594105,4.022984098440589,0.006744098440589319,0.0,0.355,0.14971489999999998,0.00254684196799,0.14940210696772097,0.150027693032279,0.00031279303227901845,0.0,145.2,42.20629600000001,293.87949956038403,42.10004311836797,42.31254888163205,0.10625288163203805,0.0,726.0,211.03148,7346.9874890096,210.5002155918398,211.56274440816017,0.5312644081601832,0.0,1.0,0.80087,0.0776868431,0.7991424532525776,0.8025975467474223,0.0017275467474223705,0.57404,0.5709680790887277,0.577107625812565
T-lidbetter-W-20-HS-random-D-1-C-5-H-1-RUNS-100000.csv,lidbetter,20,random,1,5,1,100000,1.0,152.0,30.4429,346.32621959,30.327555004218784,30.55824499578122,0.11534499578121782,0.0,1.0,0.63137,0.23274192310000003,0.6283798472082835,0.6343601527917164,0.0029901527917164383,0.0,0.375,0.071779625,0.002053611872359375,0.07149874859713112,0.07206050140286888,0.0002808764028688765,0.0,152.0,29.18016,356.0240423744,29.063211209446806,29.297108790553196,0.11694879055319518,0.0,152.0,29.18016,356.0240423744,29.063211209446806,29.297108790553196,0.11694879055319518,0.0,1.0,0.36863,0.23274192310000003,0.3656398472082836,0.37162015279171645,0.0029901527917164383,0.36863,0.365638747675579,0.3716288735766405
T-lidbetter-W-20-HS-random-D-1-C-5-H-2-RUNS-100000.csv,lidbetter,20,random,1,5,2,100000,2.0,141.0,35.61743,418.6323901951,35.490614457176044,35.744245542823954,0.12681554282395524,0.0,1.0,0.74279,0.19105301590000004,0.7400808501963135,0.7454991498036864,0.002709149803686417,0.0,0.335,0.08356022499999999,0.002490993860449375,0.083250880499252,0.08386956950074798,0.0003093445007479878,0.0,141.0,34.13185,437.5404855775,34.00220218746949,34.26149781253051,0.12964781253050717,0.0,141.0,34.13185,437.5404855775,34.00220218746949,34.26149781253051,0.12964781253050717,0.0,1.0,0.36379,0.17815683589999998,0.36117388207300694,0.36640611792699307,0.0026161179269930668,0.25721,0.25450297166793084,0.2599311166937235
T-lidbetter-W-20-HS-random-D-1-C-5-H-3-RUNS-100000.csv,lidbetter,20,random,1,5,3,100000,2.0,140.0,38.74442,471.57017886360006,38.60982490353945,38.87901509646055,0.13459509646055068,0.0,1.0,0.77805,0.17268819749999995,0.7754743467245843,0.7806256532754158,0.002575653275415757,0.0,0.3475,0.0907523,0.0028002829197100003,0.09042431270048433,0.09108028729951566,0.0003279872995156641,0.0,140.0,37.18832,493.2776355776,37.050661895813036,37.32597810418696,0.13765810418696134,0.0,140.0,37.18832,493.2776355776,37.050661895813036,37.32597810418696,0.13765810418696134,0.0,1.0,0.3800966666666667,0.15576763509999994,0.37765045133068303,0.38254288200265035,0.002446215335983659,0.22195,0.21937748610307167,0.22453865032794512
T-lidbetter-W-20-HS-random-D-1-C-5-H-4-RUNS-100000.csv,lidbetter,20,random,1,5,4,100000,2.0,152.0,41.20587,524.7147675430999,41.06389309163129,41.3478469083687,0.14197690836870436,0.0,1.0,0.79579,0.16250827589999997,0.7932914168160787,0.7982885831839213,0.0024985831839212658,0.0,0.33,0.096264575,0.0030849226625693747,0.09592032162092397,0.09660882837907604,0.00034425337907603715,0.0,150.0,39.61429,546.7871177959,39.46935769194811,39.75922230805188,0.14493230805188517,0.0,150.0,39.61429,546.7871177959,39.46935769194811,39.75922230805188,0.14493230805188517,0.0,1.0,0.400655,0.14356432097500002,0.39830656074070975,0.4030034392592902,0.002348439259290236,0.20421,0.20171506804179018,0.20672209927486823
T-lidbetter-W-20-HS-random-D-1-C-5-H-5-RUNS-100000.csv,lidbetter,20,random,1,5,5,100000,2.0,137.0,43.61268,588.5127432176,43.46231941492716,43.76304058507284,0.15036058507283911,0.0,1.0,0.80338,0.1579605756,0.8009166255923531,0.8058433744076469,0.002463374407646879,0.0,0.3275,0.10169729999999999,0.00342098067271,0.10133478049221754,0.10205981950778244,0.0003625195077824467,0.0,137.0,42.00592,610.6986849536,41.85275146314867,42.159088536851336,0.15316853685133225,0.0,137.0,42.00592,610.6986849536,41.85275146314867,42.159088536851336,0.15316853685133225,0.0,1.0,0.42746600000000007,0.13828761884399998,0.42516112317780086,0.4297708768221993,0.002304876822199209,0.19662,0.19416049574989766,0.1990971127467949
T-lidbetter-W-20-HS-random-D-10-C-5-H-1-RUNS-100000.csv,lidbetter,20,random,10,5,1,100000,1.0,135.0,42.54234,496.9792673243999,42.4041663573125,42.68051364268751,0.1381736426875051,0.0,10.0,6.28749,7.3830194999,6.270648798228507,6.304331201771493,0.016841201771493175,0.0,0.335,0.102773025,0.0027770987698493748,0.10244639826143971,0.1030996517385603,0.0003266267385602928,0.0,109.9,29.198638,199.450390144956,29.111104656708378,29.28617134329162,0.08753334329162143,0.0,1099.0,291.98638,19945.0390144956,291.1110465670838,292.8617134329162,0.875333432916193,0.0,1.0,0.89112,0.0970251456,0.8891893736784738,0.8930506263215262,0.0019306263215261854,0.89112,0.8891730540068465,0.893044228185828
T-lidbetter-W-20-HS-random-D-10-C-5-H-2-RUNS-100000.csv,lidbetter,20,random,10,5,2,100000,2.0,140.0,54.40267,413.9125868711001,54.27657136425306,54.52876863574694,0.12609863574694202,0.0,10.0,7.43593,4.683495035099999,7.4225165311992605,7.449343468800739,0.013413468800739459,0.0,0.34,0.130213825,0.002327617591369375,0.12991479697892164,0.13051285302107837,0.000299028021078368,0.0,108.9,34.227653,192.70837321159098,34.14161181878253,34.313694181217464,0.08604118121746751,0.0,1089.0,342.27653,19270.8373211591,341.41611818782536,343.1369418121746,0.8604118121746183,0.0,1.0,0.879245,0.07510572997499998,0.8775463941826547,0.8809436058173454,0.0016986058173453777,0.81711,0.8146998344858314,0.8195017587268391
T-lidbetter-W-20-HS-random-D-10-C-5-H-3-RUNS-100000.csv,lidbetter,20,random,10,5,3,100000,2.0,154.0,60.35199,369.3799130399001,60.23286779913324,60.47111220086676,0.11912220086676228,0.0,10.0,7.80438,3.8479728156,7.792221722009919,7.816538277990081,0.012158277990081068,0.0,0.3425,0.143431825,0.002121468889669375,0.14314634584337813,0.1437173041566219,0.0002854791566218873,0.0,111.8,37.161554,205.51097990508399,37.07270069503033,37.25040730496968,0.0888533049696747,0.0,1118.0,371.61554,20551.0979905084,370.7270069503033,372.50407304969673,0.8885330496967185,0.0,1.0,0.8779833333333334,0.06336637750000002,0.8764231145159748,0.8795435521506921,0.0015602188173586828,0.77685,0.7742564237230494,0.7794275095665799
T-lidbetter-W-20-HS-random-D-10-C-5-H-4-RUNS-100000.csv,lidbetter,20,random,10,5,4,100000,2.0,150.0,64.14621,352.3752726359,64.02986203708882,64.26255796291117,0.11634796291117766,0.0,10.0,7.95823,3.5019652671,7.946631228612439,7.9698287713875615,0.011598771387561158,0.0,0.335,0.15191665,0.0020335979527775,0.15163714561907923,0.15219615438092074,0.00027950438092075314,0.0,115.4,39.162027,222.99385255127103,39.06947143917511,39.25458256082489,0.09255556082489136,0.0,1154.0,391.62027,22299.3852551271,390.6947143917511,392.5458256082489,0.9255556082488852,0.0,1.0,0.8883225,0.049501260993750004,0.8869435002021988,0.8897014997978012,0.0013789997978012059,0.75851,0.7558448852594604,0.7611601134169035
T-lidbetter-W-20-HS-random-D-10-C-5-H-5-RUNS-100000.csv,lidbetter,20,random,10,5,5,100000,2.0,143.0,68.45993,334.0531743951,68.3466472266072,68.5732127733928,0.1132827733927968,0.0,10.0,8.04819,3.283907723899999,8.03695814355855,8.05942185644145,0.01123185644144975,0.0,0.3375,0.161302475,0.001938434996374375,0.16102958872548126,0.16157536127451874,0.00027288627451874103,0.0,117.6,42.630773,243.905194722471,42.533974952703275,42.72757104729672,0.0967980472967227,0.0,1176.0,426.30773,24390.5194722471,425.3397495270328,427.2757104729672,0.9679804729672128,0.0,1.0,0.901604,0.038744627184,0.9003839944271026,0.9028240055728973,0.0012200055728973647,0.74815,0.7454474485309751,0.7508381518389432
T-lidbetter-W-20-HS-random-D-5-C-5-H-1-RUNS-100000.csv,lidbetter,20,random,5,5,1,100000,1.0,138.0,40.29313,471.1234248030999,40.15859867469903,40.42766132530097,0.13453132530096923,0.0,5.0,3.15441,2.2775875519000004,3.1450560808537924,3.1637639191462075,0.009353919146207534,0.0,0.32,0.09701849999999998,0.00267100453275,0.09669817311987575,0.09733882688012421,0.00032032688012423316,0.0,119.0,29.19337,217.6966660431,29.10192036838395,29.284819631616053,0.09144963161605091,0.0,595.0,145.96685,5442.416651077499,145.50960184191973,146.42409815808026,0.45724815808026165,0.0,1.0,0.77057,0.1767918751,0.7679639231258765,0.7731760768741235,0.0026060768741235085,0.77057,0.7679511447639924,0.7731731533717782
T-lidbetter-W-20-HS-random-D-5-C-5-H-2-RUNS-100000.csv,lidbetter,20,random,5,5,2,100000,2.0,149.0,50.43379,440.9653562359,50.30363576409061,50.563944235909396,0.13015423590939434,0.0,5.0,3.70482,1.6003687676000002,3.6969790965714324,3.712660903428567,0.007840903428567358,0.0,0.335,0.120278,0.0025333137160000003,0.1199660388169758,0.12058996118302419,0.0003119611830241925,0.0,127.6,34.20104,222.28662771839998,34.1086313256754,34.2934486743246,0.0924086743246022,0.0,638.0,171.0052,5557.16569296,170.543156628377,171.467243371623,0.4620433716229968,0.0,1.0,0.75774,0.1353650924,0.7554596085007967,0.7600203914992032,0.002280391499203227,0.66133,0.6583871272865243,0.6642635129710732
T-lidbetter-W-20-HS-random-D-5-C-5-H-3-RUNS-100000.csv,lidbetter,20,random,5,5,3,100000,2.0,156.0,55.61765,433.5190984775,55.488599352240634,55.74670064775936,0.1290506477593638,0.0,5.0,3.90811,1.3263462279,3.900971868823634,3.9152481311763663,0.00713813117636608,0.0,0.3525,0.13186362499999998,0.0025216880893593747,0.1315523804504239,0.13217486954957608,0.00031124454957609515,0.0,126.8,36.825424000000005,238.967810420224,36.72961070548874,36.92123729451127,0.09581329451126663,0.0,634.0,184.12712,5974.1952605056,183.64805352744364,184.60618647255635,0.4790664725563545,0.0,1.0,0.75823,0.11464615598888887,0.7561313702736144,0.7603286297263855,0.002098629726385526,0.60745,0.6044153482404678,0.6104784183604607
T-lidbetter-W-20-HS-random-D-5-C-5-H-4-RUNS-100000.csv,lidbetter,20,random,5,5,4,100000,2.0,152.0,59.93934,430.1534203644,59.81079127850998,60.06788872149002,0.12854872149002006,0.0,5.0,3.98451,1.2301900599,3.9776354831921714,3.991384516807829,0.006874516807828801,0.0,0.3575,0.1414158,0.00250107963536,0.1411058298800336,0.14172577011996643,0.00030997011996641843,0.0,122.2,39.615236,258.091268664304,39.515662739648604,39.7148092603514,0.09957326035139857,0.0,611.0,198.07618,6452.281716607599,197.578313698243,198.574046301757,0.497866301757,0.0,1.0,0.7752725,0.09463192574375,0.7733658327350134,0.7771791672649867,0.0019066672649866723,0.58399,0.5809276604015923,0.5870474672615961
T-lidbetter-W-20-HS-random-D-5-C-5-H-5-RUNS-100000.csv,lidbetter,20,random,5,5,5,100000,2.0,153.0,63.21797,432.03661907910003,63.08914019460334,63.346799805396664,0.12882980539666278,0.0,5.0,4.02374,1.1692564124,4.017037899259281,4.03044210074072,0.00670210074071953,0.0,0.3625,0.14860565,0.0025080175380775,0.14829525025492474,0.14891604974507527,0.00031039974507526824,0.0,133.0,42.07641800000001,286.84867028927596,41.97144381975633,42.18139218024369,0.10497418024367988,0.0,665.0,210.38209,7171.2167572319,209.8572190987816,210.9069609012184,0.5248709012184065,0.0,1.0,0.7993460000000001,0.07841037228400001,0.7976104272237495,0.8010815727762507,0.0017355727762505824,0.57274,0.5696669212216866,0.5758088590971671
T-lidbetter-W-20-HS-weighted-D-1-C-5-H-1-RUNS-100000.csv,lidbetter,20,weighted,1,5,1,100000,1.0,132.0,29.34778,333.7108090716,29.234555292266684,29.461004707733316,0.11322470773331617,0.0,1.0,0.63522,0.23171555160000004,0.6322364476491495,0.6382035523508505,0.0029835523508504602,0.0,0.315,0.06911385,0.0019569059881775,0.06883966666636751,0.0693880333336325,0.0002741833336324939,0.0,131.0,28.07734,339.9788585244,27.96305689613476,28.19162310386524,0.11428310386524032,0.0,131.0,28.07734,339.9788585244,27.96305689613476,28.19162310386524,0.11428310386524032,0.0,1.0,0.36478,0.23171555160000004,0.3617964476491495,0.3677635523508505,0.0029835523508505157,0.36478,0.3617954595220135,0.36777238512127935
T-lidbetter-W-20-HS-weighted-D-1-C-5-H-2-RUNS-100000.csv,lidbetter,20,weighted,1,5,2,100000,2.0,136.0,35.02509,390.7926804919,34.902563710519836,35.14761628948016,0.12252628948016309,0.0,1.0,0.74418,0.19037612759999997,0.7414756536246475,0.7468843463753524,0.00270434637535244,0.0,0.325,0.08227435000000001,0.0023330958320775,0.08197497029212873,0.08257372970787129,0.0002993797078712779,0.0,136.0,33.53673,406.8013509071,33.41171927767408,33.661740722325916,0.1250107223259178,0.0,136.0,33.53673,406.8013509071,33.41171927767408,33.661740722325916,0.1250107223259178,0.0,1.0,0.36802,0.17648127959999999,0.3654162133656704,0.37062378663432965,0.002603786634329641,0.25582,0.25311781523707244,0.25853635384324763
T-lidbetter-W-20-HS-weighted-D-1-C-5-H-3-RUNS-100000.csv,lidbetter,20,weighted,1,5,3,100000,2.0,146.0,38.03212,447.8109283056,37.900959393788426,38.16328060621157,0.13116060621157288,0.0,1.0,0.77889,0.17222036789999998,0.7763178379418771,0.7814621620581228,0.002572162058122829,0.0,0.35,0.089033825,0.0026581236933693746,0.08871427143672073,0.08935337856327927,0.00031955356327927065,0.0,146.0,36.47434,467.57628156440006,36.34031608260994,36.60836391739006,0.13402391739005992,0.0,146.0,36.47434,467.57628156440006,36.34031608260994,36.60836391739006,0.13402391739005992,0.0,1.0,0.38045,0.15618113083333335,0.37800053999377553,0.3828994600062245,0.00244946000622448,0.22111,0.21854100156088702,0.22369518367495408
T-lidbetter-W-20-HS-weighted-D-1-C-5-H-4-RUNS-100000.csv,lidbetter,20,weighted,1,5,4,100000,2.0,140.0,41.27338,516.0544033756,41.132579623721824,41.41418037627818,0.14080037627817887,0.0,1.0,0.79882,0.16070660760000002,0.7963353058462737,0.8013046941537263,0.002484694153726319,0.0,0.325,0.09646255000000001,0.0030443631974975,0.09612056716915164,0.09680453283084837,0.0003419828308483669,0.0,140.0,39.67574,537.3605954524,39.53206242821199,39.81941757178801,0.143677571788011,0.0,140.0,39.67574,537.3605954524,39.53206242821199,39.81941757178801,0.143677571788011,0.0,1.0,0.39658,0.1431343036,0.39423508051159584,0.39892491948840414,0.0023449194884041513,0.20118,0.19869904447600903,0.203678298954678
T-lidbetter-W-20-HS-weighted-D-1-C-5-H-5-RUNS-100000.csv,lidbetter,20,weighted,1,5,5,100000,2.0,148.0,43.34599,575.6669209199,43.19727947436695,43.49470052563305,0.14871052563304943,0.0,1.0,0.80521,0.1568468559,0.802755325109866,0.8076646748901339,0.0024546748901339566,0.0,0.355,0.10113989999999999,0.0033523137529899998,0.10078103723356292,0.10149876276643706,0.00035886276643706805,0.0,147.0,41.73557,597.5082067751,41.5840646361627,41.887075363837305,0.15150536383730184,0.0,147.0,41.73557,597.5082067751,41.5840646361627,41.887075363837305,0.15150536383730184,0.0,1.0,0.42671400000000004,0.13736676220400001,0.424416810078198,0.4290111899218021,0.0022971899218020564,0.19479,0.19233924804784758,0.19725846683236933
T-lidbetter-W-20-HS-weighted-D-10-C-5-H-1-RUNS-100000.csv,lidbetter,20,weighted,10,5,1,100000,1.0,137.0,37.89345,501.4489170975,37.754656406490724,38.03224359350928,0.138793593509277,0.0,10.0,6.34502,6.3119411996000006,6.329448245663258,6.360591754336742,0.01557175433674196,0.0,0.3225,0.09179947499999998,0.002789184827224375,0.09147213828601475,0.09212681171398521,0.00032733671398522957,0.0,119.8,28.125503,214.42432429699102,28.034743290645057,28.21626270935494,0.09075970935494126,0.0,1198.0,281.25503,21442.4324296991,280.3474329064506,282.16262709354936,0.9075970935493842,0.0,1.0,0.90583,0.0853020111,0.9040197618779792,0.9076402381220209,0.0018102381220208574,0.90583,0.904003005723857,0.9076334166995829
T-lidbetter-W-20-HS-weighted-D-10-C-5-H-2-RUNS-100000.csv,lidbetter,20,weighted,10,5,2,100000,2.0,138.0,50.87583,426.04323181109993,50.74789690501182,51.00376309498818,0.12793309498817962,0.0,10.0,7.43103,4.447583139100001,7.41795872026649,7.44410127973351,0.013071279733510188,0.0,0.3275,0.1220058,0.00237527139136,0.1217037264563546,0.12230787354364539,0.0003020735436453925,0.0,125.8,33.599166000000004,200.952212704444,33.5113037202478,33.687028279752205,0.08786227975220129,0.0,1258.0,335.99166,20095.2212704444,335.11303720247804,336.870282797522,0.8786227975219845,0.0,1.0,0.89836,0.056604310399999996,0.896885377611615,0.8998346223883851,0.0014746223883850273,0.82895,0.8266016144971675,0.8312792900565231
T-lidbetter-W-20-HS-weighted-D-10-C-5-H-3-RUNS-100000.csv,lidbetter,20,weighted,10,5,3,100000,2.0,152.0,57.19297,357.2773125791,57.075815549636225,57.31012445036378,0.11715445036377758,0.0,10.0,7.80083,3.7400813110999995,7.788843383978486,7.8128166160215144,0.011986616021514074,0.0,0.3375,0.136413525,0.002033349009574375,0.13613403772738852,0.1366930122726115,0.00027948727261148387,0.0,122.3,35.942792999999995,198.538150659151,35.85546006465644,36.03012593534355,0.08733293534355369,0.0,1223.0,359.42793,19853.8150659151,358.55460064656444,360.30125935343557,0.8733293534355653,0.0,1.0,0.8922733333333333,0.05140385417777779,0.8908680823016334,0.8936785843650331,0.0014052510316998612,0.78544,0.7828823775875784,0.7879810565867718
T-lidbetter-W-20-HS-weighted-D-10-C-5-H-4-RUNS-100000.csv,lidbetter,20,weighted,10,5,4,100000,2.0,155.0,63.39123,349.17006908709993,63.27541239609606,63.50704760390394,0.1158176039039418,0.0,10.0,7.96025,3.4761899374999996,7.9486939923572635,7.971806007642737,0.011556007642736787,0.0,0.3525,0.1503652,0.00201878250396,0.1500867156222117,0.1506436843777883,0.00027848437778829616,0.0,121.9,39.459587,229.12649548943102,39.36576736745584,39.55340663254416,0.09381963254416092,0.0,1219.0,394.59587,22912.6495489431,393.65767367455834,395.53406632544164,0.9381963254416519,0.0,1.0,0.891765,0.046532684775,0.890427988549669,0.8931020114503311,0.0013370114503310493,0.75959,0.7569289084696632,0.762236027477071
T-lidbetter-W-20-HS-weighted-D-10-C-5-H-5-RUNS-100000.csv,lidbetter,20,weighted,10,5,5,100000,2.0,154.0,68.58053,342.81569491909994,68.46577108864226,68.69528891135774,0.11475891135773963,0.0,10.0,8.04298,3.294912719599999,8.031729339262242,8.054230660737758,0.011250660737758267,0.0,0.335,0.1620452,0.00199963165696,0.16176803966782063,0.16232236033217937,0.00027716033217936586,0.0,132.9,42.75088,246.95884322559996,42.65347789057031,42.8482821094297,0.0974021094296944,0.0,1329.0,427.5088,24695.88432256,426.53477890570304,428.482821094297,0.9740210942969725,0.0,1.0,0.9017519999999998,0.038675330496,0.9005330859356235,0.902970914064376,0.001218914064376242,0.74786,0.7451564302445766,0.7505491869667417
T-lidbetter-W-20-HS-weighted-D-5-C-5-H-1-RUNS-100000.csv,lidbetter,20,weighted,5,5,1,100000,1.0,153.0,36.60903,477.1610724591,36.47363938082869,36.7444206191713,0.13539061917130368,0.0,5.0,3.17454,2.0452757883999997,3.1656759538196613,3.1834040461803386,0.008864046180338647,0.0,0.33,0.088294575,0.002677455338069375,0.08797386153868714,0.08861528846131286,0.00032071346131286316,0.0,120.6,28.137732000000003,229.70246589617602,28.043794521165047,28.23166947883496,0.09393747883495607,0.0,603.0,140.68866,5742.5616474044,140.21897260582523,141.15834739417477,0.4696873941747697,0.0,1.0,0.78839,0.1668312079,0.785858402148309,0.790921597851691,0.002531597851690992,0.78839,0.7858451026354913,0.7909181601124993
T-lidbetter-W-20-HS-weighted-D-5-C-5-H-2-RUNS-100000.csv,lidbetter,20,weighted,5,5,2,100000,2.0,149.0,48.01869,434.9546606839,47.889425858627256,48.14795414137274,0.12926414137274378,0.0,5.0,3.71459,1.5103311319000001,3.706972856128241,3.7222071438717586,0.007617143871758714,0.0,0.3325,0.11482465,0.0024731540023775,0.11451641521261328,0.11513288478738672,0.00030823478738671584,0.0,118.4,33.631006,226.18578702796398,33.537790372584496,33.7242216274155,0.09321562741550338,0.0,592.0,168.15503,5654.644675699099,167.6889518629225,168.62110813707753,0.4660781370775169,0.0,1.0,0.779695,0.11774820697499999,0.7775681678206423,0.7818218321793577,0.0021268321793577183,0.67165,0.6687294160923466,0.6745606252648603
T-lidbetter-W-20-HS-weighted-D-5-C-5-H-3-RUNS-100000.csv,lidbetter,20,weighted,5,5,3,100000,2.0,145.0,54.29996,409.4762639984,54.17453894850639,54.42538105149361,0.1254210514936105,0.0,5.0,3.90225,1.3068549375,3.895164512064861,3.909335487935139,0.007085487935138968,0.0,0.3575,0.12905485,0.0023714684414775,0.12875301837202208,0.12935668162797792,0.00030183162797792207,0.0,131.2,36.709508,235.215031997936,36.61445001417433,36.80456598582567,0.09505798582566882,0.0,656.0,183.54754,5880.3757999484005,183.07225007087166,184.02282992912833,0.475289929128337,0.0,1.0,0.77568,0.10244720426666669,0.7736961623556581,0.777663837644342,0.001983837644341957,0.61487,0.6118456197127913,0.6178877163869051
T-lidbetter-W-20-HS-weighted-D-5-C-5-H-4-RUNS-100000.csv,lidbetter,20,weighted,5,5,4,100000,2.0,142.0,59.10911,419.9593050079,58.98209363624641,59.23612636375359,0.12701636375359016,0.0,5.0,3.97757,1.2239868951,3.9707128372804665,3.9844271627195336,0.006857162719533516,0.0,0.335,0.1398108,0.0024437004533599998,0.13950440614135354,0.1401171938586465,0.0003063938586464754,0.0,124.0,39.425468,261.72044018097597,39.32519710477116,39.52573889522884,0.1002708952288387,0.0,620.0,197.12734,6543.0110045244,196.62598552385583,197.62869447614418,0.5013544761441722,0.0,1.0,0.78381,0.08965313389999999,0.7819541673588649,0.7856658326411351,0.0018558326411350912,0.58902,0.5859629907169535,0.5920718451307427
T-lidbetter-W-20-HS-weighted-D-5-C-5-H-5-RUNS-100000.csv,lidbetter,20,weighted,5,5,5,100000,2.0,146.0,63.61821,429.46808639589995,63.48976372326538,63.74665627673461,0.12844627673461417,0.0,5.0,4.02588,1.1731502256000002,4.019166748994217,4.032593251005783,0.006713251005782794,0.0,0.3575,0.1498716,0.00249671501344,0.14956190046180803,0.15018129953819195,0.00030969953819195983,0.0,124.8,42.362117999999995,281.885307754076,42.25805597050469,42.4661800294953,0.10406202949530297,0.0,624.0,211.81059,7047.1326938519005,211.2902798525235,212.33090014747648,0.5203101474764935,0.0,1.0,0.7978719999999998,0.079269071616,0.7961269496697226,0.799617050330277,0.0017450503302771647,0.57118,0.5681055603319672,0.5742503104869624
T-partitioned_horizontal_scan_traversal-W-20-HS-greedy-D-1-C-5-H-1-RUNS-100000.csv,partitioned_horizontal_scan_traversal,20,greedy,1,5,1,100000,1.0,402.0,156.46197,11769.5062737191,155.78955840505893,157.1343815949411,0.6724115949410816,0.0,1.0,0.67058,0.22090246359999993,0.667666893575295,0.673493106424705,0.002913106424704992,0.0,1.0,0.38531665,0.07371736885777751,0.38363381713781775,0.3869994828621822,0.0016828328621822375,0.0,401.0,155.12081,11796.5827549439,154.44762538704904,155.79399461295097,0.673184612950962,0.0,401.0,155.12081,11796.5827549439,154.44762538704904,155.79399461295097,0.673184612950962,0.0,1.0,0.32942,0.22090246359999993,0.326506893575295,0.332333106424705,0.002913106424704992,0.32942,0.32650692828976174,0.33234296825602777
T-partitioned_horizontal_scan_traversal-W-20-HS-greedy-D-1-C-5-H-2-RUNS-100000.csv,partitioned_horizontal_scan_traversal,20,greedy,1,5,2,100000,2.0,402.0,181.00127,12975.341748387098,180.29525248704013,181.70728751295988,0.7060175129598747,0.0,1.0,0.75137,0.18681312310000006,0.7486910798935,0.7540489201064999,0.002678920106499949,0.0,1.0,0.44625892500000003,0.08156819617034439,0.44448874878727995,0.4480291012127201,0.001770176212720076,0.0,401.0,179.49853,13052.7116578391,178.79041068021868,180.2066493197813,0.7081193197813036,0.0,401.0,179.49853,13052.7116578391,178.79041068021868,180.2066493197813,0.7081193197813036,0.0,1.0,0.369105,0.172628998975,0.36652978823693594,0.3716802117630641,0.002575211763064078,0.24863,0.24595344912405598,0.2513211375099983
T-partitioned_horizontal_scan_traversal-W-20-HS-greedy-D-1-C-5-H-3-RUNS-100000.csv,partitioned_horizontal_scan_traversal,20,greedy,1,5,3,100000,2.0,402.0,190.36807,13989.3760144751,189.63498346419942,191.10115653580056,0.7330865358005667,0.0,1.0,0.77726,0.1731268924,0.7746810772213114,0.7798389227786885,0.0025789227786885416,0.0,1.0,0.46954655,0.0880222246330975,0.46770767485972947,0.47138542514027054,0.001838875140270535,0.0,401.0,188.81355,14085.4617863975,188.07795017673584,189.54914982326414,0.7355998232641525,0.0,401.0,188.81355,14085.4617863975,188.07795017673584,189.54914982326414,0.7355998232641525,0.0,1.0,0.3949933333333333,0.15526693328888888,0.3925510527374095,0.39743561392925714,0.002442280595923829,0.22274,0.2201641938015014,0.2253318967297777
T-partitioned_horizontal_scan_traversal-W-20-HS-greedy-D-1-C-5-H-4-RUNS-100000.csv,partitioned_horizontal_scan_traversal,20,greedy,1,5,4,100000,2.0,402.0,195.68599,14818.7771677199,194.93148476895445,196.44049523104556,0.754505231045556,0.0,1.0,0.78552,0.1684783296,0.7829759356317275,0.7880640643682725,0.0025440643682724806,0.0,1.0,0.48279955,0.09328656576979749,0.48090648457307666,0.4846926154269234,0.0018930654269233571,0.0,401.0,194.11495,14927.7327564975,193.35767608550563,194.87222391449436,0.7572739144943625,0.0,401.0,194.11495,14927.7327564975,193.35767608550563,194.87222391449436,0.7572739144943625,0.0,1.0,0.4150775,0.14756129399375,0.4126965937292569,0.4174584062707431,0.0023809062707431106,0.21448,0.2119392905633818,0.21703727991078953
T-partitioned_horizontal_scan_traversal-W-20-HS-greedy-D-1-C-5-H-5-RUNS-100000.csv,partitioned_horizontal_scan_traversal,20,greedy,1,5,5,100000,2.0,402.0,199.0645,15320.25613975,198.29733446384458,199.83166553615544,0.7671655361554315,0.0,1.0,0.78913,0.1664038431,0.7866016467737815,0.7916583532262185,0.0025283532262184716,0.0,1.0,0.491229375,0.09646482057460938,0.4893043314817402,0.49315441851825986,0.001925043518259839,0.0,401.0,197.48624,15436.538350662398,196.71616853755054,198.25631146244947,0.7700714624494651,0.0,401.0,197.48624,15436.538350662398,196.71616853755054,198.25631146244947,0.7700714624494651,0.0,1.0,0.433166,0.14163081644400002,0.43083342857676066,0.43549857142323933,0.002332571423239338,0.21087,0.20834510586316587,0.2134116743923598
T-partitioned_horizontal_scan_traversal-W-20-HS-greedy-D-10-C-5-H-1-RUNS-100000.csv,partitioned_horizontal_scan_traversal,20,greedy,10,5,1,100000,1.0,402.0,101.40937,10006.5812662031,100.78935965660042,102.02938034339957,0.6200103433995707,0.0,10.0,2.52172,6.6417682416,2.5057465793028135,2.537693420697187,0.015973420697186658,0.0,1.0,0.70331265,0.0944491709749775,0.7014078247187275,0.7052174752812724,0.0019048252812724487,0.0,224.0,62.592725,1859.3529261743752,62.32546313962349,62.859986860376516,0.26726186037651445,0.0,2240.0,625.92725,185935.29261743752,623.2546313962348,628.5998686037651,2.6726186037651587,0.0,1.0,0.81531,0.1505796039,0.8129048667264739,0.8177151332735261,0.0024051332735260944,0.81531,0.8128907788125052,0.8177109190724718
T-partitioned_horizontal_scan_traversal-W-20-HS-greedy-D-10-C-5-H-2-RUNS-100000.csv,partitioned_horizontal_scan_traversal,20,greedy,10,5,2,100000,2.0,402.0,129.18205,10662.927787797502,128.54202888011721,129.8220711198828,0.640021119882789,0.0,10.0,3.05003,7.4741869991000005,3.0330851374228818,3.0669748625771183,0.016944862577118247,0.0,1.0,0.8391000750000001,0.03822239582249437,0.837888319431448,0.8403118305685521,0.0012117555685520198,0.0,225.0,76.473219,1642.2664756780391,76.22204314739938,76.72439485260062,0.2511758526006247,0.0,2250.0,764.73219,164226.64756780388,762.2204314739938,767.2439485260061,2.5117585260061333,0.0,1.0,0.851175,0.07256861937500002,0.8495053305471112,0.8528446694528888,0.0016696694528888223,0.74296,0.7402394638853227,0.7456664378811632
T-partitioned_horizontal_scan_traversal-W-20-HS-greedy-D-10-C-5-H-3-RUNS-100000.csv,partitioned_horizontal_scan_traversal,20,greedy,10,5,3,100000,2.0,402.0,140.68878,10723.611842111599,140.0469402438875,141.33061975611253,0.6418397561125175,0.0,10.0,3.24222,7.6884694715999995,3.2250339520767284,3.259406047923272,0.01718604792327172,0.0,1.0,0.8841980500000001,0.0202195580011975,0.8833167132084305,0.8850793867915696,0.0008813367915695425,0.0,223.4,82.02195,1512.4293179975002,81.78090750441014,82.26299249558987,0.24104249558986623,0.0,2234.0,820.2195,151242.93179975,817.8090750441014,822.6299249558987,2.410424955898634,0.0,1.0,0.8776866666666666,0.045499448488888886,0.876364582398116,0.8790087509352172,0.0013220842685506273,0.71338,0.7105662352113088,0.7161813840071009
T-partitioned_horizontal_scan_traversal-W-20-HS-greedy-D-10-C-5-H-4-RUNS-100000.csv,partitioned_horizontal_scan_traversal,20,greedy,10,5,4,100000,2.0,402.0,146.43843,10617.9298491351,145.799760763944,147.07709923605603,0.6386692360560176,0.0,10.0,3.34327,7.764555707099999,3.3259991235878443,3.3605408764121556,0.017270876412155634,0.0,1.0,0.9058644750000001,0.012737519120474374,0.9051649576417222,0.906563992358278,0.0006995173582778902,0.0,224.0,84.814485,1421.730895284775,84.58078173927551,85.0481882607245,0.23370326072449643,0.0,2240.0,848.14485,142173.0895284775,845.807817392755,850.481882607245,2.3370326072449643,0.0,1.0,0.8948625,0.03302173109375,0.8937361950583002,0.8959888049416999,0.0011263049416998516,0.69734,0.6944819102074861,0.7001866401120437
T-partitioned_horizontal_scan_traversal-W-20-HS-greedy-D-10-C-5-H-5-RUNS-100000.csv,partitioned_horizontal_scan_traversal,20,greedy,10,5,5,100000,2.0,402.0,149.55482,10642.9247147676,148.91539948434342,150.1942405156566,0.6394205156565818,0.0,10.0,3.37624,7.793563462400001,3.3589368923608633,3.393543107639137,0.017303107639136783,0.0,1.0,0.9173470000000001,0.009413614716,0.9167456403547546,0.9179483596452457,0.0006013596452455472,0.0,225.5,86.40115399999999,1385.1471092682839,86.17047714517999,86.63183085482,0.230676854820004,0.0,2255.0,864.01154,138514.7109268284,861.7047714518,866.3183085482,2.3067685482000115,0.0,1.0,0.909624,0.024730578624000004,0.9086492949633763,0.9105987050366237,0.0009747050366236687,0.69156,0.6886869555466848,0.6944219302649355
T-partitioned_horizontal_scan_traversal-W-20-HS-greedy-D-5-C-5-H-1-RUNS-100000.csv,partitioned_horizontal_scan_traversal,20,greedy,5,5,1,100000,1.0,402.0,135.8313,10004.94574031,135.21134032747304,136.45125967252696,0.61995967252696,0.0,5.0,1.75623,2.5667461871,1.746300039198283,1.7661599608017169,0.00992996080171693,0.0,1.0,0.6709842000000001,0.07920636485035999,0.6692398400279498,0.6727285599720505,0.0017443599720503578,0.0,247.2,84.60404199999999,2252.872452062236,84.30985439298973,84.89822960701025,0.29418760701025803,0.0,1236.0,423.02021,56321.8113015559,421.54927196494873,424.4911480350513,1.4709380350512902,0.0,1.0,0.67441,0.2195811519,0.6715056189073417,0.6773143810926582,0.002904381092658226,0.67441,0.6714956455520898,0.6773142356278924
T-partitioned_horizontal_scan_traversal-W-20-HS-greedy-D-5-C-5-H-2-RUNS-100000.csv,partitioned_horizontal_scan_traversal,20,greedy,5,5,2,100000,2.0,402.0,167.42386,9032.9379827004,166.8347850085571,168.01293499144288,0.5890749914428852,0.0,5.0,2.06195,2.6345721975,2.05188969555435,2.0720103044456497,0.01006030444564976,0.0,1.0,0.79121375,0.0365124785609375,0.7900294090962071,0.792398090903793,0.0011843409037929353,0.0,248.2,101.67883399999998,1718.631041600444,101.42188472466704,101.93578327533292,0.25694927533294276,0.0,1241.0,508.39417,42965.7760400111,507.10942362333526,509.6789163766647,1.2847463766647138,0.0,1.0,0.728265,0.12175258977500002,0.7261023055026666,0.7304276944973335,0.0021626944973334172,0.57598,0.5729098472651201,0.579045745090112
T-partitioned_horizontal_scan_traversal-W-20-HS-greedy-D-5-C-5-H-3-RUNS-100000.csv,partitioned_horizontal_scan_traversal,20,greedy,5,5,3,100000,2.0,402.0,180.88309,8383.9142820519,180.31557220198897,181.45060779801105,0.5675177980110391,0.0,5.0,2.18339,2.6331581079000004,2.1733323958184325,2.193447604181568,0.010057604181567648,0.0,1.0,0.8335777249999999,0.022527775071324377,0.832647441705976,0.8345080082940238,0.0009302832940238925,0.0,248.2,108.430756,1458.863972468464,108.194020454789,108.667491545211,0.2367355452110047,0.0,1241.0,542.15378,36471.599311711594,540.970102273945,543.3374577260549,1.1836777260549525,0.0,1.0,0.7648,0.08599873777777779,0.7629823841136062,0.7666176158863939,0.0018176158863938419,0.53404,0.5309422650307674,0.5371357603283922
T-partitioned_horizontal_scan_traversal-W-20-HS-greedy-D-5-C-5-H-4-RUNS-100000.csv,partitioned_horizontal_scan_traversal,20,greedy,5,5,4,100000,2.0,402.0,186.83308,7935.232517713601,186.28095692277856,187.38520307722143,0.552123077221438,0.0,5.0,2.22169,2.6016635439,2.211692725036168,2.231687274963832,0.009997274963831959,0.0,1.0,0.8543545250000001,0.017015049174524375,0.8535460386803332,0.855163011319667,0.0008084863196669012,0.0,248.2,111.647342,1316.301105535036,111.42247087408509,111.8722131259149,0.22487112591490188,0.0,1241.0,558.23671,32907.527638375905,557.1123543704256,559.3610656295745,1.1243556295744384,0.0,1.0,0.7934425,0.06636587419375,0.7918457810444456,0.7950392189555545,0.0015967189555544659,0.51613,0.5130272075903871,0.5192318567211752
T-partitioned_horizontal_scan_traversal-W-20-HS-greedy-D-5-C-5-H-5-RUNS-100000.csv,partitioned_horizontal_scan_traversal,20,greedy,5,5,5,100000,2.0,402.0,190.81638,7707.8286236956,190.2722256612248,191.3605343387752,0.5441543387752006,0.0,5.0,2.25009,2.5882449919,2.240118539745412,2.260061460254588,0.00997146025458795,0.0,1.0,0.866621825,0.014110554496169377,0.8658855702468575,0.8673580797531424,0.000736254753142429,0.0,248.2,113.67938,1233.7293044156,113.46167619902621,113.89708380097377,0.21770380097377995,0.0,1241.0,568.3969,30843.23261039,567.3083809951311,569.4854190048688,1.0885190048688855,0.0,1.0,0.8132179999999999,0.055353684476,0.8117597588872788,0.814676241112721,0.0014582411127210815,0.50674,0.5036361485646896,0.5098434604536589
T-partitioned_horizontal_scan_traversal-W-20-HS-random-D-1-C-5-H-1-RUNS-100000.csv,partitioned_horizontal_scan_traversal,20,random,1,5,1,100000,1.0,402.0,143.47499,10838.966974499901,142.82970730590972,144.12027269409026,0.6452826940902696,0.0,1.0,0.56744,0.2454518464,0.5643692870320881,0.570510712967912,0.0030707129679119483,0.0,1.0,0.35336789999999996,0.06793556062459,0.3517524085896377,0.3549833914103622,0.0016154914103622686,0.0,401.0,142.34011,10871.682135187903,141.6938542140256,142.9863657859744,0.6462557859744038,0.0,401.0,142.34011,10871.682135187903,141.6938542140256,142.9863657859744,0.6462557859744038,0.0,1.0,0.43256,0.2454518464,0.4294892870320881,0.4356307129679119,0.0030707129679118927,0.43256,0.4294863365050519,0.4356375757081747
T-partitioned_horizontal_scan_traversal-W-20-HS-random-D-1-C-5-H-2-RUNS-100000.csv,partitioned_horizontal_scan_traversal,20,random,1,5,2,100000,2.0,402.0,175.65423,12404.5662531071,174.96391571130292,176.3445442886971,0.6903142886970954,0.0,1.0,0.69558,0.2117484636,0.6927278904337916,0.6984321095662084,0.002852109566208405,0.0,1.0,0.43317064999999993,0.0780545119785775,0.43143902009376445,0.4349022799062354,0.0017316299062354878,0.0,401.0,174.26307,12490.522244175101,173.57036811424234,174.95577188575766,0.692701885757657,0.0,401.0,174.26307,12490.522244175101,173.57036811424234,174.95577188575766,0.692701885757657,0.0,1.0,0.43336,0.18108911040000003,0.43072244066130705,0.435997559338693,0.002637559338692974,0.30442,0.3015686479238976,0.30728269959831367
T-partitioned_horizontal_scan_traversal-W-20-HS-random-D-1-C-5-H-3-RUNS-100000.csv,partitioned_horizontal_scan_traversal,20,random,1,5,3,100000,2.0,402.0,188.46281,13698.571236903901,187.73738301357275,189.18823698642723,0.7254269864272374,0.0,1.0,0.74933,0.18783455110000002,0.7466437661838445,0.7520162338161556,0.0026862338161555144,0.0,1.0,0.46492449999999996,0.08625787904975,0.46310414764905933,0.4667448523509406,0.001820352350940635,0.0,401.0,186.96415,13803.363444777498,186.23595359099033,187.69234640900964,0.7281964090096551,0.0,401.0,186.96415,13803.363444777498,186.23595359099033,187.69234640900964,0.7281964090096551,0.0,1.0,0.43145666666666666,0.1587262559,0.42898732913472526,0.43392600419860805,0.0024693375319413957,0.25067,0.24798607651044904,0.2533683916482433
T-partitioned_horizontal_scan_traversal-W-20-HS-random-D-1-C-5-H-4-RUNS-100000.csv,partitioned_horizontal_scan_traversal,20,random,1,5,4,100000,2.0,402.0,194.85999,14598.6029071999,194.11111088473308,195.60886911526694,0.7488791152669307,0.0,1.0,0.77151,0.1762823199,0.768907681495036,0.7741123185049641,0.002602318504964063,0.0,1.0,0.48080575,0.09193565089193749,0.4789264416259792,0.48268505837402076,0.0018793083740207828,0.0,401.0,193.31697,14711.755920019099,192.56519422530155,194.06874577469844,0.7517757746984444,0.0,401.0,193.31697,14711.755920019099,192.56519422530155,194.06874577469844,0.7517757746984444,0.0,1.0,0.433085,0.14917738277500003,0.4306910914101235,0.4354789085898765,0.002393908589876481,0.22849,0.22589063212812502,0.23110512434437558
T-partitioned_horizontal_scan_traversal-W-20-HS-random-D-1-C-5-H-5-RUNS-100000.csv,partitioned_horizontal_scan_traversal,20,random,1,5,5,100000,2.0,402.0,199.15319,15338.0406228239,198.3855793118472,199.92080068815278,0.7676106881527858,0.0,1.0,0.78755,0.16731499749999995,0.7850147341472815,0.7900852658527184,0.00253526585271846,0.0,1.0,0.491458425,0.09657765993401937,0.48953225590461263,0.4933845940953873,0.0019261690953873423,0.0,401.0,197.57809,15454.5029419519,196.8075705745356,198.34860942546442,0.7705194254644141,0.0,401.0,197.57809,15454.5029419519,196.8075705745356,198.34860942546442,0.7705194254644141,0.0,1.0,0.43344,0.1421633664,0.431103047308219,0.43577695269178096,0.002336952691780969,0.21245,0.20991814765072714,0.2149985407873217
T-partitioned_horizontal_scan_traversal-W-20-HS-random-D-10-C-5-H-1-RUNS-100000.csv,partitioned_horizontal_scan_traversal,20,random,10,5,1,100000,1.0,402.0,66.1478,5986.882455159999,65.66822510866662,66.62737489133339,0.47957489133338527,0.0,10.0,1.75621,4.9755564359,1.7423846256455193,1.7700353743544808,0.013825374354480724,0.0,1.0,0.605721175,0.09583418246911937,0.6038024342791798,0.6076399157208202,0.0019187407208202112,0.0,224.5,45.633751000000004,1183.697230969999,45.42050721269322,45.84699478730679,0.21324378730678717,0.0,2245.0,456.33751,118369.72309699988,454.2050721269321,458.4699478730679,2.132437873067886,0.0,1.0,0.90842,0.0831931036,0.9066322790296308,0.9102077209703692,0.0017877209703691666,0.90842,0.9066154458294121,0.910200825034071
T-partitioned_horizontal_scan_traversal-W-20-HS-random-D-10-C-5-H-2-RUNS-100000.csv,partitioned_horizontal_scan_traversal,20,random,10,5,2,100000,2.0,401.0,97.71815,8342.758730577501,97.15202685138844,98.28427314861155,0.5661231486115526,0.0,10.0,2.43847,6.439754059099999,2.422741376667541,2.4541986233324593,0.01572862333245917,0.0,1.0,0.78155775,0.048766544539937506,0.7801890222787032,0.7829264777212969,0.001368727721296814,0.0,223.5,62.53139899999999,1358.773279802799,62.302928795559886,62.7598692044401,0.22847020444010724,0.0,2235.0,625.31399,135877.3279802799,623.0292879555989,627.5986920444011,2.284702044401115,0.0,1.0,0.90912,0.04668582560000001,0.9077807902792133,0.9104592097207868,0.001339209720786716,0.83725,0.8349473308426334,0.839533090786625
T-partitioned_horizontal_scan_traversal-W-20-HS-random-D-10-C-5-H-3-RUNS-100000.csv,partitioned_horizontal_scan_traversal,20,random,10,5,3,100000,2.0,402.0,120.21177,9641.906843467099,119.60316216789576,120.82037783210424,0.6086078321042407,0.0,10.0,2.86113,7.139205123099999,2.8445692118542323,2.877690788145768,0.01656078814576789,0.0,1.0,0.857079425,0.025316840679169374,0.8560932344750349,0.8580656155249651,0.0009861905249650693,0.0,229.0,73.284822,1412.155417828316,73.0519070744772,73.51773692552281,0.23291492552280602,0.0,2290.0,732.84822,141215.5417828316,730.519070744772,735.177369255228,2.3291492552280033,0.0,1.0,0.90886,0.034482389288888894,0.9077090545334717,0.9100109454665283,0.0011509454665282748,0.77748,0.7748890059807402,0.7800548907059931
T-partitioned_horizontal_scan_traversal-W-20-HS-random-D-10-C-5-H-4-RUNS-100000.csv,partitioned_horizontal_scan_traversal,20,random,10,5,4,100000,2.0,402.0,136.96432,10318.742946937598,136.33471311546842,137.59392688453156,0.6296068845315688,0.0,10.0,3.16103,7.531079339099999,3.144020768862442,3.1780392311375576,0.017009231137557812,0.0,1.0,0.895984725,0.014455842504174374,0.8952395165421573,0.8967299334578428,0.0007452084578427609,0.0,223.6,80.868027,1405.297466827271,80.63567832346915,81.10037567653085,0.23234867653084734,0.0,2236.0,808.68027,140529.7466827271,806.3567832346914,811.0037567653085,2.3234867653085303,0.0,1.0,0.9088925,0.028563798443749996,0.9078449758327298,0.9099400241672702,0.001047524167270164,0.72985,0.7270862400707997,0.7326004229447937
T-partitioned_horizontal_scan_traversal-W-20-HS-random-D-10-C-5-H-5-RUNS-100000.csv,partitioned_horizontal_scan_traversal,20,random,10,5,5,100000,2.0,402.0,149.93311,10647.7871557279,149.2935434347588,150.5726765652412,0.6395665652412106,0.0,10.0,3.37457,7.7671073151,3.3572962860213305,3.3918437139786692,0.01727371397866939,0.0,1.0,0.9179033999999999,0.00917457664344,0.9173097245530305,0.9184970754469693,0.0005936754469694216,0.0,225.4,86.55777899999998,1383.905729287159,86.3272055355764,86.78835246442357,0.2305734644235855,0.0,2254.0,865.57779,138390.5729287159,863.2720553557642,867.8835246442359,2.3057346442358266,0.0,1.0,0.908512,0.024996345856,0.9075320716238398,0.9094919283761602,0.0009799283761602329,0.68877,0.6858899254918982,0.6916391222568509
T-partitioned_horizontal_scan_traversal-W-20-HS-random-D-5-C-5-H-1-RUNS-100000.csv,partitioned_horizontal_scan_traversal,20,random,5,5,1,100000,1.0,402.0,98.1916,7514.35656944,97.65431839602346,98.72888160397653,0.5372816039765382,0.0,5.0,1.31467,2.1593127911,1.3055621923503569,1.3237778076496431,0.00910780764964314,0.0,1.0,0.578463825,0.08589386135386938,0.5766473177531743,0.5802803322468257,0.0018165072468256938,0.0,248.0,66.421644,1783.451560337264,66.15989397585116,66.68339402414884,0.26175002414883863,0.0,1240.0,332.10822,44586.289008431595,330.7994698792558,333.4169701207442,1.3087501207442074,0.0,1.0,0.81444,0.1511274864,0.8120304951717122,0.8168495048282879,0.002409504828287834,0.81444,0.8120164327617513,0.8168453157139852
T-partitioned_horizontal_scan_traversal-W-20-HS-random-D-5-C-5-H-2-RUNS-100000.csv,partitioned_horizontal_scan_traversal,20,random,5,5,2,100000,2.0,402.0,139.53121,8359.6473459359,138.96451412702976,140.09790587297022,0.5666958729702287,0.0,5.0,1.76105,2.4765728975,1.7512960251983942,1.7708039748016058,0.00975397480160578,0.0,1.0,0.743707525,0.044287725320874376,0.7424031641389165,0.7450118858610836,0.0013043608610835422,0.0,248.0,89.04561199999999,1600.5408803454561,88.79764752984478,89.2935764701552,0.2479644701552104,0.0,1240.0,445.22806,40013.5220086364,443.988237649224,446.46788235077605,1.2398223507760235,0.0,1.0,0.81374,0.09109721239999999,0.8118692807502037,0.8156107192497963,0.0018707192497963154,0.6928,0.6899301192589721,0.6956586945795465
T-partitioned_horizontal_scan_traversal-W-20-HS-random-D-5-C-5-H-3-RUNS-100000.csv,partitioned_horizontal_scan_traversal,20,random,5,5,3,100000,2.0,402.0,163.93448,8305.5392471296,163.36962108335115,164.49933891664887,0.5648589166488591,0.0,5.0,2.0043,2.57800151,1.9943482913020851,2.0142517086979153,0.009951708697915063,0.0,1.0,0.8123331,0.02587732089439,0.8113360527797147,0.8133301472202854,0.0009970472202853742,0.0,248.0,101.146392,1429.6535517823359,100.91203848318135,101.38074551681866,0.23435351681865768,0.0,1240.0,505.73196,35741.3387945584,504.5601924159067,506.9037275840933,1.1717675840932884,0.0,1.0,0.8132666666666667,0.07108844,0.8116141130333343,0.8149192202999991,0.0016525536333323876,0.60863,0.6055969325252579,0.6116567656129868
T-partitioned_horizontal_scan_traversal-W-20-HS-random-D-5-C-5-H-4-RUNS-100000.csv,partitioned_horizontal_scan_traversal,20,random,5,5,4,100000,2.0,402.0,179.35738,8032.0588595356,178.80189861133977,179.91286138866025,0.5554813886602403,0.0,5.0,2.14692,2.5962545136,2.136933122940856,2.156906877059144,0.009986877059144028,0.0,1.0,0.84560035,0.018192739329877503,0.8447643522284141,0.8464363477715859,0.000835997771585939,0.0,248.0,108.34992399999999,1321.339885194224,108.12462288364762,108.57522511635236,0.2253011163523695,0.0,1240.0,541.74962,33033.497129855605,540.6231144182383,542.8761255817618,1.1265055817617622,0.0,1.0,0.8139225,0.06114578899374999,0.8123898628511667,0.8154551371488333,0.001532637148833338,0.55198,0.5488913462569182,0.5550656383930447
T-partitioned_horizontal_scan_traversal-W-20-HS-random-D-5-C-5-H-5-RUNS-100000.csv,partitioned_horizontal_scan_traversal,20,random,5,5,5,100000,2.0,402.0,190.55616,7769.464706054399,190.00983431311738,191.10248568688263,0.546325686882625,0.0,5.0,2.24736,2.6107730304,2.237345238058953,2.257374761941047,0.010014761941047112,0.0,1.0,0.86634595,0.014266159418597501,0.8656056468322202,0.8670862531677799,0.0007403031677798433,0.0,248.2,113.57054,1243.2508513084001,113.35199772787887,113.78908227212112,0.21854227212112676,0.0,1241.0,567.8527,31081.27128271,566.7599886393944,568.9454113606057,1.0927113606056764,0.0,1.0,0.813266,0.054984413244000004,0.8118126310794636,0.8147193689205365,0.0014533689205364908,0.50636,0.5032561287311735,0.5094635023306445
T-partitioned_horizontal_scan_traversal-W-20-HS-weighted-D-1-C-5-H-1-RUNS-100000.csv,partitioned_horizontal_scan_traversal,20,weighted,1,5,1,100000,1.0,402.0,150.37498,11368.0829499996,149.7141348785024,151.0358251214976,0.6608451214976014,0.0,1.0,0.63131,0.23275768389999998,0.6283197459665268,0.6343002540334732,0.002990254033473194,0.0,1.0,0.37029629999999997,0.07121206995630999,0.368642310012291,0.37195028998770896,0.0016539899877089925,0.0,401.0,149.11236,11395.756495230398,148.45071101336072,149.77400898663927,0.6616489866392783,0.0,401.0,149.11236,11395.756495230398,148.45071101336072,149.77400898663927,0.6616489866392783,0.0,1.0,0.36869,0.23275768389999998,0.3656997459665269,0.37168025403347316,0.0029902540334731387,0.36869,0.36569864469769825,0.3716889730732543
T-partitioned_horizontal_scan_traversal-W-20-HS-weighted-D-1-C-5-H-2-RUNS-100000.csv,partitioned_horizontal_scan_traversal,20,weighted,1,5,2,100000,2.0,402.0,180.06788,12823.324912305601,179.36601046096078,180.76974953903922,0.7018695390392224,0.0,1.0,0.73575,0.19442193750000003,0.7330170687621164,0.7384829312378837,0.0027329312378836512,0.0,1.0,0.444004075,0.08063172594589438,0.4422440896637152,0.4457640603362848,0.0017599853362847973,0.0,401.0,178.59638,12902.9422108956,177.8923349531644,179.3004250468356,0.7040450468356028,0.0,401.0,178.59638,12902.9422108956,177.8923349531644,179.3004250468356,0.7040450468356028,0.0,1.0,0.39136,0.17464235040000003,0.38876981457556287,0.3939501854244371,0.002590185424437119,0.26425,0.2615189869129675,0.2669946926485458
T-partitioned_horizontal_scan_traversal-W-20-HS-weighted-D-1-C-5-H-3-RUNS-100000.csv,partitioned_horizontal_scan_traversal,20,weighted,1,5,3,100000,2.0,402.0,189.78479,13844.7123146559,189.0555037267987,190.51407627320128,0.7292862732012964,0.0,1.0,0.76807,0.1781384751,0.7654540168847178,0.7706859831152822,0.0026159831152822166,0.0,1.0,0.468134625,0.08713262418860937,0.4663050657932976,0.46996418420670244,0.0018295592067024136,0.0,401.0,188.24865,13943.1685631775,187.51677517223024,188.98052482776976,0.731874827769758,0.0,401.0,188.24865,13943.1685631775,187.51677517223024,188.98052482776976,0.731874827769758,0.0,1.0,0.40728666666666674,0.15669757115555555,0.404833160218028,0.4097401731153055,0.0024535064486387315,0.23193,0.22931686822886335,0.23455868840458596
T-partitioned_horizontal_scan_traversal-W-20-HS-weighted-D-1-C-5-H-4-RUNS-100000.csv,partitioned_horizontal_scan_traversal,20,weighted,1,5,4,100000,2.0,402.0,196.20131,14721.3535042839,195.44928904535806,196.95333095464196,0.7520209546419494,0.0,1.0,0.77996,0.17162239840000001,0.7773923072502859,0.7825276927497141,0.0025676927497141344,0.0,1.0,0.48411625,0.0926873096109375,0.4822292747256486,0.48600322527435147,0.0018869752743514434,0.0,401.0,194.64139,14831.9500888679,193.88654949061146,195.39623050938854,0.7548405093885435,0.0,401.0,194.64139,14831.9500888679,193.88654949061146,195.39623050938854,0.7548405093885435,0.0,1.0,0.4229725,0.14788238924375,0.42058900469579064,0.4253559953042093,0.0023834953042093376,0.22004,0.21747550174664745,0.2226207456586963
T-partitioned_horizontal_scan_traversal-W-20-HS-weighted-D-1-C-5-H-5-RUNS-100000.csv,partitioned_horizontal_scan_traversal,20,weighted,1,5,5,100000,2.0,402.0,198.20462,15298.2330706556,197.43800606740922,198.9712339325908,0.7666139325907864,0.0,1.0,0.79087,0.16539464310000004,0.7883493253662304,0.7933906746337696,0.002520674633769593,0.0,1.0,0.489069725,0.09632452727592437,0.48714608183147007,0.49099336816852995,0.0019236431685299427,0.0,401.0,196.62288,15413.8858805056,195.8533737687156,197.3923862312844,0.7695062312843959,0.0,401.0,196.62288,15413.8858805056,195.8533737687156,197.3923862312844,0.7695062312843959,0.0,1.0,0.43076,0.1416466224,0.42842729842326144,0.4330927015767385,0.0023327015767385384,0.20913,0.2066128346560717,0.21166404671823696
T-partitioned_horizontal_scan_traversal-W-20-HS-weighted-D-10-C-5-H-1-RUNS-100000.csv,partitioned_horizontal_scan_traversal,20,weighted,10,5,1,100000,1.0,402.0,88.75075,8764.715004437501,88.1704868772613,89.3310131227387,0.5802631227386996,0.0,10.0,2.25305,6.2695356975,2.23753064165775,2.26856935834225,0.015519358342249934,0.0,1.0,0.6706685250000001,0.09580400026182438,0.6687500864489753,0.6725869635510249,0.0019184385510248037,0.0,222.8,56.521882999999995,1659.9041444343109,56.269361956099516,56.774404043900475,0.25252104390047947,0.0,2228.0,565.21883,165990.4144434311,562.6936195609952,567.7440404390048,2.525210439004809,0.0,1.0,0.84948,0.12786372959999998,0.8472636938306467,0.8516963061693533,0.0022163061693533104,0.84948,0.8472486026599336,0.8516911070894172
T-partitioned_horizontal_scan_traversal-W-20-HS-weighted-D-10-C-5-H-2-RUNS-100000.csv,partitioned_horizontal_scan_traversal,20,weighted,10,5,2,100000,2.0,402.0,119.86957,10191.154738015099,119.24386767427666,120.49527232572333,0.6257023257233385,0.0,10.0,2.87518,7.2889399676,2.8584464433608594,2.8919135566391403,0.016733556639140446,0.0,1.0,0.820247225,0.04244464744229937,0.818970293687774,0.8215241563122261,0.0012769313122260595,0.0,222.0,72.260424,1606.670977140224,72.01198512973647,72.50886287026353,0.24843887026352718,0.0,2220.0,722.60424,160667.0977140224,720.1198512973647,725.0886287026353,2.4843887026353286,0.0,1.0,0.868825,0.064840619375,0.8672467360062682,0.8704032639937317,0.0015782639937317322,0.77057,0.7679511447639924,0.7731731533717782
T-partitioned_horizontal_scan_traversal-W-20-HS-weighted-D-10-C-5-H-3-RUNS-100000.csv,partitioned_horizontal_scan_traversal,20,weighted,10,5,3,100000,2.0,402.0,135.69647,10528.920039539102,135.0604833710219,136.33245662897812,0.6359866289781166,0.0,10.0,3.15426,7.5657238524,3.137211690772578,3.1713083092274217,0.017048309227421843,0.0,1.0,0.8762626000000001,0.021988811341240002,0.8753435123129512,0.8771816876870491,0.0009190876870489584,0.0,222.1,79.857341,1505.858543909719,79.6168226808997,80.09785931910031,0.2405183191003033,0.0,2221.0,798.57341,150585.85439097192,796.1682268089969,800.978593191003,2.4051831910030614,0.0,1.0,0.8854333333333333,0.0427544788888889,0.8841517499138886,0.886714916752778,0.0012815834194447318,0.7284,0.7256316488463597,0.7311550983581776
T-partitioned_horizontal_scan_traversal-W-20-HS-weighted-D-10-C-5-H-4-RUNS-100000.csv,partitioned_horizontal_scan_traversal,20,weighted,10,5,4,100000,2.0,402.0,144.1531,10648.15604039,143.5135223562009,144.7926776437991,0.6395776437991003,0.0,10.0,3.28562,7.6901012156,3.2684321284535147,3.3028078715464857,0.01718787154648549,0.0,1.0,0.902621075,0.013483416653344375,0.9019013674662373,0.9033407825337627,0.0007197075337627146,0.0,226.1,83.80895,1435.7857010974997,83.57409441992287,84.04380558007712,0.2348555800771237,0.0,2261.0,838.0895,143578.57010975,835.7409441992288,840.4380558007713,2.348555800771237,0.0,1.0,0.8991175,0.03145334619375,0.8980182676554163,0.9002167323445838,0.001099232344583756,0.70589,0.7030550133168152,0.7087130407017947
T-partitioned_horizontal_scan_traversal-W-20-HS-weighted-D-10-C-5-H-5-RUNS-100000.csv,partitioned_horizontal_scan_traversal,20,weighted,10,5,5,100000,2.0,402.0,149.93077,10644.842917207101,149.2912918647151,150.57024813528488,0.6394781352848895,0.0,10.0,3.39834,7.844245244400001,3.3809807222123482,3.415699277787652,0.017359277787651894,0.0,1.0,0.91763145,0.0092516238458975,0.9170352869504372,0.9182276130495628,0.0005961630495627812,0.0,225.5,86.407998,1378.9671396319961,86.17783631414395,86.63815968585607,0.23016168585606067,0.0,2255.0,864.07998,137896.7139631996,861.7783631414394,866.3815968585606,2.3016168585605783,0.0,1.0,0.90839,0.025123207899999996,0.9074075880931675,0.9093724119068326,0.0009824119068325698,0.68908,0.6862007005913283,0.6919483291642331
T-partitioned_horizontal_scan_traversal-W-20-HS-weighted-D-5-C-5-H-1-RUNS-100000.csv,partitioned_horizontal_scan_traversal,20,weighted,5,5,1,100000,1.0,402.0,122.23939,9475.242202427899,121.63606512528617,122.84271487471383,0.6033248747138344,0.0,5.0,1.59421,2.4787844759,1.5844516710228556,1.6039683289771443,0.009758328977144348,0.0,1.0,0.6378336749999999,0.08334897797349436,0.6360442800358207,0.6396230699641791,0.0017893949641791806,0.0,248.0,77.990492,2155.901042397936,77.70270545680391,78.2782785431961,0.2877865431960913,0.0,1240.0,389.95246,53897.5260599484,388.51352728401946,391.3913927159805,1.4389327159805134,0.0,1.0,0.72514,0.1993119804,0.7223729132577661,0.7279070867422339,0.002767086742233915,0.72514,0.7223614614124219,0.7279054750687488
T-partitioned_horizontal_scan_traversal-W-20-HS-weighted-D-5-C-5-H-2-RUNS-100000.csv,partitioned_horizontal_scan_traversal,20,weighted,5,5,2,100000,2.0,402.0,158.94518,8944.4917347676,158.35899607452708,159.5313639254729,0.5861839254729091,0.0,5.0,1.97797,2.6113646791000003,1.9679541033595436,1.9879858966404564,0.010015896640456434,0.0,1.0,0.776847225,0.03927613732229937,0.7756188797344604,0.7780755702655396,0.0012283452655396099,0.0,248.0,97.758224,1702.896700365824,97.50245363494327,98.01399436505673,0.25577036505673334,0.0,1240.0,488.79112,42572.417509145605,487.5122681747163,490.06997182528363,1.2788518252836525,0.0,1.0,0.75543,0.11210551509999997,0.7533547541186448,0.7575052458813553,0.0020752458813552144,0.61013,0.6070989732401615,0.6131546378702151
T-partitioned_horizontal_scan_traversal-W-20-HS-weighted-D-5-C-5-H-3-RUNS-100000.csv,partitioned_horizontal_scan_traversal,20,weighted,5,5,3,100000,2.0,402.0,175.56411,8390.7239299079,174.99636177191704,176.13185822808296,0.5677482280829622,0.0,5.0,2.13348,2.6317630896000006,2.1234250603756126,2.1435349396243875,0.010054939624387416,0.0,1.0,0.82634985,0.0237290574049775,0.825395085385412,0.8273046146145882,0.0009547646145880995,0.0,248.2,106.05589800000001,1453.0916822135962,105.81963126500773,106.2921647349923,0.23626673499228446,0.0,1241.0,530.27949,36327.2920553399,529.0981563250385,531.4608236749615,1.1813336749614791,0.0,1.0,0.77921,0.08119733145555556,0.7774438525867876,0.7809761474132123,0.001766147413212349,0.55322,0.55013212329176,0.5563047894242908
T-partitioned_horizontal_scan_traversal-W-20-HS-weighted-D-5-C-5-H-4-RUNS-100000.csv,partitioned_horizontal_scan_traversal,20,weighted,5,5,4,100000,2.0,402.0,185.03246,8021.4507063484,184.47734555203897,185.587574447961,0.5551144479610173,0.0,5.0,2.20341,2.6177943718999996,2.19338178038778,2.2134382196122195,0.010028219612219669,0.0,1.0,0.852228775,0.017129634249499377,0.8514175709385403,0.8530399790614598,0.000811204061459736,0.0,248.2,110.74756599999999,1318.284834275644,110.52252549210523,110.97260650789475,0.22504050789476082,0.0,1241.0,553.73783,32957.120856891095,552.6126274605263,554.8630325394738,1.1252025394737757,0.0,1.0,0.7983,0.06494836,0.796720425311117,0.799879574688883,0.0015795746888830342,0.52405,0.5209489518264703,0.527149653050712
T-partitioned_horizontal_scan_traversal-W-20-HS-weighted-D-5-C-5-H-5-RUNS-100000.csv,partitioned_horizontal_scan_traversal,20,weighted,5,5,5,100000,2.0,402.0,190.8072,7684.44666816,190.26387164329105,191.35052835670894,0.5433283567089404,0.0,5.0,2.25562,2.5921784156,2.2456409656772967,2.2655990343227033,0.009979034322703306,0.0,1.0,0.8664076250000001,0.014210518029359373,0.8656687669211948,0.8671464830788055,0.00073885807880536,0.0,248.2,113.64450199999999,1234.816765571996,113.4267022734937,113.86230172650627,0.21779972650628565,0.0,1241.0,568.22251,30870.4191392999,567.1335113674686,569.3115086325315,1.0889986325314567,0.0,1.0,0.8126579999999999,0.055167375036000006,0.8112022150298264,0.8141137849701734,0.0014557849701735126,0.50475,0.5016460645609858,0.507853659895582
T-random_walk-W-20-HS-greedy-D-1-C-5-H-1-RUNS-100000.csv,random_walk,20,greedy,1,5,1,100000,1.0,6438.0,463.70213,259004.03760346305,460.5477839332891,466.8564760667109,3.1543460667109002,0.0,1.0,0.79948,0.16031172959999995,0.796998360339551,0.801961639660449,0.0024816396604490087,0.0,0.9975,0.289754475,0.046328871654974374,0.2884203948174407,0.2910885551825593,0.0013340801825593163,0.0,6437.0,462.90265,259012.0543329775,459.74825511678455,466.05704488321544,3.1543948832154456,0.0,6437.0,462.90265,259012.0543329775,459.74825511678455,466.05704488321544,3.1543948832154456,0.0,1.0,0.20052,0.16031172959999995,0.19803836033955097,0.20300163966044904,0.0024816396604490365,0.20052,0.1980421180070308,0.20301526378666637
T-random_walk-W-20-HS-greedy-D-1-C-5-H-2-RUNS-100000.csv,random_walk,20,greedy,1,5,2,100000,1.0,9234.0,507.81252,297713.66065124964,504.4306613412772,511.1943786587228,3.3818586587228197,0.0,1.0,0.93505,0.060731497499999995,0.9335225638448826,0.9365774361551175,0.001527436155117412,0.0,0.9975,0.310190075,0.049578199558994375,0.30881000394593855,0.31157014605406147,0.0013800710540614602,0.0,9233.0,506.87747,297761.0196963991,503.4953423660014,510.2595976339986,3.382127633998607,0.0,9233.0,506.87747,297761.0196963991,503.4953423660014,510.2595976339986,3.382127633998607,0.0,1.0,0.229715,0.094563518775,0.22780902199979633,0.23162097800020368,0.001905978000203673,0.06495,0.06343022575526061,0.06649506645657652
T-random_walk-W-20-HS-greedy-D-1-C-5-H-3-RUNS-100000.csv,random_walk,20,greedy,1,5,3,100000,1.0,10247.0,521.30785,316752.59793837747,517.819531235552,524.7961687644481,3.4883187644480813,0.0,1.0,0.96764,0.03131283039999999,0.9665432257786369,0.968736774221363,0.001096774221363006,0.0,0.9975,0.315713825,0.05121432401636938,0.31431116699770123,0.3171164830022988,0.0014026580022987734,0.0,10247.0,520.34021,316795.904007156,516.8516527841385,523.8287672158614,3.4885572158614195,0.0,10247.0,520.34021,316795.904007156,516.8516527841385,523.8287672158614,3.4885572158614195,0.0,1.0,0.24846666666666664,0.0722598711111111,0.24680055286244904,0.2501327804708842,0.0016661138042175783,0.03236,0.031271826066170884,0.0334754067872406
T-random_walk-W-20-HS-greedy-D-1-C-5-H-4-RUNS-100000.csv,random_walk,20,greedy,1,5,4,100000,1.0,6832.0,520.49208,310373.6758172736,517.0390646322096,523.9450953677904,3.4530153677903854,0.0,1.0,0.97989,0.019705587899999995,0.9790199368616208,0.9807600631383793,0.000870063138379229,0.0,0.9975,0.31565055000000003,0.0515564365346975,0.3142432149063152,0.3170578850936849,0.0014073350936848472,0.0,6831.0,519.51219,310407.9286514039,516.0589841001047,522.9653958998954,3.4532058998953516,0.0,6831.0,519.51219,310407.9286514039,516.0589841001047,522.9653958998954,3.4532058998953516,0.0,1.0,0.2599525,0.06184782274375,0.2584110896203399,0.2614939103796601,0.001541410379660102,0.02011,0.019248892419923405,0.020999097350210764
T-random_walk-W-20-HS-greedy-D-1-C-5-H-5-RUNS-100000.csv,random_walk,20,greedy,1,5,5,100000,1.0,7458.0,523.43277,315058.0628401271,519.9537944982084,526.9117455017916,3.4789755017916377,0.0,1.0,0.98545,0.014338297500000003,0.9847078274885447,0.9861921725114554,0.0007421725114553634,0.0,1.0,0.316536325,0.05200426651799438,0.3151228909185674,0.31794975908143264,0.0014134340814326296,0.0,7458.0,522.44732,315089.8023648176,518.9681692634485,525.9264707365514,3.4791507365514462,0.0,7458.0,522.44732,315089.8023648176,518.9681692634485,525.9264707365514,3.4791507365514462,0.0,1.0,0.26908200000000004,0.056877677276,0.2676038211034402,0.27056017889655987,0.001478178896559823,0.01455,0.013816946457196744,0.015311404273931403
T-random_walk-W-20-HS-greedy-D-10-C-5-H-1-RUNS-100000.csv,random_walk,20,greedy,10,5,1,100000,1.0,9230.0,509.50814,348064.0859137404,505.85147076086145,513.1648092391385,3.656669239138523,0.0,10.0,4.53431,13.653782823899999,4.51140751714414,4.557212482855859,0.022902482855859496,0.0,1.0,0.60993595,0.0922384297725975,0.6080535495330047,0.6118183504669953,0.001882400466995282,0.0,2126.2,255.017515,42134.461599724775,253.7452581561139,256.2897718438861,1.2722568438861117,0.0,21262.0,2550.17515,4213446.159972478,2537.452581561139,2562.897718438861,12.72256843886089,0.0,1.0,0.793,0.164151,0.790488820035123,0.7955111799648771,0.0025111799648770416,0.793,0.7904753856119606,0.795507609225279
T-random_walk-W-20-HS-greedy-D-10-C-5-H-2-RUNS-100000.csv,random_walk,20,greedy,10,5,2,100000,1.0,8406.0,702.04049,394999.0914705598,698.1450715246712,705.9359084753288,3.8954184753288246,0.0,10.0,6.18319,11.439631423900002,6.162226582321087,6.204153417678913,0.020963417678912855,0.0,1.0,0.745912475,0.05124933357687437,0.7445093376586506,0.7473156123413495,0.0014031373413494475,0.0,1998.5,325.002492,40642.20031378994,323.7529677836462,326.2520162163538,1.249524216353791,0.0,19985.0,3250.02492,4064220.0313789933,3237.529677836462,3262.520162163538,12.495242163538023,0.0,1.0,0.823645,0.07609641397500001,0.821935228132392,0.825354771867608,0.001709771867608012,0.68533,0.6824414248011003,0.6882078226067087
T-random_walk-W-20-HS-greedy-D-10-C-5-H-3-RUNS-100000.csv,random_walk,20,greedy,10,5,3,100000,1.0,8750.0,797.98853,394028.27007843903,794.0979015130671,801.8791584869329,3.890628486932883,0.0,10.0,6.87308,9.8389713136,6.8536384485705675,6.892521551429432,0.01944155142943238,0.0,1.0,0.8001566,0.03438832385144001,0.7990072254530933,0.8013059745469067,0.0011493745469066674,0.0,2123.7,357.594455,38768.37590455297,356.37407558000416,358.8148344199958,1.2203794199958224,0.0,21237.0,3575.94455,3876837.590455298,3563.7407558000423,3588.148344199958,12.203794199957883,0.0,1.0,0.8446366666666666,0.04940112354444443,0.8432590623831064,0.8460142709502267,0.001377604283560152,0.62537,0.6223614218400679,0.6283713050428081
T-random_walk-W-20-HS-greedy-D-10-C-5-H-4-RUNS-100000.csv,random_walk,20,greedy,10,5,4,100000,3.0,8418.0,855.29616,389555.4680692545,851.4276767233981,859.1646432766019,3.8684832766018644,0.0,10.0,7.24959,8.878614831899998,7.2311216252100445,7.268058374789956,0.018468374789955888,0.005,1.0,0.8270689999999999,0.026725454739000003,0.8260557453087928,0.8280822546912071,0.001013254691207166,0.2,2392.7,375.35943399999996,37714.08760619964,374.1557627868027,376.5631052131972,1.2036712131972536,2.0,23927.0,3753.59434,3771408.7606199645,3741.5576278680273,3765.631052131973,12.036712131972763,0.0,1.0,0.85843,0.0373629351,0.8572319455292844,0.8596280544707157,0.001198054470715637,0.58491,0.5818486108153725,0.5879664634740552
T-random_walk-W-20-HS-greedy-D-10-C-5-H-5-RUNS-100000.csv,random_walk,20,greedy,10,5,5,100000,1.0,7765.0,900.33351,392054.4894210799,896.4526382853462,904.2143817146539,3.8808717146538356,0.0,10.0,7.50069,8.2081195239,7.48293266011954,7.518447339880459,0.017757339880459355,0.0,1.0,0.8422180749999999,0.023629332455794374,0.8412653187690459,0.8431708312309539,0.0009527562309540327,0.0,1953.4,388.205862,37319.479704436955,387.0085044375628,389.40321956243724,1.1973575624372188,0.0,19534.0,3882.05862,3731947.9704436962,3870.0850443756276,3894.032195624372,11.973575624372188,0.0,1.0,0.866424,0.032097452224,0.8653135695768589,0.867534430423141,0.0011104304231410733,0.55416,0.551072725252893,0.557244132932525
T-random_walk-W-20-HS-greedy-D-5-C-5-H-1-RUNS-100000.csv,random_walk,20,greedy,5,5,1,100000,1.0,7805.0,634.19218,385941.6626268476,630.3416819917584,638.0426780082416,3.8504980082416296,0.0,5.0,2.94079,3.984084175900001,2.928418557978094,2.9531614420219054,0.012371442021905654,0.0,1.0,0.5703956750000001,0.07825892987879438,0.5686617790832208,0.5721295709167794,0.0017338959167793044,0.0,3367.6,332.81580399999996,68932.66209423359,331.1885003568491,334.4431076431508,1.6273036431508672,0.0,16838.0,1664.07902,1723316.5523558392,1655.9425017842457,1672.2155382157541,8.136518215754222,0.0,1.0,0.59972,0.24005592159999992,0.5966832273242494,0.6027567726757507,0.003036772675750643,0.59972,0.5966754267468863,0.6027587883288846
T-random_walk-W-20-HS-greedy-D-5-C-5-H-2-RUNS-100000.csv,random_walk,20,greedy,5,5,2,100000,1.0,7756.0,814.0136,389101.79433504,810.1473699847041,817.8798300152959,3.866230015295855,0.0,5.0,3.7996,2.64183984,3.7895258291014375,3.809674170898562,0.010074170898562329,0.0,1.0,0.6730219000000001,0.05265096012039001,0.671599704765869,0.6744440952341311,0.0014221952341310073,0.0,2701.2,406.542808,66537.32575787514,404.94402786930203,408.1415881306979,1.5987801306979463,0.0,13506.0,2032.71404,1663433.1439468786,2024.7201393465105,2040.7079406534897,7.993900653489618,0.0,1.0,0.646405,0.121553075975,0.6442440782136654,0.6485659217863347,0.0021609217863346464,0.43238,0.42930649379284014,0.43545742886266386
T-random_walk-W-20-HS-greedy-D-5-C-5-H-3-RUNS-100000.csv,random_walk,20,greedy,5,5,3,100000,1.0,9982.0,903.36088,395565.2803856256,899.4626706917029,907.259089308297,3.898209308297055,0.0,5.0,4.13244,1.9374796463999997,4.123812705053372,4.141067294946628,0.008627294946627728,0.0,1.0,0.7105764749999999,0.04464893623907437,0.7092668057537548,0.711886144246245,0.0013096692462450932,0.0,2838.6,439.666012,66939.82672561586,438.06240344942063,441.2696205505794,1.6036085505793949,0.0,14193.0,2198.33006,1673495.668140396,2190.312017247103,2206.3481027528965,8.01804275289669,0.0,1.0,0.6778733333333334,0.08360774395555556,0.6760811628359207,0.6796655038307462,0.0017921704974127595,0.34847,0.3455161945379443,0.3514325965116597
T-random_walk-W-20-HS-greedy-D-5-C-5-H-4-RUNS-100000.csv,random_walk,20,greedy,5,5,4,100000,1.0,7535.0,949.07315,399335.68011907744,945.1564065200853,952.9898934799148,3.9167434799147713,0.0,5.0,4.30711,1.5792134479000004,4.299321093541804,4.314898906458196,0.0077889064581961875,0.0,1.0,0.7256298000000001,0.04276301272696,0.7243480886842512,0.726911511315749,0.0012817113157489457,0.0,2723.4,454.307114,67229.04791899101,452.7000448960546,455.91418310394545,1.6070691039454346,0.0,13617.0,2271.53557,1680726.1979747755,2263.5002244802727,2279.5709155197274,8.035345519727343,0.0,1.0,0.694205,0.067460667975,0.6925951649087786,0.6958148350912213,0.0016098350912213677,0.29343,0.29060888722094885,0.29626309823382124
T-random_walk-W-20-HS-greedy-D-5-C-5-H-5-RUNS-100000.csv,random_walk,20,greedy,5,5,5,100000,1.0,8192.0,978.24044,401311.4122286064,974.3140193383574,982.1668606616427,3.9264206616426236,0.0,5.0,4.4092,1.35471536,4.401985934206721,4.41641406579328,0.007214065793279545,0.0,1.0,0.734314275,0.04216916884372438,0.7330414942685696,0.7355870557314305,0.0012727807314304451,0.0,3555.0,464.76763200000005,68477.71082991258,463.14570729791245,466.38955670208765,1.6219247020875969,0.0,17775.0,2323.83816,1711942.7707478143,2315.728536489562,2331.9477835104376,8.109623510437814,0.0,1.0,0.70732,0.0590232176,0.7058141992404964,0.7088258007595035,0.0015058007595035727,0.25928,0.25656582497180935,0.2620081431850304
T-random_walk-W-20-HS-random-D-1-C-5-H-1-RUNS-100000.csv,random_walk,20,random,1,5,1,100000,1.0,6492.0,415.4717,213054.04139911,412.6108113173721,418.3325886826279,2.8608886826278876,0.0,1.0,0.72763,0.19818458309999995,0.7248707502932192,0.7303892497067808,0.002759249706780764,0.0,0.995,0.26868132499999997,0.04176596465874438,0.2674146437858303,0.26994800621416964,0.0012666812141696737,0.0,6491.0,414.74407,213053.84026983514,411.88318266775394,417.6049573322461,2.8608873322460795,0.0,6491.0,414.74407,213053.84026983514,411.88318266775394,417.6049573322461,2.8608873322460795,0.0,1.0,0.27237,0.19818458309999995,0.26961075029321924,0.27512924970678077,0.002759249706780764,0.27237,0.2696124338979438,0.27514077419026595
T-random_walk-W-20-HS-random-D-1-C-5-H-2-RUNS-100000.csv,random_walk,20,random,1,5,2,100000,1.0,7188.0,489.47696,268430.6947491584,486.2657244792878,492.6881955207122,3.2112355207121936,0.0,1.0,0.904,0.08678399999999997,0.9021741045637826,0.9058258954362175,0.0018258954362174729,0.0,1.0,0.3038762,0.04731660844856,0.302527973449987,0.305224426550013,0.0013482265500129875,0.0,7187.0,488.57296,268486.69071683846,485.3613895569647,491.78453044303535,3.2115704430353276,0.0,7187.0,488.57296,268486.69071683846,485.3613895569647,491.78453044303535,3.2115704430353276,0.0,1.0,0.26977,0.11010914709999998,0.2677133150472195,0.2718266849527805,0.0020566849527804965,0.096,0.09418087333499417,0.09784259719087464
T-random_walk-W-20-HS-random-D-1-C-5-H-3-RUNS-100000.csv,random_walk,20,random,1,5,3,100000,1.0,8650.0,515.2276,302018.53355824,511.8213786353243,518.6338213646758,3.40622136467573,0.0,1.0,0.95597,0.04209135909999999,0.954698394066078,0.9572416059339219,0.0012716059339219488,0.0,0.9925,0.313996975,0.05051143025334937,0.31260397568032583,0.3153899743196742,0.0013929993196741819,0.0,8650.0,514.27163,302070.9390671431,510.8651131285896,517.6781468714103,3.406516871410304,0.0,8650.0,514.27163,302070.9390671431,510.8651131285896,517.6781468714103,3.406516871410304,0.0,1.0,0.27114666666666665,0.0806039296,0.26938698471826983,0.27290634861506347,0.0017596819483968185,0.04403,0.04276665790423611,0.04531987349801813
T-random_walk-W-20-HS-random-D-1-C-5-H-4-RUNS-100000.csv,random_walk,20,random,1,5,4,100000,1.0,7704.0,522.54805,313390.4570111975,519.0782938419188,526.0178061580812,3.469756158081168,0.0,1.0,0.97547,0.023928279099999998,0.9745112358111059,0.976428764188894,0.0009587641888940679,0.0,0.9975,0.31630715,0.0515654118588775,0.3148996924120171,0.31771460758798287,0.0014074575879828854,0.0,7704.0,521.57258,313432.79479214357,518.102589474835,525.042570525165,3.4699905251650307,0.0,7704.0,521.57258,313432.79479214357,518.102589474835,525.042570525165,3.4699905251650307,0.0,1.0,0.2709675,0.06628098894375,0.2693718025126099,0.27256319748739005,0.0015956974873900798,0.02453,0.02358006272558194,0.025507649945075272
T-random_walk-W-20-HS-random-D-1-C-5-H-5-RUNS-100000.csv,random_walk,20,random,1,5,5,100000,1.0,8058.0,528.07956,325451.5753502064,524.5436658105971,531.615454189403,3.5358941894029385,0.0,1.0,0.98495,0.014823497499999998,0.9841953746095181,0.9857046253904819,0.0007546253904818778,0.0,0.9975,0.31755735,0.0523995690859775,0.3161385540858507,0.31897614591414936,0.00141879591414934,0.0,8057.0,527.09461,325484.1459989479,523.5585388818386,530.6306811181614,3.5360711181614306,0.0,8057.0,527.09461,325484.1459989479,523.5585388818386,530.6306811181614,3.5360711181614306,0.0,1.0,0.270654,0.057368412284000005,0.26916945800790204,0.27213854199209797,0.0014845419920979652,0.01505,0.01430447876897176,0.01582383865150347
T-random_walk-W-20-HS-random-D-10-C-5-H-1-RUNS-100000.csv,random_walk,20,random,10,5,1,100000,1.0,7539.0,375.24534,218268.6595282844,372.349652029165,378.141027970835,2.895687970835013,0.0,10.0,3.78111,12.3853371679,3.759297271774442,3.8029227282255578,0.021812728225557798,0.0,1.0,0.540658125,0.08771898693398437,0.5388224200667234,0.5424938299332766,0.0018357049332765607,0.0,2040.2,204.481597,29980.08445822959,203.40841718070251,205.55477681929747,1.0731798192974793,0.0,20402.0,2044.81597,2998008.445822959,2034.0841718070253,2055.5477681929747,10.731798192974566,0.0,1.0,0.86653,0.11565575909999996,0.8644221499954727,0.8686378500045273,0.0021078500045272897,0.86653,0.8644065567900941,0.8686321598026356
T-random_walk-W-20-HS-random-D-10-C-5-H-2-RUNS-100000.csv,random_walk,20,random,10,5,2,100000,1.0,6999.0,581.92896,304336.6861733184,578.5096913448583,585.3482286551416,3.41926865514165,0.0,10.0,5.53409,11.7013378719,5.512888146409172,5.555291853590828,0.021201853590827824,0.0,1.0,0.7062991750000001,0.053662826456819364,0.704863378656097,0.7077349713439031,0.0014357963439030064,0.0,2194.7,287.795702,33464.53204152719,286.6618706796938,288.92953332030623,1.1338313203062285,0.0,21947.0,2877.95702,3346453.2041527196,2866.6187067969377,2889.295333203062,11.338313203062171,0.0,1.0,0.866065,0.063823915775,0.8644991585174697,0.8676308414825302,0.0015658414825302502,0.76172,0.7590669111128313,0.7643579011139785
T-random_walk-W-20-HS-random-D-10-C-5-H-3-RUNS-100000.csv,random_walk,20,random,10,5,3,100000,1.0,8588.0,717.62986,345368.98437638045,713.9873752843419,721.2723447156582,3.6424847156581563,0.0,10.0,6.47189,10.3762098279,6.451924718215147,6.491855281784853,0.01996528178485324,0.0,1.0,0.77889495,0.0363048007394975,0.7777139820812111,0.7800759179187888,0.0011809679187888555,0.0,2144.0,334.172956,35109.282643822065,333.01159550383824,335.33431649616176,1.1613604961617625,0.0,21440.0,3341.72956,3510928.264382207,3330.1159550383827,3353.3431649616177,11.613604961617511,0.0,1.0,0.86638,0.04589680671111111,0.8650521552324861,0.867707844767514,0.0013278447675139082,0.67809,0.675184130068372,0.6809855375377027
T-random_walk-W-20-HS-random-D-10-C-5-H-4-RUNS-100000.csv,random_walk,20,random,10,5,4,100000,3.0,8297.0,817.50117,366938.33161863114,813.7466656455664,821.2556743544336,3.7545043544336067,0.0,10.0,7.08843,9.1976901351,7.0696327006133854,7.107227299386614,0.01879729938661434,0.005,1.0,0.81764565,0.028002479036077502,0.8166084695746882,0.8186828304253118,0.0010371804253117567,0.2,2116.0,364.057157,35757.896118977354,362.88511803422,365.22919596578004,1.1720389657800183,2.0,21160.0,3640.57157,3575789.6118977354,3628.8511803422,3652.2919596578,11.720389657799842,0.0,1.0,0.86585,0.037211277499999994,0.8646543794764057,0.8670456205235944,0.001195620523594343,0.60805,0.605016151491558,0.6110775802975287
T-random_walk-W-20-HS-random-D-10-C-5-H-5-RUNS-100000.csv,random_walk,20,random,10,5,5,100000,1.0,8762.0,900.83209,394797.751116232,896.9376644445578,904.7265155554422,3.89442555544224,0.0,10.0,7.51209,8.1710538319,7.494372799205115,7.529807200794885,0.017717200794884924,0.0,1.0,0.84276315,0.0236231026270775,0.8418105193735126,0.8437157806264874,0.0009526306264874274,0.0,2534.5,388.09672,37436.672227641604,386.8974839096921,389.2959560903079,1.1992360903079202,0.0,25345.0,3880.9672,3743667.22276416,3868.9748390969207,3892.9595609030794,11.992360903079316,0.0,1.0,0.86613,0.032070423099999995,0.8650200372196286,0.8672399627803713,0.001109962780371343,0.55351,0.5504223078144348,0.5565945880783426
T-random_walk-W-20-HS-random-D-5-C-5-H-1-RUNS-100000.csv,random_walk,20,random,5,5,1,100000,1.0,13006.0,493.10819,275957.6177449239,489.8522434643073,496.36413653569264,3.255946535692658,0.0,5.0,2.48403,3.993144959100001,2.471644498122854,2.4964155018771463,0.012385501877146154,0.0,1.0,0.50514415,0.0761624670957775,0.5034336362362578,0.5068546637637422,0.0017105137637422052,0.0,4047.8,272.94922799999995,51859.25942700401,271.5377658821421,274.3606901178578,1.411462117857866,0.0,20239.0,1364.74614,1296481.4856751005,1357.6888294107107,1371.8034505892892,7.057310589289273,0.0,1.0,0.70617,0.20749393110000006,0.7033466886715883,0.7089933113284116,0.0028233113284116262,0.70617,0.7033357899950801,0.7089922477693992
T-random_walk-W-20-HS-random-D-5-C-5-H-2-RUNS-100000.csv,random_walk,20,random,5,5,2,100000,1.0,8737.0,718.3807,336449.96022751,714.7855558204017,721.9758441795984,3.5951441795983783,0.0,5.0,3.48385,3.0427791774999995,3.4730383671500165,3.4946616328499833,0.010811632849983432,0.0,1.0,0.640355,0.05351300485,0.6389212093617554,0.6417887906382446,0.0014337906382445587,0.0,2896.4,369.96237400000007,57834.63106468412,368.47181196271987,371.45293603728027,1.490562037280199,0.0,14482.0,1849.81187,1445865.7766171033,1842.359059813599,1857.264680186401,7.452810186400939,0.0,1.0,0.70653,0.1152353591,0.7044259844213538,0.7086340155786461,0.0021040155786461456,0.52231,0.519208501801649,0.5254102040116905
T-random_walk-W-20-HS-random-D-5-C-5-H-3-RUNS-100000.csv,random_walk,20,random,5,5,3,100000,1.0,7589.0,848.36214,367395.58709462034,844.6052970602663,852.1189829397337,3.7568429397337013,0.0,5.0,3.9601,2.25642799,3.9507896327857686,3.969410367214232,0.009310367214231619,0.0,1.0,0.695495325,0.04474707121564438,0.6941842172668903,0.6968064327331097,0.0013111077331097176,0.0,2494.4,419.60907,62022.868678135106,418.06547985908196,421.152660140918,1.5435901409180133,0.0,12472.0,2098.04535,1550571.7169533775,2090.32739929541,2105.7633007045897,7.717950704589839,0.0,1.0,0.7086233333333333,0.08345408256666666,0.7068328104946403,0.7104138561720262,0.001790522838692965,0.40276,0.39971805185449283,0.4058075891882914
T-random_walk-W-20-HS-random-D-5-C-5-H-4-RUNS-100000.csv,random_walk,20,random,5,5,4,100000,1.0,9034.0,926.86503,391024.66901309916,922.9892586335741,930.740801366426,3.8757713664259654,0.0,5.0,4.23542,1.7266974235999997,4.227275504421696,4.243564495578305,0.008144495578304323,0.0,1.0,0.720032525,0.04251561675462437,0.718754526591063,0.7213105234089371,0.0012779984089370533,0.0,2927.2,446.71846,65680.82490642839,445.13000333719634,448.30691666280364,1.588456662803651,0.0,14636.0,2233.5923,1642020.6226607098,2225.6500166859814,2241.534583314018,7.942283314018368,0.0,1.0,0.7064925,0.06859272244374999,0.7048692138190081,0.7081157861809918,0.0016232861809918342,0.31807,0.3151837581302499,0.32096679712875104
T-random_walk-W-20-HS-random-D-5-C-5-H-5-RUNS-100000.csv,random_walk,20,random,5,5,5,100000,1.0,7582.0,979.00347,405468.524977959,975.0567651902184,982.9501748097816,3.946704809781636,0.0,5.0,4.40687,1.3566468031000003,4.399650793423936,4.4140892065760635,0.007219206576063897,0.0,1.0,0.7339651250000001,0.042422491346234374,0.7326885270102018,0.7352417229897984,0.0012765979897982893,0.0,2911.6,464.999954,69254.83205159788,463.36885203258834,466.63105596741167,1.6311019674116665,0.0,14558.0,2324.99977,1731370.801289947,2316.8442601629417,2333.155279837058,8.155509837058162,0.0,1.0,0.7068439999999999,0.05933955966399999,0.7053341693723956,0.7083538306276043,0.0015098306276043472,0.26036,0.25764212761500327,0.26309177782756493
T-random_walk-W-20-HS-weighted-D-1-C-5-H-1-RUNS-100000.csv,random_walk,20,weighted,1,5,1,100000,1.0,8844.0,446.63641,245371.0301523119,443.56620259750565,449.7066174024944,3.0702074024943613,0.0,1.0,0.77239,0.1758036879,0.7697912167319366,0.7749887832680634,0.002598783268063398,0.0,0.9975,0.282800625,0.04478157631210938,0.28148901185748965,0.2841122381425104,0.0013116131425103816,0.0,8843.0,445.86402,245375.07508943958,442.7937872914523,448.93425270854766,3.070232708547678,0.0,8843.0,445.86402,245375.07508943958,442.7937872914523,448.93425270854766,3.070232708547678,0.0,1.0,0.22761,0.1758036879,0.22501121673193658,0.23020878326806343,0.002598783268063426,0.22761,0.22501419276338588,0.23022161483245038
T-random_walk-W-20-HS-weighted-D-1-C-5-H-2-RUNS-100000.csv,random_walk,20,weighted,1,5,2,100000,1.0,9179.0,496.38266,280799.9140713244,493.0982712442398,499.66704875576016,3.284388755760176,0.0,1.0,0.92592,0.0685921536,0.9242967205500291,0.9275432794499708,0.0016232794499708714,0.0,0.9975,0.306576725,0.04865759812577437,0.3052095270298436,0.3079439229701564,0.0013671979701563863,0.0,9178.0,495.45674,280847.9225485724,492.1720704895887,498.74140951041136,3.2846695104113337,0.0,9178.0,495.45674,280847.9225485724,492.1720704895887,498.74140951041136,3.2846695104113337,0.0,1.0,0.24265,0.09948597749999999,0.24069504391055963,0.24460495608944038,0.0019549560894403795,0.07408,0.07246411986931986,0.07572063525544327
T-random_walk-W-20-HS-weighted-D-1-C-5-H-3-RUNS-100000.csv,random_walk,20,weighted,1,5,3,100000,1.0,7174.0,516.6649,304595.16546799004,513.2441796260703,520.0856203739297,3.4207203739297256,0.0,1.0,0.96376,0.03492666239999999,0.9626016638386209,0.964918336161379,0.0011583361613790588,0.0,0.9925,0.31408294999999997,0.05101340939429749,0.31268304602640346,0.3154828539735965,0.0013999039735965169,0.0,7173.0,515.70114,304641.1211427004,512.2801615858883,519.1221184141117,3.420978414111687,0.0,7173.0,515.70114,304641.1211427004,512.2801615858883,519.1221184141117,3.420978414111687,0.0,1.0,0.25372666666666666,0.0750005564,0.2520292505790021,0.2554240827543312,0.0016974160876645494,0.03624,0.035090152152031664,0.03741684616125254
T-random_walk-W-20-HS-weighted-D-1-C-5-H-4-RUNS-100000.csv,random_walk,20,weighted,1,5,4,100000,1.0,8680.0,521.63188,309508.91008766566,518.1836783977257,525.0800816022744,3.4482016022743665,0.0,1.0,0.97802,0.021496879599999998,0.9771112513401861,0.9789287486598139,0.0009087486598139405,0.0,0.9975,0.3161373,0.05130045217371,0.31473346305408884,0.3175411369459112,0.0014038369459111744,0.0,8680.0,520.65386,309545.8495471004,517.2054526348238,524.1022673651762,3.4484073651761946,0.0,8680.0,520.65386,309545.8495471004,517.2054526348238,524.1022673651762,3.4484073651761946,0.0,1.0,0.2632275,0.06356190824375,0.2616648758394637,0.2647901241605363,0.001562624160536319,0.02198,0.021080152379916412,0.022907719394256804
T-random_walk-W-20-HS-weighted-D-1-C-5-H-5-RUNS-100000.csv,random_walk,20,weighted,1,5,5,100000,1.0,8351.0,526.2676,322621.89151024,522.7471110305162,529.7880889694839,3.5204889694838357,0.0,1.0,0.98503,0.014745899100000001,0.9842773523667574,0.9857826476332425,0.0007526476332425647,0.0,0.9975,0.3172777,0.05235479295771,0.31585951040538884,0.31869588959461115,0.0014181895946111522,0.0,8350.0,525.28257,322655.06074419507,521.7619000618279,528.803239938172,3.520669938172091,0.0,8350.0,525.28257,322655.06074419507,521.7619000618279,528.803239938172,3.520669938172091,0.0,1.0,0.27051,0.05709913989999999,0.2690289461325129,0.27199105386748706,0.0014810538674870921,0.01497,0.014226458893705118,0.015741863841997633
T-random_walk-W-20-HS-weighted-D-10-C-5-H-1-RUNS-100000.csv,random_walk,20,weighted,10,5,1,100000,1.0,7437.0,463.85104,313627.60629091837,460.37997127073635,467.3221087292637,3.4710687292636635,0.0,10.0,4.2608,13.299883359999999,4.238196276431575,4.283403723568425,0.022603723568424883,0.0,1.0,0.584775075,0.09156040497124437,0.5828996058540594,0.5866505441459406,0.0018754691459406114,0.0,2142.4,237.896649,39311.1954728708,236.66775564202064,239.12554235797936,1.2288933579793593,0.0,21424.0,2378.96649,3931119.54728708,2366.677556420206,2391.2554235797934,12.288933579793593,0.0,1.0,0.81964,0.14783027040000002,0.8172569247456939,0.8220230752543062,0.002383075254306144,0.81964,0.8172427098736054,0.8220187362062371
T-random_walk-W-20-HS-weighted-D-10-C-5-H-2-RUNS-100000.csv,random_walk,20,weighted,10,5,2,100000,1.0,8202.0,659.11183,362014.00994405115,655.3826035110334,662.8410564889667,3.729226488966674,0.0,10.0,5.97033,11.6057096911,5.949214959306378,5.9914450406936215,0.0211150406936218,0.0,1.0,0.733094025,0.05209563532179937,0.7316793497982231,0.7345087002017768,0.0014146752017768494,0.0,1981.7,312.205608,38455.58680655034,310.9901616528664,313.4210543471336,1.215446347133593,0.0,19817.0,3122.05608,3845558.680655033,3109.901616528664,3134.2105434713358,12.15446347133593,0.0,1.0,0.838225,0.07178634937499999,0.8365643542227224,0.8398856457772776,0.0016606457772776473,0.71059,0.7077682214063157,0.7133995597769875
T-random_walk-W-20-HS-weighted-D-10-C-5-H-3-RUNS-100000.csv,random_walk,20,weighted,10,5,3,100000,1.0,7520.0,775.03645,378534.1247013975,771.2230831235338,778.8498168764661,3.813366876466148,0.0,10.0,6.76764,10.0450088304,6.7479959408668,6.7872840591332,0.01964405913320011,0.0,1.0,0.794412025,0.03472450122289938,0.7932570460222783,0.7955670039777216,0.0011549789777216546,0.0,2290.2,350.84388299999995,37841.15406518231,349.63818578487167,352.04958021512823,1.205697215128282,0.0,22902.0,3508.43883,3784115.406518231,3496.3818578487176,3520.4958021512825,12.05697215128248,0.0,1.0,0.8501166666666665,0.04856943083333334,0.8487507079356306,0.8514826253977025,0.0013659587310359544,0.6385,0.6355133050872918,0.6414786599489007
T-random_walk-W-20-HS-weighted-D-10-C-5-H-4-RUNS-100000.csv,random_walk,20,weighted,10,5,4,100000,1.0,7756.0,849.5196,384512.91451584,845.6762358324977,853.3629641675022,3.8433641675022727,0.0,10.0,7.2243,8.92264951,7.205785883667424,7.2428141163325765,0.018514116332576158,0.0,1.0,0.82469725,0.0273350240924375,0.8236725050143889,0.8257219949856112,0.0010247449856111146,0.0,2333.2,373.393324,37420.80809063103,372.19434203032336,374.59230596967666,1.1989819696766517,0.0,23332.0,3733.93324,3742080.8090631017,3721.9434203032333,3745.9230596967664,11.989819696766517,0.0,1.0,0.85972,0.037709021599999996,0.8585164096320652,0.8609235903679349,0.0012035903679348259,0.59038,0.5873244883680383,0.593430268578746
T-random_walk-W-20-HS-weighted-D-10-C-5-H-5-RUNS-100000.csv,random_walk,20,weighted,10,5,5,100000,1.0,9514.0,892.81728,383888.5252334016,888.9770376137219,896.6575223862781,3.840242386278078,0.0,10.0,7.48778,8.191550671600002,7.4700405915938495,7.50551940840615,0.017739408406150403,0.0,1.0,0.8421118,0.02368694367576,0.8411578830076741,0.8430657169923258,0.0009539169923258317,0.0,2705.8,386.62251200000003,36872.277767609856,385.43235006869804,387.812673931302,1.1901619313019864,0.0,27058.0,3866.22512,3687227.7767609856,3854.32350068698,3878.12673931302,11.901619313020092,0.0,1.0,0.867796,0.031670902384,0.8666929726268203,0.8688990273731797,0.001103027373179688,0.55755,0.5544649888061277,0.5606316727203325
T-random_walk-W-20-HS-weighted-D-5-C-5-H-1-RUNS-100000.csv,random_walk,20,weighted,5,5,1,100000,1.0,7802.0,581.25215,349788.4352303775,577.5864341725237,584.9178658274764,3.6657158274763333,0.0,5.0,2.75687,4.043997803099999,2.7444058827186244,2.769334117281376,0.012464117281375753,0.0,1.0,0.5455842,0.07910396646036,0.5438409679513211,0.5473274320486788,0.0017432320486788777,0.0,3120.4,311.23497399999997,64320.04569641932,309.6630583294013,312.80688967059865,1.5719156705986848,0.0,15602.0,1556.17487,1608001.1424104834,1548.3152916470067,1564.0344483529934,7.859578352993367,0.0,1.0,0.64117,0.23007103110000005,0.6381970538634651,0.6441429461365349,0.002972946136534871,0.64117,0.6381880480025421,0.6441437621066373
T-random_walk-W-20-HS-weighted-D-5-C-5-H-2-RUNS-100000.csv,random_walk,20,weighted,5,5,2,100000,1.0,12791.0,786.34864,378526.0512901503,782.5353137896736,790.1619662103265,3.8133262103264087,0.0,5.0,3.70424,2.7840060224000003,3.6938983185430745,3.7145816814569255,0.010341681456925489,0.0,1.0,0.66321485,0.052876682614477505,0.6617896094451049,0.6646400905548951,0.0014252405548951241,0.0,3132.6,395.353914,64084.506402080595,393.78487913807294,396.922948861927,1.5690348619270367,0.0,15663.0,1976.76957,1602112.660052015,1968.924395690365,1984.614744309635,7.845174309635013,0.0,1.0,0.66637,0.11892102310000002,0.6642326020437435,0.6685073979562566,0.0021373979562565593,0.45957,0.4564773825904552,0.462664962735431
T-random_walk-W-20-HS-weighted-D-5-C-5-H-3-RUNS-100000.csv,random_walk,20,weighted,5,5,3,100000,1.0,9422.0,888.15263,390821.6190940831,884.2778650627273,892.0273949372728,3.8747649372727437,0.0,5.0,4.08807,2.0401736751,4.07921701677949,4.0969229832205105,0.008852983220510424,0.0,1.0,0.7059406,0.04488702977164,0.7046274434458499,0.7072537565541501,0.0013131565541500967,0.0,2673.4,433.511722,65308.86802659472,431.92776951519824,435.0956744848018,1.5839524848017845,0.0,13367.0,2167.55861,1632721.7006648679,2159.6388475759913,2175.4783724240087,7.919762424008695,0.0,1.0,0.6843233333333334,0.08392268656666667,0.6825277905387598,0.686118876127907,0.0017955427945736124,0.3609,0.3579224319954436,0.3638856377830163
T-random_walk-W-20-HS-weighted-D-5-C-5-H-4-RUNS-100000.csv,random_walk,20,weighted,5,5,4,100000,1.0,8249.0,943.97205,403458.70528879756,940.035138822138,947.9089611778619,3.93691117786193,0.0,5.0,4.29373,1.6124726870999997,4.285859501238954,4.301600498761046,0.007870498761046285,0.0,1.0,0.7231220749999999,0.043381635085194374,0.7218311261654473,0.7244130238345525,0.0012909488345526077,0.0,3078.2,452.682506,68037.75162115996,451.0658000074712,454.2992119925288,1.6167059925288072,0.0,15391.0,2263.41253,1700943.790528999,2255.3290000373563,2271.496059962644,8.083529962643752,0.0,1.0,0.696365,0.06776203677499999,0.6947515730866418,0.6979784269133582,0.0016134269133581958,0.29795,0.29511621391541004,0.30079550916172226
T-random_walk-W-20-HS-weighted-D-5-C-5-H-5-RUNS-100000.csv,random_walk,20,weighted,5,5,5,100000,1.0,7764.0,978.89843,407134.4277135351,974.9436258107836,982.8532341892163,3.954804189216361,0.0,5.0,4.41461,1.3373085479000002,4.407442431013507,4.421777568986492,0.007167568986492512,0.0,1.0,0.733143075,0.042372238642044376,0.7318672333485116,0.7344189166514884,0.0012758416514884185,0.0,2537.2,464.1490759999999,69099.79904994623,462.5198007377122,465.77835126228763,1.629275262287706,0.0,12686.0,2320.74538,1727494.9762486555,2312.5990036885614,2328.8917563114383,8.146376311438416,0.0,1.0,0.7063059999999999,0.059085834364,0.7047994007125556,0.7078125992874441,0.0015065992874442324,0.25826,0.2555493366352884,0.2609846907524627
T-spiral_traversal_swarm-W-20-HS-greedy-D-1-C-5-H-1-RUNS-100000.csv,spiral_traversal_swarm,20,greedy,1,5,1,100000,1.0,401.0,154.86138,11870.079644495601,154.18610155400683,155.53665844599317,0.6752784459931718,0.0,1.0,0.66696,0.22212435840000005,0.6640388479409154,0.6698811520590846,0.0029211520590846085,0.0,0.9975,0.3813307,0.07433516748751,0.3796408302434211,0.38302056975657894,0.0016898697565789211,0.0,400.0,153.52623,11895.4730519871,152.85022963552885,154.20223036447115,0.6760003644711503,0.0,400.0,153.52623,11895.4730519871,152.85022963552885,154.20223036447115,0.6760003644711503,0.0,1.0,0.33181,0.2217121239,0.3288915598426998,0.3347284401573002,0.002918440157300195,0.321880650994575,0.283078669987849,0.36259878362507053
T-spiral_traversal_swarm-W-20-HS-greedy-D-1-C-5-H-2-RUNS-100000.csv,spiral_traversal_swarm,20,greedy,1,5,2,100000,2.0,401.0,180.94317,13053.1423203511,180.2350389984342,181.65130100156583,0.7081310015658175,0.0,1.0,0.75334,0.18581884440000002,0.7506682184358615,0.7560117815641385,0.002671781564138498,0.0,0.9975,0.44610009999999994,0.08205086765498999,0.44432469409378184,0.44787550590621805,0.0017754059062181082,0.0,400.0,179.43496,13129.9534097984,178.72474855951847,180.1451714404815,0.7102114404815154,0.0,400.0,179.43496,13129.9534097984,178.72474855951847,180.1451714404815,0.7102114404815154,0.0,1.0,0.367275,0.17131157437499997,0.36470963346845137,0.36984036653154867,0.002565366531548652,0.24513,0.2424662846335711,0.24780850527449808
T-spiral_traversal_swarm-W-20-HS-greedy-D-1-C-5-H-3-RUNS-100000.csv,spiral_traversal_swarm,20,greedy,1,5,3,100000,2.0,401.0,191.0981,14069.23981639,190.36292388723078,191.8332761127692,0.73517611276921,0.0,1.0,0.77666,0.1734592444,0.7740786030268728,0.7792413969731272,0.0025813969731272035,0.0,0.9975,0.471369675,0.08852340230289438,0.4695255722309364,0.4732137777690636,0.0018441027690636047,0.0,400.0,189.54244,14165.793338846399,188.80474553959982,190.28013446040018,0.7376944604001778,0.0,400.0,189.54244,14165.793338846399,188.80474553959982,190.28013446040018,0.7376944604001778,0.0,1.0,0.39372,0.15505122826666665,0.39127941646627445,0.3961605835337256,0.00244058353372556,0.221,0.2184314630499111,0.2235847285771256
T-spiral_traversal_swarm-W-20-HS-greedy-D-1-C-5-H-4-RUNS-100000.csv,spiral_traversal_swarm,20,greedy,1,5,4,100000,2.0,401.0,195.30036,14763.497603870399,194.54726337675018,196.05345662324984,0.7530966232498315,0.0,1.0,0.78425,0.1692019375,0.7817004781563988,0.7867995218436012,0.0025495218436012435,0.0,0.9975,0.481834225,0.09293778230614938,0.4799447018207103,0.4837237481792897,0.0018895231792896983,0.0,400.0,193.72874,14871.9543180124,192.97288221107354,194.48459778892644,0.7558577889264484,0.0,400.0,193.72874,14871.9543180124,192.97288221107354,194.48459778892644,0.7558577889264484,0.0,1.0,0.4141225,0.14686567999375003,0.4117472122358249,0.4164977877641751,0.0023752877641751158,0.21263,0.2100973585378643,0.2151793194401608
T-spiral_traversal_swarm-W-20-HS-greedy-D-1-C-5-H-5-RUNS-100000.csv,spiral_traversal_swarm,20,greedy,1,5,5,100000,2.0,401.0,199.9616,15249.71002544,199.1962028087736,200.72699719122642,0.7653971912264126,0.0,1.0,0.78538,0.1685582556,0.7828353322521143,0.7879246677478856,0.0025446677478856428,0.0,0.9975,0.49348145,0.09601912263089751,0.49156085878503814,0.49540204121496184,0.0019205912149618531,0.0,400.0,198.38734,15365.129967724402,197.61905175146296,199.15562824853703,0.7682882485370328,0.0,400.0,198.38734,15365.129967724402,197.61905175146296,199.15562824853703,0.7682882485370328,0.0,1.0,0.435844,0.142038407664,0.4335080746011869,0.4381799253988131,0.00233592539881311,0.21112,0.2085940010972942,0.21366276462992195
T-spiral_traversal_swarm-W-20-HS-greedy-D-10-C-5-H-1-RUNS-100000.csv,spiral_traversal_swarm,20,greedy,10,5,1,100000,1.0,401.0,200.18338,13067.716471775599,199.4748537859615,200.8919062140385,0.7085262140384998,0.0,10.0,6.68749,5.4850874999,6.672973970191676,6.702006029808325,0.014516029808324227,0.0,0.9975,0.4974461,0.08153610921979,0.4956762719937272,0.4992159280062728,0.001769828006272789,0.0,398.9,154.362731,7594.02650432164,153.82260867849308,154.9028533215069,0.5401223215069137,0.0,3989.0,1543.62731,759402.650432164,1538.2260867849309,1549.0285332150693,5.401223215069194,0.0,1.0,0.89556,0.0935322864,0.8936644430068336,0.8974555569931665,0.0018955569931664584,0.89556,0.8936479917690129,0.8974490310792321
T-spiral_traversal_swarm-W-20-HS-greedy-D-10-C-5-H-2-RUNS-100000.csv,spiral_traversal_swarm,20,greedy,10,5,2,100000,2.0,401.0,263.68398,9152.8372313596,263.09100833534825,264.2769516646518,0.5929716646517704,0.0,10.0,7.52246,4.1193755484,7.5098802571144185,7.535039742885581,0.012579742885581169,0.0,0.9975,0.6558367000000002,0.05722765980811,0.6543539802762531,0.6573194197237472,0.001482719723747028,0.0,400.0,179.676255,6346.959374874975,179.18246882021649,180.1700411797835,0.4937861797835126,0.0,4000.0,1796.76255,634695.9374874976,1791.8246882021647,1801.7004117978352,4.9378617978352395,0.0,1.0,0.89908,0.0525401536,0.8976593020937942,0.9005006979062058,0.0014206979062058034,0.82269,0.8203084638227093,0.8250528048685772
T-spiral_traversal_swarm-W-20-HS-greedy-D-10-C-5-H-3-RUNS-100000.csv,spiral_traversal_swarm,20,greedy,10,5,3,100000,2.0,401.0,293.1371,6961.85002359,292.6199477685379,293.65425223146207,0.5171522314620915,0.0,10.0,7.76034,3.676763084399999,7.748455281633531,7.77222471836647,0.011884718366469649,0.0,0.9975,0.7293201250000001,0.04365905645748438,0.7280250549969227,0.7306151950030775,0.001295070003077381,0.0,400.0,189.35693899999998,5953.682515250279,188.87869568587436,189.8351823141256,0.4782433141256206,0.0,4000.0,1893.56939,595368.2515250279,1888.786956858744,1898.3518231412563,4.782433141256206,0.0,1.0,0.9029866666666666,0.04321730204444444,0.9016981652598612,0.904275168073472,0.0012885014068053646,0.79177,0.7892399259553472,0.79428314036609
T-spiral_traversal_swarm-W-20-HS-greedy-D-10-C-5-H-4-RUNS-100000.csv,spiral_traversal_swarm,20,greedy,10,5,4,100000,2.0,401.0,309.64101,5871.3041361799005,309.1660868275863,310.1159331724137,0.4749231724136962,0.0,10.0,7.84471,3.5201950159,7.833081078651448,7.856338921348552,0.01162892134855209,0.0,0.9975,0.770522175,0.03691899814576938,0.7693312592881346,0.7717130907118653,0.001190915711865359,0.0,400.0,194.123529,5821.188188486159,193.6506370826987,194.5964209173013,0.47289191730129687,0.0,4000.0,1941.23529,582118.8188486159,1936.5063708269872,1945.964209173013,4.728919173012855,0.0,1.0,0.90764,0.038725880399999996,0.9064202896157504,0.9088597103842496,0.001219710384249617,0.77925,0.776666306712156,0.7818174871350726
T-spiral_traversal_swarm-W-20-HS-greedy-D-10-C-5-H-5-RUNS-100000.csv,spiral_traversal_swarm,20,greedy,10,5,5,100000,2.0,401.0,320.4163,5326.76187431,319.96393633638024,320.8686636636197,0.45236366361973523,0.0,10.0,7.88321,3.4487500959,7.871699692285429,7.894720307714571,0.011510307714570622,0.0,0.9975,0.797431275,0.03357486971437437,0.7962955760104137,0.7985669739895863,0.00113569898958632,0.0,399.1,196.97725,5780.8196534375,196.506000630975,197.448499369025,0.4712493690250028,0.0,3991.0,1969.7725,578081.96534375,1965.0600063097502,1974.48499369025,4.7124936902498575,0.0,1.0,0.909924,0.03737511422400001,0.90872575028144,0.9111222497185599,0.0011982497185599739,0.77218,0.7695675461940819,0.7747766584099994
T-spiral_traversal_swarm-W-20-HS-greedy-D-5-C-5-H-1-RUNS-100000.csv,spiral_traversal_swarm,20,greedy,5,5,1,100000,1.0,401.0,197.37502,13112.8133199996,196.66527227263407,198.08476772736594,0.7097477273659365,0.0,5.0,3.34914,1.8284012604,3.3407590774481846,3.357520922551815,0.008380922551815218,0.0,0.9975,0.4897603,0.08179167216891,0.48798770053084717,0.4915328994691528,0.0017725994691528135,0.0,400.0,155.22658399999997,8191.395378890944,154.6656199682872,155.78754803171276,0.5609640317127855,0.0,2000.0,776.13292,204784.8844722736,773.328099841436,778.937740158564,2.8048201585639845,0.0,1.0,0.76105,0.18185289750000003,0.7584068842419674,0.7636931157580326,0.002643115758032555,0.76105,0.7583943840884896,0.7636904670551107
T-spiral_traversal_swarm-W-20-HS-greedy-D-5-C-5-H-2-RUNS-100000.csv,spiral_traversal_swarm,20,greedy,5,5,2,100000,2.0,401.0,252.04635,10080.5841816775,251.42405125990538,252.6686487400946,0.6222987400946067,0.0,5.0,3.76187,1.4242641031,3.7544730729498874,3.7692669270501127,0.007396927050112634,0.0,0.9975,0.625928975,0.06318182169294938,0.6243710299232542,0.6274869200767458,0.0015579450767457814,0.0,400.0,179.5812,7084.8431073599995,179.0594995756065,180.10290042439348,0.5217004243934866,0.0,2000.0,897.906,177121.07768400002,895.2974978780326,900.5145021219673,2.6085021219673763,0.0,1.0,0.78181,0.10983812389999999,0.7797558477739607,0.7838641522260393,0.0020541522260393297,0.66032,0.6573750301336693,0.6632556687355554
T-spiral_traversal_swarm-W-20-HS-greedy-D-5-C-5-H-3-RUNS-100000.csv,spiral_traversal_swarm,20,greedy,5,5,3,100000,2.0,401.0,276.01359,8950.4439253119,275.4272110663447,276.59996893365536,0.5863789336553396,0.0,5.0,3.87527,1.3011924271000002,3.8681998791891883,3.8823401208108117,0.007070120810811709,0.0,0.9975,0.6856721499999999,0.0563047552143775,0.6842014347058946,0.6871428652941053,0.0014707152941053625,0.0,400.0,189.261288,6868.229180581057,188.74762479107687,189.77495120892314,0.5136632089231341,0.0,2000.0,946.30644,171705.7295145264,943.7381239553844,948.8747560446155,2.5683160446155853,0.0,1.0,0.7951066666666665,0.09011427751111112,0.7932460672780643,0.7969672660552687,0.0018605993886021688,0.62436,0.6213498367352724,0.6273629487485983
T-spiral_traversal_swarm-W-20-HS-greedy-D-5-C-5-H-4-RUNS-100000.csv,spiral_traversal_swarm,20,greedy,5,5,4,100000,2.0,401.0,289.59984,8510.0832519744,289.02806787912675,290.1716121208732,0.57177212087322,0.0,5.0,3.92082,1.2632705275999998,3.913853666632418,3.9277863333675818,0.0069663333675817896,0.0,0.9975,0.719551375,0.05366250754810937,0.7181155829224455,0.7209871670775545,0.0014357920775545097,0.0,400.0,194.04952,6814.8426189696,193.5378570308002,194.5611829691998,0.51166296919979,0.0,2000.0,970.2476,170371.06547424,967.6892851540011,972.8059148459989,2.5583148459988934,0.0,1.0,0.8022425,0.08255134619375,0.8004616876810345,0.8040233123189654,0.0017808123189654301,0.60594,0.6029033479128588,0.6089705062945466
T-spiral_traversal_swarm-W-20-HS-greedy-D-5-C-5-H-5-RUNS-100000.csv,spiral_traversal_swarm,20,greedy,5,5,5,100000,2.0,401.0,298.85315,8338.4402450775,298.2871733923077,299.41912660769236,0.5659766076923347,0.0,5.0,3.9376,1.22370624,3.9307436234849713,3.944456376515029,0.006856376515028906,0.0,0.9975,0.7426692,0.05266412912136,0.7412468269180253,0.7440915730819747,0.0014223730819746816,0.0,400.0,197.111718,6801.770137888477,196.60054601170532,197.62288998829467,0.5111719882946772,0.0,2000.0,985.55859,170044.2534472119,983.0027300585266,988.1144499414734,2.5558599414733862,0.0,1.0,0.8106260000000001,0.077839488124,0.8088967568777724,0.8123552431222277,0.0017292431222276639,0.60201,0.5989682835671221,0.6050457986495146
T-spiral_traversal_swarm-W-20-HS-random-D-1-C-5-H-1-RUNS-100000.csv,spiral_traversal_swarm,20,random,1,5,1,100000,1.0,401.0,143.69196,10866.5948113584,143.04585543704354,144.33806456295645,0.6461045629564524,0.0,1.0,0.5667,0.24555110999999996,0.5636286661787164,0.5697713338212835,0.0030713338212835506,0.0,0.9975,0.3539108,0.06811223339336,0.35229320933545,0.35552839066455005,0.0016175906645500282,0.0,400.0,142.55776,10899.814563782402,141.9106686028371,143.2048513971629,0.6470913971629102,0.0,400.0,142.55776,10899.814563782402,141.9106686028371,143.2048513971629,0.6470913971629102,0.0,1.0,0.4325,0.24544375,0.429429337677308,0.435570662322692,0.003070662322691986,0.4325,0.4294263888884421,0.4355775268055396
T-spiral_traversal_swarm-W-20-HS-random-D-1-C-5-H-2-RUNS-100000.csv,spiral_traversal_swarm,20,random,1,5,2,100000,2.0,401.0,175.71142,12443.7715815836,175.020015683353,176.402824316647,0.6914043166470094,0.0,1.0,0.69516,0.21191257440000005,0.692306785416736,0.698013214583264,0.002853214583264041,0.0,0.9975,0.4333119,0.07830034044339,0.4315775454000196,0.4350462545999805,0.0017343545999804477,0.0,400.0,174.31956,12529.8578814064,173.6257682298181,175.01335177018188,0.693791770181889,0.0,400.0,174.31956,12529.8578814064,173.6257682298181,175.01335177018188,0.693791770181889,0.0,1.0,0.433085,0.18062988277500006,0.4304507871049051,0.4357192128950949,0.0026342128950949117,0.3033,0.3004516407319802,0.3061597717999367
T-spiral_traversal_swarm-W-20-HS-random-D-1-C-5-H-3-RUNS-100000.csv,spiral_traversal_swarm,20,random,1,5,3,100000,2.0,401.0,188.07151,13659.645956319899,187.3471144181126,188.79590558188738,0.7243955818873928,0.0,1.0,0.7491,0.18794919000000002,0.7464129465797942,0.7517870534202058,0.0026870534202058094,0.0,0.9975,0.46394029999999997,0.08601057503591,0.462122559025444,0.4657580409745559,0.001817740974555948,0.0,400.0,186.57092,13763.623490353599,185.8437725871562,187.2980674128438,0.7271474128438058,0.0,400.0,186.57092,13763.623490353599,185.8437725871562,187.2980674128438,0.7271474128438058,0.0,1.0,0.42886333333333326,0.1585640191,0.42639525809992856,0.43133140856673796,0.0024680752334046985,0.24851,0.24583388528782243,0.251200708315467
T-spiral_traversal_swarm-W-20-HS-random-D-1-C-5-H-4-RUNS-100000.csv,spiral_traversal_swarm,20,random,1,5,4,100000,2.0,401.0,195.08132,14668.4724070576,194.3306509411002,195.8319890588998,0.7506690588998026,0.0,1.0,0.77167,0.17619541109999998,0.7690683230575612,0.7742716769424387,0.0026016769424387354,0.0,0.9975,0.4813519,0.09237037524139,0.4794681536435939,0.4832356463564061,0.0018837463564060908,0.0,400.0,193.53517,14781.413943071098,192.7816165526341,194.2887234473659,0.7535534473659027,0.0,400.0,193.53517,14781.413943071098,192.7816165526341,194.2887234473659,0.7535534473659027,0.0,1.0,0.4318275,0.14846688524374999,0.4294392990320067,0.4342157009679932,0.002388200967993248,0.22552,0.22293271463571657,0.22812321438139926
T-spiral_traversal_swarm-W-20-HS-random-D-1-C-5-H-5-RUNS-100000.csv,spiral_traversal_swarm,20,random,1,5,5,100000,2.0,401.0,198.49087,15407.0374166431,197.7215347353736,199.2602052646264,0.7693352646263918,0.0,1.0,0.78838,0.1668369756,0.7858483583873996,0.7909116416126003,0.0025316416126003327,0.0,0.9975,0.489790625,0.09699928034960936,0.487860256031665,0.49172099396833496,0.0019303689683349834,0.0,400.0,196.91085,15522.001622277498,196.1386497576267,197.68305024237333,0.7722002423733159,0.0,400.0,196.91085,15522.001622277498,196.1386497576267,197.68305024237333,0.7722002423733159,0.0,1.0,0.43155800000000005,0.141577292636,0.42922586937031726,0.43389013062968285,0.0023321306296827937,0.20836,0.20584627709155257,0.21089064903118226
T-spiral_traversal_swarm-W-20-HS-random-D-10-C-5-H-1-RUNS-100000.csv,spiral_traversal_swarm,20,random,10,5,1,100000,1.0,401.0,196.74697,13043.288845819101,196.0391063236463,197.4548336763537,0.7078636763536963,0.0,10.0,5.67971,8.679204315900002,5.661450199535603,5.6979698004643975,0.018259800464397458,0.0,0.9975,0.48892902499999996,0.08143179670004938,0.4871603294631624,0.4906977205368375,0.0017686955368375612,0.0,400.0,142.011337,6858.853714572431,141.49802449839984,142.52464950160015,0.5133125016001543,0.0,4000.0,1420.11337,685885.3714572431,1414.9802449839983,1425.2464950160017,5.1331250160017134,0.0,1.0,0.90967,0.08217049110000002,0.907893300366945,0.9114466996330549,0.0017766996330549345,0.90967,0.9078764299584131,0.9114397677358966
T-spiral_traversal_swarm-W-20-HS-random-D-10-C-5-H-2-RUNS-100000.csv,spiral_traversal_swarm,20,random,10,5,2,100000,2.0,401.0,260.39461,9191.0999929479,259.8004001908172,260.9888198091828,0.5942098091828143,0.0,10.0,6.96541,5.614453531900001,6.9507237871838425,6.980096212816158,0.014686212816157784,0.0,0.9975,0.64777725,0.05749511500743751,0.6462910695472535,0.6492634304527465,0.0014861804527465106,0.0,400.0,174.36998100000002,5932.03534955964,173.8926079069285,174.84735409307154,0.4773730930715203,0.0,4000.0,1743.69981,593203.5349559638,1738.9260790692847,1748.4735409307154,4.773730930715374,0.0,1.0,0.91098,0.0533954396,0.9095477852089601,0.91241221479104,0.001432214791039943,0.85558,0.8533860162007746,0.8577533383315609
T-spiral_traversal_swarm-W-20-HS-random-D-10-C-5-H-3-RUNS-100000.csv,spiral_traversal_swarm,20,random,10,5,3,100000,2.0,401.0,290.7594,7001.02965164,290.2407946056033,291.27800539439676,0.5186053943967295,0.0,10.0,7.46324,4.4011487024,7.450237133833212,7.476242866166788,0.013002866166788252,0.0,0.9975,0.7235114749999999,0.04391088573082438,0.7222126753286744,0.7248102746713254,0.0012987996713255123,0.0,398.9,186.61012,5787.4288507856,186.13860131878812,187.08163868121187,0.4715186812118759,0.0,3989.0,1866.1012,578742.88507856,1861.3860131878814,1870.8163868121187,4.715186812118645,0.0,1.0,0.9112533333333335,0.04395514026666668,0.909953879344735,0.9125527873219319,0.0012994539885984313,0.81922,0.8168205604552611,0.8216009100508902
T-spiral_traversal_swarm-W-20-HS-random-D-10-C-5-H-4-RUNS-100000.csv,spiral_traversal_swarm,20,random,10,5,4,100000,2.0,401.0,308.29389,5959.1492386679,307.8154271726532,308.77235282734677,0.4784628273467888,0.0,10.0,7.71972,3.8049431216000005,7.707629892682056,7.731810107317943,0.012090107317943577,0.0,0.9975,0.767215875,0.03747616646048437,0.7660160065027279,0.768415743497272,0.0011998684972720497,0.0,400.0,192.75473900000003,5752.414725141879,192.28464883409453,193.22482916590553,0.47009016590550345,0.0,4000.0,1927.54739,575241.4725141879,1922.8464883409451,1932.2482916590548,4.700901659054807,0.0,1.0,0.910115,0.039936936775,0.9088763647174618,0.9113536352825382,0.001238635282538203,0.79151,0.7889787763724048,0.7940243050592519
T-spiral_traversal_swarm-W-20-HS-random-D-10-C-5-H-5-RUNS-100000.csv,spiral_traversal_swarm,20,random,10,5,5,100000,2.0,401.0,320.5597,5259.180095909999,320.11021511419796,321.0091848858021,0.4494848858020646,0.0,10.0,7.8749,3.4690299900000006,7.863355899511186,7.886444100488815,0.01154410048881438,0.0,0.9975,0.797792475,0.033152442520874376,0.7966639431077249,0.798921006892275,0.0011285318922750198,0.0,400.0,197.43992700000004,5788.574591734671,196.9683616476722,197.91149235232788,0.47156535232784336,0.0,4000.0,1974.39927,578857.4591734671,1969.6836164767215,1979.1149235232783,4.715653523278434,0.0,1.0,0.910328,0.03702293241600001,0.9091354091348275,0.9115205908651726,0.001192590865172538,0.77293,0.7703205467862466,0.7755236142463098
T-spiral_traversal_swarm-W-20-HS-random-D-5-C-5-H-1-RUNS-100000.csv,spiral_traversal_swarm,20,random,5,5,1,100000,1.0,401.0,189.24997,12696.365304999099,188.55158359581043,189.94835640418955,0.6983864041895629,0.0,5.0,2.83017,2.6147677711,2.820147579199885,2.840192420800115,0.01002242080011495,0.0,0.9975,0.46968669999999996,0.07929104596811,0.4679414078118805,0.47143199218811943,0.0017452921881194738,0.0,400.0,142.522092,7279.591707143537,141.99326991742245,143.05091408257752,0.528822082577534,0.0,2000.0,712.61046,181989.79267858842,709.9663495871124,715.2545704128876,2.644110412887585,0.0,1.0,0.80963,0.1541292631,0.8071966833803942,0.8120633166196057,0.0024333166196057743,0.80963,0.8071827619415403,0.8120592662099607
T-spiral_traversal_swarm-W-20-HS-random-D-5-C-5-H-2-RUNS-100000.csv,spiral_traversal_swarm,20,random,5,5,2,100000,2.0,401.0,246.49253,10208.546884199099,245.86629399248892,247.11876600751106,0.6262360075110678,0.0,5.0,3.4745,1.85196975,3.4660652344480716,3.4829347655519283,0.008434765551928347,0.0,0.9975,0.612315,0.06401477065,0.6107468190699762,0.6138831809300239,0.0015681809300238658,0.0,400.0,174.57837800000001,6751.236184889116,174.06910843554647,175.08764756445356,0.5092695644535468,0.0,2000.0,872.89189,168780.90462222788,870.3455421777322,875.4382378222678,2.5463478222677622,0.0,1.0,0.80919,0.1069365439,0.8071631615085403,0.8112168384914596,0.0020268384914596815,0.71426,0.7114487898706932,0.7170587782610739
T-spiral_traversal_swarm-W-20-HS-random-D-5-C-5-H-3-RUNS-100000.csv,spiral_traversal_swarm,20,random,5,5,3,100000,2.0,401.0,272.9937,9021.497760310001,272.40499815869146,273.5824018413085,0.5887018413085343,0.0,5.0,3.73605,1.4940403975,3.7284740475245446,3.7436259524754556,0.007575952475455505,0.0,0.9975,0.6782941,0.05676987840519,0.6768173225459421,0.679770877454058,0.0014767774540579426,0.0,400.0,186.85598199999998,6692.045633615676,186.3489498264045,187.36301417359547,0.5070321735954906,0.0,2000.0,934.27991,167301.1408403919,931.7447491320224,936.8150708679775,2.535160867977538,0.0,1.0,0.8082033333333333,0.09163070532222224,0.806327144330152,0.8100795223365146,0.0018761890031813167,0.65863,0.6556815542981216,0.6615692426430977
T-spiral_traversal_swarm-W-20-HS-random-D-5-C-5-H-4-RUNS-100000.csv,spiral_traversal_swarm,20,random,5,5,4,100000,2.0,401.0,288.47334,8544.5886692444,287.9004098835655,289.0462701164345,0.5729301164345202,0.0,5.0,3.85944,1.3320028864000002,3.85228666351386,3.8665933364861402,0.007153336486140027,0.0,0.9975,0.7168296250000001,0.053890174409859375,0.7153907904229451,0.7182684595770552,0.0014388345770550703,0.0,400.0,193.26531799999998,6763.566440358876,192.7555835903582,193.77505240964175,0.5097344096417658,0.0,2000.0,966.32659,169089.1610089719,963.7779179517912,968.8752620482088,2.5486720482088003,0.0,1.0,0.8097325,0.08264140344374998,0.8079507165803064,0.8115142834196936,0.0017817834196935944,0.62491,0.6219006981840903,0.6279120553883966
T-spiral_traversal_swarm-W-20-HS-random-D-5-C-5-H-5-RUNS-100000.csv,spiral_traversal_swarm,20,random,5,5,5,100000,2.0,401.0,298.22911,8448.9762386079,297.6593943944718,298.7988256055282,0.569715605528188,0.0,5.0,3.9386,1.22483004,3.931740475904508,3.9454595240954924,0.0068595240954922865,0.0,0.9975,0.7411086499999999,0.05336365214517749,0.7396768615865781,0.7425404384134218,0.0014317884134218417,0.0,400.0,197.24569200000002,6868.469537841136,196.73201980319965,197.7593641968004,0.5136721968003712,0.0,2000.0,986.22846,171711.7384460284,983.6600990159983,988.7968209840018,2.5683609840017425,0.0,1.0,0.8096340000000001,0.078603586044,0.8078962901964177,0.8113717098035824,0.0017377098035823435,0.60213,0.5990884351781609,0.6051656400764425
T-spiral_traversal_swarm-W-20-HS-weighted-D-1-C-5-H-1-RUNS-100000.csv,spiral_traversal_swarm,20,weighted,1,5,1,100000,1.0,401.0,151.28809,11486.5242141519,150.62381120746568,151.95236879253434,0.6642787925343328,0.0,1.0,0.63116,0.23279705439999998,0.6281694930794546,0.6341505069205455,0.002990506920545477,0.0,0.9975,0.372578975,0.07194606620044938,0.37091648287094897,0.374241467129051,0.0016624921290510075,0.0,400.0,150.0249,11513.36509999,149.35984554081548,150.68995445918452,0.6650544591845176,0.0,400.0,150.0249,11513.36509999,149.35984554081548,150.68995445918452,0.6650544591845176,0.0,1.0,0.36797,0.23256807910000002,0.364980964147638,0.37095903585236206,0.002989035852362043,0.36797,0.36497988371363915,0.3709677758340332
T-spiral_traversal_swarm-W-20-HS-weighted-D-1-C-5-H-2-RUNS-100000.csv,spiral_traversal_swarm,20,weighted,1,5,2,100000,2.0,401.0,179.30438,12764.6990728156,178.60411670695854,180.00464329304148,0.7002632930414734,0.0,1.0,0.73229,0.1960413559,0.729545710523969,0.735034289476031,0.0027442894760310033,0.0,0.9975,0.442107975,0.08026241762889937,0.44035202481971814,0.44386392518028184,0.0017559501802818511,0.0,400.0,177.83804,12843.8098489584,177.13561007526903,178.54046992473098,0.7024299247309784,0.0,400.0,177.83804,12843.8098489584,177.13561007526903,178.54046992473098,0.7024299247309784,0.0,1.0,0.39166,0.17540744439999997,0.3890641470796537,0.3942558529203463,0.0025958529203463088,0.26595,0.26321333030144767,0.2687002505490617
T-spiral_traversal_swarm-W-20-HS-weighted-D-1-C-5-H-3-RUNS-100000.csv,spiral_traversal_swarm,20,weighted,1,5,3,100000,2.0,401.0,190.19938,13915.8784276156,189.46822175059341,190.93053824940657,0.731158249406576,0.0,1.0,0.76811,0.17811702789999995,0.7654941743667043,0.7707258256332956,0.002615825633295654,0.0,0.9975,0.46916595,0.08757699173559749,0.46733173144308954,0.47100016855691046,0.0018342185569104608,0.0,400.0,188.66089,14014.380894407901,187.9271485902107,189.3946314097893,0.7337414097893031,0.0,400.0,188.66089,14014.380894407901,187.9271485902107,189.3946314097893,0.7337414097893031,0.0,1.0,0.40651666666666664,0.15591642194444444,0.4040692833159392,0.40896405001739405,0.0024473833507274168,0.22962,0.22701608371424303,0.2322396071122341
T-spiral_traversal_swarm-W-20-HS-weighted-D-1-C-5-H-4-RUNS-100000.csv,spiral_traversal_swarm,20,weighted,1,5,4,100000,2.0,401.0,195.64051,14743.8217769399,194.8879153831026,196.3931046168974,0.7525946168973974,0.0,1.0,0.77895,0.17218689749999996,0.776378087899177,0.7815219121008231,0.0025719121008230816,0.0,0.9975,0.48271162500000003,0.09281978640235937,0.4808233016922921,0.484599948307708,0.0018883233077079398,0.0,400.0,194.07933,14853.221476751098,193.32394840355298,194.83471159644702,0.7553815964470232,0.0,400.0,194.07933,14853.221476751098,193.32394840355298,194.83471159644702,0.7553815964470232,0.0,1.0,0.4221025,0.14764260449375,0.419720937845818,0.424484062154182,0.0023815621541820042,0.21777,0.21521513164917006,0.2203412476526714
T-spiral_traversal_swarm-W-20-HS-weighted-D-1-C-5-H-5-RUNS-100000.csv,spiral_traversal_swarm,20,weighted,1,5,5,100000,2.0,401.0,198.4194,15275.129343640001,197.65336516471817,199.18543483528182,0.7660348352818289,0.0,1.0,0.78636,0.16799795040000004,0.7838195651430185,0.7889004348569814,0.0025404348569814106,0.0,0.9975,0.48962057499999995,0.09617858684916937,0.487698389631104,0.4915427603688959,0.0019221853688959345,0.0,400.0,196.84297,15390.635331579098,196.07404435541665,197.61189564458337,0.7689256445833621,0.0,400.0,196.84297,15390.635331579098,196.07404435541665,197.61189564458337,0.7689256445833621,0.0,1.0,0.43078399999999994,0.142084345344,0.42844769689236706,0.43312030310763283,0.0023363031076328866,0.20993,0.207409272565068,0.21246756231779626
T-spiral_traversal_swarm-W-20-HS-weighted-D-10-C-5-H-1-RUNS-100000.csv,spiral_traversal_swarm,20,weighted,10,5,1,100000,1.0,401.0,199.67511,13221.506576487898,198.96242676276037,200.3877932372396,0.7126832372396166,0.0,10.0,6.32288,6.8038285056,6.30671287669772,6.339047123302279,0.016167123302279762,0.0,0.9975,0.4962054,0.08250861413584,0.49442504865247267,0.4979857513475274,0.0017803513475273536,0.0,400.0,149.934806,7372.868472942364,149.40260668089434,150.46700531910568,0.532199319105672,0.0,4000.0,1499.34806,737286.8472942364,1494.0260668089431,1504.670053191057,5.32199319105689,0.0,1.0,0.90118,0.08905460759999999,0.8993303725224896,0.9030296274775104,0.001849627477510385,0.90118,0.8993137545374359,0.9030229398453286
T-spiral_traversal_swarm-W-20-HS-weighted-D-10-C-5-H-2-RUNS-100000.csv,spiral_traversal_swarm,20,weighted,10,5,2,100000,2.0,401.0,262.58147,9171.2898026391,261.9879009062475,263.17503909375256,0.5935690937525351,0.0,10.0,7.33913,4.6199008431,7.325807908918322,7.352452091081678,0.013322091081677812,0.0,0.9975,0.653142725,0.057344729217074376,0.6516584894669383,0.6546269605330618,0.0014842355330617618,0.0,400.0,177.88789300000002,6204.725763120551,177.39967097579787,178.37611502420216,0.48822202420214467,0.0,4000.0,1778.87893,620472.5763120551,1773.9967097579786,1783.7611502420216,4.8822202420215035,0.0,1.0,0.903445,0.05317463197499999,0.9020157496153748,0.9048742503846253,0.001429250384625269,0.83533,0.8330165714532258,0.8376239619021053
T-spiral_traversal_swarm-W-20-HS-weighted-D-10-C-5-H-3-RUNS-100000.csv,spiral_traversal_swarm,20,weighted,10,5,3,100000,2.0,401.0,292.58423,6986.937305307099,292.0661468179523,293.1023131820477,0.5180831820476897,0.0,10.0,7.66575,3.9158669374999997,7.653484929911697,7.678015070088303,0.012265070088303354,0.0,0.9975,0.7279797750000001,0.043820563878449376,0.7266823117897492,0.729277238210251,0.0012974632102509265,0.0,399.8,188.62746400000003,5895.678315928705,188.15155604862213,189.10337195137794,0.47590795137790565,0.0,3998.0,1886.27464,589567.8315928704,1881.515560486221,1891.0337195137793,4.75907951377917,0.0,1.0,0.90521,0.04370485589999999,0.9039142508945577,0.9065057491054422,0.0012957491054422787,0.80021,0.7977181055415744,0.8026844702323388
T-spiral_traversal_swarm-W-20-HS-weighted-D-10-C-5-H-4-RUNS-100000.csv,spiral_traversal_swarm,20,weighted,10,5,4,100000,2.0,401.0,309.63485,5839.3980954775,309.16121900731065,310.1084809926893,0.47363099268932274,0.0,10.0,7.80738,3.5902975356,7.795635858050602,7.819124141949398,0.011744141949398212,0.0,0.9975,0.7705407249999999,0.036722697178974376,0.7693529796001657,0.7717284703998342,0.001187745399834239,0.0,399.7,193.96664599999997,5806.865580910684,193.4943361989623,194.43895580103765,0.4723098010376816,0.0,3997.0,1939.66646,580686.5580910684,1934.943361989623,1944.3895580103767,4.723098010376816,0.0,1.0,0.909045,0.039163437975,0.9078184183136669,0.910271581686333,0.0012265816863330503,0.78617,0.7836155082362563,0.788707883518382
T-spiral_traversal_swarm-W-20-HS-weighted-D-10-C-5-H-5-RUNS-100000.csv,spiral_traversal_swarm,20,weighted,10,5,5,100000,2.0,401.0,320.4911,5297.07824079,320.03999850621153,320.9422014937885,0.4511014937884852,0.0,10.0,7.87429,3.4885869958999995,7.862713404730471,7.88586659526953,0.011576595269529477,0.0,0.9975,0.79761235,0.0333891445024775,0.7964797965243499,0.7987449034756501,0.001132553475650111,0.0,400.0,197.08407100000002,5771.486984766959,196.61320218174296,197.55493981825708,0.47086881825705973,0.0,4000.0,1970.84071,577148.6984766958,1966.1320218174292,1975.5493981825707,4.708688182570768,0.0,1.0,0.9097459999999999,0.037283415484,0.9085492211193235,0.9109427788806764,0.0011967788806764856,0.7711,0.7684832460820396,0.7737010212640771
T-spiral_traversal_swarm-W-20-HS-weighted-D-5-C-5-H-1-RUNS-100000.csv,spiral_traversal_swarm,20,weighted,5,5,1,100000,1.0,401.0,193.92855,12973.6772048975,193.22257777426918,194.63452222573082,0.7059722257308181,0.0,5.0,3.15917,2.1636749111,3.1500529974561364,3.1682870025438636,0.009117002543863606,0.0,0.9975,0.481236425,0.08096174481571937,0.4794728416056462,0.48300000839435386,0.0017635833943538404,0.0,400.0,150.04624,7855.6770010624,149.49689157898396,150.59558842101606,0.5493484210160489,0.0,2000.0,750.2312,196391.92502655997,747.4844578949197,752.9779421050802,2.746742105080216,0.0,1.0,0.78067,0.17122435109999998,0.7781052866296879,0.783234713370312,0.002564713370312055,0.78067,0.7780922129556914,0.7832314983856379
T-spiral_traversal_swarm-W-20-HS-weighted-D-5-C-5-H-2-RUNS-100000.csv,spiral_traversal_swarm,20,weighted,5,5,2,100000,2.0,401.0,249.83687,10162.573338603099,249.2120456907932,250.46169430920682,0.6248243092068151,0.0,5.0,3.67378,1.5610605115999998,3.6660359893715446,3.681524010628455,0.0077440106284552,0.0,0.9975,0.6204959999999999,0.063705157984,0.6189316159841287,0.6220603840158712,0.001564384015871223,0.0,400.0,177.59354199999999,6959.724953894236,177.07646870362044,178.11061529637954,0.5170732963795501,0.0,2000.0,887.96771,173993.1238473559,885.3823435181023,890.5530764818977,2.5853664818977222,0.0,1.0,0.79006,0.10992019640000002,0.7880050804724023,0.7921149195275977,0.0020549195275977317,0.67817,0.6752643167927271,0.6810653461703854
T-spiral_traversal_swarm-W-20-HS-weighted-D-5-C-5-H-3-RUNS-100000.csv,spiral_traversal_swarm,20,weighted,5,5,3,100000,2.0,401.0,275.85521,8914.6941658559,275.2700032920108,276.4404167079892,0.5852067079891867,0.0,5.0,3.83507,1.3692080950999999,3.827817448850138,3.842322551149862,0.007252551149862008,0.0,0.9975,0.6853202749999999,0.056079783861424364,0.6838525008427058,0.6867880491572941,0.001467774157294155,0.0,400.0,188.79112,6810.0727675456,188.27963612397062,189.3026038760294,0.5114838760293878,0.0,2000.0,943.9556,170251.81918864,941.3981806198532,946.5130193801468,2.5574193801468255,0.0,1.0,0.7985633333333333,0.09051993598888888,0.7966985508095656,0.8004281158571009,0.0018647825237676496,0.63275,0.6297534285668367,0.6357388701086488
T-spiral_traversal_swarm-W-20-HS-weighted-D-5-C-5-H-4-RUNS-100000.csv,spiral_traversal_swarm,20,weighted,5,5,4,100000,2.0,401.0,289.9493,8429.56170951,289.38023933308256,290.51836066691743,0.5690606669174372,0.0,5.0,3.90166,1.2801892443999998,3.8946471724666245,3.9086728275333757,0.007012827533375621,0.0,0.9975,0.7204608250000001,0.05315757232781938,0.7190318039019944,0.7218898460980058,0.0014290210980056894,0.0,400.0,194.248818,6794.813578802877,193.73790748098196,194.75972851901804,0.5109105190180401,0.0,2000.0,971.24409,169870.3394700719,968.6895374049097,973.7986425950903,2.5545525950902856,0.0,1.0,0.8057675,0.08186686094375,0.8039940859676841,0.8075409140323159,0.0017734140323159009,0.61299,0.609962947525768,0.6160104976504859
T-spiral_traversal_swarm-W-20-HS-weighted-D-5-C-5-H-5-RUNS-100000.csv,spiral_traversal_swarm,20,weighted,5,5,5,100000,2.0,401.0,298.40742,8397.659228943601,297.83943718605303,298.97540281394697,0.5679828139469691,0.0,5.0,3.93523,1.2447948470999999,3.928314796543398,3.9421452034566014,0.006915203456601571,0.0,0.9975,0.7415461499999999,0.05303681104517751,0.740118753021892,0.7429735469781078,0.0014273969781078977,0.0,400.0,197.47826600000002,6875.288566833245,196.96433887911277,197.99219312088726,0.5139271208872458,0.0,2000.0,987.39133,171882.21417083108,984.8216943955638,989.9609656044363,2.5696356044362574,0.0,1.0,0.809514,0.078128283804,0.8077815519775143,0.8112464480224856,0.001732448022485622,0.60013,0.5970859331471394,0.6031682581417136
T-together_traverse_best_permutation-W-20-HS-greedy-D-1-C-5-H-1-RUNS-100000.csv,together_traverse_best_permutation,20,greedy,1,5,1,100000,1.0,71.0,22.40222,160.6980790716,22.323649156771644,22.480790843228355,0.07857084322835561,0.0,1.0,0.66629,0.22234763589999998,0.663367380151177,0.6692126198488231,0.002922619848823027,0.0,0.1725,0.05216025,0.0009937405699375,0.051964864387083594,0.0523556356129164,0.00019538561291640444,0.0,69.0,21.06964,163.9412502704,20.99028026795416,21.14899973204584,0.07935973204584101,0.0,69.0,21.06964,163.9412502704,20.99028026795416,21.14899973204584,0.07935973204584101,0.0,1.0,0.33371,0.22234763590000006,0.330787380151177,0.33663261984882303,0.002922619848823027,0.33371,0.3307872908048756,0.33664235677661647
T-together_traverse_best_permutation-W-20-HS-greedy-D-1-C-5-H-2-RUNS-100000.csv,together_traverse_best_permutation,20,greedy,1,5,2,100000,2.0,73.0,25.91964,181.2265422704,25.836201406724108,26.003078593275895,0.08343859327589342,0.0,1.0,0.75398,0.18549415959999999,0.7513105536837775,0.7566494463162224,0.002669446316222457,0.0,0.1825,0.060354775,0.0011584999471993748,0.060143813074592566,0.06056573692540743,0.0002109619254074338,0.0,73.0,24.41168,191.02975957759998,24.326014375366004,24.497345624633997,0.08566562463399663,0.0,73.0,24.41168,191.02975957759998,24.326014375366004,24.497345624633997,0.08566562463399663,0.0,1.0,0.36828,0.17151984160000003,0.365713074556029,0.37084692544397097,0.0025669254439709688,0.24602,0.24335299827359097,0.24870173994424885
T-together_traverse_best_permutation-W-20-HS-greedy-D-1-C-5-H-3-RUNS-100000.csv,together_traverse_best_permutation,20,greedy,1,5,3,100000,2.0,73.0,27.1187,199.38491030999998,27.031181026545845,27.206218973454156,0.08751897345415571,0.0,1.0,0.77832,0.1725379776,0.7757454672370542,0.7808945327629458,0.002574532762945836,0.0,0.1775,0.0631925,0.00128572481875,0.06297025597952453,0.06341474402047546,0.000222244020475465,0.0,71.0,25.56206,211.8202485564,25.471853089685197,25.6522669103148,0.09020691031480155,0.0,71.0,25.56206,211.8202485564,25.471853089685197,25.6522669103148,0.09020691031480155,0.0,1.0,0.3944533333333334,0.1550710122666667,0.39201259409956907,0.3968940725670977,0.002440739233764311,0.22168,0.21910861440710014,0.2242675377108885
T-together_traverse_best_permutation-W-20-HS-greedy-D-1-C-5-H-4-RUNS-100000.csv,together_traverse_best_permutation,20,greedy,1,5,4,100000,2.0,75.0,27.86589,214.57326450789998,27.775098775042213,27.956681224957787,0.09079122495778691,0.0,1.0,0.78576,0.16834122240000002,0.7832169710187026,0.7883030289812974,0.002543028981297435,0.0,0.18,0.064961275,0.0013847006878743753,0.06473063532079154,0.06519191467920846,0.00023063967920845807,0.0,73.0,26.29437,228.6100763031,26.20065615528504,26.388083844714963,0.09371384471496214,0.0,73.0,26.29437,228.6100763031,26.20065615528504,26.388083844714963,0.09371384471496214,0.0,1.0,0.4161725,0.14697732524374998,0.41379630957695646,0.41854869042304355,0.002376190423043545,0.21424,0.21170033287506168,0.21679625154537543
T-together_traverse_best_permutation-W-20-HS-greedy-D-1-C-5-H-5-RUNS-100000.csv,together_traverse_best_permutation,20,greedy,1,5,5,100000,2.0,76.0,28.31508,225.78118459360005,28.221947782226835,28.408212217773162,0.09313221777316372,0.0,1.0,0.78936,0.16627079040000003,0.7868326577825695,0.7918873422174304,0.0025273422174304505,0.0,0.185,0.06607365,0.0014611770256775,0.06583672685503854,0.06631057314496146,0.0002369231449614595,0.0,74.0,26.73636,240.92795395039997,26.640154551718947,26.832565448281056,0.09620544828105437,0.0,74.0,26.73636,240.92795395039997,26.640154551718947,26.832565448281056,0.09620544828105437,0.0,1.0,0.43249200000000004,0.141809069936,0.4301579611762738,0.4348260388237263,0.0023340388237262366,0.21064,0.20811612350775077,0.2131806701137987
T-together_traverse_best_permutation-W-20-HS-greedy-D-10-C-5-H-1-RUNS-100000.csv,together_traverse_best_permutation,20,greedy,10,5,1,100000,1.0,74.0,27.82633,191.8275887311,27.740485672006276,27.91217432799372,0.08584432799372266,0.0,10.0,6.71086,5.4669780604,6.696367952899321,6.72535204710068,0.014492047100679528,0.0,0.1775,0.06824605,0.0011443555343974999,0.06803637987287309,0.06845572012712692,0.00020967012712691524,0.0,65.5,21.197238000000002,99.140502571356,21.135524293687862,21.258951706312143,0.06171370631214046,0.0,655.0,211.97238,9914.0502571356,211.35524293687857,212.5895170631214,0.6171370631214188,0.0,1.0,0.89535,0.0936983775,0.8934527607240941,0.8972472392759059,0.0018972392759059042,0.89535,0.893436315712273,0.8972407194052445
T-together_traverse_best_permutation-W-20-HS-greedy-D-10-C-5-H-2-RUNS-100000.csv,together_traverse_best_permutation,20,greedy,10,5,2,100000,2.0,74.0,36.04777,134.7244880271,35.97582852425722,36.11971147574278,0.07194147574278276,0.0,10.0,7.52798,4.1245371196,7.515392378382453,7.540567621617548,0.012587621617547562,0.0,0.1825,0.08808020000000001,0.0008246826179600001,0.08790220840623347,0.08825819159376655,0.00017799159376653828,0.0,63.9,24.370730999999996,86.00698522563901,24.313250182813494,24.428211817186497,0.057480817186501554,0.0,639.0,243.70731,8600.6985225639,243.132501828135,244.28211817186502,0.5748081718650155,0.0,1.0,0.90011,0.0523869879,0.8986913744231946,0.9015286255768054,0.001418625576805388,0.82506,0.822690883773943,0.8274102470659286
T-together_traverse_best_permutation-W-20-HS-greedy-D-10-C-5-H-3-RUNS-100000.csv,together_traverse_best_permutation,20,greedy,10,5,3,100000,2.0,73.0,39.90055,106.3979796975,39.83661734177231,39.964482658227695,0.06393265822769223,0.0,10.0,7.77058,3.6566864636000003,7.758727773745592,7.782432226254407,0.011852226254407405,0.0,0.18,0.09735529999999999,0.00067178168691,0.09719465391295043,0.09751594608704955,0.0001606460870495624,0.0,65.2,25.63218,83.66538324759999,25.575487060732048,25.688872939267956,0.056692939267954046,0.0,652.0,256.3218,8366.53832476,255.75487060732047,256.8887293926795,0.5669293926795262,0.0,1.0,0.90541,0.042307176344444454,0.9041351382481038,0.9066848617518963,0.0012748617518962835,0.79689,0.7943828854462616,0.799379883302746
T-together_traverse_best_permutation-W-20-HS-greedy-D-10-C-5-H-4-RUNS-100000.csv,together_traverse_best_permutation,20,greedy,10,5,4,100000,2.0,78.0,42.11324,94.7729367024,42.052900981642395,42.1735790183576,0.06033901835760247,0.0,10.0,7.8702,3.47239196,7.8586503069506,7.881749693049399,0.011549693049399679,0.0,0.1875,0.10276150000000002,0.00061436049275,0.10260787294284704,0.102915127057153,0.0001536270571529802,0.0,66.7,26.2629,83.80578479,26.206159511559267,26.31964048844073,0.056740488440730985,0.0,667.0,262.629,8380.578479,262.0615951155927,263.19640488440734,0.5674048844073241,0.0,1.0,0.9091475,0.03864269824375,0.9079291002725985,0.9103658997274015,0.0012183997274014535,0.78603,0.7834749069107572,0.7885684929790511
T-together_traverse_best_permutation-W-20-HS-greedy-D-10-C-5-H-5-RUNS-100000.csv,together_traverse_best_permutation,20,greedy,10,5,5,100000,2.0,76.0,43.5888,89.75743456000001,43.530079291505835,43.64752070849416,0.05872070849416389,0.0,10.0,7.88887,3.4528801231000004,7.877352802302252,7.900387197697747,0.011517197697747505,0.0,0.19,0.106379675,0.0005910116843943751,0.10622899552273886,0.10653035447726115,0.00015067947726114805,0.0,65.2,26.733836,84.581583125104,26.67683349042951,26.79083850957049,0.057002509570491355,0.0,652.0,267.33836,8458.1583125104,266.7683349042951,267.90838509570494,0.5700250957049207,0.0,1.0,0.9117540000000001,0.037046643484000004,0.9105610273028769,0.9129469726971232,0.0011929726971231513,0.78083,0.7782528812063648,0.7833908208383373
T-together_traverse_best_permutation-W-20-HS-greedy-D-5-C-5-H-1-RUNS-100000.csv,together_traverse_best_permutation,20,greedy,5,5,1,100000,1.0,71.0,27.38777,188.92562442710002,27.302577472229125,27.472962527770875,0.08519252777087516,0.0,5.0,3.35355,1.8268723974999999,3.3451725821387277,3.361927417861272,0.008377417861272107,0.0,0.1725,0.066504525,0.0011250432170243749,0.06629663161332017,0.06671241838667982,0.0002078933866798277,0.0,66.8,21.191502000000003,107.085116983996,21.127363229712,21.255640770288007,0.06413877028800385,0.0,334.0,105.95751,2677.1279245999,105.63681614855999,106.27820385144001,0.32069385144001217,0.0,1.0,0.76348,0.1805782896,0.760846163335878,0.7661138366641221,0.002633836664122091,0.76348,0.7608335921823824,0.7661111178130332
T-together_traverse_best_permutation-W-20-HS-greedy-D-5-C-5-H-2-RUNS-100000.csv,together_traverse_best_permutation,20,greedy,5,5,2,100000,2.0,72.0,34.64359,146.0489219119,34.568685958826194,34.71849404117381,0.07490404117380933,0.0,5.0,3.76529,1.4337012159,3.7578686075491174,3.772711392450882,0.007421392450882358,0.0,0.18,0.0838137,0.0009122226923100001,0.0836264997143491,0.08400090028565091,0.00018720028565090419,0.0,67.6,24.360492,97.423698317936,24.299314971675784,24.421669028324217,0.061177028324216565,0.0,338.0,121.80246,2435.5924579484,121.49657485837892,122.10834514162107,0.3058851416210757,0.0,1.0,0.782285,0.10957267877499999,0.7802333314039981,0.7843366685960019,0.002051668596001921,0.6608,0.6578560249430455,0.6637346460712854
T-together_traverse_best_permutation-W-20-HS-greedy-D-5-C-5-H-3-RUNS-100000.csv,together_traverse_best_permutation,20,greedy,5,5,3,100000,2.0,76.0,37.79764,134.00235043039996,37.7258915903024,37.8693884096976,0.07174840969759799,0.0,5.0,3.89177,1.2940562671000002,3.8847192932583385,3.898820706741662,0.007050706741661639,0.0,0.1825,0.09136825000000001,0.0008648101419375,0.09118597946916007,0.09155052053083995,0.00018227053083993972,0.0,68.0,25.577876,98.637177728624,25.516319149693775,25.639432850306225,0.06155685030622493,0.0,340.0,127.88938,2465.9294432156,127.58159574846889,128.19716425153112,0.30778425153111755,0.0,1.0,0.7936733333333332,0.0907759732888889,0.7918059153860418,0.7955407512806246,0.0018674179472913943,0.62314,0.6201279406102869,0.6261449156602353
T-together_traverse_best_permutation-W-20-HS-greedy-D-5-C-5-H-4-RUNS-100000.csv,together_traverse_best_permutation,20,greedy,5,5,4,100000,2.0,73.0,39.72293,132.0535822151,39.651705212079115,39.79415478792088,0.07122478792088316,0.0,5.0,3.93323,1.2497917670999996,3.9263009307605627,3.9401590692394373,0.006929069239437258,0.0,0.1825,0.09600389999999999,0.0008695539347900001,0.09582113024331444,0.09618666975668554,0.00018276975668554685,0.0,71.4,26.288562,100.71856837215599,26.22635906982316,26.350764930176837,0.06220293017683787,0.0,357.0,131.44281,2517.9642093039,131.1317953491158,131.7538246508842,0.31101465088420355,0.0,1.0,0.8025375,0.08282418609375,0.800753747233225,0.804321252766775,0.0017837527667750042,0.60873,0.605697067639291,0.6117566246972799
T-together_traverse_best_permutation-W-20-HS-greedy-D-5-C-5-H-5-RUNS-100000.csv,together_traverse_best_permutation,20,greedy,5,5,5,100000,2.0,74.0,40.89737,133.7284970831,40.825694941967626,40.96904505803238,0.07167505803237617,0.0,5.0,3.94886,1.2217047004,3.9420092330523824,3.9557107669476173,0.006850766947617437,0.0,0.185,0.0988933,0.00089104521511,0.09870828542494262,0.09907831457505739,0.00018501457505738783,0.0,66.0,26.691354,102.34577964668401,26.628650607181854,26.754057392818147,0.06270339281814685,0.0,330.0,133.45677,2558.6444911671,133.14325303590925,133.77028696409076,0.313516964090752,0.0,1.0,0.81107,0.0781738551,0.8093370467930374,0.8128029532069625,0.0017329532069625397,0.60733,0.6042951881646254,0.6103585853975824
T-together_traverse_best_permutation-W-20-HS-random-D-1-C-5-H-1-RUNS-100000.csv,together_traverse_best_permutation,20,random,1,5,1,100000,1.0,71.0,20.86117,144.6188962311,20.786633569191878,20.935706430808125,0.07453643080812355,0.0,1.0,0.56751,0.24544239990000002,0.5644393461226379,0.570580653877362,0.0030706538773620506,0.0,0.1725,0.048866450000000006,0.0009016085643975,0.04868034198133908,0.04905255801866093,0.0001861080186609243,0.0,69.0,19.72615,148.7769161775,19.65054964277945,19.801750357220552,0.07560035722055147,0.0,69.0,19.72615,148.7769161775,19.65054964277945,19.801750357220552,0.07560035722055147,0.0,1.0,0.43249,0.24544239990000002,0.429419346122638,0.435560653877362,0.003070653877361995,0.43249,0.42941639762346206,0.43556751865064325
T-together_traverse_best_permutation-W-20-HS-random-D-1-C-5-H-2-RUNS-100000.csv,together_traverse_best_permutation,20,random,1,5,2,100000,2.0,70.0,25.2007,168.67591950999997,25.120202458895342,25.28119754110466,0.08049754110465912,0.0,1.0,0.69606,0.2115604764,0.6932091567455606,0.6989108432544394,0.0028508432544394058,0.0,0.175,0.05888184999999999,0.0010895671155774999,0.05867726063001214,0.05908643936998784,0.00020458936998785093,0.0,70.0,23.80858,179.66823838359997,23.725500910899648,23.89165908910035,0.08307908910035167,0.0,70.0,23.80858,179.66823838359997,23.725500910899648,23.89165908910035,0.08307908910035167,0.0,1.0,0.434195,0.18054220197499998,0.4315614265282564,0.4368285734717436,0.002633573471743589,0.30394,0.3010899281097717,0.3068014472737039
T-together_traverse_best_permutation-W-20-HS-random-D-1-C-5-H-3-RUNS-100000.csv,together_traverse_best_permutation,20,random,1,5,3,100000,2.0,71.0,26.78682,192.6802942876,26.700785087404284,26.872854912595713,0.08603491259571427,0.0,1.0,0.74817,0.18841165110000002,0.7454796427767567,0.7508603572232433,0.0026903572232432893,0.0,0.1775,0.06251825,0.0012496095419375001,0.06229914956603632,0.06273735043396367,0.0002191004339636704,0.0,71.0,25.29048,206.1384413696,25.201491155959555,25.379468844040442,0.08898884404044338,0.0,71.0,25.29048,206.1384413696,25.201491155959555,25.379468844040442,0.08898884404044338,0.0,1.0,0.43214,0.1591616870666667,0.4296672777409598,0.43461272225904024,0.0024727222590402165,0.25183,0.24914191960788767,0.2545324811840453
T-together_traverse_best_permutation-W-20-HS-random-D-1-C-5-H-4-RUNS-100000.csv,together_traverse_best_permutation,20,random,1,5,4,100000,2.0,77.0,27.77141,212.3646766119,27.681087237549317,27.861732762450682,0.0903227624506826,0.0,1.0,0.77366,0.1751102044,0.7710663474380267,0.7762536525619733,0.002593652561973303,0.0,0.185,0.06478815,0.0013747228695775,0.0645583427900224,0.0650179572099776,0.0002298072099776033,0.0,75.0,26.22409,226.9714336719,26.130712622675834,26.317467377324167,0.09337737732416684,0.0,75.0,26.22409,226.9714336719,26.130712622675834,26.317467377324167,0.09337737732416684,0.0,1.0,0.4329725,0.14853793924374997,0.4305837276219807,0.43536127237801925,0.002388772378019266,0.22634,0.22374936012319058,0.22894652125440565
T-together_traverse_best_permutation-W-20-HS-random-D-1-C-5-H-5-RUNS-100000.csv,together_traverse_best_permutation,20,random,1,5,5,100000,2.0,72.0,28.26693,226.92659837509999,28.173561845883203,28.360298154116794,0.09336815411679567,0.0,1.0,0.78928,0.16631708160000003,0.7867523059902857,0.7918076940097143,0.0025276940097143097,0.0,0.18,0.06594795,0.0014684508907974998,0.06571043787521291,0.0661854621247871,0.0002375121247870926,0.0,72.0,26.68837,242.15487674309998,26.591919900233524,26.784820099766474,0.096450099766475,0.0,72.0,26.68837,242.15487674309998,26.591919900233524,26.784820099766474,0.096450099766475,0.0,1.0,0.43227600000000005,0.14204065982399997,0.42994005608205194,0.43461194391794816,0.0023359439179481134,0.21072,0.20819576940732984,0.2132610195651067
T-together_traverse_best_permutation-W-20-HS-random-D-10-C-5-H-1-RUNS-100000.csv,together_traverse_best_permutation,20,random,10,5,1,100000,1.0,75.0,27.34122,188.0216889116,27.25623152312679,27.42620847687321,0.08498847687321032,0.0,10.0,5.68008,8.6691511936,5.661830777763057,5.698329222236944,0.018249222236943474,0.0,0.1775,0.06714915,0.0011305725292775,0.06694074636691093,0.06735755363308908,0.00020840363308907706,0.0,66.0,19.752341,85.969753519719,19.6948726256432,19.809809374356803,0.05746837435680163,0.0,660.0,197.52341,8596.9753519719,196.948726256432,198.09809374356803,0.5746837435680163,0.0,1.0,0.91182,0.08040428759999999,0.9100624986166601,0.9135775013833398,0.0017575013833398545,0.91182,0.9100455641721094,0.913570507635585
T-together_traverse_best_permutation-W-20-HS-random-D-10-C-5-H-2-RUNS-100000.csv,together_traverse_best_permutation,20,random,10,5,2,100000,2.0,74.0,35.63092,134.8842199536,35.558935889296755,35.70290411070325,0.07198411070324795,0.0,10.0,6.97967,5.6253566911,6.964969533931018,6.994370466068982,0.01470046606898201,0.0,0.1825,0.08718417499999999,0.000829368442069375,0.08700567845081615,0.08736267154918383,0.0001784965491838375,0.0,66.1,23.775766,78.387385113244,23.720890415387988,23.830641584612014,0.05487558461201303,0.0,661.0,237.75766,7838.738511324401,237.20890415387984,238.30641584612013,0.5487558461201445,0.0,1.0,0.910575,0.053865669374999994,0.9091364925948366,0.9120135074051634,0.0014385074051633806,0.85545,0.8532552052626251,0.8576241568411066
T-together_traverse_best_permutation-W-20-HS-random-D-10-C-5-H-3-RUNS-100000.csv,together_traverse_best_permutation,20,random,10,5,3,100000,2.0,72.0,39.57688,106.76352946559999,39.512837609757675,39.64092239024233,0.06404239024232794,0.0,10.0,7.47856,4.3700603264,7.46560313936561,7.491516860634389,0.0129568606343895,0.0,0.18,0.09671149999999999,0.0006750295177500002,0.09655046604720158,0.0968725339527984,0.00016103395279841448,0.0,69.0,25.338655,79.379510090975,25.283433235634355,25.393876764365643,0.05522176436564408,0.0,690.0,253.38655,7937.9510090975,252.83433235634354,253.93876764365646,0.5522176436564621,0.0,1.0,0.9128933333333333,0.04350353973333334,0.9116005719545802,0.9141860947120865,0.0012927613787531156,0.82356,0.8211830047679652,0.8259182133209818
T-together_traverse_best_permutation-W-20-HS-random-D-10-C-5-H-4-RUNS-100000.csv,together_traverse_best_permutation,20,random,10,5,4,100000,2.0,72.0,42.0133,94.59824311000001,41.953016618315544,42.07358338168446,0.06028338168445657,0.0,10.0,7.73858,3.7488195836000004,7.726579389468715,7.750580610531284,0.01200061053128465,0.0,0.18,0.10259727500000002,0.000613724475074375,0.10244372748476627,0.10275082251523376,0.00015354751523374843,0.0,65.4,26.212281,81.670783477039,26.15626792279428,26.26829407720572,0.05601307720571924,0.0,654.0,262.12281,8167.0783477039,261.5626792279428,262.68294077205724,0.5601307720572208,0.0,1.0,0.9126225,0.03922079749375,0.9113950204048458,0.9138499795951542,0.001227479595154235,0.79956,0.7970651048261609,0.8020375087299861
T-together_traverse_best_permutation-W-20-HS-random-D-10-C-5-H-5-RUNS-100000.csv,together_traverse_best_permutation,20,random,10,5,5,100000,2.0,75.0,43.70602,89.19413575959999,43.64748384092426,43.764556159075745,0.058536159075742944,0.0,10.0,7.89656,3.4281201663999994,7.885084170430317,7.908035829569683,0.011475829569683071,0.0,0.1875,0.10661857500000001,0.0005873840274693749,0.10646835867332656,0.10676879132667345,0.00015021632667344686,0.0,68.9,26.722552,84.828934207296,26.665466201971878,26.779637798028123,0.057085798028122525,0.0,689.0,267.22552,8482.8934207296,266.6546620197188,267.79637798028125,0.5708579802812324,0.0,1.0,0.9121020000000001,0.036638341596,0.910915619567444,0.9132883804325561,0.0011863804325560334,0.77992,0.7773390879860598,0.7824846669327313
T-together_traverse_best_permutation-W-20-HS-random-D-5-C-5-H-1-RUNS-100000.csv,together_traverse_best_permutation,20,random,5,5,1,100000,1.0,71.0,26.37502,181.19765999959998,26.291588055838638,26.45845194416136,0.08343194416136157,0.0,5.0,2.8373,2.60500871,2.827296299954349,2.847303700045651,0.010003700045650987,0.0,0.175,0.06427605,0.0010914103963975,0.06407128764557907,0.06448081235442094,0.00020476235442093427,0.0,65.6,19.72659,92.6573761719,19.66692823868658,19.786251761313423,0.05966176131342138,0.0,328.0,98.63295,2316.4344042975004,98.33464119343289,98.9312588065671,0.2983088065671069,0.0,1.0,0.81173,0.15282440709999998,0.8093070054842915,0.8141529945157084,0.0024229945157084876,0.81173,0.8092930225050058,0.8141488835470924
T-together_traverse_best_permutation-W-20-HS-random-D-5-C-5-H-2-RUNS-100000.csv,together_traverse_best_permutation,20,random,5,5,2,100000,2.0,76.0,33.89746,143.9553655484,33.82309475729276,33.97182524270725,0.07436524270724476,0.0,5.0,3.48379,1.8380972359,3.475386884898186,3.4921931151018137,0.008403115101813796,0.0,0.19,0.082272275,0.000903050953824375,0.08208601817343486,0.08245853182656515,0.00018625682656514542,0.0,68.2,23.743254000000004,89.15239629148401,23.684731538876658,23.80177646112335,0.05852246112334569,0.0,341.0,118.71627,2228.8099072871,118.42365769438327,119.00888230561672,0.29261230561672846,0.0,1.0,0.811115,0.106449956775,0.8090927780686907,0.8131372219313093,0.002022221931309298,0.7176,0.7147986047014235,0.7203887695298663
T-together_traverse_best_permutation-W-20-HS-random-D-5-C-5-H-3-RUNS-100000.csv,together_traverse_best_permutation,20,random,5,5,3,100000,2.0,74.0,37.39215,130.9696483775,37.32121813119571,37.463081868804295,0.07093186880429414,0.0,5.0,3.73537,1.4974609631,3.7277853800122585,3.7429546199877417,0.007584619987741625,0.0,0.1825,0.09056202499999999,0.000848260440399375,0.09038150693143514,0.09074254306856484,0.00018051806856485275,0.0,70.8,25.364743999999998,92.61331701446399,25.305096425142107,25.42439157485789,0.05964757485789107,0.0,354.0,126.82372,2315.3329253616,126.52548212571054,127.12195787428945,0.29823787428945536,0.0,1.0,0.8104766666666667,0.09121312834444445,0.8086047576041105,0.8123485757292229,0.0018719090625561874,0.66353,0.6605917470019496,0.6664587655862806
T-together_traverse_best_permutation-W-20-HS-random-D-5-C-5-H-4-RUNS-100000.csv,together_traverse_best_permutation,20,random,5,5,4,100000,2.0,75.0,39.49668,130.6574289776,39.425832729116756,39.56752727088324,0.07084727088324172,0.0,5.0,3.87254,1.3241139483999997,3.8654078781949734,3.8796721218050263,0.007132121805026426,0.0,0.1875,0.0955592,0.00086303479536,0.09537711665452725,0.09574128334547274,0.00018208334547274718,0.0,69.0,26.150138,98.044096580956,26.08876649183657,26.211509508163427,0.061371508163428956,0.0,345.0,130.75069,2451.1024145239003,130.44383245918283,131.05754754081715,0.30685754081716254,0.0,1.0,0.809635,0.08313241677499998,0.8078479311924751,0.8114220688075249,0.001787068807524883,0.62672,0.6237135623130307,0.6297190862397998
T-together_traverse_best_permutation-W-20-HS-random-D-5-C-5-H-5-RUNS-100000.csv,together_traverse_best_permutation,20,random,5,5,5,100000,2.0,75.0,40.88058,133.7650188636,40.80889515526512,40.952264844734884,0.07168484473488235,0.0,5.0,3.94582,1.2234445276,3.9389643567061667,3.952675643293833,0.006855643293833147,0.0,0.1825,0.0988527,0.00089118495271,0.09866767091811472,0.09903772908188528,0.00018502908188527956,0.0,68.6,26.734288,102.703403533056,26.671475151393,26.797100848607,0.06281284860699898,0.0,343.0,133.67144,2567.5850883263997,133.35737575696498,133.985504243035,0.3140642430350056,0.0,1.0,0.8102559999999999,0.07857721446400001,0.8085185817225408,0.811993418277459,0.0017374182774591018,0.6067,0.6036643509111339,0.6097294592021978
T-together_traverse_best_permutation-W-20-HS-weighted-D-1-C-5-H-1-RUNS-100000.csv,together_traverse_best_permutation,20,weighted,1,5,1,100000,1.0,69.0,21.99084,155.3988960944,21.913575493320913,22.068104506679084,0.0772645066790858,0.0,1.0,0.63177,0.23263666709999997,0.628780523423187,0.6347594765768131,0.0029894765768130327,0.0,0.1725,0.05133649999999999,0.00096434614275,0.051144025790247405,0.05152897420975258,0.00019247420975258833,0.0,69.0,20.7273,158.98933470999998,20.64914800525758,20.80545199474242,0.07815199474242007,0.0,69.0,20.7273,158.98933470999998,20.64914800525758,20.80545199474242,0.07815199474242007,0.0,1.0,0.36823,0.23263666709999997,0.365240523423187,0.371219476576813,0.002989476576812977,0.36823,0.36523943546552967,0.3712282089961053
T-together_traverse_best_permutation-W-20-HS-weighted-D-1-C-5-H-2-RUNS-100000.csv,together_traverse_best_permutation,20,weighted,1,5,2,100000,2.0,75.0,25.60985,177.62993297750003,25.527243514145297,25.692456485854706,0.0826064858547042,0.0,1.0,0.73623,0.19419538709999998,0.7334986615019677,0.7389613384980324,0.0027313384980323097,0.0,0.175,0.05968082500000001,0.001138254439819375,0.05947171454459402,0.059889935455405996,0.00020911045540598916,0.0,73.0,24.13739,187.80847398790002,24.05244972488437,24.22233027511563,0.08494027511563118,0.0,73.0,24.13739,187.80847398790002,24.05244972488437,24.22233027511563,0.08494027511563118,0.0,1.0,0.389075,0.175043144375,0.38648184411685105,0.39166815588314896,0.0025931558831489565,0.26377,0.2610405935164699,0.266513113916716
T-together_traverse_best_permutation-W-20-HS-weighted-D-1-C-5-H-3-RUNS-100000.csv,together_traverse_best_permutation,20,weighted,1,5,3,100000,2.0,75.0,27.05791,199.09383643190003,26.970454932563243,27.145365067436757,0.0874550674367569,0.0,1.0,0.7687,0.17780031,0.7660865010600806,0.7713134989399195,0.0026134989399194675,0.0,0.1775,0.063071925,0.001284876464294375,0.06284975431279682,0.06329409568720318,0.000222170687203177,0.0,73.0,25.52051,211.98373933989998,25.430268283867818,25.610751716132185,0.09024171613218357,0.0,73.0,25.52051,211.98373933989998,25.430268283867818,25.610751716132185,0.09024171613218357,0.0,1.0,0.40689666666666663,0.15672065821111109,0.40444297948085056,0.4093503538524827,0.002453687185816067,0.2313,0.22868937058818617,0.23392622264293175
T-together_traverse_best_permutation-W-20-HS-weighted-D-1-C-5-H-4-RUNS-100000.csv,together_traverse_best_permutation,20,weighted,1,5,4,100000,2.0,72.0,27.79974,213.11287593240002,27.709258265700644,27.890221734299356,0.09048173429935602,0.0,1.0,0.78202,0.17046471959999998,0.7794609820891301,0.78457901791087,0.0025590179108699873,0.0,0.18,0.064857075,0.0013795422599443747,0.06462686532284019,0.06508728467715981,0.00023020967715980944,0.0,72.0,26.2357,227.28038551,26.1422590919899,26.329140908010103,0.09344090801010196,0.0,72.0,26.2357,227.28038551,26.1422590919899,26.329140908010103,0.09344090801010196,0.0,1.0,0.4211175,0.14757192619374998,0.4187365079553558,0.4234984920446442,0.0023809920446442034,0.21798,0.2154242360291694,0.2205521310699795
T-together_traverse_best_permutation-W-20-HS-weighted-D-1-C-5-H-5-RUNS-100000.csv,together_traverse_best_permutation,20,weighted,1,5,5,100000,2.0,75.0,28.28377,225.8375845871,28.190626150769372,28.37691384923063,0.09314384923062846,0.0,1.0,0.79048,0.16562136959999998,0.7879575982606742,0.7930024017393257,0.002522401739325719,0.0,0.1875,0.06597925,0.0014598666944375001,0.06574243311096227,0.06621606688903774,0.00023681688903773312,0.0,75.0,26.70281,240.94572810389997,26.606601003067077,26.799018996932922,0.09620899693292273,0.0,75.0,26.70281,240.94572810389997,26.606601003067077,26.799018996932922,0.09620899693292273,0.0,1.0,0.431486,0.14154663180399998,0.42915412191412533,0.43381787808587463,0.00233187808587465,0.20952,0.20700109629883873,0.21205576241057558
T-together_traverse_best_permutation-W-20-HS-weighted-D-10-C-5-H-1-RUNS-100000.csv,together_traverse_best_permutation,20,weighted,10,5,1,100000,1.0,73.0,27.57217,192.71005149110002,27.486128444120983,27.658211555879017,0.0860415558790173,0.0,10.0,6.30739,6.9073613879,6.2911003347156065,6.323679665284393,0.01628966528439335,0.0,0.1825,0.06765485,0.0011530995214774997,0.06744438035559236,0.06786531964440765,0.00021046964440764315,0.0,64.8,20.627178999999998,95.51539120195899,20.566604093739944,20.687753906260053,0.06057490626005446,0.0,648.0,206.27179,9551.539120195901,205.66604093739946,206.87753906260056,0.6057490626005517,0.0,1.0,0.90188,0.0884924656,0.9000362194928654,0.9037237805071346,0.0018437805071346292,0.90188,0.9000195807202827,0.9037170727335835
T-together_traverse_best_permutation-W-20-HS-weighted-D-10-C-5-H-2-RUNS-100000.csv,together_traverse_best_permutation,20,weighted,10,5,2,100000,2.0,73.0,35.81456,133.7720320064,35.74287327611365,35.88624672388635,0.07168672388635144,0.0,10.0,7.35701,4.6078538599,7.343705289785872,7.370314710214128,0.013304710214128157,0.0,0.1825,0.08755790000000001,0.0008207697725900001,0.08738033116381579,0.08773546883618423,0.00017756883618422203,0.0,66.8,24.15529,82.8890060159,24.09886071633357,24.211719283666433,0.056429283666432184,0.0,668.0,241.5529,8288.90060159,240.98860716333567,242.11719283666432,0.5642928366643218,0.0,1.0,0.905265,0.052357779775,0.9038467699524279,0.9066832300475721,0.0014182300475721332,0.83846,0.8361641697283009,0.8407361814859361
T-together_traverse_best_permutation-W-20-HS-weighted-D-10-C-5-H-3-RUNS-100000.csv,together_traverse_best_permutation,20,weighted,10,5,3,100000,2.0,72.0,39.76537,107.2206587631,39.70119065108585,39.82954934891414,0.0641793489141449,0.0,10.0,7.68867,3.8772236310999997,7.676465598211615,7.7008744017883854,0.012204401788385333,0.0,0.18,0.097083275,0.0006772986527743749,0.09692197061368338,0.09724457938631662,0.0001613043863166186,0.0,65.1,25.474722999999997,82.083129973271,25.41856869899773,25.530877301002263,0.05615430100226604,0.0,651.0,254.74723,8208.3129973271,254.18568698997734,255.30877301002266,0.5615430100226604,0.0,1.0,0.9072866666666666,0.042995348933333344,0.9060014782273228,0.9085718551060104,0.0012851884393437762,0.80471,0.8022391626399167,0.8071631515469956
T-together_traverse_best_permutation-W-20-HS-weighted-D-10-C-5-H-4-RUNS-100000.csv,together_traverse_best_permutation,20,weighted,10,5,4,100000,2.0,73.0,42.10331,95.2414370439,42.0428220256127,42.1637979743873,0.060487974387299914,0.0,10.0,7.83175,3.5953819374999996,7.819997545255948,7.843502454744053,0.01175245474405262,0.0,0.1825,0.1027443,0.0006174939425099999,0.1025902816657165,0.10289831833428349,0.00015401833428349554,0.0,63.5,26.24518,84.1423281676,26.18832569779791,26.30203430220209,0.05685430220209042,0.0,635.0,262.4518,8414.23281676,261.8832569779791,263.0203430220209,0.56854302202089,0.0,1.0,0.90881,0.0395031339,0.9075781102354908,0.9100418897645092,0.0012318897645091642,0.78762,0.7850717622201798,0.7901515452739842
T-together_traverse_best_permutation-W-20-HS-weighted-D-10-C-5-H-5-RUNS-100000.csv,together_traverse_best_permutation,20,weighted,10,5,5,100000,2.0,74.0,43.62666,89.73357724440001,43.56794709593777,43.685372904062234,0.05871290406223295,0.0,10.0,7.89609,3.4466927119,7.884583126088274,7.907596873911726,0.01150687391172589,0.0,0.18,0.1064439,0.00059111490279,0.10629320736545676,0.10659459263454323,0.00015069263454323134,0.0,65.2,26.707792,84.62856848473601,26.650773660082834,26.76481033991717,0.05701833991716754,0.0,652.0,267.07792,8462.8568484736,266.5077366008283,267.6481033991717,0.5701833991716967,0.0,1.0,0.911728,0.036861654016,0.9105380095375681,0.9129179904624318,0.0011899904624318447,0.77979,0.7772085475721794,0.7823552148999604
T-together_traverse_best_permutation-W-20-HS-weighted-D-5-C-5-H-1-RUNS-100000.csv,together_traverse_best_permutation,20,weighted,5,5,1,100000,1.0,75.0,26.98964,185.7682126704,26.90516236001198,27.074117639988025,0.08447763998802316,0.0,5.0,3.16307,2.1679781750999996,3.153943935701813,3.172196064298187,0.009126064298186964,0.0,0.18,0.065631025,0.0011122928699493749,0.06542431301947643,0.06583773698052356,0.00020671198052356343,0.0,66.0,20.659637999999998,101.69991730895602,20.59713276803226,20.722143231967735,0.06250523196773727,0.0,330.0,103.29819,2542.4979327239002,102.98566384016131,103.6107161598387,0.312526159838697,0.0,1.0,0.78086,0.1711176604,0.7782960857966916,0.7834239142033084,0.0025639142033083706,0.78086,0.7782830065657216,0.7834206937358832
T-together_traverse_best_permutation-W-20-HS-weighted-D-5-C-5-H-2-RUNS-100000.csv,together_traverse_best_permutation,20,weighted,5,5,2,100000,2.0,73.0,34.34659,145.2438253719,34.27189269887414,34.42128730112586,0.07469730112585893,0.0,5.0,3.68046,1.5684541884,3.6726976719921423,3.688222328007858,0.0077623280078578105,0.0,0.18,0.08315360000000001,0.0009084251820399999,0.08296678977064077,0.08334041022935924,0.00018681022935923552,0.0,68.4,24.159978,94.64721223951601,24.099679017376797,24.2202769826232,0.06029898262320188,0.0,342.0,120.79989,2366.1803059879003,120.49839508688399,121.10138491311602,0.3014949131160165,0.0,1.0,0.78989,0.11015878790000001,0.7878328514890833,0.7919471485109166,0.002057148510916651,0.67828,0.6753745736975131,0.6811750828815184
T-together_traverse_best_permutation-W-20-HS-weighted-D-5-C-5-H-3-RUNS-100000.csv,together_traverse_best_permutation,20,weighted,5,5,3,100000,2.0,74.0,37.74902,132.2270290396,37.677748452047226,37.82029154795278,0.0712715479527759,0.0,5.0,3.84575,1.3446169374999997,3.838562872321226,3.8529371276787736,0.00718712767877383,0.0,0.1825,0.091298525,0.000853530145324375,0.09111744707737336,0.09147960292262665,0.00018107792262664346,0.0,67.8,25.52652,95.9924246896,25.465794017201237,25.587245982798766,0.06072598279876473,0.0,339.0,127.6326,2399.81061724,127.32897008600618,127.93622991399381,0.30362991399381656,0.0,1.0,0.8000366666666666,0.09053799865555555,0.7981716980995449,0.8019016352337883,0.0018649685671217053,0.637,0.634010684257662,0.6399813678158831
T-together_traverse_best_permutation-W-20-HS-weighted-D-5-C-5-H-4-RUNS-100000.csv,together_traverse_best_permutation,20,weighted,5,5,4,100000,2.0,72.0,39.6196,130.79661584,39.54871500303936,39.690484996960635,0.07088499696063622,0.0,5.0,3.91384,1.2665164543999998,3.9068647225064352,3.9208152774935647,0.006975277493564747,0.0,0.18,0.095807225,0.000862009450299375,0.09562524985048033,0.09598920014951966,0.00018197514951966143,0.0,71.0,26.215296000000002,99.574365232384,26.15344740410028,26.277144595899724,0.061848595899721914,0.0,355.0,131.07648,2489.3591308096,130.7672370205014,131.3857229794986,0.309242979498606,0.0,1.0,0.8055675,0.08290162794375001,0.8037829135103371,0.8073520864896628,0.0017845864896628427,0.61692,0.6138985877016631,0.6199346294573872
T-together_traverse_best_permutation-W-20-HS-weighted-D-5-C-5-H-5-RUNS-100000.csv,together_traverse_best_permutation,20,weighted,5,5,5,100000,2.0,76.0,40.78242,132.4868589436,40.7110784610961,40.8537615389039,0.07134153890390138,0.0,5.0,3.95333,1.2279519111,3.9464617396222317,3.960198260377768,0.0068682603777681095,0.0,0.1875,0.09860997499999999,0.0008831101429993751,0.09842578607727806,0.09879416392272192,0.00018418892272192844,0.0,72.2,26.61679,102.2935352959,26.554102613294802,26.6794773867052,0.0626873867051998,0.0,361.0,133.08395,2557.3383823975,132.770513066474,133.39738693352598,0.3134369335259919,0.0,1.0,0.8092539999999999,0.078315563484,0.8075194768128383,0.8109885231871615,0.0017345231871616074,0.60271,0.5996691706477605,0.6057448709564583
T-traverse_ordered_qa-W-20-HS-greedy-D-1-C-5-H-1-RUNS-100000.csv,traverse_ordered_qa,20,greedy,1,5,1,100000,1.0,40.0,19.91256,67.6396142464,19.86158507066322,19.963534929336777,0.050974929336778274,0.0,1.0,0.53894,0.24848367639999996,0.5358503804582793,0.5420296195417207,0.0030896195417207117,0.0,0.0975,0.0470867,0.00042552280811000004,0.04695884506581147,0.04721455493418853,0.00012785493418852878,0.0,39.0,18.83468,68.08364929759999,18.783538026324585,18.885821973675412,0.05114197367541351,0.0,39.0,18.83468,68.08364929759999,18.783538026324585,18.885821973675412,0.05114197367541351,0.0,1.0,0.46106,0.24848367639999996,0.4579703804582793,0.46414961954172074,0.0030896195417207117,0.46106,0.4579666040925667,0.46415565479703647
T-traverse_ordered_qa-W-20-HS-greedy-D-1-C-5-H-2-RUNS-100000.csv,traverse_ordered_qa,20,greedy,1,5,2,100000,2.0,74.0,27.05239,132.7499452879,26.980977662843316,27.123802337156683,0.07141233715668349,0.0,1.0,0.6787,0.21806631,0.6758056545878282,0.6815943454121718,0.002894345412171817,0.0,0.1825,0.063995325,0.000872215190644375,0.06381227577502542,0.06417837422497459,0.0001830492249745852,0.0,73.0,25.69499,140.5951188999,25.62149780934236,25.76848219065764,0.0734921906576389,0.0,73.0,25.69499,140.5951188999,25.62149780934236,25.76848219065764,0.0734921906576389,0.0,1.0,0.44006,0.18702719639999996,0.43737954541599705,0.44274045458400296,0.002680454584002956,0.3213,0.3184059240954628,0.32420444370113577
T-traverse_ordered_qa-W-20-HS-greedy-D-1-C-5-H-3-RUNS-100000.csv,traverse_ordered_qa,20,greedy,1,5,3,100000,2.0,105.0,32.95836,250.72372611039995,32.86021825219481,33.056501747805186,0.0981417478051867,0.0,1.0,0.74663,0.1891736431,0.7439342079691991,0.749325792030801,0.0026957920308009475,0.0,0.245,0.077773175,0.001588187812919375,0.07752616928544848,0.07802018071455152,0.00024700571455152365,0.0,105.0,31.4651,264.14882199,31.364364995430744,31.565835004569255,0.10073500456925544,0.0,105.0,31.4651,264.14882199,31.364364995430744,31.565835004569255,0.10073500456925544,0.0,1.0,0.42738,0.16149078004444445,0.4248892511555383,0.4298707488444617,0.00249074884446171,0.25337,0.25067644033097725,0.25607787102685975
T-traverse_ordered_qa-W-20-HS-greedy-D-1-C-5-H-4-RUNS-100000.csv,traverse_ordered_qa,20,greedy,1,5,4,100000,2.0,127.0,38.50518,403.9815131676,38.380603301497246,38.62975669850276,0.12457669850275721,0.0,1.0,0.78252,0.17018244960000004,0.7799631016868414,0.7850768983131586,0.00255689831315864,0.0,0.2975,0.09037107499999998,0.002447853865844375,0.09006442087217797,0.09067772912782199,0.0003066541278220064,0.0,127.0,36.94014,422.04225678039995,36.812809032295846,37.06747096770415,0.12733096770415386,0.0,127.0,36.94014,422.04225678039995,36.812809032295846,37.06747096770415,0.12733096770415386,0.0,1.0,0.424565,0.147038310775,0.4221883166498811,0.42694168335011895,0.0023766833501189244,0.21748,0.21492637005522094,0.22005002609720184
T-traverse_ordered_qa-W-20-HS-greedy-D-1-C-5-H-5-RUNS-100000.csv,traverse_ordered_qa,20,greedy,1,5,5,100000,2.0,143.0,43.95322,591.6128916316001,43.802463902793555,44.10397609720645,0.15075609720644678,0.0,1.0,0.8025,0.15849375,0.8000324717022899,0.8049675282977101,0.002467528297710131,0.0,0.3325,0.10265537499999998,0.0034418446711093746,0.10229175169919909,0.10301899830080087,0.00036362330080089156,0.0,143.0,42.34822,613.9233028316,42.19464761445631,42.50179238554369,0.1535723855436899,0.0,143.0,42.34822,613.9233028316,42.19464761445631,42.50179238554369,0.1535723855436899,0.0,1.0,0.42934399999999995,0.13836852966399998,0.4270384489952351,0.4316495510047648,0.002305551004764872,0.1975,0.19503631647801548,0.1999812408630942
T-traverse_ordered_qa-W-20-HS-greedy-D-10-C-5-H-1-RUNS-100000.csv,traverse_ordered_qa,20,greedy,10,5,1,100000,1.0,152.0,32.94345,387.40111209750006,32.82145655295329,33.065443447046704,0.12199344704670523,0.0,5.0,2.13633,3.1807041310999997,2.1252760446038383,2.147383955396162,0.011053955396161719,0.0,0.3875,0.16248574999999998,0.0050691187969374996,0.16204446180878798,0.162927038191212,0.0004412881912120026,0.0,36.3,12.172117000000002,26.483204838311,12.140220624076262,12.204013375923742,0.03189637592373984,0.0,363.0,121.72117,2648.3204838311,121.4022062407626,122.0401337592374,0.3189637592374055,0.0,1.0,0.82733,0.14285507110000004,0.8249873689126588,0.8296726310873412,0.0023426310873412293,0.82733,0.8249729284514224,0.8296680703435542
T-traverse_ordered_qa-W-20-HS-greedy-D-10-C-5-H-2-RUNS-100000.csv,traverse_ordered_qa,20,greedy,10,5,2,100000,2.0,297.0,37.02939,479.63084622789995,36.893649443832395,37.165130556167604,0.1357405561676046,0.0,5.0,2.81443,2.7982937750999994,2.8040618153149053,2.824798184685095,0.010368184685094928,0.0,0.4225,0.15447397499999999,0.0032519336101993752,0.1541205258783864,0.15482742412161357,0.000353449121613586,0.0,75.6,12.948419999999997,17.6110029036,12.922409535037895,12.974430464962099,0.02601046496210202,0.0,756.0,129.4842,1761.1002903600001,129.22409535037897,129.744304649621,0.2601046496210131,0.0,1.0,0.83675,0.08689943749999998,0.8349228905913986,0.8385771094086014,0.001827109408601424,0.73735,0.7346105860260348,0.7400756415063021
T-traverse_ordered_qa-W-20-HS-greedy-D-10-C-5-H-3-RUNS-100000.csv,traverse_ordered_qa,20,greedy,10,5,3,100000,2.0,249.0,45.6856,383.66315263999996,45.564196525289354,45.80700347471065,0.12140347471064672,0.0,5.0,3.29028,2.6096575215999995,3.280267377798509,3.300292622201491,0.010012622201490906,0.0,0.4125,0.16955315,0.0033730870750775,0.16919317706618947,0.16991312293381056,0.00035997293381054285,0.0,54.1,15.470881,24.676675583838996,15.440091729641177,15.501670270358824,0.030789270358823728,0.0,541.0,154.70881,2467.6675583839,154.40091729641176,155.01670270358824,0.3078927035882373,0.0,1.0,0.8174766666666665,0.0784463439,0.8157406958295663,0.8192126375037667,0.001735970837100198,0.64192,0.6389393982675892,0.6448923683220726
T-traverse_ordered_qa-W-20-HS-greedy-D-10-C-5-H-4-RUNS-100000.csv,traverse_ordered_qa,20,greedy,10,5,4,100000,2.0,212.0,56.2734,461.07893243999996,56.14031052532745,56.406489474672554,0.13308947467255194,0.0,5.0,3.47646,2.2891058684,3.467082458155761,3.485837541844239,0.009377541844239001,0.0,0.3925,0.18308254999999998,0.0030678690104975,0.18273924946707398,0.18342585053292598,0.0003433005329259997,0.0,51.7,18.490149000000002,37.442486457799,18.452222880243788,18.528075119756217,0.037926119756214405,0.0,517.0,184.90149,3744.2486457799,184.52222880243784,185.28075119756215,0.37926119756215826,0.0,1.0,0.83452,0.0637288696,0.8329553248725203,0.8360846751274797,0.0015646751274797088,0.62176,0.618745820236341,0.6247671161034237
T-traverse_ordered_qa-W-20-HS-greedy-D-10-C-5-H-5-RUNS-100000.csv,traverse_ordered_qa,20,greedy,10,5,5,100000,2.0,142.0,63.61012,425.34419358559995,63.48229190238143,63.73794809761858,0.1278280976185755,0.0,5.0,4.02584,1.1714922944,4.019131494355546,4.032548505644454,0.006708505644454021,0.0,0.34,0.14964255,0.0024652409794975,0.1493348087166655,0.14995029128333454,0.0003077412833345228,0.0,68.8,21.142609,70.20006537311899,21.090678221925973,21.194539778074027,0.05193077807402702,0.0,688.0,211.42609,7020.0065373119,210.90678221925972,211.94539778074025,0.5193077807402631,0.0,1.0,0.798894,0.07827597676400001,0.7971599152490821,0.8006280847509178,0.0017340847509178525,0.5708,0.5677252335463848,0.5738706593174655
T-traverse_ordered_qa-W-20-HS-greedy-D-5-C-5-H-1-RUNS-100000.csv,traverse_ordered_qa,20,greedy,5,5,1,100000,1.0,151.0,37.32466,559.7689558844,37.17801729063723,37.471302709362774,0.1466427093627729,0.0,3.0,1.53402,1.5529626395999998,1.526296101194159,1.541743898805841,0.007723898805841012,0.0,0.3775,0.13289399999999998,0.004170677639,0.13249372415488836,0.1332942758451116,0.00040027584511162506,0.0,51.4,15.698036,60.03331774270401,15.650012673018171,15.746059326981829,0.04802332698182887,0.0,257.0,78.49018,1500.8329435676003,78.25006336509085,78.73029663490914,0.2401166349091426,0.0,1.0,0.65696,0.2253635584,0.6540176257105027,0.6599023742894973,0.002942374289497285,0.65696,0.6540081603727872,0.6599027334789093
T-traverse_ordered_qa-W-20-HS-greedy-D-5-C-5-H-2-RUNS-100000.csv,traverse_ordered_qa,20,greedy,5,5,2,100000,2.0,201.0,36.79336,310.0582199104,36.68422157149712,36.90249842850288,0.10913842850288091,0.0,3.0,1.93264,1.2434226303999998,1.925728609129166,1.9395513908708337,0.006911390870833811,0.0,0.365,0.12317049999999999,0.00242982680475,0.12286497712600972,0.12347602287399026,0.00030552287399027156,0.0,75.8,16.192222,34.981926302716,16.15556322641379,16.228880773586212,0.03665877358621117,0.0,379.0,80.96111,874.5481575678998,80.77781613206895,81.14440386793106,0.18329386793105584,0.0,1.0,0.6894,0.14712763999999998,0.6870225948140378,0.6917774051859622,0.002377405185962189,0.5554,0.5523135363834965,0.558483249867793
T-traverse_ordered_qa-W-20-HS-greedy-D-5-C-5-H-3-RUNS-100000.csv,traverse_ordered_qa,20,greedy,5,5,3,100000,2.0,222.0,44.76597,408.85405995909997,44.64064427411984,44.89129572588016,0.12532572588015967,0.0,3.0,2.17203,1.0391556791,2.1657117562117065,2.1783482437882933,0.006318243788293376,0.0,0.355,0.13783857500000002,0.003116475929469375,0.13749256555026418,0.13818458444973586,0.00034600944973584014,0.0,79.8,19.092162,54.116308165755996,19.046566692187728,19.13775730781227,0.04559530781227039,0.0,399.0,95.46081,1352.9077041439002,95.23283346093865,95.68878653906134,0.22797653906134485,0.0,1.0,0.68583,0.12250498887777778,0.6836606333521674,0.6879993666478327,0.0021693666478326268,0.4696,0.4665026772913739,0.47269908619339446
T-traverse_ordered_qa-W-20-HS-greedy-D-5-C-5-H-4-RUNS-100000.csv,traverse_ordered_qa,20,greedy,5,5,4,100000,2.0,204.0,53.78203,510.39945907910004,53.6420031967801,53.922056803219895,0.14002680321989658,0.0,3.0,2.28066,0.9172899643999999,2.274723788137845,2.2865962118621552,0.005936211862155094,0.0,0.3775,0.1536184,0.0036948326814400002,0.15324164982775026,0.1539951501722497,0.0003767501722497235,0.0,69.6,22.748948,76.070617693296,22.694889431305427,22.80300656869457,0.05405856869457182,0.0,348.0,113.74474,1901.7654423323997,113.47444715652713,114.01503284347285,0.2702928434728591,0.0,1.0,0.689055,0.11108820697499999,0.6869891915482912,0.6911208084517088,0.002065808451708784,0.42885,0.4257796619066519,0.4319244655339924
T-traverse_ordered_qa-W-20-HS-greedy-D-5-C-5-H-5-RUNS-100000.csv,traverse_ordered_qa,20,greedy,5,5,5,100000,2.0,148.0,57.54082,510.1180737276,57.40083180078192,57.68080819921807,0.13998819921807382,0.0,3.0,2.41744,0.5851038464,2.41269897169769,2.42218102830231,0.004741028302309935,0.0,0.3475,0.135172975,0.002963286267149375,0.1348355767112687,0.1355103732887313,0.0003373982887313054,0.0,82.6,24.902535999999998,122.07594796870399,24.834054837501352,24.971017162498644,0.06848116249864589,0.0,413.0,124.51268,3051.8986992176,124.17027418750678,124.85508581249323,0.3424058124932259,0.0,1.0,0.6943060000000001,0.109375578364,0.6922561775153855,0.6963558224846147,0.002049822484614605,0.43265,0.42957625801597366,0.4357276489761241
T-traverse_ordered_qa-W-20-HS-random-D-1-C-5-H-1-RUNS-100000.csv,traverse_ordered_qa,20,random,1,5,1,100000,1.0,139.0,28.54546,303.3565333884,28.437507489206368,28.65341251079363,0.10795251079363055,0.0,1.0,0.68616,0.21534445440000002,0.6832837745985005,0.6890362254014994,0.002876225401499455,0.0,0.34,0.067012425,0.001820932083119375,0.06674793884364184,0.06727691115635816,0.00026448615635815687,0.0,139.0,27.17314,314.40356254039995,27.063239466522898,27.283040533477102,0.10990053347710216,0.0,139.0,27.17314,314.40356254039995,27.063239466522898,27.283040533477102,0.10990053347710216,0.0,1.0,0.31384,0.21534445440000002,0.3109637745985006,0.3167162254014994,0.0028762254014993993,0.31384,0.3109642597849874,0.31672654098041797
T-traverse_ordered_qa-W-20-HS-random-D-1-C-5-H-2-RUNS-100000.csv,traverse_ordered_qa,20,random,1,5,2,100000,2.0,302.0,35.89581,659.2751544439,35.73666630916333,36.05495369083666,0.15914369083666458,0.0,1.0,0.85614,0.1231643004,0.8539648035113658,0.8583151964886342,0.002175196488634179,0.0,0.395,0.078621625,0.002396234519859375,0.07831822139864544,0.07892502860135456,0.00030340360135455713,0.0,300.0,34.18353,671.5708067391,34.02290912927739,34.34415087072261,0.16062087072261022,0.0,300.0,34.18353,671.5708067391,34.02290912927739,34.34415087072261,0.16062087072261022,0.0,1.0,0.277165,0.133692062775,0.2748987444355139,0.2794312555644861,0.0022662555644861193,0.14386,0.14169019445631997,0.146050483627175
T-traverse_ordered_qa-W-20-HS-random-D-1-C-5-H-3-RUNS-100000.csv,traverse_ordered_qa,20,random,1,5,3,100000,2.0,314.0,40.85149,815.3618747799001,40.67450711443887,41.02847288556113,0.17698288556113084,0.0,1.0,0.8841,0.10246718999999997,0.8821159688583492,0.8860840311416508,0.0019840311416507994,0.0,0.3575,0.08886557499999999,0.002797104142419375,0.08853777391285234,0.08919337608714764,0.00032780108714765277,0.0,314.0,39.08329,829.3388327759,38.90479663709841,39.26178336290159,0.178493362901591,0.0,314.0,39.08329,829.3388327759,38.90479663709841,39.26178336290159,0.178493362901591,0.0,1.0,0.3197733333333333,0.12094945973333335,0.3176177836481913,0.3219288830184753,0.0021555496851419775,0.1159,0.11392216493673422,0.1179001430694871
T-traverse_ordered_qa-W-20-HS-random-D-1-C-5-H-4-RUNS-100000.csv,traverse_ordered_qa,20,random,1,5,4,100000,2.0,196.0,41.90207,677.9846597151,41.740683945188515,42.06345605481149,0.16138605481148716,0.0,1.0,0.84751,0.1292367999,0.8452818256565164,0.8497381743434835,0.0022281743434835466,0.0,0.33,0.094491125,0.0031370498587343747,0.09414397530984726,0.09483827469015273,0.00034714969015273156,0.0,196.0,40.20705,697.9249802975,40.04330786723293,40.37079213276707,0.1637421327670694,0.0,196.0,40.20705,697.9249802975,40.04330786723293,40.37079213276707,0.1637421327670694,0.0,1.0,0.3777525,0.13014367374375,0.37551652160776544,0.37998847839223454,0.00223597839223455,0.15249,0.15026696797746297,0.1547332075781084
T-traverse_ordered_qa-W-20-HS-random-D-1-C-5-H-5-RUNS-100000.csv,traverse_ordered_qa,20,random,1,5,5,100000,2.0,142.0,43.90172,588.8137410416,43.75132096850094,44.05211903149905,0.15039903149905598,0.0,1.0,0.80408,0.15753535359999998,0.8016199434673371,0.8065400565326629,0.002460056532662902,0.0,0.345,0.102198825,0.003407973606119375,0.1018369953245273,0.10256065467547269,0.0003618296754726996,0.0,142.0,42.29356,611.1905425263999,42.14032979448655,42.44679020551345,0.15323020551345223,0.0,142.0,42.29356,611.1905425263999,42.14032979448655,42.44679020551345,0.15323020551345223,0.0,1.0,0.427602,0.137680129596,0.4253021913430548,0.42990180865694516,0.0022998086569451792,0.19592,0.19346383381437676,0.19839381537522333
T-traverse_ordered_qa-W-20-HS-random-D-10-C-5-H-1-RUNS-100000.csv,traverse_ordered_qa,20,random,10,5,1,100000,1.0,127.0,26.50361,258.8288869679,26.403894552241095,26.603325447758902,0.09971544775890351,0.0,5.0,1.58018,2.6147111676,1.5701576876812522,1.5902023123187476,0.010022312318747728,0.0,0.3875,0.14361885,0.0047353660496775,0.1431923364337862,0.14404536356621378,0.00042651356621378755,0.0,34.2,10.515135,20.169960231774997,10.48729888690453,10.542971113095472,0.027836113095471404,0.0,342.0,105.15135,2016.9960231775,104.87298886904529,105.4297111309547,0.27836113095470694,0.0,1.0,0.90268,0.0878488176,0.9008429370786711,0.9045170629213289,0.0018370629213289025,0.90268,0.9008262745440004,0.9045103321295873
T-traverse_ordered_qa-W-20-HS-random-D-10-C-5-H-2-RUNS-100000.csv,traverse_ordered_qa,20,random,10,5,2,100000,2.0,283.0,42.30232,656.5976026175999,42.1434998076372,42.461140192362805,0.15882019236280343,0.0,5.0,2.95456,2.9873552064,2.943847286169739,2.965272713830261,0.010712713830260956,0.0,0.4125,0.165173675,0.003663286649494375,0.16479853659897048,0.1655488134010295,0.00037513840102951224,0.0,67.0,14.052126,31.258085080124,14.017473285871983,14.086778714128016,0.034652714128016626,0.0,670.0,140.52126,3125.8085080123997,140.17473285871984,140.8677871412802,0.3465271412801769,0.0,1.0,0.81179,0.09613199590000002,0.8098682802611998,0.8137117197388002,0.001921719738800176,0.69848,0.6956249225036453,0.7013235616442842
T-traverse_ordered_qa-W-20-HS-random-D-10-C-5-H-3-RUNS-100000.csv,traverse_ordered_qa,20,random,10,5,3,100000,2.0,274.0,48.28869,545.8072880839,48.143887607826976,48.43349239217303,0.14480239217302682,0.0,5.0,3.31065,2.7493465775000003,3.3003728944677384,3.3209271055322613,0.010277105532261466,0.0,0.395,0.172223125,0.0033832369027343755,0.17186261088258512,0.1725836391174149,0.0003605141174148896,0.0,63.8,15.873037999999998,29.574203650556,15.839331582103108,15.906744417896887,0.03370641789688911,0.0,638.0,158.73038,2957.4203650556005,158.3933158210311,159.06744417896888,0.3370641789688875,0.0,1.0,0.8066666666666665,0.08096,0.8049031022760077,0.8084302310573254,0.0017635643906588339,0.61843,0.6154108101180309,0.6214423194305225
T-traverse_ordered_qa-W-20-HS-random-D-10-C-5-H-4-RUNS-100000.csv,traverse_ordered_qa,20,random,10,5,4,100000,2.0,198.0,55.02821,433.40347419589995,54.89917656299738,55.15724343700262,0.1290334370026187,0.0,5.0,3.40319,2.3481678239,3.3936922521025803,3.4126877478974196,0.00949774789741964,0.0,0.4125,0.18228482499999998,0.002988294137219375,0.18194600601060384,0.18262364398939612,0.0003388189893961391,0.0,48.1,18.210949,36.075719019399,18.173721525980813,18.248176474019186,0.037227474019186246,0.0,481.0,182.10949,3607.5719019399,181.73721525980812,182.48176474019186,0.37227474019186957,0.0,1.0,0.8447525,0.06145883874375,0.8432159445180275,0.8462890554819725,0.0015365554819725125,0.64346,0.6404821956165845,0.6464294816133848
T-traverse_ordered_qa-W-20-HS-random-D-10-C-5-H-5-RUNS-100000.csv,traverse_ordered_qa,20,random,10,5,5,100000,2.0,158.0,63.55626,427.3466948124,63.4281313512601,63.684388648739905,0.12812864873990293,0.0,5.0,4.02557,1.1665161751,4.018875757295807,4.032264242704193,0.006694242704193165,0.0,0.355,0.149271375,0.002483241543109375,0.1489625122357825,0.14958023776421753,0.0003088627642175157,0.0,72.7,21.169542999999997,70.727320671151,21.117417567139416,21.22166843286058,0.052125432860581355,0.0,727.0,211.69543,7072.732067115099,211.17417567139418,212.2166843286058,0.5212543286058064,0.0,1.0,0.79922,0.0783553916,0.7974850358148637,0.8009549641851363,0.0017349641851363007,0.57217,0.5690964203641351,0.5752393930218795
T-traverse_ordered_qa-W-20-HS-random-D-5-C-5-H-1-RUNS-100000.csv,traverse_ordered_qa,20,random,5,5,1,100000,1.0,143.0,33.04692,360.75241851359993,32.92919716912333,33.16464283087667,0.1177228308766729,0.0,3.0,1.35337,1.2885196431000003,1.3463343926623688,1.3604056073376312,0.0070356073376312,0.0,0.3475,0.126909925,0.0036294561239943748,0.12653652282210148,0.12728332717789853,0.00037340217789852415,0.0,57.6,14.893163999999999,48.210756469104,14.850128381954976,14.936199618045022,0.04303561804502287,0.0,288.0,74.46582,1205.2689117276,74.25064190977488,74.6809980902251,0.21517809022510903,0.0,1.0,0.77252,0.17573284960000002,0.7699217403612738,0.7751182596387262,0.0025982596387261747,0.77252,0.7699089049966872,0.7751152798554964
T-traverse_ordered_qa-W-20-HS-random-D-5-C-5-H-2-RUNS-100000.csv,traverse_ordered_qa,20,random,5,5,2,100000,2.0,275.0,46.14466,743.6435534844001,45.975639851051255,46.31368014894875,0.1690201489487464,0.0,3.0,2.20167,1.0827192111,2.1952206790114293,2.2081193209885708,0.006449320988570761,0.0,0.3925,0.138322825,0.003462123771519375,0.13795813205133403,0.138687517948666,0.0003646929486659789,0.0,101.0,18.926593999999998,86.329685559164,18.869005449050693,18.984182550949303,0.05758855094930482,0.0,505.0,94.63297,2158.2421389790998,94.34502724525346,94.92091275474654,0.2879427547465383,0.0,1.0,0.61071,0.15181829589999998,0.6082949944813117,0.6131250055186882,0.002415005518688229,0.43886,0.43578109109084834,0.44194245564505014
T-traverse_ordered_qa-W-20-HS-random-D-5-C-5-H-3-RUNS-100000.csv,traverse_ordered_qa,20,random,5,5,3,100000,2.0,300.0,51.06037,815.4292054631001,50.88337980717262,51.237360192827374,0.17699019282737538,0.0,3.0,2.32519,0.9676014639000001,2.319093166572951,2.331286833427049,0.006096833427049031,0.0,0.3825,0.14437765,0.0035337668054775,0.14400920300842696,0.14474609699157304,0.0003684469915730404,0.0,107.4,20.757953999999998,92.995044533884,20.69818362580999,20.817724374190007,0.05977037419000908,0.0,537.0,103.78977,2324.8761133471,103.49091812904996,104.08862187095005,0.2988518709500454,0.0,1.0,0.6404866666666666,0.12047682982222224,0.6383353326864464,0.6426380006468869,0.0021513339802202713,0.37949,0.3764809130752774,0.3825060780588778
T-traverse_ordered_qa-W-20-HS-random-D-5-C-5-H-4-RUNS-100000.csv,traverse_ordered_qa,20,random,5,5,4,100000,2.0,210.0,52.97342,520.8006335036,52.83197362451913,53.114866375480865,0.14144637548086791,0.0,3.0,2.25624,0.9547010624000001,2.2501839455077453,2.262296054492255,0.00605605449225477,0.0,0.4,0.1519195,0.0036566735197499996,0.1515447003602794,0.15229429963972063,0.0003747996397206188,0.0,72.4,22.322055999999996,75.031103132864,22.268368060405034,22.375743939594958,0.053687939594961875,0.0,362.0,111.61028,1875.7775783216,111.3418403020252,111.8787196979748,0.2684396979747987,0.0,1.0,0.694665,0.11082303777500001,0.692601658579109,0.6967283414208909,0.0020633414208909295,0.43501,0.4319342366693273,0.4380895334141162
T-traverse_ordered_qa-W-20-HS-random-D-5-C-5-H-5-RUNS-100000.csv,traverse_ordered_qa,20,random,5,5,5,100000,2.0,146.0,58.36508,505.9015165935999,58.22567156172792,58.50448843827208,0.13940843827207772,0.0,3.0,2.41172,0.5875866415999998,2.406968923445817,2.4164710765541826,0.0047510765541827205,0.0,0.3375,0.1372306,0.0029334677986400004,0.13689490356130493,0.13756629643869508,0.0003356964386950767,0.0,78.0,25.333541999999998,119.52837813423601,25.265779162290787,25.40130483770921,0.06776283770921054,0.0,390.0,126.66771,2988.2094533559,126.32889581145395,127.00652418854605,0.3388141885460527,0.0,1.0,0.6962560000000001,0.10922758246400001,0.6942075647903981,0.6983044352096021,0.002048435209601962,0.43659,0.43351292298390853,0.4396707554395134
T-traverse_ordered_qa-W-20-HS-weighted-D-1-C-5-H-1-RUNS-100000.csv,traverse_ordered_qa,20,weighted,1,5,1,100000,1.0,129.0,25.04181,193.02006192390002,24.95569926490345,25.127920735096552,0.08611073509655043,0.0,1.0,0.63525,0.2317074375,0.6322664998878833,0.6382335001121167,0.002983500112116677,0.0,0.305,0.0590084,0.00117715810444,0.05879574604226545,0.059221053957734554,0.00021265395773455154,0.0,129.0,23.77131,198.48029088389995,23.683989791258863,23.858630208741136,0.08732020874113644,0.0,129.0,23.77131,198.48029088389995,23.683989791258863,23.858630208741136,0.08732020874113644,0.0,1.0,0.36475,0.2317074375,0.3617664998878834,0.36773350011211664,0.0029835001121166216,0.36475,0.3617655126282692,0.36774233375526943
T-traverse_ordered_qa-W-20-HS-weighted-D-1-C-5-H-2-RUNS-100000.csv,traverse_ordered_qa,20,weighted,1,5,2,100000,2.0,284.0,32.40891,434.6689226119,32.27968832484038,32.53813167515962,0.12922167515962002,0.0,1.0,0.7902,0.16578396,0.7876763604442473,0.7927236395557528,0.0025236395557527436,0.0,0.3475,0.073174975,0.0018371275962493752,0.07290931526700022,0.07344063473299979,0.0002656597329997873,0.0,284.0,30.82851,445.98582117990003,30.697616947065757,30.959403052934245,0.13089305293424403,0.0,284.0,30.82851,445.98582117990003,30.697616947065757,30.959403052934245,0.13089305293424403,0.0,1.0,0.33648,0.1599212096,0.33400138482454544,0.33895861517545456,0.002478615175454557,0.2098,0.2072798504044844,0.2123369920330674
T-traverse_ordered_qa-W-20-HS-weighted-D-1-C-5-H-3-RUNS-100000.csv,traverse_ordered_qa,20,weighted,1,5,3,100000,2.0,296.0,37.86324,610.5863967024,37.71008554523058,38.01639445476942,0.15315445476942102,0.0,1.0,0.83504,0.13774819840000002,0.8327396229027104,0.8373403770972896,0.0023003770972895854,0.0,0.35,0.08442727500000001,0.002392018423574375,0.08412413843051353,0.08473041156948649,0.00030313656948648127,0.0,296.0,36.19316,625.0953092144,36.03819658044951,36.34812341955049,0.15496341955049076,0.0,296.0,36.19316,625.0953092144,36.03819658044951,36.34812341955049,0.15496341955049076,0.0,1.0,0.35547666666666666,0.13879522834444447,0.3531675634874908,0.35778576984584254,0.0023091031791758754,0.16496,0.16266440587824899,0.16727504389220596
T-traverse_ordered_qa-W-20-HS-weighted-D-1-C-5-H-4-RUNS-100000.csv,traverse_ordered_qa,20,weighted,1,5,4,100000,2.0,199.0,41.29378,606.1959533116,41.14117716993968,41.446382830060315,0.15260283006031727,0.0,1.0,0.82796,0.14244223839999998,0.825620756312315,0.830299243687685,0.002339243687685011,0.0,0.34,0.09394265000000002,0.0029453168859775,0.09360627625921202,0.09427902374078802,0.0003363737407880013,0.0,199.0,39.63786,625.8419946203999,39.48280405504678,39.79291594495323,0.15505594495322583,0.0,199.0,39.63786,625.8419946203999,39.48280405504678,39.79291594495323,0.15505594495322583,0.0,1.0,0.3867625,0.13631164359375,0.38447414948045594,0.3890508505195441,0.002288350519544069,0.17204,0.16970533521673475,0.17439370263695533
T-traverse_ordered_qa-W-20-HS-weighted-D-1-C-5-H-5-RUNS-100000.csv,traverse_ordered_qa,20,weighted,1,5,5,100000,2.0,135.0,43.83805,580.8383621974999,43.68867300537841,43.98742699462159,0.1493769946215906,0.0,1.0,0.80619,0.15624768390000002,0.8037400181582912,0.8086399818417087,0.0024499818417087482,0.0,0.33,0.102193925,0.003375294630594375,0.10183383429124884,0.10255401570875117,0.00036009070875116234,0.0,135.0,42.22567,602.7521430511001,42.07350125706161,42.377838742938394,0.1521687429383931,0.0,135.0,42.22567,602.7521430511001,42.07350125706161,42.377838742938394,0.1521687429383931,0.0,1.0,0.4255960000000001,0.13750164478399998,0.4232976825314979,0.42789431746850226,0.0022983174685021757,0.19381,0.19136396936031758,0.19627380249226162
T-traverse_ordered_qa-W-20-HS-weighted-D-10-C-5-H-1-RUNS-100000.csv,traverse_ordered_qa,20,weighted,10,5,1,100000,1.0,135.0,30.9282,364.10232476,30.809931851676033,31.046468148323967,0.11826814832396693,0.0,5.0,1.97228,3.1755516016000005,1.9612350015696214,1.9833249984303787,0.01104499843037865,0.0,0.3925,0.15621052500000002,0.005107623941724376,0.15576756396182026,0.15665348603817977,0.00044296103817975663,0.0,38.5,11.598866000000001,25.235900514043998,11.567729809575553,11.630002190424449,0.031136190424447818,0.0,385.0,115.98866,2523.5900514043997,115.67729809575552,116.30002190424447,0.3113619042444782,0.0,1.0,0.83905,0.1350450975,0.8367723054494599,0.84132769455054,0.0022776945505400548,0.83905,0.8367575208710599,0.8413227960077597
T-traverse_ordered_qa-W-20-HS-weighted-D-10-C-5-H-2-RUNS-100000.csv,traverse_ordered_qa,20,weighted,10,5,2,100000,2.0,304.0,38.99101,550.3997891799,38.84559968983894,39.136420310161064,0.14541031016106132,0.0,5.0,2.87262,2.852694335599999,2.8621515184674946,2.8830884815325053,0.010468481532505347,0.0,0.4075,0.15876262500000002,0.0034387634656093753,0.15839916449692595,0.15912608550307408,0.0003634605030740645,0.0,71.1,13.364851000000002,22.710192847798996,13.335313993238296,13.394388006761707,0.029537006761705342,0.0,711.0,133.64851,2271.0192847799,133.35313993238293,133.94388006761704,0.295370067617057,0.0,1.0,0.82782,0.09115904759999997,0.8259486459520974,0.8296913540479026,0.001871354047902618,0.72507,0.722291244700882,0.7278356958443499
T-traverse_ordered_qa-W-20-HS-weighted-D-10-C-5-H-3-RUNS-100000.csv,traverse_ordered_qa,20,weighted,10,5,3,100000,2.0,275.0,46.93356,446.1675057264,46.8026402883444,47.0644797116556,0.13091971165560068,0.0,5.0,3.31355,2.6423563974999995,3.3034748442510127,3.3236251557489878,0.010075155748987541,0.0,0.405,0.17119610000000002,0.0034199462197900005,0.17083363530657533,0.1715585646934247,0.00036246469342468557,0.0,67.2,15.711251,26.431217514999005,15.679385946225432,15.74311605377457,0.03186505377456861,0.0,672.0,157.11251,2643.1217514999,156.7938594622543,157.43116053774568,0.31865053774569674,0.0,1.0,0.8114333333333335,0.08032927888888888,0.8096766519228906,0.8131900147437763,0.0017566814104428286,0.63049,0.6274896721158871,0.6334827576920565
T-traverse_ordered_qa-W-20-HS-weighted-D-10-C-5-H-4-RUNS-100000.csv,traverse_ordered_qa,20,weighted,10,5,4,100000,2.0,207.0,55.98242,457.7572709436,55.84981078719572,56.115029212804274,0.13260921280427596,0.0,5.0,3.45303,2.3184338191,3.4435925769621925,3.4624674230378076,0.00943742303780759,0.0,0.3975,0.18370407499999997,0.0031385900158943754,0.18335684010248735,0.1840513098975126,0.0003472348975126216,0.0,50.4,18.456867999999996,38.396535030576,18.41846173371786,18.495274266282134,0.038406266282137835,0.0,504.0,184.56868,3839.6535030576,184.1846173371786,184.9527426628214,0.3840626628214068,0.0,1.0,0.8370975,0.06315340049375,0.8355399053693698,0.8386550946306303,0.0015575946306302102,0.62708,0.624074137318494,0.6300784903463802
T-traverse_ordered_qa-W-20-HS-weighted-D-10-C-5-H-5-RUNS-100000.csv,traverse_ordered_qa,20,weighted,10,5,5,100000,2.0,161.0,63.8265,434.9542777500001,63.69723591552932,63.95576408447069,0.12926408447068383,0.0,5.0,4.0212,1.1730305600000002,4.014487091390987,4.0279129086090135,0.006712908609013191,0.0,0.3625,0.149902775,0.002526576984799375,0.14959122888551923,0.15021432111448074,0.0003115461144807541,0.0,73.5,21.241706,71.727008009564,21.189213479202316,21.294198520797686,0.05249252079768496,0.0,735.0,212.41706,7172.7008009564,211.89213479202314,212.94198520797684,0.5249252079768496,0.0,1.0,0.799296,0.07835630438400001,0.7975610257093502,0.8010309742906498,0.0017349742906498378,0.57307,0.5699972130919353,0.5761385480818269
T-traverse_ordered_qa-W-20-HS-weighted-D-5-C-5-H-1-RUNS-100000.csv,traverse_ordered_qa,20,weighted,5,5,1,100000,1.0,145.0,34.47968,464.11720709759993,34.34615274949337,34.61320725050663,0.1335272505066314,0.0,3.0,1.44157,1.4549059351,1.4340939270734696,1.4490460729265304,0.007476072926530408,0.0,0.375,0.12744010000000003,0.00385939591199,0.12705505123249777,0.12782514876750228,0.00038504876750225514,0.0,52.8,15.017217999999998,52.443109540476,14.972333097236296,15.0621029027637,0.04488490276370172,0.0,264.0,75.08609,1311.0777385119,74.8616654861815,75.3105145138185,0.22442451381850503,0.0,1.0,0.70557,0.20774097510000003,0.7027450084425894,0.7083949915574107,0.002824991557410672,0.70557,0.7027341272564095,0.7083939453378835
T-traverse_ordered_qa-W-20-HS-weighted-D-5-C-5-H-2-RUNS-100000.csv,traverse_ordered_qa,20,weighted,5,5,2,100000,2.0,274.0,40.31274,485.4254936924,40.176181932623194,40.4492980673768,0.13655806737680365,0.0,3.0,2.02928,1.1769826815999997,2.0225557924856274,2.0360042075143725,0.006724207514372527,0.0,0.415,0.12875842499999998,0.002886050679019375,0.12842545274457137,0.1290913972554286,0.00033297225542860964,0.0,96.4,17.301426,56.762476366524,17.25472924109645,17.34812275890355,0.04669675890355052,0.0,482.0,86.50713,1419.0619091631002,86.27364620548225,86.74061379451776,0.23348379451775259,0.0,1.0,0.667625,0.148684359375,0.6652350505549803,0.6700149494450197,0.00238994944501969,0.52119,0.5180882320441555,0.524290538739845
T-traverse_ordered_qa-W-20-HS-weighted-D-5-C-5-H-3-RUNS-100000.csv,traverse_ordered_qa,20,weighted,5,5,3,100000,2.0,303.0,47.7219,575.85092039,47.57316571021549,47.870634289784505,0.14873428978450676,0.0,3.0,2.2388,1.00891456,2.2325743705750374,2.2450256294249624,0.00622562942496252,0.0,0.3725,0.14150274999999998,0.0032896899924375,0.1411472549497539,0.14185824505024608,0.0003554950502460963,0.0,107.8,20.03966,71.56535748440001,19.98722666353244,20.092093336467563,0.052433336467561986,0.0,539.0,100.1983,1789.13393711,99.93613331766218,100.46046668233782,0.2621666823378206,0.0,1.0,0.6645733333333332,0.12312672906666666,0.6623984686424099,0.6667481980242566,0.002174864690923317,0.43135,0.4282774017716177,0.43442658063705075
T-traverse_ordered_qa-W-20-HS-weighted-D-5-C-5-H-4-RUNS-100000.csv,traverse_ordered_qa,20,weighted,5,5,4,100000,2.0,205.0,52.82162,496.6943405756,52.683485971652345,52.95975402834766,0.13813402834765753,0.0,3.0,2.27397,0.9190304391,2.268028159094315,2.2799118409056844,0.005941840905684614,0.0,0.3825,0.152013475,0.003625969980924375,0.15164025219417593,0.1523866978058241,0.0003732228058240805,0.0,68.2,22.24699,73.5448131399,22.19383647197427,22.300143528025732,0.05315352802573159,0.0,341.0,111.23495,1838.6203284974997,110.96918235987133,111.50071764012867,0.26576764012867216,0.0,1.0,0.693035,0.110586238775,0.690973864160522,0.6950961358394779,0.002061135839477979,0.43301,0.4299359450915397,0.43608794101599224
T-traverse_ordered_qa-W-20-HS-weighted-D-5-C-5-H-5-RUNS-100000.csv,traverse_ordered_qa,20,weighted,5,5,5,100000,2.0,152.0,58.2701,512.75288599,58.12975073969489,58.41044926030511,0.14034926030510775,0.0,3.0,2.41262,0.5882847355999999,2.4078661019780805,2.4173738980219195,0.0047538980219195,0.0,0.3375,0.13686285,0.0029561644148775003,0.13652585740043446,0.13719984259956555,0.0003369925995655443,0.0,83.2,25.244874,121.944054724124,25.176429841693523,25.313318158306476,0.06844415830647677,0.0,416.0,126.22437,3048.6013681031,125.88214920846761,126.56659079153238,0.34222079153238383,0.0,1.0,0.696698,0.10838349679599998,0.6946574950593261,0.698738504940674,0.0020405049406739817,0.43523,0.4321540518491256,0.4383097054707774
T-traverse_p_qa-W-20-HS-greedy-D-1-C-5-H-1-RUNS-100000.csv,traverse_p_qa,20,greedy,1,5,1,100000,1.0,138.0,28.6738,324.72879356,28.562109439371984,28.785490560628016,0.1116905606280163,0.0,1.0,0.64163,0.22994094310000002,0.6386578944719056,0.6446021055280945,0.0029721055280944597,0.0,0.3175,0.0674676,0.0018874909502399999,0.06719832346492051,0.0677368765350795,0.00026927653507949345,0.0,138.0,27.39054,328.1771985084,27.27825796556039,27.502822034439614,0.11228203443961249,0.0,138.0,27.39054,328.1771985084,27.27825796556039,27.502822034439614,0.11228203443961249,0.0,1.0,0.35837,0.22994094309999993,0.35539789447190556,0.3613421055280945,0.0029721055280944597,0.35837,0.3553970918106745,0.36135112477191905
T-traverse_p_qa-W-20-HS-greedy-D-1-C-5-H-2-RUNS-100000.csv,traverse_p_qa,20,greedy,1,5,2,100000,2.0,139.0,34.23281,374.11294950390004,34.112927044296775,34.352692955703226,0.11988295570322549,0.0,1.0,0.74251,0.19118889990000004,0.7397998869435837,0.7452201130564163,0.00271011305641633,0.0,0.33,0.08029610000000001,0.00221593644979,0.08000433397275364,0.08058786602724638,0.0002917660272463707,0.0,139.0,32.74779,387.98212011590005,32.62570510688717,32.869874893112836,0.12208489311283444,0.0,139.0,32.74779,387.98212011590005,32.62570510688717,32.869874893112836,0.12208489311283444,0.0,1.0,0.374095,0.175845430975,0.3714959082208711,0.37669409177912894,0.002599091779128926,0.25749,0.2547820003289576,0.2602120717724622
T-traverse_p_qa-W-20-HS-greedy-D-1-C-5-H-3-RUNS-100000.csv,traverse_p_qa,20,greedy,1,5,3,100000,2.0,145.0,37.93265,428.65193397750005,37.80432582965131,38.06097417034869,0.1283241703486908,0.0,1.0,0.77666,0.1734592444,0.7740786030268728,0.7792413969731272,0.0025813969731272035,0.0,0.3175,0.0888927,0.0025566982617099996,0.08857930229671893,0.08920609770328108,0.0003133977032810792,0.0,143.0,36.37933,447.0378987511,36.24828265009005,36.51037734990996,0.1310473499099558,0.0,143.0,36.37933,447.0378987511,36.24828265009005,36.51037734990996,0.1310473499099558,0.0,1.0,0.3869133333333333,0.1566980724888889,0.3844598229598616,0.38936684370680497,0.00245351037347169,0.22334,0.22076170229176795,0.22593435337965062
T-traverse_p_qa-W-20-HS-greedy-D-1-C-5-H-4-RUNS-100000.csv,traverse_p_qa,20,greedy,1,5,4,100000,2.0,142.0,40.80458,507.02713102359996,40.6650165582776,40.9441434417224,0.13956344172240165,0.0,1.0,0.79494,0.16301039639999998,0.7924375597133793,0.7974424402866207,0.002502440286620722,0.0,0.325,0.09539685000000002,0.0029935092600775,0.09505773548875766,0.09573596451124237,0.0003391145112423555,0.0,142.0,39.2147,527.81894391,39.072303748120795,39.357096251879206,0.14239625187920524,0.0,142.0,39.2147,527.81894391,39.072303748120795,39.357096251879206,0.14239625187920524,0.0,1.0,0.401605,0.144564673975,0.39924839300785564,0.40396160699214434,0.00235660699214435,0.20506,0.20256118641867685,0.20757593149513595
T-traverse_p_qa-W-20-HS-greedy-D-1-C-5-H-5-RUNS-100000.csv,traverse_p_qa,20,greedy,1,5,5,100000,2.0,144.0,43.3694,581.4675836399999,43.21994211732694,43.51885788267306,0.1494578826730617,0.0,1.0,0.80214,0.1587114204,0.799670777870242,0.8046092221297579,0.0024692221297579753,0.0,0.3475,0.10125262500000001,0.003394344743109375,0.10089151954774085,0.10161373045225917,0.00036110545225916113,0.0,142.0,41.76512,603.5832713855999,41.612846381294894,41.91739361870511,0.15227361870510947,0.0,142.0,41.76512,603.5832713855999,41.612846381294894,41.91739361870511,0.15227361870510947,0.0,1.0,0.42798800000000004,0.138223871856,0.4256836544831081,0.430292345516892,0.002304345516891959,0.19786,0.19539461226277322,0.20034292415168267
T-traverse_p_qa-W-20-HS-greedy-D-10-C-5-H-1-RUNS-100000.csv,traverse_p_qa,20,greedy,10,5,1,100000,1.0,134.0,27.11292,277.19972907359994,27.009726469233332,27.216113530766666,0.10319353076666715,0.0,5.0,2.42471,2.6510314159000004,2.414618319125477,2.434801680874523,0.010091680874523057,0.0,0.3825,0.10867912499999999,0.003802588351734375,0.10829692055978477,0.10906132944021521,0.0003822044402152225,0.0,39.9,10.582586,20.792868752603997,10.554323324153575,10.610848675846423,0.028262675846423946,0.0,399.0,105.82586,2079.2868752604004,105.54323324153577,106.10848675846424,0.28262675846423235,0.0,1.0,0.83592,0.1371577536,0.8336245583731452,0.8382154416268548,0.0022954416268547995,0.83592,0.8336098657347693,0.8382106332889545
T-traverse_p_qa-W-20-HS-greedy-D-10-C-5-H-2-RUNS-100000.csv,traverse_p_qa,20,greedy,10,5,2,100000,2.0,141.0,36.03355,254.1236843975,35.934745063585794,36.1323549364142,0.09880493641420429,0.0,5.0,2.99086,2.5810364603999996,2.9809024352041913,3.000817564795809,0.009957564795808782,0.0,0.3975,0.13903055,0.0031238050416975,0.13868413392866114,0.13937696607133887,0.00034641607133886754,0.0,39.5,13.067758000000001,19.664698853436,13.040272748115516,13.095243251884487,0.02748525188448525,0.0,395.0,130.67758,1966.4698853436,130.40272748115515,130.95243251884486,0.2748525188448525,0.0,1.0,0.836385,0.09004763177499998,0.8345250887595725,0.8382449112404275,0.0018599112404275031,0.74279,0.7400688833062765,0.7454970283320735
T-traverse_p_qa-W-20-HS-greedy-D-10-C-5-H-3-RUNS-100000.csv,traverse_p_qa,20,greedy,10,5,3,100000,2.0,133.0,44.56648,260.1725404096,44.46650606183422,44.66645393816578,0.09997393816578182,0.0,5.0,3.37248,2.2917786496,3.3630969851005643,3.3818630148994355,0.009383014899435604,0.0,0.38,0.1556874,0.00311128335624,0.1553416789254134,0.1560331210745866,0.00034572107458660795,0.0,49.5,15.506739000000001,26.739848085879,15.474688446119185,15.538789553880818,0.03205055388081668,0.0,495.0,155.06739,2673.9848085879003,154.74688446119183,155.38789553880815,0.32050553880816324,0.0,1.0,0.8223133333333335,0.08239633737777778,0.8205341937388371,0.8240924729278298,0.0017791395944963817,0.67165,0.6687294160923466,0.6745606252648603
T-traverse_p_qa-W-20-HS-greedy-D-10-C-5-H-4-RUNS-100000.csv,traverse_p_qa,20,greedy,10,5,4,100000,2.0,143.0,53.74637,304.2389618231,53.638260592650795,53.8544794073492,0.10810940734920393,0.0,5.0,3.67106,1.8877784763999998,3.662544079735614,3.6795759202643863,0.008515920264386079,0.0,0.3825,0.16166667499999998,0.003088112131944375,0.16132224370690834,0.16201110629309162,0.00034443129309164044,0.0,51.1,18.174201,40.849035111599,18.134587157307738,18.213814842692262,0.03961384269226187,0.0,511.0,181.74201,4084.9035111598996,181.34587157307737,182.1381484269226,0.3961384269226187,0.0,1.0,0.8131175,0.07817680619375,0.811384514083514,0.8148504859164861,0.001732985916486074,0.62115,0.6181348912185434,0.6241580805136626
T-traverse_p_qa-W-20-HS-greedy-D-10-C-5-H-5-RUNS-100000.csv,traverse_p_qa,20,greedy,10,5,5,100000,2.0,139.0,63.06579,429.9840416759,62.93726658989499,63.19431341010501,0.12852341010501078,0.0,5.0,4.015,1.180135,4.008266793768196,4.021733206231803,0.0067332062318037345,0.0,0.3275,0.1483662,0.00248834094756,0.1480570202693554,0.1486753797306446,0.00030917973064459314,0.0,61.3,20.962543999999998,72.038433648064,20.90993764613448,21.015150353865515,0.052606353865517264,0.0,613.0,209.62544,7203.843364806399,209.09937646134483,210.15150353865516,0.5260635386551655,0.0,1.0,0.801102,0.078159185596,0.7993692093969968,0.8028347906030031,0.0017327906030031315,0.57642,0.5733502550134795,0.5794853118157761
T-traverse_p_qa-W-20-HS-greedy-D-5-C-5-H-1-RUNS-100000.csv,traverse_p_qa,20,greedy,5,5,1,100000,1.0,138.0,29.87621,331.7741860359,29.76331430862626,29.98910569137374,0.11289569137374045,0.0,3.0,1.61328,1.2711476415999998,1.606291981124832,1.6202680188751681,0.006988018875168089,0.0,0.3925,0.09995572499999998,0.0034069959772243747,0.0995939472264137,0.10031750277358627,0.00036177777358628593,0.0,60.4,13.920282,43.452838240476,13.879425125011252,13.961138874988748,0.040856874988747904,0.0,302.0,69.60141,1086.3209560119,69.39712562505626,69.80569437494374,0.20428437494373952,0.0,1.0,0.69443,0.2121969751,0.6915748714572822,0.6972851285427177,0.002855128542717744,0.69443,0.6915643149351338,0.6972844042931188
T-traverse_p_qa-W-20-HS-greedy-D-5-C-5-H-2-RUNS-100000.csv,traverse_p_qa,20,greedy,5,5,2,100000,2.0,146.0,38.16919,300.0017647439,38.0618360629767,38.2765439370233,0.10735393702329787,0.0,3.0,1.95014,1.1432739804,1.9435127823914522,1.9567672176085478,0.006627217608547786,0.0,0.3875,0.12430174999999999,0.0029912754469375,0.12396276203919673,0.12464073796080324,0.00033898796080325533,0.0,58.0,16.986966000000002,41.94888251484401,16.946822404362713,17.02710959563729,0.04014359563728931,0.0,290.0,84.93483,1048.7220628711,84.73411202181356,85.13554797818645,0.20071797818644654,0.0,1.0,0.702705,0.14651318297500002,0.700332564450366,0.7050774355496341,0.0023724355496340666,0.57791,0.5748416542699692,0.5809738261188814
T-traverse_p_qa-W-20-HS-greedy-D-5-C-5-H-3-RUNS-100000.csv,traverse_p_qa,20,greedy,5,5,3,100000,2.0,146.0,44.93459,312.2805315319,44.825061150378865,45.044118849621135,0.1095288496211353,0.0,3.0,2.13753,0.9835754991,2.1313830465779033,2.1436769534220965,0.0061469534220965905,0.0,0.3675,0.137314025,0.003179108350799375,0.1369645559364131,0.1376634940635869,0.00034946906358690466,0.0,65.4,19.630562,53.048314364156,19.585418849416403,19.6757051505836,0.04514315058359841,0.0,327.0,98.15281,1326.2078591038999,97.92709424708201,98.378525752918,0.22571575291799206,0.0,1.0,0.7004366666666667,0.12640069821111108,0.6982330765907955,0.7026402567425379,0.0022035900758712312,0.51352,0.510416803454279,0.5166224122615674
T-traverse_p_qa-W-20-HS-greedy-D-5-C-5-H-4-RUNS-100000.csv,traverse_p_qa,20,greedy,5,5,4,100000,2.0,144.0,51.79544,377.8244552064,51.674963843557286,51.91591615644271,0.12047615644271303,0.0,3.0,2.27347,0.8194641591000001,2.267859248255716,2.279080751744284,0.005610751744284048,0.0,0.385,0.143358175,0.003326235098169375,0.14300071080944202,0.143715639190558,0.00035746419055798784,0.0,71.8,22.446788,78.364585283056,22.391920396551026,22.501655603448977,0.0548676034489759,0.0,359.0,112.23394,1959.1146320763999,111.95960198275513,112.50827801724488,0.2743380172448724,0.0,1.0,0.6984175,0.11534987069374998,0.6963124392805501,0.70052256071945,0.002105060719449936,0.4701,0.467002475585151,0.47319925889512987
T-traverse_p_qa-W-20-HS-greedy-D-5-C-5-H-5-RUNS-100000.csv,traverse_p_qa,20,greedy,5,5,5,100000,2.0,156.0,59.1372,512.9017761599999,58.99683036427716,59.27756963572284,0.14036963572284122,0.0,3.0,2.41196,0.5875089584000001,2.4072092375195244,2.416710762480476,0.004750762480475679,0.0,0.35,0.13893515,0.0029748098444775,0.13859709631345682,0.1392732036865432,0.00033805368654318824,0.0,79.2,25.75285,123.2539196775,25.684039226291727,25.82166077370827,0.06881077370827171,0.0,396.0,128.76425,3081.3479919375004,128.42019613145865,129.10830386854136,0.34405386854135145,0.0,1.0,0.6979460000000001,0.10845978108399999,0.6959047770944548,0.6999872229055454,0.0020412229055453146,0.4366,0.4335229147704629,0.4396807630729161
T-traverse_p_qa-W-20-HS-random-D-1-C-5-H-1-RUNS-100000.csv,traverse_p_qa,20,random,1,5,1,100000,1.0,132.0,30.42548,345.7869667696,30.310224839094204,30.540735160905797,0.11525516090579657,0.0,1.0,0.62891,0.2333822119,0.6259157369767586,0.6319042630232413,0.0029942630232413503,0.0,0.3225,0.071715025,0.0020464887517493754,0.07143463614164931,0.07199541385835069,0.0002803888583506886,0.0,131.0,29.16766,355.5363701244,29.050791333563275,29.284528666436728,0.11686866643672644,0.0,131.0,29.16766,355.5363701244,29.050791333563275,29.284528666436728,0.11686866643672644,0.0,1.0,0.37109,0.23338221190000003,0.3680957369767586,0.3740842630232413,0.0029942630232413503,0.37109,0.3680945662566139,0.3740929122594752
T-traverse_p_qa-W-20-HS-random-D-1-C-5-H-2-RUNS-100000.csv,traverse_p_qa,20,random,1,5,2,100000,2.0,141.0,35.45926,414.5752202524,35.33306046885501,35.58545953114499,0.12619953114499083,0.0,1.0,0.74287,0.1910141631,0.740161125678506,0.7455788743214941,0.002708874321494026,0.0,0.3275,0.0831259,0.00247091174919,0.08281780497284623,0.08343399502715378,0.00030809502715377357,0.0,141.0,33.97352,433.47807880960005,33.844475457784725,34.102564542215276,0.12904454221527573,0.0,141.0,33.97352,433.47807880960005,33.844475457784725,34.102564542215276,0.12904454221527573,0.0,1.0,0.365585,0.177705107775,0.3629722008457816,0.3681977991542184,0.002612799154218415,0.25713,0.2544232494603572,0.2598508435468694
T-traverse_p_qa-W-20-HS-random-D-1-C-5-H-3-RUNS-100000.csv,traverse_p_qa,20,random,1,5,3,100000,2.0,143.0,37.851,466.24031900000006,37.71716768665713,37.98483231334287,0.1338323133428716,0.0,1.0,0.77915,0.17207527750000004,0.7765789216541614,0.7817210783458386,0.0025710783458385844,0.0,0.3425,0.088504125,0.002762632670484375,0.08817835008281126,0.08882989991718875,0.0003257749171887425,0.0,143.0,36.2927,487.57536670999997,36.155839869620365,36.42956013037964,0.13686013037963818,0.0,143.0,36.2927,487.57536670999997,36.155839869620365,36.42956013037964,0.13686013037963818,0.0,1.0,0.3784466666666667,0.1557803427111111,0.3760003515509079,0.38089298178242553,0.0024463151157588237,0.22085,0.21828209277614166,0.2234341075661909
T-traverse_p_qa-W-20-HS-random-D-1-C-5-H-4-RUNS-100000.csv,traverse_p_qa,20,random,1,5,4,100000,2.0,144.0,41.0748,524.25718496,40.93288501130105,41.21671498869895,0.14191498869895014,0.0,1.0,0.79371,0.1637344359,0.7912020083553699,0.7962179916446301,0.0025079916446301143,0.0,0.335,0.09597170000000001,0.0030892212991100003,0.09562720685721396,0.09631619314278606,0.00034449314278604815,0.0,144.0,39.48738,546.4358807356,39.34249424916736,39.632265750832644,0.14488575083264266,0.0,144.0,39.48738,546.4358807356,39.34249424916736,39.632265750832644,0.14488575083264266,0.0,1.0,0.4017575,0.14422153619375003,0.39940369148306004,0.40411130851693994,0.002353808516939948,0.20629,0.203785599577427,0.20881144684923833
T-traverse_p_qa-W-20-HS-random-D-1-C-5-H-5-RUNS-100000.csv,traverse_p_qa,20,random,1,5,5,100000,2.0,153.0,43.71822,583.3711200316,43.568517678885286,43.86792232111472,0.1497023211147166,0.0,1.0,0.80357,0.1578452551,0.8011075249605485,0.8060324750394515,0.002462475039451517,0.0,0.375,0.10175835,0.0033775397052774997,0.10139813955412434,0.10211856044587565,0.00036021044587565554,0.0,153.0,42.11108,605.4396212336,41.958572398585154,42.26358760141485,0.15250760141484676,0.0,153.0,42.11108,605.4396212336,41.958572398585154,42.26358760141485,0.15250760141484676,0.0,1.0,0.4282140000000001,0.138033970204,0.4259112379629331,0.43051676203706707,0.0023027620370669744,0.19643,0.19397140059847356,0.19890621894397664
T-traverse_p_qa-W-20-HS-random-D-10-C-5-H-1-RUNS-100000.csv,traverse_p_qa,20,random,10,5,1,100000,1.0,133.0,31.15408,308.45153935359997,31.04522470919699,31.26293529080301,0.10885529080301026,0.0,5.0,2.40365,2.9156766775,2.3930665867867287,2.414233413213271,0.010583413213271164,0.0,0.385,0.125309325,0.004096841380544375,0.12491260815075486,0.12570604184924514,0.00039671684924513784,0.0,44.9,11.444967,23.987744268910998,11.414610564375334,11.475323435624667,0.03035643562466639,0.0,449.0,114.44967,2398.7744268910997,114.14610564375334,114.75323435624665,0.30356435624665323,0.0,1.0,0.83667,0.13665331109999998,0.8343787833801193,0.8389612166198808,0.0022912166198807427,0.83667,0.8343640687139084,0.8389563866668474
T-traverse_p_qa-W-20-HS-random-D-10-C-5-H-2-RUNS-100000.csv,traverse_p_qa,20,random,10,5,2,100000,2.0,143.0,40.35533,317.0718905911,40.24496409154568,40.46569590845432,0.1103659084543196,0.0,5.0,3.03435,2.6502100775000006,3.0242598825409592,3.0444401174590405,0.010090117459040648,0.0,0.385,0.152779375,0.003492980512109375,0.15241306046390676,0.15314568953609323,0.00036631453609323184,0.0,44.7,13.973384,23.827076788543998,13.9431293973434,14.003638602656599,0.030254602656599516,0.0,447.0,139.73384,2382.7076788544,139.43129397343398,140.036386026566,0.3025460265660058,0.0,1.0,0.820405,0.10517313597499997,0.8183949424904706,0.8224150575095295,0.002010057509529428,0.73607,0.7333263593761818,0.7387999424811836
T-traverse_p_qa-W-20-HS-random-D-10-C-5-H-3-RUNS-100000.csv,traverse_p_qa,20,random,10,5,3,100000,2.0,134.0,46.90184,316.4622646144,46.79158024144128,47.01209975855872,0.11025975855871906,0.0,5.0,3.3488,2.3555585599999995,3.3392873170114337,3.3583126829885668,0.009512682988566556,0.0,0.385,0.16165825,0.0032435012069375,0.16130525943020285,0.16201124056979715,0.0003529905697971514,0.0,45.0,15.94855,29.3244326975,15.914986218828815,15.982113781171183,0.03356378117118375,0.0,450.0,159.4855,2932.44326975,159.14986218828815,159.82113781171185,0.33563781171184814,0.0,1.0,0.8157533333333334,0.09065761026666667,0.8138871332486682,0.8176195334179986,0.0018662000846652038,0.67705,0.6741417114931686,0.6799480164712558
T-traverse_p_qa-W-20-HS-random-D-10-C-5-H-4-RUNS-100000.csv,traverse_p_qa,20,random,10,5,4,100000,2.0,148.0,53.94935,329.8162045775,53.83678793127768,54.06191206872233,0.1125620687223261,0.0,5.0,3.64315,1.9485080774999999,3.6344981859529204,3.6518018140470794,0.008651814047079487,0.0,0.39,0.161851475,0.0031034994778243756,0.1615061866626063,0.1621967633373937,0.00034528833739369547,0.0,54.1,18.122586000000002,41.688899472604,18.082566994988138,18.162605005011866,0.04001900501186384,0.0,541.0,181.22586,4168.8899472604,180.8256699498814,181.62605005011864,0.4001900501186242,0.0,1.0,0.8081925,0.08295550794374998,0.8064073336791304,0.8099776663208695,0.0017851663208695578,0.6241,0.621089430942318,0.6271033696276475
T-traverse_p_qa-W-20-HS-random-D-10-C-5-H-5-RUNS-100000.csv,traverse_p_qa,20,random,10,5,5,100000,2.0,144.0,63.26455,427.6529832975,63.13637544321763,63.39272455678237,0.1281745567823691,0.0,5.0,4.01425,1.1756469375,4.0075296091816766,4.020970390818323,0.0067203908183230965,0.0,0.3375,0.149055475,0.002481111810024375,0.14874674471108443,0.14936420528891556,0.0003087302889155652,0.0,63.0,21.011295,70.63025312297499,20.959205348398438,21.063384651601563,0.05208965160156254,0.0,630.0,210.11295,7063.025312297499,209.5920534839844,210.63384651601564,0.5208965160156254,0.0,1.0,0.8015660000000001,0.077793147644,0.7998372716928646,0.8032947283071357,0.001728728307135552,0.57683,0.5737606371986642,0.5798949058452252
T-traverse_p_qa-W-20-HS-random-D-5-C-5-H-1-RUNS-100000.csv,traverse_p_qa,20,random,5,5,1,100000,1.0,137.0,33.45473,353.9144506271,33.338128209553666,33.57133179044633,0.11660179044633168,0.0,3.0,1.60351,1.2919856799,1.5964649363467007,1.6105550636532993,0.007045063653299266,0.0,0.3775,0.112221175,0.003566966694119375,0.11185100126711059,0.11259134873288942,0.00037017373288941724,0.0,62.2,15.07728,49.8106174016,15.033536146967833,15.121023853032167,0.04374385303216677,0.0,311.0,75.3864,1245.2654350399998,75.16768073483915,75.60511926516084,0.21871926516084272,0.0,1.0,0.70078,0.20968739159999997,0.6979418050039319,0.703618194996068,0.0028381949960680775,0.70078,0.6979310634325185,0.7036172872097288
T-traverse_p_qa-W-20-HS-random-D-5-C-5-H-2-RUNS-100000.csv,traverse_p_qa,20,random,5,5,2,100000,2.0,158.0,42.16669,361.83864444389997,42.048790070547284,42.28458992945272,0.11789992945271877,0.0,3.0,1.98163,1.1125125431000003,1.9750925477549943,1.9881674522450057,0.0065374522450056816,0.0,0.38,0.13500515,0.0034074169734775,0.1346433498749957,0.13536695012500427,0.00036180012500428016,0.0,64.0,18.278821999999998,52.94514829231599,18.23372276700433,18.323921232995666,0.04509923299566765,0.0,320.0,91.39411,1323.6287073079,91.16861383502166,91.61960616497834,0.22549616497833824,0.0,1.0,0.68684,0.1588158144,0.684369965926148,0.689310034073852,0.0024700340738520454,0.57429,0.5712183042375958,0.5773573861603633
T-traverse_p_qa-W-20-HS-random-D-5-C-5-H-3-RUNS-100000.csv,traverse_p_qa,20,random,5,5,3,100000,2.0,146.0,46.45123,372.6855014871,46.33157597280021,46.570884027199796,0.11965402719979323,0.0,3.0,2.13885,0.9764506775,2.132725350685399,2.144974649314601,0.006124649314600994,0.0,0.395,0.14090689999999997,0.00341770740739,0.1405445539668186,0.14126924603318136,0.0003623460331813877,0.0,63.0,19.823442,61.380230072635996,19.774882933715006,19.872001066284994,0.0485590662849944,0.0,315.0,99.11721,1534.5057518158999,98.87441466857503,99.36000533142497,0.242795331424972,0.0,1.0,0.69112,0.13441981226666666,0.6888475846532739,0.693392415346726,0.0022724153467260644,0.5163,0.513197236846963,0.519401817603349
T-traverse_p_qa-W-20-HS-random-D-5-C-5-H-4-RUNS-100000.csv,traverse_p_qa,20,random,5,5,4,100000,2.0,145.0,51.99093,403.74540773509995,51.86638971100262,52.11547028899738,0.12454028899738034,0.0,3.0,2.24593,0.8528284351000001,2.2402061676157663,2.2516538323842337,0.005723832384233685,0.0,0.3675,0.14421275,0.0033739282374375,0.14385273218492775,0.14457276781507225,0.00036001781507224995,0.0,71.4,22.42134,80.5930806044,22.365697715858364,22.476982284141638,0.05564228414163708,0.0,357.0,112.1067,2014.82701511,111.82848857929181,112.38491142070819,0.27821142070818894,0.0,1.0,0.6985275,0.11819370674374997,0.6963966481895101,0.7006583518104899,0.0021308518104898866,0.4798,0.476699178366063,0.48290199342056433
T-traverse_p_qa-W-20-HS-random-D-5-C-5-H-5-RUNS-100000.csv,traverse_p_qa,20,random,5,5,5,100000,2.0,145.0,58.64001,511.1582171999,58.49987915374568,58.78014084625431,0.1401308462543156,0.0,3.0,2.41141,0.5913918119,2.4066435644506665,2.4161764355493336,0.004766435549333536,0.0,0.35,0.13759337500000002,0.002970067343609375,0.1372555908868862,0.13793115911311385,0.0003377841131138315,0.0,85.2,25.485677999999997,121.40449728031602,25.41738542963161,25.55397057036838,0.06829257036838499,0.0,426.0,127.42839,3035.1124320078998,127.08692714815808,127.7698528518419,0.3414628518419107,0.0,1.0,0.694942,0.10962081663599998,0.6928898807802935,0.6969941192197064,0.002052119219706494,0.43524,0.432164043462811,0.4383197132769226
T-traverse_p_qa-W-20-HS-weighted-D-1-C-5-H-1-RUNS-100000.csv,traverse_p_qa,20,weighted,1,5,1,100000,1.0,136.0,29.50392,336.04566463360004,29.39029988623239,29.61754011376761,0.11362011376760961,0.0,1.0,0.63452,0.23190436960000008,0.6315352322933679,0.637504767706632,0.00298476770663203,0.0,0.33,0.06948775,0.0019677393499374996,0.06921280877925055,0.06976269122074945,0.00027494122074944727,0.0,136.0,28.23488,342.29719138559994,28.120207907038072,28.34955209296193,0.11467209296192848,0.0,136.0,28.23488,342.29719138559994,28.120207907038072,28.34955209296193,0.11467209296192848,0.0,1.0,0.36548,0.23190436960000008,0.36249523229336794,0.3684647677066321,0.0029847677066320855,0.36548,0.36249422391110325,0.3684735801153611
T-traverse_p_qa-W-20-HS-weighted-D-1-C-5-H-2-RUNS-100000.csv,traverse_p_qa,20,weighted,1,5,2,100000,2.0,132.0,35.0753,396.25386991,34.95192055006419,35.19867944993581,0.12337944993581118,0.0,1.0,0.74144,0.19170672640000005,0.7387262193159022,0.7441537806840978,0.0027137806840977774,0.0,0.3175,0.082325975,0.0023593296527993747,0.08202491685288894,0.08262703314711105,0.0003010581471110524,0.0,132.0,33.59242,412.4737385436,33.46654072791801,33.718299272081985,0.12587927208198835,0.0,132.0,33.59242,412.4737385436,33.46654072791801,33.718299272081985,0.12587927208198835,0.0,1.0,0.37157,0.17700073510000003,0.36896238418481525,0.37417761581518477,0.0026076158151847606,0.25856,0.25584830180048834,0.2612857081662735
T-traverse_p_qa-W-20-HS-weighted-D-1-C-5-H-3-RUNS-100000.csv,traverse_p_qa,20,weighted,1,5,3,100000,2.0,146.0,38.49869,449.78691828390004,38.36724033566877,38.63013966433124,0.13144966433123528,0.0,1.0,0.78141,0.17080841189999998,0.7788484036321953,0.7839715963678048,0.0025615963678047304,0.0,0.355,0.09016020000000001,0.0026591582109599995,0.08984058425909816,0.09047981574090186,0.0003196157409018491,0.0,146.0,36.93587,469.6734773431,36.80154585360177,37.07019414639823,0.1343241463982281,0.0,146.0,36.93587,469.6734773431,36.80154585360177,37.07019414639823,0.1343241463982281,0.0,1.0,0.37906666666666666,0.15507735111111112,0.3766258775483108,0.38150745578502254,0.0024407891183558794,0.21859,0.21603163997043917,0.2211646916851157
T-traverse_p_qa-W-20-HS-weighted-D-1-C-5-H-4-RUNS-100000.csv,traverse_p_qa,20,weighted,1,5,4,100000,2.0,138.0,41.01158,513.3560459036,40.87114821634889,41.15201178365111,0.14043178365110975,0.0,1.0,0.79695,0.16182069750000003,0.7944567082170031,0.799443291782997,0.0024932917829969536,0.0,0.315,0.0959354,0.0030230246518399995,0.09559461778945332,0.09627618221054669,0.000340782210546689,0.0,138.0,39.41768,534.6142834176,39.27437004810631,39.56098995189368,0.14330995189368423,0.0,138.0,39.41768,534.6142834176,39.27437004810631,39.56098995189368,0.14330995189368423,0.0,1.0,0.39727,0.1438677971,0.3949190799049322,0.39962092009506783,0.002350920095067821,0.20305,0.20056039290483343,0.20555684183351672
T-traverse_p_qa-W-20-HS-weighted-D-1-C-5-H-5-RUNS-100000.csv,traverse_p_qa,20,weighted,1,5,5,100000,2.0,136.0,43.3464,584.0878870399999,43.196605740201676,43.49619425979833,0.14979425979832683,0.0,1.0,0.8027,0.15837271000000003,0.8002334140948753,0.8051665859051247,0.0024665859051247185,0.0,0.335,0.10104690000000001,0.00338732837539,0.10068616795696948,0.10140763204303054,0.0003607320430305261,0.0,136.0,41.741,606.4285990000001,41.58836788981612,41.89363211018388,0.15263211018388034,0.0,136.0,41.741,606.4285990000001,41.58836788981612,41.89363211018388,0.15263211018388034,0.0,1.0,0.42801000000000006,0.1383350399,0.42570472802194664,0.43031527197805347,0.0023052719780534137,0.1973,0.19483726463951795,0.19978030432806096
T-traverse_p_qa-W-20-HS-weighted-D-10-C-5-H-1-RUNS-100000.csv,traverse_p_qa,20,weighted,10,5,1,100000,1.0,126.0,28.66677,296.93596776709995,28.559966010665608,28.77357398933439,0.1068039893343915,0.0,5.0,2.41298,2.7801275196,2.4026455247451577,2.4233144752548426,0.010334475254842435,0.0,0.385,0.1151614,0.00402829657504,0.11476801591131981,0.11555478408868018,0.0003933840886801848,0.0,44.7,10.909736,22.507060810304,10.880331387299123,10.939140612700879,0.02940461270087802,0.0,447.0,109.09736,2250.7060810304,108.80331387299121,109.39140612700878,0.29404612700878374,0.0,1.0,0.83408,0.1383905536,0.8317742655167827,0.8363857344832174,0.0023057344832173587,0.83408,0.8317596269128046,0.8363809791763211
T-traverse_p_qa-W-20-HS-weighted-D-10-C-5-H-2-RUNS-100000.csv,traverse_p_qa,20,weighted,10,5,2,100000,2.0,136.0,37.66479,280.9571842559,37.56089942684548,37.768680573154526,0.10389057315452277,0.0,5.0,3.01341,2.6088901718999997,3.0033988499739683,3.0234211500260315,0.01001115002603159,0.0,0.39,0.14428644999999998,0.0032880614713975,0.14393104295239792,0.14464185704760205,0.0003554070476020632,0.0,40.4,13.410037999999998,21.721365838556,13.381151186571481,13.438924813428516,0.0288868134285174,0.0,404.0,134.10038,2172.1365838556,133.81151186571483,134.38924813428517,0.2888681342851669,0.0,1.0,0.82821,0.09706819589999999,0.8262789454141081,0.8301410545858919,0.0019310545858919337,0.73779,0.7350520458090971,0.7405141561738048
T-traverse_p_qa-W-20-HS-weighted-D-10-C-5-H-3-RUNS-100000.csv,traverse_p_qa,20,weighted,10,5,3,100000,2.0,135.0,45.68099,280.1820226199,45.57724284302225,45.784737156977755,0.10374715697775372,0.0,5.0,3.37086,2.3049428603999997,3.361450075190251,3.380269924809749,0.009409924809749004,0.0,0.395,0.1588114,0.00321776298004,0.15845981276666918,0.1591629872333308,0.00035158723333081343,0.0,44.0,15.750152,27.932673176896003,15.717394381454636,15.782909618545364,0.03275761854536441,0.0,440.0,157.50152,2793.2673176896,157.17394381454636,157.82909618545364,0.327576185453637,0.0,1.0,0.81908,0.08593239804444446,0.8172630853065498,0.8208969146934503,0.0018169146934502445,0.67287,0.6699521555962008,0.6757778149583603
T-traverse_p_qa-W-20-HS-weighted-D-10-C-5-H-4-RUNS-100000.csv,traverse_p_qa,20,weighted,10,5,4,100000,2.0,141.0,54.11057,329.4837442751,53.99806467781446,54.223075322185544,0.11250532218554099,0.0,5.0,3.66712,1.9126709055999997,3.658548117738237,3.6756918822617632,0.008571882261763086,0.0,0.3725,0.16183740000000002,0.00311892383624,0.16149125468644948,0.16218354531355056,0.0003461453135505388,0.0,53.3,18.281406,43.579056863164006,18.240489829010336,18.322322170989665,0.04091617098966438,0.0,533.0,182.81406,4357.9056863164005,182.40489829010338,183.22322170989665,0.4091617098966367,0.0,1.0,0.80865,0.08072767750000001,0.8068889677859732,0.8104110322140268,0.001761032214026792,0.61784,0.6148199380920506,0.6208532256888395
T-traverse_p_qa-W-20-HS-weighted-D-10-C-5-H-5-RUNS-100000.csv,traverse_p_qa,20,weighted,10,5,5,100000,2.0,158.0,63.86514,435.2494927804,63.73583205548516,63.99444794451483,0.12930794451483507,0.0,5.0,4.02024,1.1697503424,4.013536483821633,4.026943516178368,0.006703516178367508,0.0,0.34,0.150551875,0.002539940746484375,0.15023950604552957,0.15086424395447043,0.0003123689544704267,0.0,67.4,21.38193,73.3422086751,21.328849737298476,21.435010262701525,0.053080262701524106,0.0,674.0,213.8193,7334.220867509999,213.28849737298478,214.35010262701522,0.5308026270152197,0.0,1.0,0.80084,0.07786889439999999,0.7991104302710587,0.8025695697289413,0.001729569728941338,0.57475,0.571678720604762,0.5778169431070416
T-traverse_p_qa-W-20-HS-weighted-D-5-C-5-H-1-RUNS-100000.csv,traverse_p_qa,20,weighted,5,5,1,100000,1.0,142.0,31.23328,345.32834044160006,31.11810129742698,31.348458702573023,0.1151787025730222,0.0,3.0,1.605,1.282835,1.5979799295331172,1.6120200704668828,0.0070200704668827996,0.0,0.3675,0.10472382499999999,0.003507977289869375,0.10435672493793569,0.1050909250620643,0.00036710006206430723,0.0,56.6,14.370638,46.591386272956,14.328331325644031,14.412944674355968,0.042306674355968354,0.0,283.0,71.85319,1164.7846568239001,71.64165662822016,72.06472337177983,0.21153337177983644,0.0,1.0,0.69768,0.2109226176,0.6948334576627562,0.7005265423372438,0.002846542337243796,0.69768,0.6948228064352812,0.7005257241488542
T-traverse_p_qa-W-20-HS-weighted-D-5-C-5-H-2-RUNS-100000.csv,traverse_p_qa,20,weighted,5,5,2,100000,2.0,147.0,39.88154,328.2526272284,39.769245062769485,39.99383493723052,0.11229493723051576,0.0,3.0,1.97073,1.1321732671,1.9641350346301962,1.977324965369804,0.006594965369803862,0.0,0.385,0.128953375,0.0031995960136093748,0.12860278167368186,0.12930396832631816,0.0003505933263181493,0.0,61.2,17.51988,47.2517567856,17.47727456033937,17.56248543966063,0.042605439660629685,0.0,306.0,87.5994,1181.29391964,87.38637280169685,87.81242719830315,0.21302719830315198,0.0,1.0,0.692335,0.15257474777500002,0.6899139854377712,0.6947560145622289,0.0024210145622288737,0.57147,0.5683958109627116,0.5745400430324387
T-traverse_p_qa-W-20-HS-weighted-D-5-C-5-H-3-RUNS-100000.csv,traverse_p_qa,20,weighted,5,5,3,100000,2.0,143.0,46.15241,341.7773011919,46.03782502366109,46.266994976338914,0.11458497633891085,0.0,3.0,2.14023,0.9795655471000001,2.134095589673213,2.146364410326787,0.006134410326787076,0.0,0.37,0.14009775,0.0032804134449375,0.1397427565311858,0.14045274346881417,0.0003549934688141798,0.0,64.8,20.027468,58.17639590897599,19.98019322421799,20.074742775782006,0.04727477578200734,0.0,324.0,100.13734,1454.4098977244003,99.90096612108995,100.37371387891004,0.2363738789100438,0.0,1.0,0.6957666666666668,0.12964430111111114,0.6935349822195541,0.6979983511137794,0.0022316844471126362,0.51358,0.5104768117953162,0.5166824004399693
T-traverse_p_qa-W-20-HS-weighted-D-5-C-5-H-4-RUNS-100000.csv,traverse_p_qa,20,weighted,5,5,4,100000,2.0,144.0,52.70941,391.5100474519,52.58677130307724,52.832048696922755,0.1226386969227562,0.0,3.0,2.27169,0.8219145439,2.266070865803483,2.277309134196517,0.0056191341965168284,0.0,0.3775,0.145521075,0.003351595418344375,0.1451622506842254,0.1458798993157746,0.0003588243157746085,0.0,72.0,22.892422000000003,80.017480973916,22.83697877183737,22.947865228162637,0.05544322816263403,0.0,360.0,114.46211,2000.4370243479002,114.18489385918683,114.73932614081316,0.2772161408131666,0.0,1.0,0.6955475,0.11712305024375,0.69342632129509,0.69766867870491,0.0021211787049100206,0.47052,0.4674223085589093,0.47361940155684523
T-traverse_p_qa-W-20-HS-weighted-D-5-C-5-H-5-RUNS-100000.csv,traverse_p_qa,20,weighted,5,5,5,100000,2.0,143.0,58.45798,522.4298543196,58.316312553903366,58.59964744609663,0.1416674460966334,0.0,3.0,2.41476,0.5886541424,2.4100046096338534,2.419515390366146,0.0047553903661463615,0.0,0.345,0.13724514999999998,0.0030185926764775,0.13690461768690831,0.13758568231309165,0.0003405323130916682,0.0,78.0,25.374134000000005,125.28992495004401,25.304757218892195,25.443510781107815,0.06937678110780965,0.0,390.0,126.87067,3132.2481237511,126.52378609446096,127.21755390553905,0.3468839055390447,0.0,1.0,0.694928,0.109332674816,0.6928785795854117,0.6969774204145883,0.002049420414588332,0.4336,0.4305254358126064,0.43667841606757846
