	Unnamed: 0	i	steps	all_found	taken_down	frac_area_covered	mean_distance_travelled	total_distance_covered	hider_frac_found
0	0	1	78	1	0	0.19	78.0	78.0	1.0
1	1	2	4	0	1	0.005	2.0	2.0	0.0
2	2	3	28	0	1	0.065	26.0	26.0	0.0
3	3	4	83	0	1	0.195	81.0	81.0	0.0
4	4	5	26	0	1	0.06	24.0	24.0	0.0
5	5	6	26	1	0	0.065	26.0	26.0	1.0
6	6	7	30	0	1	0.07	28.0	28.0	0.0
7	7	8	5	0	1	0.0075	3.0	3.0	0.0
8	8	9	25	0	1	0.0575	23.0	23.0	0.0
9	9	10	18	0	1	0.04	16.0	16.0	0.0
10	10	11	6	0	1	0.01	4.0	4.0	0.0
11	11	12	42	0	1	0.1	40.0	40.0	0.0
12	12	13	9	1	0	0.0225	9.0	9.0	1.0
13	13	14	37	1	0	0.0925	37.0	37.0	1.0
14	14	15	30	0	1	0.07	28.0	28.0	0.0
15	15	16	17	0	1	0.0375	15.0	15.0	0.0
16	16	17	29	0	1	0.0675	27.0	27.0	0.0
17	17	18	34	0	1	0.08	32.0	32.0	0.0
18	18	19	15	1	0	0.0375	15.0	15.0	1.0
19	19	20	5	1	0	0.0125	5.0	5.0	1.0
20	20	21	65	1	0	0.16	65.0	65.0	1.0
21	21	22	27	0	1	0.0625	25.0	25.0	0.0
22	22	23	6	1	0	0.015	6.0	6.0	1.0
23	23	24	17	1	0	0.0425	17.0	17.0	1.0
24	24	25	29	0	1	0.0675	27.0	27.0	0.0
25	25	26	37	0	1	0.0875	35.0	35.0	0.0
26	26	27	57	0	1	0.1375	55.0	55.0	0.0
27	27	28	34	0	1	0.08	32.0	32.0	0.0
28	28	29	19	0	1	0.0425	17.0	17.0	0.0
29	29	30	16	0	1	0.035	14.0	14.0	0.0
30	30	31	19	0	1	0.0425	17.0	17.0	0.0
31	31	32	44	0	1	0.1025	42.0	42.0	0.0
32	32	33	24	0	1	0.055	22.0	22.0	0.0
33	33	34	71	0	1	0.11	69.0	69.0	0.0
34	34	35	34	0	1	0.08	32.0	32.0	0.0
35	35	36	7	1	0	0.0175	7.0	7.0	1.0
36	36	37	16	0	1	0.035	14.0	14.0	0.0
37	37	38	43	0	1	0.1	41.0	41.0	0.0
38	38	39	29	1	0	0.0725	29.0	29.0	1.0
39	39	40	12	0	1	0.025	10.0	10.0	0.0
40	40	41	26	1	0	0.065	26.0	26.0	1.0
41	41	42	18	0	1	0.04	16.0	16.0	0.0
42	42	43	61	0	1	0.145	59.0	59.0	0.0
43	43	44	51	0	1	0.1225	49.0	49.0	0.0
44	44	45	36	1	0	0.09	36.0	36.0	1.0
45	45	46	42	0	1	0.1	40.0	40.0	0.0
46	46	47	58	1	0	0.14	58.0	58.0	1.0
47	47	48	12	1	0	0.03	12.0	12.0	1.0
48	48	49	71	1	0	0.17	71.0	71.0	1.0
49	49	50	39	0	1	0.0775	37.0	37.0	0.0
50	50	51	14	0	1	0.03	12.0	12.0	0.0
51	51	52	27	1	0	0.0675	27.0	27.0	1.0
52	52	53	24	0	1	0.055	22.0	22.0	0.0
53	53	54	18	0	1	0.04	16.0	16.0	0.0
54	54	55	24	1	0	0.06	24.0	24.0	1.0
55	55	56	10	0	1	0.02	8.0	8.0	0.0
56	56	57	36	1	0	0.09	36.0	36.0	1.0
57	57	58	26	0	1	0.06	24.0	24.0	0.0
58	58	59	23	0	1	0.0525	21.0	21.0	0.0
59	59	60	20	0	1	0.045	18.0	18.0	0.0
60	60	61	34	0	1	0.08	32.0	32.0	0.0
61	61	62	8	0	1	0.015	6.0	6.0	0.0
62	62	63	11	0	1	0.0225	9.0	9.0	0.0
63	63	64	11	0	1	0.0225	9.0	9.0	0.0
64	64	65	24	1	0	0.06	24.0	24.0	1.0
65	65	66	22	0	1	0.05	20.0	20.0	0.0
66	66	67	10	0	1	0.02	8.0	8.0	0.0
67	67	68	24	0	1	0.055	22.0	22.0	0.0
68	68	69	12	0	1	0.025	10.0	10.0	0.0
69	69	70	13	1	0	0.0325	13.0	13.0	1.0
70	70	71	24	0	1	0.055	22.0	22.0	0.0
71	71	72	24	1	0	0.06	24.0	24.0	1.0
72	72	73	27	0	1	0.0625	25.0	25.0	0.0
73	73	74	23	0	1	0.0525	21.0	21.0	0.0
74	74	75	25	0	1	0.0575	23.0	23.0	0.0
75	75	76	40	0	1	0.095	38.0	38.0	0.0
76	76	77	26	0	1	0.06	24.0	24.0	0.0
77	77	78	60	1	0	0.15	60.0	60.0	1.0
78	78	79	20	0	1	0.045	18.0	18.0	0.0
79	79	80	9	1	0	0.0225	9.0	9.0	1.0
80	80	81	18	0	1	0.04	16.0	16.0	0.0
81	81	82	14	0	1	0.03	12.0	12.0	0.0
82	82	83	1	1	0	0.0025	1.0	1.0	1.0
83	83	84	30	1	0	0.075	30.0	30.0	1.0
84	84	85	12	1	0	0.03	12.0	12.0	1.0
85	85	86	30	0	1	0.07	28.0	28.0	0.0
86	86	87	88	0	1	0.21	86.0	86.0	0.0
87	87	88	60	0	1	0.145	58.0	58.0	0.0
88	88	89	40	0	1	0.095	38.0	38.0	0.0
89	89	90	17	0	1	0.0375	15.0	15.0	0.0
90	90	91	33	1	0	0.0825	33.0	33.0	1.0
91	91	92	12	0	1	0.025	10.0	10.0	0.0
92	92	93	30	1	0	0.0725	30.0	30.0	1.0
93	93	94	18	0	1	0.04	16.0	16.0	0.0
94	94	95	11	1	0	0.0275	11.0	11.0	1.0
95	95	96	37	0	1	0.0875	35.0	35.0	0.0
96	96	97	24	0	1	0.055	22.0	22.0	0.0
97	97	98	18	1	0	0.045	18.0	18.0	1.0
98	98	99	31	0	1	0.0725	29.0	29.0	0.0
99	99	100	8	0	1	0.015	6.0	6.0	0.0
100	100	101	29	1	0	0.0725	29.0	29.0	1.0
101	101	102	67	0	1	0.16	65.0	65.0	0.0
102	102	103	15	0	1	0.0325	13.0	13.0	0.0
103	103	104	21	0	1	0.0475	19.0	19.0	0.0
104	104	105	41	0	1	0.0975	39.0	39.0	0.0
105	105	106	17	0	1	0.0375	15.0	15.0	0.0
106	106	107	32	0	1	0.075	30.0	30.0	0.0
107	107	108	5	0	1	0.0075	3.0	3.0	0.0
108	108	109	8	1	0	0.02	8.0	8.0	1.0
109	109	110	26	0	1	0.06	24.0	24.0	0.0
110	110	111	22	1	0	0.055	22.0	22.0	1.0
111	111	112	33	0	1	0.0775	31.0	31.0	0.0
112	112	113	10	0	1	0.02	8.0	8.0	0.0
113	113	114	39	0	1	0.0925	37.0	37.0	0.0
114	114	115	26	0	1	0.06	24.0	24.0	0.0
115	115	116	68	0	1	0.1625	66.0	66.0	0.0
116	116	117	26	0	1	0.06	24.0	24.0	0.0
117	117	118	62	1	0	0.155	62.0	62.0	1.0
118	118	119	8	0	1	0.015	6.0	6.0	0.0
119	119	120	19	1	0	0.0475	19.0	19.0	1.0
120	120	121	66	0	1	0.16	64.0	64.0	0.0
121	121	122	23	1	0	0.0575	23.0	23.0	1.0
122	122	123	41	1	0	0.1025	41.0	41.0	1.0
123	123	124	52	0	1	0.125	50.0	50.0	0.0
124	124	125	46	1	0	0.1	46.0	46.0	1.0
125	125	126	17	0	1	0.0375	15.0	15.0	0.0
126	126	127	10	0	1	0.02	8.0	8.0	0.0
127	127	128	55	0	1	0.1325	53.0	53.0	0.0
128	128	129	26	1	0	0.065	26.0	26.0	1.0
129	129	130	30	0	1	0.07	28.0	28.0	0.0
130	130	131	28	1	0	0.07	28.0	28.0	1.0
131	131	132	23	0	1	0.0525	21.0	21.0	0.0
132	132	133	22	0	1	0.05	20.0	20.0	0.0
133	133	134	21	1	0	0.0525	21.0	21.0	1.0
134	134	135	51	1	0	0.125	51.0	51.0	1.0
135	135	136	33	0	1	0.075	31.0	31.0	0.0
136	136	137	49	0	1	0.115	47.0	47.0	0.0
137	137	138	8	1	0	0.02	8.0	8.0	1.0
138	138	139	33	0	1	0.0775	31.0	31.0	0.0
139	139	140	23	0	1	0.0525	21.0	21.0	0.0
140	140	141	88	0	1	0.21	86.0	86.0	0.0
141	141	142	19	1	0	0.0475	19.0	19.0	1.0
142	142	143	61	0	1	0.1475	59.0	59.0	0.0
143	143	144	34	0	1	0.075	32.0	32.0	0.0
144	144	145	18	1	0	0.045	18.0	18.0	1.0
145	145	146	6	1	0	0.015	6.0	6.0	1.0
146	146	147	30	1	0	0.075	30.0	30.0	1.0
147	147	148	110	0	1	0.26	108.0	108.0	0.0
148	148	149	35	0	1	0.0825	33.0	33.0	0.0
149	149	150	9	1	0	0.0225	9.0	9.0	1.0
150	150	151	42	0	1	0.1	40.0	40.0	0.0
151	151	152	5	1	0	0.0125	5.0	5.0	1.0
152	152	153	15	0	1	0.0325	13.0	13.0	0.0
153	153	154	17	0	1	0.0375	15.0	15.0	0.0
154	154	155	27	0	1	0.0625	25.0	25.0	0.0
155	155	156	34	0	1	0.08	32.0	32.0	0.0
156	156	157	32	0	1	0.075	30.0	30.0	0.0
157	157	158	13	0	1	0.0275	11.0	11.0	0.0
158	158	159	30	0	1	0.07	28.0	28.0	0.0
159	159	160	25	0	1	0.0575	23.0	23.0	0.0
160	160	161	52	0	1	0.125	50.0	50.0	0.0
161	161	162	26	1	0	0.065	26.0	26.0	1.0
162	162	163	16	0	1	0.035	14.0	14.0	0.0
163	163	164	32	1	0	0.08	32.0	32.0	1.0
164	164	165	20	0	1	0.045	18.0	18.0	0.0
165	165	166	18	0	1	0.04	16.0	16.0	0.0
166	166	167	29	0	1	0.0675	27.0	27.0	0.0
167	167	168	28	1	0	0.07	28.0	28.0	1.0
168	168	169	27	0	1	0.0625	25.0	25.0	0.0
169	169	170	34	0	1	0.08	32.0	32.0	0.0
170	170	171	26	1	0	0.06	26.0	26.0	1.0
171	171	172	12	0	1	0.025	10.0	10.0	0.0
172	172	173	30	0	1	0.07	28.0	28.0	0.0
173	173	174	15	0	1	0.0325	13.0	13.0	0.0
174	174	175	37	0	1	0.0875	35.0	35.0	0.0
175	175	176	36	1	0	0.09	36.0	36.0	1.0
176	176	177	83	1	0	0.2025	83.0	83.0	1.0
177	177	178	24	1	0	0.06	24.0	24.0	1.0
178	178	179	9	0	1	0.0175	7.0	7.0	0.0
179	179	180	59	1	0	0.145	59.0	59.0	1.0
180	180	181	16	1	0	0.04	16.0	16.0	1.0
181	181	182	14	0	1	0.03	12.0	12.0	0.0
182	182	183	45	0	1	0.1075	43.0	43.0	0.0
183	183	184	16	1	0	0.04	16.0	16.0	1.0
184	184	185	38	1	0	0.095	38.0	38.0	1.0
185	185	186	15	0	1	0.0325	13.0	13.0	0.0
186	186	187	15	0	1	0.0325	13.0	13.0	0.0
187	187	188	27	1	0	0.0675	27.0	27.0	1.0
188	188	189	10	0	1	0.02	8.0	8.0	0.0
189	189	190	12	0	1	0.025	10.0	10.0	0.0
190	190	191	21	0	1	0.0475	19.0	19.0	0.0
191	191	192	18	0	1	0.04	16.0	16.0	0.0
192	192	193	14	0	1	0.03	12.0	12.0	0.0
193	193	194	29	0	1	0.0675	27.0	27.0	0.0
194	194	195	55	1	0	0.1325	55.0	55.0	1.0
195	195	196	26	0	1	0.06	24.0	24.0	0.0
196	196	197	23	0	1	0.0525	21.0	21.0	0.0
197	197	198	14	1	0	0.035	14.0	14.0	1.0
198	198	199	21	1	0	0.0525	21.0	21.0	1.0
199	199	200	41	1	0	0.095	41.0	41.0	1.0
200	200	201	23	0	1	0.0525	21.0	21.0	0.0
201	201	202	63	0	1	0.1525	61.0	61.0	0.0
202	202	203	18	1	0	0.045	18.0	18.0	1.0
203	203	204	80	1	0	0.19	80.0	80.0	1.0
204	204	205	22	0	1	0.05	20.0	20.0	0.0
205	205	206	49	0	1	0.1175	47.0	47.0	0.0
206	206	207	54	0	1	0.13	52.0	52.0	0.0
207	207	208	25	1	0	0.0625	25.0	25.0	1.0
208	208	209	34	0	1	0.08	32.0	32.0	0.0
209	209	210	19	1	0	0.0475	19.0	19.0	1.0
210	210	211	9	0	1	0.0175	7.0	7.0	0.0
211	211	212	18	1	0	0.045	18.0	18.0	1.0
212	212	213	24	0	1	0.055	22.0	22.0	0.0
213	213	214	22	1	0	0.055	22.0	22.0	1.0
214	214	215	23	1	0	0.0575	23.0	23.0	1.0
215	215	216	33	1	0	0.0825	33.0	33.0	1.0
216	216	217	14	0	1	0.03	12.0	12.0	0.0
217	217	218	26	1	0	0.065	26.0	26.0	1.0
218	218	219	53	0	1	0.1275	51.0	51.0	0.0
219	219	220	10	0	1	0.02	8.0	8.0	0.0
220	220	221	20	0	1	0.045	18.0	18.0	0.0
221	221	222	4	1	0	0.01	4.0	4.0	1.0
222	222	223	26	1	0	0.065	26.0	26.0	1.0
223	223	224	15	0	1	0.0325	13.0	13.0	0.0
224	224	225	8	1	0	0.02	8.0	8.0	1.0
225	225	226	53	1	0	0.13	53.0	53.0	1.0
226	226	227	19	1	0	0.0475	19.0	19.0	1.0
227	227	228	24	1	0	0.0425	24.0	24.0	1.0
228	228	229	11	0	1	0.0225	9.0	9.0	0.0
229	229	230	23	0	1	0.0525	21.0	21.0	0.0
230	230	231	15	0	1	0.0325	13.0	13.0	0.0
231	231	232	58	0	1	0.14	56.0	56.0	0.0
232	232	233	8	1	0	0.02	8.0	8.0	1.0
233	233	234	22	0	1	0.05	20.0	20.0	0.0
234	234	235	49	1	0	0.1225	49.0	49.0	1.0
235	235	236	69	1	0	0.17	69.0	69.0	1.0
236	236	237	40	0	1	0.095	38.0	38.0	0.0
237	237	238	24	0	1	0.055	22.0	22.0	0.0
238	238	239	7	1	0	0.0175	7.0	7.0	1.0
239	239	240	32	0	1	0.075	30.0	30.0	0.0
240	240	241	9	1	0	0.0225	9.0	9.0	1.0
241	241	242	29	0	1	0.0675	27.0	27.0	0.0
242	242	243	13	1	0	0.0325	13.0	13.0	1.0
243	243	244	19	0	1	0.0425	17.0	17.0	0.0
244	244	245	18	1	0	0.045	18.0	18.0	1.0
245	245	246	20	1	0	0.05	20.0	20.0	1.0
246	246	247	65	1	0	0.1625	65.0	65.0	1.0
247	247	248	4	1	0	0.01	4.0	4.0	1.0
248	248	249	23	0	1	0.0525	21.0	21.0	0.0
249	249	250	20	0	1	0.045	18.0	18.0	0.0
250	250	251	37	0	1	0.0675	35.0	35.0	0.0
251	251	252	30	1	0	0.075	30.0	30.0	1.0
252	252	253	22	0	1	0.05	20.0	20.0	0.0
253	253	254	37	0	1	0.0875	35.0	35.0	0.0
254	254	255	36	0	1	0.085	34.0	34.0	0.0
255	255	256	36	0	1	0.085	34.0	34.0	0.0
256	256	257	43	1	0	0.1075	43.0	43.0	1.0
257	257	258	13	0	1	0.0275	11.0	11.0	0.0
258	258	259	43	1	0	0.1075	43.0	43.0	1.0
259	259	260	17	1	0	0.0425	17.0	17.0	1.0
260	260	261	19	1	0	0.0475	19.0	19.0	1.0
261	261	262	50	1	0	0.1225	50.0	50.0	1.0
262	262	263	14	1	0	0.035	14.0	14.0	1.0
263	263	264	26	0	1	0.06	24.0	24.0	0.0
264	264	265	20	1	0	0.05	20.0	20.0	1.0
265	265	266	27	0	1	0.0625	25.0	25.0	0.0
266	266	267	21	1	0	0.0525	21.0	21.0	1.0
267	267	268	9	0	1	0.0175	7.0	7.0	0.0
268	268	269	17	0	1	0.0375	15.0	15.0	0.0
269	269	270	37	1	0	0.0925	37.0	37.0	1.0
270	270	271	51	0	1	0.1125	49.0	49.0	0.0
271	271	272	34	1	0	0.085	34.0	34.0	1.0
272	272	273	21	0	1	0.0475	19.0	19.0	0.0
273	273	274	64	1	0	0.1475	64.0	64.0	1.0
274	274	275	11	1	0	0.0275	11.0	11.0	1.0
275	275	276	74	0	1	0.1775	72.0	72.0	0.0
276	276	277	11	0	1	0.0225	9.0	9.0	0.0
277	277	278	22	0	1	0.05	20.0	20.0	0.0
278	278	279	82	1	0	0.2025	82.0	82.0	1.0
279	279	280	33	1	0	0.0825	33.0	33.0	1.0
280	280	281	7	0	1	0.0125	5.0	5.0	0.0
281	281	282	49	0	1	0.1175	47.0	47.0	0.0
282	282	283	22	0	1	0.05	20.0	20.0	0.0
283	283	284	13	1	0	0.0325	13.0	13.0	1.0
284	284	285	23	0	1	0.0525	21.0	21.0	0.0
285	285	286	23	0	1	0.0525	21.0	21.0	0.0
286	286	287	21	1	0	0.0525	21.0	21.0	1.0
287	287	288	59	0	1	0.1425	57.0	57.0	0.0
288	288	289	62	0	1	0.15	60.0	60.0	0.0
289	289	290	13	1	0	0.0325	13.0	13.0	1.0
290	290	291	25	0	1	0.0575	23.0	23.0	0.0
291	291	292	22	1	0	0.055	22.0	22.0	1.0
292	292	293	61	0	1	0.145	59.0	59.0	0.0
293	293	294	75	1	0	0.185	75.0	75.0	1.0
294	294	295	33	0	1	0.0775	31.0	31.0	0.0
295	295	296	28	0	1	0.065	26.0	26.0	0.0
296	296	297	12	0	1	0.025	10.0	10.0	0.0
297	297	298	82	0	1	0.2	80.0	80.0	0.0
298	298	299	14	1	0	0.035	14.0	14.0	1.0
299	299	300	14	0	1	0.03	12.0	12.0	0.0
300	300	301	20	0	1	0.045	18.0	18.0	0.0
301	301	302	7	1	0	0.0175	7.0	7.0	1.0
302	302	303	18	1	0	0.045	18.0	18.0	1.0
303	303	304	51	1	0	0.125	51.0	51.0	1.0
304	304	305	18	0	1	0.04	16.0	16.0	0.0
305	305	306	10	0	1	0.02	8.0	8.0	0.0
306	306	307	16	0	1	0.035	14.0	14.0	0.0
307	307	308	39	0	1	0.0925	37.0	37.0	0.0
308	308	309	25	1	0	0.0625	25.0	25.0	1.0
309	309	310	11	1	0	0.0275	11.0	11.0	1.0
310	310	311	3	1	0	0.0075	3.0	3.0	1.0
311	311	312	14	1	0	0.035	14.0	14.0	1.0
312	312	313	37	0	1	0.0875	35.0	35.0	0.0
313	313	314	26	1	0	0.065	26.0	26.0	1.0
314	314	315	11	1	0	0.0275	11.0	11.0	1.0
315	315	316	16	0	1	0.035	14.0	14.0	0.0
316	316	317	53	1	0	0.1325	53.0	53.0	1.0
317	317	318	32	0	1	0.075	30.0	30.0	0.0
318	318	319	17	1	0	0.0425	17.0	17.0	1.0
319	319	320	29	1	0	0.0725	29.0	29.0	1.0
320	320	321	67	1	0	0.1625	67.0	67.0	1.0
321	321	322	31	1	0	0.075	31.0	31.0	1.0
322	322	323	15	0	1	0.0325	13.0	13.0	0.0
323	323	324	48	1	0	0.12	48.0	48.0	1.0
324	324	325	21	0	1	0.0475	19.0	19.0	0.0
325	325	326	19	1	0	0.0475	19.0	19.0	1.0
326	326	327	5	0	1	0.0075	3.0	3.0	0.0
327	327	328	31	1	0	0.0775	31.0	31.0	1.0
328	328	329	38	0	1	0.09	36.0	36.0	0.0
329	329	330	41	0	1	0.0975	39.0	39.0	0.0
330	330	331	37	1	0	0.0925	37.0	37.0	1.0
331	331	332	23	0	1	0.0525	21.0	21.0	0.0
332	332	333	32	1	0	0.08	32.0	32.0	1.0
333	333	334	14	0	1	0.03	12.0	12.0	0.0
334	334	335	31	0	1	0.0725	29.0	29.0	0.0
335	335	336	14	1	0	0.035	14.0	14.0	1.0
336	336	337	31	0	1	0.0725	29.0	29.0	0.0
337	337	338	29	0	1	0.06	27.0	27.0	0.0
338	338	339	22	0	1	0.05	20.0	20.0	0.0
339	339	340	18	0	1	0.04	16.0	16.0	0.0
340	340	341	23	1	0	0.0575	23.0	23.0	1.0
341	341	342	5	1	0	0.0125	5.0	5.0	1.0
342	342	343	26	0	1	0.06	24.0	24.0	0.0
343	343	344	35	0	1	0.07	33.0	33.0	0.0
344	344	345	16	0	1	0.035	14.0	14.0	0.0
345	345	346	36	0	1	0.085	34.0	34.0	0.0
346	346	347	41	0	1	0.095	39.0	39.0	0.0
347	347	348	31	0	1	0.0725	29.0	29.0	0.0
348	348	349	25	0	1	0.0575	23.0	23.0	0.0
349	349	350	32	0	1	0.075	30.0	30.0	0.0
350	350	351	21	1	0	0.0525	21.0	21.0	1.0
351	351	352	15	1	0	0.0375	15.0	15.0	1.0
352	352	353	22	0	1	0.05	20.0	20.0	0.0
353	353	354	38	1	0	0.0925	38.0	38.0	1.0
354	354	355	29	0	1	0.0675	27.0	27.0	0.0
355	355	356	51	1	0	0.1225	51.0	51.0	1.0
356	356	357	36	1	0	0.09	36.0	36.0	1.0
357	357	358	20	1	0	0.05	20.0	20.0	1.0
358	358	359	25	0	1	0.0575	23.0	23.0	0.0
359	359	360	20	0	1	0.045	18.0	18.0	0.0
360	360	361	15	0	1	0.0325	13.0	13.0	0.0
361	361	362	31	0	1	0.0725	29.0	29.0	0.0
362	362	363	64	0	1	0.155	62.0	62.0	0.0
363	363	364	29	0	1	0.0675	27.0	27.0	0.0
364	364	365	27	0	1	0.0625	25.0	25.0	0.0
365	365	366	23	0	1	0.0525	21.0	21.0	0.0
366	366	367	15	1	0	0.0375	15.0	15.0	1.0
367	367	368	12	1	0	0.03	12.0	12.0	1.0
368	368	369	28	0	1	0.065	26.0	26.0	0.0
369	369	370	22	0	1	0.05	20.0	20.0	0.0
370	370	371	50	1	0	0.125	50.0	50.0	1.0
371	371	372	3	1	0	0.0075	3.0	3.0	1.0
372	372	373	18	0	1	0.04	16.0	16.0	0.0
373	373	374	40	1	0	0.1	40.0	40.0	1.0
374	374	375	28	0	1	0.065	26.0	26.0	0.0
375	375	376	17	0	1	0.0375	15.0	15.0	0.0
376	376	377	58	0	1	0.1375	56.0	56.0	0.0
377	377	378	17	1	0	0.0425	17.0	17.0	1.0
378	378	379	5	0	1	0.0075	3.0	3.0	0.0
379	379	380	33	1	0	0.0775	33.0	33.0	1.0
380	380	381	15	1	0	0.0375	15.0	15.0	1.0
381	381	382	78	0	1	0.19	76.0	76.0	0.0
382	382	383	26	0	1	0.06	24.0	24.0	0.0
383	383	384	31	0	1	0.0725	29.0	29.0	0.0
384	384	385	30	0	1	0.07	28.0	28.0	0.0
385	385	386	5	0	1	0.0075	3.0	3.0	0.0
386	386	387	31	0	1	0.0725	29.0	29.0	0.0
387	387	388	52	1	0	0.13	52.0	52.0	1.0
388	388	389	36	0	1	0.085	34.0	34.0	0.0
389	389	390	31	0	1	0.0725	29.0	29.0	0.0
390	390	391	26	0	1	0.06	24.0	24.0	0.0
391	391	392	23	1	0	0.0575	23.0	23.0	1.0
392	392	393	11	0	1	0.0225	9.0	9.0	0.0
393	393	394	13	1	0	0.0325	13.0	13.0	1.0
394	394	395	76	1	0	0.1775	76.0	76.0	1.0
395	395	396	16	0	1	0.035	14.0	14.0	0.0
396	396	397	24	0	1	0.055	22.0	22.0	0.0
397	397	398	38	0	1	0.09	36.0	36.0	0.0
398	398	399	24	0	1	0.055	22.0	22.0	0.0
399	399	400	6	0	1	0.01	4.0	4.0	0.0
400	400	401	28	1	0	0.07	28.0	28.0	1.0
401	401	402	19	1	0	0.0475	19.0	19.0	1.0
402	402	403	35	1	0	0.0875	35.0	35.0	1.0
403	403	404	32	1	0	0.08	32.0	32.0	1.0
404	404	405	26	0	1	0.06	24.0	24.0	0.0
405	405	406	13	0	1	0.0275	11.0	11.0	0.0
406	406	407	14	0	1	0.03	12.0	12.0	0.0
407	407	408	23	1	0	0.0575	23.0	23.0	1.0
408	408	409	39	0	1	0.0925	37.0	37.0	0.0
409	409	410	78	0	1	0.19	76.0	76.0	0.0
410	410	411	15	1	0	0.0375	15.0	15.0	1.0
411	411	412	5	0	1	0.0075	3.0	3.0	0.0
412	412	413	39	0	1	0.085	37.0	37.0	0.0
413	413	414	12	0	1	0.025	10.0	10.0	0.0
414	414	415	38	1	0	0.095	38.0	38.0	1.0
415	415	416	30	0	1	0.07	28.0	28.0	0.0
416	416	417	30	0	1	0.07	28.0	28.0	0.0
417	417	418	40	0	1	0.095	38.0	38.0	0.0
418	418	419	15	1	0	0.0375	15.0	15.0	1.0
419	419	420	43	0	1	0.1	41.0	41.0	0.0
420	420	421	26	0	1	0.06	24.0	24.0	0.0
421	421	422	27	0	1	0.0625	25.0	25.0	0.0
422	422	423	25	1	0	0.0625	25.0	25.0	1.0
423	423	424	29	1	0	0.0725	29.0	29.0	1.0
424	424	425	18	0	1	0.04	16.0	16.0	0.0
425	425	426	33	0	1	0.0775	31.0	31.0	0.0
426	426	427	56	0	1	0.135	54.0	54.0	0.0
427	427	428	19	1	0	0.0475	19.0	19.0	1.0
428	428	429	19	0	1	0.0425	17.0	17.0	0.0
429	429	430	20	0	1	0.045	18.0	18.0	0.0
430	430	431	30	1	0	0.075	30.0	30.0	1.0
431	431	432	88	1	0	0.205	88.0	88.0	1.0
432	432	433	37	1	0	0.0925	37.0	37.0	1.0
433	433	434	19	0	1	0.0425	17.0	17.0	0.0
434	434	435	64	1	0	0.16	64.0	64.0	1.0
435	435	436	17	0	1	0.0375	15.0	15.0	0.0
436	436	437	9	1	0	0.0225	9.0	9.0	1.0
437	437	438	29	0	1	0.0675	27.0	27.0	0.0
438	438	439	58	0	1	0.14	56.0	56.0	0.0
439	439	440	21	1	0	0.0525	21.0	21.0	1.0
440	440	441	21	1	0	0.0525	21.0	21.0	1.0
441	441	442	24	0	1	0.055	22.0	22.0	0.0
442	442	443	24	1	0	0.06	24.0	24.0	1.0
443	443	444	30	0	1	0.07	28.0	28.0	0.0
444	444	445	32	1	0	0.08	32.0	32.0	1.0
445	445	446	25	0	1	0.0575	23.0	23.0	0.0
446	446	447	25	1	0	0.0625	25.0	25.0	1.0
447	447	448	34	1	0	0.085	34.0	34.0	1.0
448	448	449	31	0	1	0.0725	29.0	29.0	0.0
449	449	450	20	0	1	0.045	18.0	18.0	0.0
450	450	451	41	1	0	0.1025	41.0	41.0	1.0
451	451	452	20	0	1	0.045	18.0	18.0	0.0
452	452	453	20	0	1	0.045	18.0	18.0	0.0
453	453	454	21	1	0	0.0525	21.0	21.0	1.0
454	454	455	8	0	1	0.015	6.0	6.0	0.0
455	455	456	40	0	1	0.095	38.0	38.0	0.0
456	456	457	21	1	0	0.0525	21.0	21.0	1.0
457	457	458	23	0	1	0.0525	21.0	21.0	0.0
458	458	459	21	1	0	0.0525	21.0	21.0	1.0
459	459	460	29	0	1	0.0675	27.0	27.0	0.0
460	460	461	48	0	1	0.115	46.0	46.0	0.0
461	461	462	21	0	1	0.0475	19.0	19.0	0.0
462	462	463	33	0	1	0.0775	31.0	31.0	0.0
463	463	464	13	1	0	0.0325	13.0	13.0	1.0
464	464	465	30	0	1	0.07	28.0	28.0	0.0
465	465	466	20	0	1	0.045	18.0	18.0	0.0
466	466	467	41	1	0	0.1025	41.0	41.0	1.0
467	467	468	52	1	0	0.1175	52.0	52.0	1.0
468	468	469	76	1	0	0.1875	76.0	76.0	1.0
469	469	470	52	1	0	0.0925	52.0	52.0	1.0
470	470	471	36	0	1	0.085	34.0	34.0	0.0
471	471	472	65	1	0	0.1625	65.0	65.0	1.0
472	472	473	20	1	0	0.05	20.0	20.0	1.0
473	473	474	11	0	1	0.0225	9.0	9.0	0.0
474	474	475	93	0	1	0.225	91.0	91.0	0.0
475	475	476	32	0	1	0.075	30.0	30.0	0.0
476	476	477	98	0	1	0.2025	96.0	96.0	0.0
477	477	478	27	0	1	0.0625	25.0	25.0	0.0
478	478	479	46	0	1	0.11	44.0	44.0	0.0
479	479	480	12	1	0	0.03	12.0	12.0	1.0
480	480	481	24	1	0	0.06	24.0	24.0	1.0
481	481	482	14	0	1	0.03	12.0	12.0	0.0
482	482	483	6	0	1	0.01	4.0	4.0	0.0
483	483	484	16	1	0	0.04	16.0	16.0	1.0
484	484	485	49	1	0	0.1225	49.0	49.0	1.0
485	485	486	14	1	0	0.035	14.0	14.0	1.0
486	486	487	47	1	0	0.115	47.0	47.0	1.0
487	487	488	30	0	1	0.07	28.0	28.0	0.0
488	488	489	73	0	1	0.15	71.0	71.0	0.0
489	489	490	25	1	0	0.0625	25.0	25.0	1.0
490	490	491	18	0	1	0.04	16.0	16.0	0.0
491	491	492	17	1	0	0.0425	17.0	17.0	1.0
492	492	493	26	1	0	0.065	26.0	26.0	1.0
493	493	494	22	0	1	0.05	20.0	20.0	0.0
494	494	495	11	0	1	0.0225	9.0	9.0	0.0
495	495	496	22	0	1	0.05	20.0	20.0	0.0
496	496	497	15	1	0	0.0375	15.0	15.0	1.0
497	497	498	71	1	0	0.1725	71.0	71.0	1.0
498	498	499	31	0	1	0.0725	29.0	29.0	0.0
499	499	500	6	1	0	0.015	6.0	6.0	1.0
500	500	501	23	0	1	0.0525	21.0	21.0	0.0
501	501	502	63	1	0	0.125	63.0	63.0	1.0
502	502	503	52	0	1	0.125	50.0	50.0	0.0
503	503	504	30	0	1	0.07	28.0	28.0	0.0
504	504	505	13	0	1	0.0275	11.0	11.0	0.0
505	505	506	20	0	1	0.045	18.0	18.0	0.0
506	506	507	21	1	0	0.0525	21.0	21.0	1.0
507	507	508	24	1	0	0.06	24.0	24.0	1.0
508	508	509	32	1	0	0.08	32.0	32.0	1.0
509	509	510	25	0	1	0.0575	23.0	23.0	0.0
510	510	511	56	0	1	0.135	54.0	54.0	0.0
511	511	512	36	0	1	0.085	34.0	34.0	0.0
512	512	513	11	1	0	0.0275	11.0	11.0	1.0
513	513	514	24	0	1	0.055	22.0	22.0	0.0
514	514	515	28	0	1	0.065	26.0	26.0	0.0
515	515	516	36	1	0	0.09	36.0	36.0	1.0
516	516	517	26	1	0	0.065	26.0	26.0	1.0
517	517	518	38	0	1	0.09	36.0	36.0	0.0
518	518	519	22	0	1	0.05	20.0	20.0	0.0
519	519	520	7	1	0	0.0175	7.0	7.0	1.0
520	520	521	28	0	1	0.065	26.0	26.0	0.0
521	521	522	24	0	1	0.055	22.0	22.0	0.0
522	522	523	36	0	1	0.0675	34.0	34.0	0.0
523	523	524	19	0	1	0.0425	17.0	17.0	0.0
524	524	525	5	0	1	0.0075	3.0	3.0	0.0
525	525	526	16	0	1	0.035	14.0	14.0	0.0
526	526	527	11	1	0	0.0275	11.0	11.0	1.0
527	527	528	18	0	1	0.04	16.0	16.0	0.0
528	528	529	27	0	1	0.0625	25.0	25.0	0.0
529	529	530	7	0	1	0.0125	5.0	5.0	0.0
530	530	531	17	1	0	0.0425	17.0	17.0	1.0
531	531	532	61	0	1	0.1475	59.0	59.0	0.0
532	532	533	17	0	1	0.0375	15.0	15.0	0.0
533	533	534	30	0	1	0.07	28.0	28.0	0.0
534	534	535	22	1	0	0.055	22.0	22.0	1.0
535	535	536	18	0	1	0.04	16.0	16.0	0.0
536	536	537	22	1	0	0.055	22.0	22.0	1.0
537	537	538	31	1	0	0.0775	31.0	31.0	1.0
538	538	539	21	1	0	0.0525	21.0	21.0	1.0
539	539	540	2	1	0	0.005	2.0	2.0	1.0
540	540	541	33	1	0	0.07	33.0	33.0	1.0
541	541	542	12	0	1	0.025	10.0	10.0	0.0
542	542	543	17	0	1	0.0375	15.0	15.0	0.0
543	543	544	14	1	0	0.035	14.0	14.0	1.0
544	544	545	19	0	1	0.0425	17.0	17.0	0.0
545	545	546	58	0	1	0.14	56.0	56.0	0.0
546	546	547	21	0	1	0.0475	19.0	19.0	0.0
547	547	548	11	1	0	0.0275	11.0	11.0	1.0
548	548	549	8	0	1	0.015	6.0	6.0	0.0
549	549	550	59	1	0	0.145	59.0	59.0	1.0
550	550	551	33	0	1	0.0775	31.0	31.0	0.0
551	551	552	26	0	1	0.06	24.0	24.0	0.0
552	552	553	27	0	1	0.0625	25.0	25.0	0.0
553	553	554	24	0	1	0.055	22.0	22.0	0.0
554	554	555	14	0	1	0.03	12.0	12.0	0.0
555	555	556	35	0	1	0.0825	33.0	33.0	0.0
556	556	557	108	0	1	0.2375	106.0	106.0	0.0
557	557	558	65	1	0	0.16	65.0	65.0	1.0
558	558	559	18	0	1	0.04	16.0	16.0	0.0
559	559	560	35	0	1	0.0825	33.0	33.0	0.0
560	560	561	30	0	1	0.07	28.0	28.0	0.0
561	561	562	7	1	0	0.0175	7.0	7.0	1.0
562	562	563	28	0	1	0.065	26.0	26.0	0.0
563	563	564	26	0	1	0.06	24.0	24.0	0.0
564	564	565	75	0	1	0.1825	73.0	73.0	0.0
565	565	566	20	0	1	0.045	18.0	18.0	0.0
566	566	567	34	0	1	0.08	32.0	32.0	0.0
567	567	568	50	1	0	0.125	50.0	50.0	1.0
568	568	569	18	1	0	0.045	18.0	18.0	1.0
569	569	570	17	0	1	0.0375	15.0	15.0	0.0
570	570	571	17	1	0	0.0425	17.0	17.0	1.0
571	571	572	20	0	1	0.045	18.0	18.0	0.0
572	572	573	26	0	1	0.06	24.0	24.0	0.0
573	573	574	22	0	1	0.05	20.0	20.0	0.0
574	574	575	17	1	0	0.0425	17.0	17.0	1.0
575	575	576	32	1	0	0.08	32.0	32.0	1.0
576	576	577	8	0	1	0.015	6.0	6.0	0.0
577	577	578	35	0	1	0.0825	33.0	33.0	0.0
578	578	579	20	1	0	0.05	20.0	20.0	1.0
579	579	580	33	0	1	0.0775	31.0	31.0	0.0
580	580	581	22	0	1	0.05	20.0	20.0	0.0
581	581	582	14	0	1	0.03	12.0	12.0	0.0
582	582	583	18	0	1	0.04	16.0	16.0	0.0
583	583	584	10	1	0	0.025	10.0	10.0	1.0
584	584	585	37	0	1	0.0775	35.0	35.0	0.0
585	585	586	27	0	1	0.0625	25.0	25.0	0.0
586	586	587	11	0	1	0.0225	9.0	9.0	0.0
587	587	588	32	1	0	0.08	32.0	32.0	1.0
588	588	589	17	0	1	0.0375	15.0	15.0	0.0
589	589	590	24	1	0	0.06	24.0	24.0	1.0
590	590	591	27	0	1	0.0625	25.0	25.0	0.0
591	591	592	67	1	0	0.165	67.0	67.0	1.0
592	592	593	23	1	0	0.0575	23.0	23.0	1.0
593	593	594	33	0	1	0.0775	31.0	31.0	0.0
594	594	595	9	1	0	0.0225	9.0	9.0	1.0
595	595	596	51	1	0	0.125	51.0	51.0	1.0
596	596	597	28	0	1	0.065	26.0	26.0	0.0
597	597	598	35	0	1	0.0825	33.0	33.0	0.0
598	598	599	26	0	1	0.06	24.0	24.0	0.0
599	599	600	12	1	0	0.03	12.0	12.0	1.0
600	600	601	12	1	0	0.03	12.0	12.0	1.0
601	601	602	14	1	0	0.035	14.0	14.0	1.0
602	602	603	22	0	1	0.05	20.0	20.0	0.0
603	603	604	25	0	1	0.0575	23.0	23.0	0.0
604	604	605	18	1	0	0.045	18.0	18.0	1.0
605	605	606	29	0	1	0.0675	27.0	27.0	0.0
606	606	607	30	0	1	0.07	28.0	28.0	0.0
607	607	608	32	1	0	0.08	32.0	32.0	1.0
608	608	609	20	0	1	0.045	18.0	18.0	0.0
609	609	610	36	0	1	0.085	34.0	34.0	0.0
610	610	611	89	0	1	0.2025	87.0	87.0	0.0
611	611	612	39	1	0	0.0975	39.0	39.0	1.0
612	612	613	46	0	1	0.11	44.0	44.0	0.0
613	613	614	19	1	0	0.0475	19.0	19.0	1.0
614	614	615	15	0	1	0.0325	13.0	13.0	0.0
615	615	616	28	1	0	0.07	28.0	28.0	1.0
616	616	617	45	0	1	0.1	43.0	43.0	0.0
617	617	618	26	1	0	0.065	26.0	26.0	1.0
618	618	619	72	1	0	0.18	72.0	72.0	1.0
619	619	620	20	1	0	0.05	20.0	20.0	1.0
620	620	621	65	0	1	0.155	63.0	63.0	0.0
621	621	622	19	0	1	0.0425	17.0	17.0	0.0
622	622	623	33	1	0	0.0825	33.0	33.0	1.0
623	623	624	58	1	0	0.1425	58.0	58.0	1.0
624	624	625	19	0	1	0.0425	17.0	17.0	0.0
625	625	626	26	0	1	0.06	24.0	24.0	0.0
626	626	627	19	0	1	0.0425	17.0	17.0	0.0
627	627	628	5	0	1	0.0075	3.0	3.0	0.0
628	628	629	18	0	1	0.04	16.0	16.0	0.0
629	629	630	25	0	1	0.0575	23.0	23.0	0.0
630	630	631	58	0	1	0.14	56.0	56.0	0.0
631	631	632	22	1	0	0.055	22.0	22.0	1.0
632	632	633	6	0	1	0.01	4.0	4.0	0.0
633	633	634	17	0	1	0.0375	15.0	15.0	0.0
634	634	635	6	0	1	0.01	4.0	4.0	0.0
635	635	636	32	0	1	0.075	30.0	30.0	0.0
636	636	637	31	0	1	0.0725	29.0	29.0	0.0
637	637	638	28	1	0	0.07	28.0	28.0	1.0
638	638	639	28	0	1	0.065	26.0	26.0	0.0
639	639	640	23	0	1	0.0525	21.0	21.0	0.0
640	640	641	39	1	0	0.095	39.0	39.0	1.0
641	641	642	34	1	0	0.0475	34.0	34.0	1.0
642	642	643	51	0	1	0.12	49.0	49.0	0.0
643	643	644	82	0	1	0.195	80.0	80.0	0.0
644	644	645	17	1	0	0.0425	17.0	17.0	1.0
645	645	646	34	1	0	0.085	34.0	34.0	1.0
646	646	647	24	0	1	0.055	22.0	22.0	0.0
647	647	648	23	0	1	0.0525	21.0	21.0	0.0
648	648	649	67	0	1	0.1625	65.0	65.0	0.0
649	649	650	23	0	1	0.0525	21.0	21.0	0.0
650	650	651	24	0	1	0.055	22.0	22.0	0.0
651	651	652	53	1	0	0.1325	53.0	53.0	1.0
652	652	653	35	1	0	0.0875	35.0	35.0	1.0
653	653	654	49	0	1	0.1175	47.0	47.0	0.0
654	654	655	26	0	1	0.06	24.0	24.0	0.0
655	655	656	20	0	1	0.045	18.0	18.0	0.0
656	656	657	7	0	1	0.0125	5.0	5.0	0.0
657	657	658	46	0	1	0.11	44.0	44.0	0.0
658	658	659	23	0	1	0.0525	21.0	21.0	0.0
659	659	660	40	0	1	0.095	38.0	38.0	0.0
660	660	661	58	1	0	0.1325	58.0	58.0	1.0
661	661	662	30	0	1	0.07	28.0	28.0	0.0
662	662	663	14	0	1	0.03	12.0	12.0	0.0
663	663	664	36	1	0	0.09	36.0	36.0	1.0
664	664	665	19	0	1	0.0425	17.0	17.0	0.0
665	665	666	23	1	0	0.0575	23.0	23.0	1.0
666	666	667	21	0	1	0.0475	19.0	19.0	0.0
667	667	668	33	0	1	0.0775	31.0	31.0	0.0
668	668	669	55	0	1	0.1325	53.0	53.0	0.0
669	669	670	45	0	1	0.09	43.0	43.0	0.0
670	670	671	49	0	1	0.0975	47.0	47.0	0.0
671	671	672	26	0	1	0.06	24.0	24.0	0.0
672	672	673	46	0	1	0.1075	44.0	44.0	0.0
673	673	674	15	0	1	0.0325	13.0	13.0	0.0
674	674	675	22	1	0	0.055	22.0	22.0	1.0
675	675	676	35	0	1	0.0825	33.0	33.0	0.0
676	676	677	32	0	1	0.075	30.0	30.0	0.0
677	677	678	7	0	1	0.0125	5.0	5.0	0.0
678	678	679	6	0	1	0.01	4.0	4.0	0.0
679	679	680	52	0	1	0.125	50.0	50.0	0.0
680	680	681	36	1	0	0.09	36.0	36.0	1.0
681	681	682	31	0	1	0.0725	29.0	29.0	0.0
682	682	683	30	0	1	0.07	28.0	28.0	0.0
683	683	684	25	0	1	0.0575	23.0	23.0	0.0
684	684	685	19	0	1	0.0425	17.0	17.0	0.0
685	685	686	15	0	1	0.0325	13.0	13.0	0.0
686	686	687	16	0	1	0.035	14.0	14.0	0.0
687	687	688	61	1	0	0.1525	61.0	61.0	1.0
688	688	689	26	1	0	0.065	26.0	26.0	1.0
689	689	690	13	0	1	0.0275	11.0	11.0	0.0
690	690	691	29	0	1	0.0675	27.0	27.0	0.0
691	691	692	41	1	0	0.1025	41.0	41.0	1.0
692	692	693	57	1	0	0.14	57.0	57.0	1.0
693	693	694	26	0	1	0.06	24.0	24.0	0.0
694	694	695	37	0	1	0.0875	35.0	35.0	0.0
695	695	696	37	0	1	0.0875	35.0	35.0	0.0
696	696	697	26	0	1	0.06	24.0	24.0	0.0
697	697	698	17	0	1	0.0375	15.0	15.0	0.0
698	698	699	13	0	1	0.0275	11.0	11.0	0.0
699	699	700	24	1	0	0.06	24.0	24.0	1.0
700	700	701	25	0	1	0.0575	23.0	23.0	0.0
701	701	702	44	0	1	0.105	42.0	42.0	0.0
702	702	703	13	1	0	0.0325	13.0	13.0	1.0
703	703	704	35	1	0	0.0875	35.0	35.0	1.0
704	704	705	28	1	0	0.07	28.0	28.0	1.0
705	705	706	9	1	0	0.0225	9.0	9.0	1.0
706	706	707	33	0	1	0.0775	31.0	31.0	0.0
707	707	708	25	0	1	0.0575	23.0	23.0	0.0
708	708	709	9	1	0	0.0225	9.0	9.0	1.0
709	709	710	41	1	0	0.1025	41.0	41.0	1.0
710	710	711	13	0	1	0.0275	11.0	11.0	0.0
711	711	712	23	0	1	0.0525	21.0	21.0	0.0
712	712	713	25	0	1	0.0575	23.0	23.0	0.0
713	713	714	12	1	0	0.03	12.0	12.0	1.0
714	714	715	50	0	1	0.1175	48.0	48.0	0.0
715	715	716	18	1	0	0.045	18.0	18.0	1.0
716	716	717	41	1	0	0.1025	41.0	41.0	1.0
717	717	718	28	0	1	0.065	26.0	26.0	0.0
718	718	719	19	1	0	0.0475	19.0	19.0	1.0
719	719	720	24	0	1	0.055	22.0	22.0	0.0
720	720	721	24	1	0	0.06	24.0	24.0	1.0
721	721	722	18	0	1	0.04	16.0	16.0	0.0
722	722	723	26	1	0	0.065	26.0	26.0	1.0
723	723	724	15	0	1	0.0325	13.0	13.0	0.0
724	724	725	28	1	0	0.07	28.0	28.0	1.0
725	725	726	10	0	1	0.02	8.0	8.0	0.0
726	726	727	18	0	1	0.04	16.0	16.0	0.0
727	727	728	55	1	0	0.1375	55.0	55.0	1.0
728	728	729	15	0	1	0.0325	13.0	13.0	0.0
729	729	730	42	0	1	0.1	40.0	40.0	0.0
730	730	731	21	1	0	0.0525	21.0	21.0	1.0
731	731	732	29	0	1	0.0675	27.0	27.0	0.0
732	732	733	74	0	1	0.1775	72.0	72.0	0.0
733	733	734	26	1	0	0.065	26.0	26.0	1.0
734	734	735	7	0	1	0.0125	5.0	5.0	0.0
735	735	736	28	0	1	0.065	26.0	26.0	0.0
736	736	737	32	1	0	0.08	32.0	32.0	1.0
737	737	738	25	0	1	0.0575	23.0	23.0	0.0
738	738	739	23	1	0	0.0575	23.0	23.0	1.0
739	739	740	50	0	1	0.12	48.0	48.0	0.0
740	740	741	15	0	1	0.0325	13.0	13.0	0.0
741	741	742	25	0	1	0.0575	23.0	23.0	0.0
742	742	743	5	1	0	0.0125	5.0	5.0	1.0
743	743	744	16	1	0	0.04	16.0	16.0	1.0
744	744	745	25	1	0	0.0625	25.0	25.0	1.0
745	745	746	37	0	1	0.0875	35.0	35.0	0.0
746	746	747	30	0	1	0.07	28.0	28.0	0.0
747	747	748	15	1	0	0.0375	15.0	15.0	1.0
748	748	749	29	1	0	0.0725	29.0	29.0	1.0
749	749	750	20	0	1	0.045	18.0	18.0	0.0
750	750	751	16	0	1	0.035	14.0	14.0	0.0
751	751	752	25	0	1	0.0575	23.0	23.0	0.0
752	752	753	34	0	1	0.08	32.0	32.0	0.0
753	753	754	13	0	1	0.0275	11.0	11.0	0.0
754	754	755	39	1	0	0.0975	39.0	39.0	1.0
755	755	756	45	1	0	0.1125	45.0	45.0	1.0
756	756	757	39	1	0	0.095	39.0	39.0	1.0
757	757	758	30	1	0	0.075	30.0	30.0	1.0
758	758	759	20	0	1	0.045	18.0	18.0	0.0
759	759	760	49	0	1	0.1175	47.0	47.0	0.0
760	760	761	60	0	1	0.145	58.0	58.0	0.0
761	761	762	32	0	1	0.075	30.0	30.0	0.0
762	762	763	22	0	1	0.05	20.0	20.0	0.0
763	763	764	31	0	1	0.0725	29.0	29.0	0.0
764	764	765	14	1	0	0.035	14.0	14.0	1.0
765	765	766	25	0	1	0.0575	23.0	23.0	0.0
766	766	767	46	0	1	0.105	44.0	44.0	0.0
767	767	768	64	1	0	0.16	64.0	64.0	1.0
768	768	769	33	1	0	0.0825	33.0	33.0	1.0
769	769	770	34	1	0	0.085	34.0	34.0	1.0
770	770	771	46	0	1	0.11	44.0	44.0	0.0
771	771	772	56	0	1	0.1325	54.0	54.0	0.0
772	772	773	23	0	1	0.0525	21.0	21.0	0.0
773	773	774	43	0	1	0.1025	41.0	41.0	0.0
774	774	775	6	0	1	0.01	4.0	4.0	0.0
775	775	776	29	0	1	0.0675	27.0	27.0	0.0
776	776	777	28	0	1	0.065	26.0	26.0	0.0
777	777	778	20	1	0	0.05	20.0	20.0	1.0
778	778	779	15	1	0	0.0375	15.0	15.0	1.0
779	779	780	16	0	1	0.035	14.0	14.0	0.0
780	780	781	70	1	0	0.1725	70.0	70.0	1.0
781	781	782	15	0	1	0.0325	13.0	13.0	0.0
782	782	783	18	0	1	0.04	16.0	16.0	0.0
783	783	784	30	0	1	0.07	28.0	28.0	0.0
784	784	785	62	1	0	0.155	62.0	62.0	1.0
785	785	786	12	1	0	0.03	12.0	12.0	1.0
786	786	787	45	0	1	0.1075	43.0	43.0	0.0
787	787	788	15	0	1	0.0325	13.0	13.0	0.0
788	788	789	14	0	1	0.03	12.0	12.0	0.0
789	789	790	29	0	1	0.0675	27.0	27.0	0.0
790	790	791	24	1	0	0.06	24.0	24.0	1.0
791	791	792	16	1	0	0.04	16.0	16.0	1.0
792	792	793	21	1	0	0.0525	21.0	21.0	1.0
793	793	794	16	0	1	0.035	14.0	14.0	0.0
794	794	795	16	1	0	0.04	16.0	16.0	1.0
795	795	796	15	1	0	0.0375	15.0	15.0	1.0
796	796	797	3	1	0	0.0075	3.0	3.0	1.0
797	797	798	16	0	1	0.035	14.0	14.0	0.0
798	798	799	25	1	0	0.0625	25.0	25.0	1.0
799	799	800	49	0	1	0.1175	47.0	47.0	0.0
800	800	801	12	0	1	0.025	10.0	10.0	0.0
801	801	802	17	1	0	0.0425	17.0	17.0	1.0
802	802	803	14	0	1	0.03	12.0	12.0	0.0
803	803	804	36	0	1	0.085	34.0	34.0	0.0
804	804	805	63	1	0	0.155	63.0	63.0	1.0
805	805	806	26	0	1	0.06	24.0	24.0	0.0
806	806	807	32	0	1	0.0475	30.0	30.0	0.0
807	807	808	50	0	1	0.12	48.0	48.0	0.0
808	808	809	18	0	1	0.04	16.0	16.0	0.0
809	809	810	11	0	1	0.0225	9.0	9.0	0.0
810	810	811	21	0	1	0.0475	19.0	19.0	0.0
811	811	812	17	0	1	0.0375	15.0	15.0	0.0
812	812	813	8	1	0	0.02	8.0	8.0	1.0
813	813	814	20	1	0	0.05	20.0	20.0	1.0
814	814	815	32	0	1	0.075	30.0	30.0	0.0
815	815	816	62	0	1	0.15	60.0	60.0	0.0
816	816	817	24	1	0	0.06	24.0	24.0	1.0
817	817	818	38	0	1	0.09	36.0	36.0	0.0
818	818	819	12	0	1	0.025	10.0	10.0	0.0
819	819	820	19	0	1	0.0425	17.0	17.0	0.0
820	820	821	18	0	1	0.04	16.0	16.0	0.0
821	821	822	39	1	0	0.0975	39.0	39.0	1.0
822	822	823	62	0	1	0.145	60.0	60.0	0.0
823	823	824	24	0	1	0.055	22.0	22.0	0.0
824	824	825	64	1	0	0.1475	64.0	64.0	1.0
825	825	826	39	0	1	0.0825	37.0	37.0	0.0
826	826	827	68	0	1	0.1575	66.0	66.0	0.0
827	827	828	22	0	1	0.05	20.0	20.0	0.0
828	828	829	16	1	0	0.04	16.0	16.0	1.0
829	829	830	24	0	1	0.055	22.0	22.0	0.0
830	830	831	26	0	1	0.06	24.0	24.0	0.0
831	831	832	2	1	0	0.005	2.0	2.0	1.0
832	832	833	26	1	0	0.065	26.0	26.0	1.0
833	833	834	27	0	1	0.0625	25.0	25.0	0.0
834	834	835	62	0	1	0.1475	60.0	60.0	0.0
835	835	836	25	0	1	0.0575	23.0	23.0	0.0
836	836	837	28	0	1	0.065	26.0	26.0	0.0
837	837	838	23	1	0	0.0575	23.0	23.0	1.0
838	838	839	20	1	0	0.05	20.0	20.0	1.0
839	839	840	38	0	1	0.09	36.0	36.0	0.0
840	840	841	32	0	1	0.075	30.0	30.0	0.0
841	841	842	20	0	1	0.045	18.0	18.0	0.0
842	842	843	9	0	1	0.0175	7.0	7.0	0.0
843	843	844	12	0	1	0.025	10.0	10.0	0.0
844	844	845	29	0	1	0.0675	27.0	27.0	0.0
845	845	846	18	1	0	0.045	18.0	18.0	1.0
846	846	847	69	0	1	0.165	67.0	67.0	0.0
847	847	848	18	0	1	0.04	16.0	16.0	0.0
848	848	849	25	0	1	0.0575	23.0	23.0	0.0
849	849	850	31	0	1	0.0725	29.0	29.0	0.0
850	850	851	29	0	1	0.0675	27.0	27.0	0.0
851	851	852	22	0	1	0.05	20.0	20.0	0.0
852	852	853	96	0	1	0.23	94.0	94.0	0.0
853	853	854	32	0	1	0.075	30.0	30.0	0.0
854	854	855	44	1	0	0.11	44.0	44.0	1.0
855	855	856	39	0	1	0.0925	37.0	37.0	0.0
856	856	857	41	0	1	0.0975	39.0	39.0	0.0
857	857	858	22	0	1	0.05	20.0	20.0	0.0
858	858	859	19	0	1	0.0425	17.0	17.0	0.0
859	859	860	27	1	0	0.0675	27.0	27.0	1.0
860	860	861	47	1	0	0.1175	47.0	47.0	1.0
861	861	862	75	0	1	0.1825	73.0	73.0	0.0
862	862	863	29	0	1	0.0675	27.0	27.0	0.0
863	863	864	15	1	0	0.0375	15.0	15.0	1.0
864	864	865	64	0	1	0.155	62.0	62.0	0.0
865	865	866	55	1	0	0.135	55.0	55.0	1.0
866	866	867	17	0	1	0.0375	15.0	15.0	0.0
867	867	868	26	1	0	0.065	26.0	26.0	1.0
868	868	869	29	0	1	0.065	27.0	27.0	0.0
869	869	870	71	1	0	0.175	71.0	71.0	1.0
870	870	871	30	1	0	0.075	30.0	30.0	1.0
871	871	872	22	0	1	0.05	20.0	20.0	0.0
872	872	873	9	0	1	0.0175	7.0	7.0	0.0
873	873	874	4	1	0	0.01	4.0	4.0	1.0
874	874	875	21	0	1	0.0475	19.0	19.0	0.0
875	875	876	22	1	0	0.055	22.0	22.0	1.0
876	876	877	9	0	1	0.0175	7.0	7.0	0.0
877	877	878	19	1	0	0.0475	19.0	19.0	1.0
878	878	879	45	1	0	0.1125	45.0	45.0	1.0
879	879	880	7	0	1	0.0125	5.0	5.0	0.0
880	880	881	12	0	1	0.025	10.0	10.0	0.0
881	881	882	71	1	0	0.1625	71.0	71.0	1.0
882	882	883	33	1	0	0.0825	33.0	33.0	1.0
883	883	884	23	1	0	0.0575	23.0	23.0	1.0
884	884	885	34	0	1	0.08	32.0	32.0	0.0
885	885	886	18	0	1	0.04	16.0	16.0	0.0
886	886	887	14	0	1	0.03	12.0	12.0	0.0
887	887	888	16	1	0	0.04	16.0	16.0	1.0
888	888	889	15	1	0	0.0375	15.0	15.0	1.0
889	889	890	29	0	1	0.0675	27.0	27.0	0.0
890	890	891	47	0	1	0.0925	45.0	45.0	0.0
891	891	892	7	0	1	0.0125	5.0	5.0	0.0
892	892	893	39	0	1	0.0925	37.0	37.0	0.0
893	893	894	4	0	1	0.005	2.0	2.0	0.0
894	894	895	22	0	1	0.05	20.0	20.0	0.0
895	895	896	33	1	0	0.0825	33.0	33.0	1.0
896	896	897	8	1	0	0.02	8.0	8.0	1.0
897	897	898	26	0	1	0.06	24.0	24.0	0.0
898	898	899	52	0	1	0.0925	50.0	50.0	0.0
899	899	900	42	0	1	0.0975	40.0	40.0	0.0
900	900	901	11	1	0	0.0275	11.0	11.0	1.0
901	901	902	24	0	1	0.055	22.0	22.0	0.0
902	902	903	21	1	0	0.0525	21.0	21.0	1.0
903	903	904	11	1	0	0.0275	11.0	11.0	1.0
904	904	905	31	0	1	0.0725	29.0	29.0	0.0
905	905	906	12	0	1	0.025	10.0	10.0	0.0
906	906	907	17	0	1	0.0375	15.0	15.0	0.0
907	907	908	53	1	0	0.1325	53.0	53.0	1.0
908	908	909	25	1	0	0.0625	25.0	25.0	1.0
909	909	910	61	1	0	0.1525	61.0	61.0	1.0
910	910	911	19	1	0	0.0475	19.0	19.0	1.0
911	911	912	20	0	1	0.045	18.0	18.0	0.0
912	912	913	7	1	0	0.0175	7.0	7.0	1.0
913	913	914	30	1	0	0.075	30.0	30.0	1.0
914	914	915	38	0	1	0.09	36.0	36.0	0.0
915	915	916	90	0	1	0.215	88.0	88.0	0.0
916	916	917	19	0	1	0.0425	17.0	17.0	0.0
917	917	918	39	1	0	0.0975	39.0	39.0	1.0
918	918	919	29	0	1	0.0675	27.0	27.0	0.0
919	919	920	8	0	1	0.015	6.0	6.0	0.0
920	920	921	31	0	1	0.0725	29.0	29.0	0.0
921	921	922	18	0	1	0.04	16.0	16.0	0.0
922	922	923	48	1	0	0.12	48.0	48.0	1.0
923	923	924	20	1	0	0.05	20.0	20.0	1.0
924	924	925	29	0	1	0.0675	27.0	27.0	0.0
925	925	926	2	0	1	0.0	0.0	0.0	0.0
926	926	927	16	1	0	0.04	16.0	16.0	1.0
927	927	928	34	0	1	0.08	32.0	32.0	0.0
928	928	929	24	1	0	0.06	24.0	24.0	1.0
929	929	930	17	1	0	0.0425	17.0	17.0	1.0
930	930	931	12	0	1	0.025	10.0	10.0	0.0
931	931	932	32	1	0	0.08	32.0	32.0	1.0
932	932	933	33	0	1	0.0775	31.0	31.0	0.0
933	933	934	23	0	1	0.0525	21.0	21.0	0.0
934	934	935	31	0	1	0.0725	29.0	29.0	0.0
935	935	936	13	1	0	0.0325	13.0	13.0	1.0
936	936	937	30	1	0	0.075	30.0	30.0	1.0
937	937	938	25	0	1	0.0575	23.0	23.0	0.0
938	938	939	19	1	0	0.0475	19.0	19.0	1.0
939	939	940	63	1	0	0.155	63.0	63.0	1.0
940	940	941	42	0	1	0.1	40.0	40.0	0.0
941	941	942	29	0	1	0.0675	27.0	27.0	0.0
942	942	943	13	0	1	0.0275	11.0	11.0	0.0
943	943	944	12	0	1	0.025	10.0	10.0	0.0
944	944	945	36	0	1	0.085	34.0	34.0	0.0
945	945	946	63	1	0	0.1325	63.0	63.0	1.0
946	946	947	30	0	1	0.07	28.0	28.0	0.0
947	947	948	70	1	0	0.165	70.0	70.0	1.0
948	948	949	9	0	1	0.0175	7.0	7.0	0.0
949	949	950	16	1	0	0.04	16.0	16.0	1.0
950	950	951	77	0	1	0.185	75.0	75.0	0.0
951	951	952	36	0	1	0.085	34.0	34.0	0.0
952	952	953	31	1	0	0.0775	31.0	31.0	1.0
953	953	954	34	0	1	0.08	32.0	32.0	0.0
954	954	955	4	0	1	0.005	2.0	2.0	0.0
955	955	956	73	0	1	0.1775	71.0	71.0	0.0
956	956	957	18	0	1	0.04	16.0	16.0	0.0
957	957	958	13	1	0	0.0325	13.0	13.0	1.0
958	958	959	23	0	1	0.0525	21.0	21.0	0.0
959	959	960	11	0	1	0.0225	9.0	9.0	0.0
960	960	961	18	1	0	0.045	18.0	18.0	1.0
961	961	962	18	0	1	0.04	16.0	16.0	0.0
962	962	963	20	0	1	0.045	18.0	18.0	0.0
963	963	964	28	1	0	0.07	28.0	28.0	1.0
964	964	965	8	0	1	0.015	6.0	6.0	0.0
965	965	966	37	0	1	0.0875	35.0	35.0	0.0
966	966	967	26	0	1	0.06	24.0	24.0	0.0
967	967	968	8	0	1	0.015	6.0	6.0	0.0
968	968	969	25	0	1	0.0575	23.0	23.0	0.0
969	969	970	11	0	1	0.0225	9.0	9.0	0.0
970	970	971	23	0	1	0.0525	21.0	21.0	0.0
971	971	972	34	0	1	0.0675	32.0	32.0	0.0
972	972	973	30	0	1	0.07	28.0	28.0	0.0
973	973	974	24	0	1	0.055	22.0	22.0	0.0
974	974	975	20	0	1	0.045	18.0	18.0	0.0
975	975	976	10	1	0	0.025	10.0	10.0	1.0
976	976	977	23	0	1	0.0525	21.0	21.0	0.0
977	977	978	60	0	1	0.1375	58.0	58.0	0.0
978	978	979	26	0	1	0.06	24.0	24.0	0.0
979	979	980	22	0	1	0.05	20.0	20.0	0.0
980	980	981	6	0	1	0.01	4.0	4.0	0.0
981	981	982	33	0	1	0.0775	31.0	31.0	0.0
982	982	983	20	0	1	0.045	18.0	18.0	0.0
983	983	984	45	0	1	0.1075	43.0	43.0	0.0
984	984	985	21	0	1	0.0475	19.0	19.0	0.0
985	985	986	53	1	0	0.1325	53.0	53.0	1.0
986	986	987	13	0	1	0.0275	11.0	11.0	0.0
987	987	988	21	0	1	0.0475	19.0	19.0	0.0
988	988	989	78	0	1	0.19	76.0	76.0	0.0
989	989	990	85	1	0	0.2075	85.0	85.0	1.0
990	990	991	19	0	1	0.0425	17.0	17.0	0.0
991	991	992	37	0	1	0.0875	35.0	35.0	0.0
992	992	993	25	0	1	0.0575	23.0	23.0	0.0
993	993	994	25	0	1	0.0575	23.0	23.0	0.0
994	994	995	13	0	1	0.0275	11.0	11.0	0.0
995	995	996	49	1	0	0.12	49.0	49.0	1.0
996	996	997	24	0	1	0.055	22.0	22.0	0.0
997	997	998	20	1	0	0.05	20.0	20.0	1.0
998	998	999	22	0	1	0.05	20.0	20.0	0.0
999	999	1000	5	1	0	0.0125	5.0	5.0	1.0
1000	1000	1001	32	0	1	0.075	30.0	30.0	0.0
1001	1001	1002	31	0	1	0.0725	29.0	29.0	0.0
1002	1002	1003	12	0	1	0.025	10.0	10.0	0.0
1003	1003	1004	46	0	1	0.11	44.0	44.0	0.0
1004	1004	1005	63	1	0	0.155	63.0	63.0	1.0
1005	1005	1006	30	0	1	0.07	28.0	28.0	0.0
1006	1006	1007	29	0	1	0.0675	27.0	27.0	0.0
1007	1007	1008	78	0	1	0.155	76.0	76.0	0.0
1008	1008	1009	33	0	1	0.0775	31.0	31.0	0.0
1009	1009	1010	9	1	0	0.0225	9.0	9.0	1.0
1010	1010	1011	62	1	0	0.155	62.0	62.0	1.0
1011	1011	1012	44	1	0	0.11	44.0	44.0	1.0
1012	1012	1013	15	0	1	0.0325	13.0	13.0	0.0
1013	1013	1014	14	1	0	0.035	14.0	14.0	1.0
1014	1014	1015	28	0	1	0.065	26.0	26.0	0.0
1015	1015	1016	9	0	1	0.0175	7.0	7.0	0.0
1016	1016	1017	45	0	1	0.1075	43.0	43.0	0.0
1017	1017	1018	21	0	1	0.0475	19.0	19.0	0.0
1018	1018	1019	25	1	0	0.0625	25.0	25.0	1.0
1019	1019	1020	9	0	1	0.0175	7.0	7.0	0.0
1020	1020	1021	36	0	1	0.085	34.0	34.0	0.0
1021	1021	1022	9	0	1	0.0175	7.0	7.0	0.0
1022	1022	1023	20	0	1	0.045	18.0	18.0	0.0
1023	1023	1024	28	0	1	0.065	26.0	26.0	0.0
1024	1024	1025	26	1	0	0.065	26.0	26.0	1.0
1025	1025	1026	25	0	1	0.0575	23.0	23.0	0.0
1026	1026	1027	16	1	0	0.04	16.0	16.0	1.0
1027	1027	1028	26	0	1	0.06	24.0	24.0	0.0
1028	1028	1029	15	0	1	0.03	13.0	13.0	0.0
1029	1029	1030	99	0	1	0.2375	97.0	97.0	0.0
1030	1030	1031	20	0	1	0.045	18.0	18.0	0.0
1031	1031	1032	27	1	0	0.0675	27.0	27.0	1.0
1032	1032	1033	37	0	1	0.0875	35.0	35.0	0.0
1033	1033	1034	40	1	0	0.0975	40.0	40.0	1.0
1034	1034	1035	5	0	1	0.0075	3.0	3.0	0.0
1035	1035	1036	20	1	0	0.05	20.0	20.0	1.0
1036	1036	1037	12	0	1	0.025	10.0	10.0	0.0
1037	1037	1038	15	0	1	0.0325	13.0	13.0	0.0
1038	1038	1039	29	0	1	0.0675	27.0	27.0	0.0
1039	1039	1040	39	0	1	0.0925	37.0	37.0	0.0
1040	1040	1041	31	0	1	0.0725	29.0	29.0	0.0
1041	1041	1042	17	1	0	0.0425	17.0	17.0	1.0
1042	1042	1043	7	1	0	0.0175	7.0	7.0	1.0
1043	1043	1044	20	0	1	0.045	18.0	18.0	0.0
1044	1044	1045	18	0	1	0.04	16.0	16.0	0.0
1045	1045	1046	38	1	0	0.0925	38.0	38.0	1.0
1046	1046	1047	34	0	1	0.08	32.0	32.0	0.0
1047	1047	1048	33	1	0	0.0825	33.0	33.0	1.0
1048	1048	1049	30	1	0	0.075	30.0	30.0	1.0
1049	1049	1050	14	0	1	0.03	12.0	12.0	0.0
1050	1050	1051	38	0	1	0.09	36.0	36.0	0.0
1051	1051	1052	20	1	0	0.05	20.0	20.0	1.0
1052	1052	1053	21	0	1	0.0475	19.0	19.0	0.0
1053	1053	1054	8	0	1	0.015	6.0	6.0	0.0
1054	1054	1055	18	1	0	0.045	18.0	18.0	1.0
1055	1055	1056	68	0	1	0.165	66.0	66.0	0.0
1056	1056	1057	25	0	1	0.0575	23.0	23.0	0.0
1057	1057	1058	20	0	1	0.045	18.0	18.0	0.0
1058	1058	1059	58	1	0	0.1175	58.0	58.0	1.0
1059	1059	1060	51	0	1	0.1225	49.0	49.0	0.0
1060	1060	1061	29	0	1	0.0675	27.0	27.0	0.0
1061	1061	1062	45	1	0	0.1125	45.0	45.0	1.0
1062	1062	1063	26	0	1	0.06	24.0	24.0	0.0
1063	1063	1064	52	0	1	0.125	50.0	50.0	0.0
1064	1064	1065	51	0	1	0.1225	49.0	49.0	0.0
1065	1065	1066	21	0	1	0.0475	19.0	19.0	0.0
1066	1066	1067	13	0	1	0.0275	11.0	11.0	0.0
1067	1067	1068	20	1	0	0.05	20.0	20.0	1.0
1068	1068	1069	46	1	0	0.115	46.0	46.0	1.0
1069	1069	1070	10	0	1	0.02	8.0	8.0	0.0
1070	1070	1071	27	1	0	0.0675	27.0	27.0	1.0
1071	1071	1072	30	0	1	0.07	28.0	28.0	0.0
1072	1072	1073	22	0	1	0.05	20.0	20.0	0.0
1073	1073	1074	26	0	1	0.06	24.0	24.0	0.0
1074	1074	1075	28	0	1	0.065	26.0	26.0	0.0
1075	1075	1076	52	1	0	0.1275	52.0	52.0	1.0
1076	1076	1077	66	1	0	0.165	66.0	66.0	1.0
1077	1077	1078	18	1	0	0.045	18.0	18.0	1.0
1078	1078	1079	23	0	1	0.0525	21.0	21.0	0.0
1079	1079	1080	25	1	0	0.0625	25.0	25.0	1.0
1080	1080	1081	32	1	0	0.08	32.0	32.0	1.0
1081	1081	1082	21	0	1	0.0475	19.0	19.0	0.0
1082	1082	1083	29	0	1	0.0675	27.0	27.0	0.0
1083	1083	1084	13	0	1	0.0275	11.0	11.0	0.0
1084	1084	1085	20	0	1	0.045	18.0	18.0	0.0
1085	1085	1086	72	0	1	0.175	70.0	70.0	0.0
1086	1086	1087	23	0	1	0.0525	21.0	21.0	0.0
1087	1087	1088	30	1	0	0.075	30.0	30.0	1.0
1088	1088	1089	32	0	1	0.075	30.0	30.0	0.0
1089	1089	1090	36	0	1	0.085	34.0	34.0	0.0
1090	1090	1091	46	1	0	0.11	46.0	46.0	1.0
1091	1091	1092	25	1	0	0.0625	25.0	25.0	1.0
1092	1092	1093	67	0	1	0.1625	65.0	65.0	0.0
1093	1093	1094	3	0	1	0.0025	1.0	1.0	0.0
1094	1094	1095	32	0	1	0.06	30.0	30.0	0.0
1095	1095	1096	69	0	1	0.1625	67.0	67.0	0.0
1096	1096	1097	25	0	1	0.0575	23.0	23.0	0.0
1097	1097	1098	25	1	0	0.0625	25.0	25.0	1.0
1098	1098	1099	34	0	1	0.08	32.0	32.0	0.0
1099	1099	1100	41	0	1	0.0975	39.0	39.0	0.0
1100	1100	1101	3	1	0	0.0075	3.0	3.0	1.0
1101	1101	1102	38	0	1	0.09	36.0	36.0	0.0
1102	1102	1103	34	0	1	0.08	32.0	32.0	0.0
1103	1103	1104	31	1	0	0.0775	31.0	31.0	1.0
1104	1104	1105	21	0	1	0.0475	19.0	19.0	0.0
1105	1105	1106	17	0	1	0.0375	15.0	15.0	0.0
1106	1106	1107	8	0	1	0.015	6.0	6.0	0.0
1107	1107	1108	15	0	1	0.0325	13.0	13.0	0.0
1108	1108	1109	28	0	1	0.065	26.0	26.0	0.0
1109	1109	1110	24	0	1	0.055	22.0	22.0	0.0
1110	1110	1111	37	1	0	0.0925	37.0	37.0	1.0
1111	1111	1112	11	1	0	0.0275	11.0	11.0	1.0
1112	1112	1113	34	0	1	0.08	32.0	32.0	0.0
1113	1113	1114	17	0	1	0.0375	15.0	15.0	0.0
1114	1114	1115	8	0	1	0.015	6.0	6.0	0.0
1115	1115	1116	12	0	1	0.025	10.0	10.0	0.0
1116	1116	1117	25	1	0	0.0625	25.0	25.0	1.0
1117	1117	1118	11	0	1	0.0225	9.0	9.0	0.0
1118	1118	1119	36	0	1	0.085	34.0	34.0	0.0
1119	1119	1120	70	0	1	0.1675	68.0	68.0	0.0
1120	1120	1121	51	1	0	0.125	51.0	51.0	1.0
1121	1121	1122	8	0	1	0.015	6.0	6.0	0.0
1122	1122	1123	16	1	0	0.04	16.0	16.0	1.0
1123	1123	1124	34	1	0	0.085	34.0	34.0	1.0
1124	1124	1125	10	0	1	0.02	8.0	8.0	0.0
1125	1125	1126	51	0	1	0.1225	49.0	49.0	0.0
1126	1126	1127	65	0	1	0.1525	63.0	63.0	0.0
1127	1127	1128	34	1	0	0.085	34.0	34.0	1.0
1128	1128	1129	30	0	1	0.07	28.0	28.0	0.0
1129	1129	1130	2	0	1	0.0	0.0	0.0	0.0
1130	1130	1131	20	0	1	0.045	18.0	18.0	0.0
1131	1131	1132	15	0	1	0.0325	13.0	13.0	0.0
1132	1132	1133	7	0	1	0.0125	5.0	5.0	0.0
1133	1133	1134	31	0	1	0.0725	29.0	29.0	0.0
1134	1134	1135	16	0	1	0.035	14.0	14.0	0.0
1135	1135	1136	15	0	1	0.0325	13.0	13.0	0.0
1136	1136	1137	48	1	0	0.1125	48.0	48.0	1.0
1137	1137	1138	8	1	0	0.02	8.0	8.0	1.0
1138	1138	1139	20	0	1	0.045	18.0	18.0	0.0
1139	1139	1140	14	0	1	0.03	12.0	12.0	0.0
1140	1140	1141	24	0	1	0.055	22.0	22.0	0.0
1141	1141	1142	14	1	0	0.035	14.0	14.0	1.0
1142	1142	1143	24	0	1	0.055	22.0	22.0	0.0
1143	1143	1144	15	0	1	0.0325	13.0	13.0	0.0
1144	1144	1145	35	1	0	0.0875	35.0	35.0	1.0
1145	1145	1146	30	0	1	0.07	28.0	28.0	0.0
1146	1146	1147	26	1	0	0.065	26.0	26.0	1.0
1147	1147	1148	24	1	0	0.06	24.0	24.0	1.0
1148	1148	1149	17	1	0	0.0425	17.0	17.0	1.0
1149	1149	1150	23	1	0	0.0575	23.0	23.0	1.0
1150	1150	1151	14	0	1	0.03	12.0	12.0	0.0
1151	1151	1152	19	1	0	0.0475	19.0	19.0	1.0
1152	1152	1153	37	0	1	0.0875	35.0	35.0	0.0
1153	1153	1154	75	1	0	0.17	75.0	75.0	1.0
1154	1154	1155	18	0	1	0.04	16.0	16.0	0.0
1155	1155	1156	36	1	0	0.09	36.0	36.0	1.0
1156	1156	1157	45	1	0	0.1125	45.0	45.0	1.0
1157	1157	1158	47	0	1	0.1125	45.0	45.0	0.0
1158	1158	1159	13	1	0	0.0325	13.0	13.0	1.0
1159	1159	1160	37	0	1	0.0875	35.0	35.0	0.0
1160	1160	1161	22	0	1	0.05	20.0	20.0	0.0
1161	1161	1162	18	0	1	0.04	16.0	16.0	0.0
1162	1162	1163	19	0	1	0.0425	17.0	17.0	0.0
1163	1163	1164	28	0	1	0.065	26.0	26.0	0.0
1164	1164	1165	25	1	0	0.0625	25.0	25.0	1.0
1165	1165	1166	38	1	0	0.095	38.0	38.0	1.0
1166	1166	1167	24	1	0	0.06	24.0	24.0	1.0
1167	1167	1168	12	0	1	0.025	10.0	10.0	0.0
1168	1168	1169	50	0	1	0.115	48.0	48.0	0.0
1169	1169	1170	21	0	1	0.0475	19.0	19.0	0.0
1170	1170	1171	62	0	1	0.1475	60.0	60.0	0.0
1171	1171	1172	9	0	1	0.0175	7.0	7.0	0.0
1172	1172	1173	13	0	1	0.0275	11.0	11.0	0.0
1173	1173	1174	11	0	1	0.0225	9.0	9.0	0.0
1174	1174	1175	38	1	0	0.095	38.0	38.0	1.0
1175	1175	1176	11	0	1	0.0225	9.0	9.0	0.0
1176	1176	1177	23	1	0	0.0575	23.0	23.0	1.0
1177	1177	1178	24	0	1	0.055	22.0	22.0	0.0
1178	1178	1179	18	1	0	0.045	18.0	18.0	1.0
1179	1179	1180	38	1	0	0.095	38.0	38.0	1.0
1180	1180	1181	14	1	0	0.035	14.0	14.0	1.0
1181	1181	1182	15	0	1	0.0325	13.0	13.0	0.0
1182	1182	1183	32	0	1	0.075	30.0	30.0	0.0
1183	1183	1184	14	0	1	0.03	12.0	12.0	0.0
1184	1184	1185	16	0	1	0.035	14.0	14.0	0.0
1185	1185	1186	47	1	0	0.115	47.0	47.0	1.0
1186	1186	1187	19	1	0	0.0475	19.0	19.0	1.0
1187	1187	1188	32	0	1	0.075	30.0	30.0	0.0
1188	1188	1189	7	0	1	0.0125	5.0	5.0	0.0
1189	1189	1190	22	1	0	0.055	22.0	22.0	1.0
1190	1190	1191	18	0	1	0.04	16.0	16.0	0.0
1191	1191	1192	35	0	1	0.0825	33.0	33.0	0.0
1192	1192	1193	17	0	1	0.0375	15.0	15.0	0.0
1193	1193	1194	20	0	1	0.045	18.0	18.0	0.0
1194	1194	1195	77	0	1	0.1875	75.0	75.0	0.0
1195	1195	1196	22	0	1	0.05	20.0	20.0	0.0
1196	1196	1197	57	1	0	0.1375	57.0	57.0	1.0
1197	1197	1198	10	0	1	0.02	8.0	8.0	0.0
1198	1198	1199	24	1	0	0.06	24.0	24.0	1.0
1199	1199	1200	16	0	1	0.035	14.0	14.0	0.0
1200	1200	1201	32	0	1	0.075	30.0	30.0	0.0
1201	1201	1202	25	1	0	0.0625	25.0	25.0	1.0
1202	1202	1203	38	0	1	0.09	36.0	36.0	0.0
1203	1203	1204	77	1	0	0.1875	77.0	77.0	1.0
1204	1204	1205	9	1	0	0.0225	9.0	9.0	1.0
1205	1205	1206	7	1	0	0.0175	7.0	7.0	1.0
1206	1206	1207	9	1	0	0.0225	9.0	9.0	1.0
1207	1207	1208	33	0	1	0.0775	31.0	31.0	0.0
1208	1208	1209	35	0	1	0.0825	33.0	33.0	0.0
1209	1209	1210	25	1	0	0.0625	25.0	25.0	1.0
1210	1210	1211	21	0	1	0.0475	19.0	19.0	0.0
1211	1211	1212	15	1	0	0.0375	15.0	15.0	1.0
1212	1212	1213	29	0	1	0.0675	27.0	27.0	0.0
1213	1213	1214	49	1	0	0.1225	49.0	49.0	1.0
1214	1214	1215	18	0	1	0.04	16.0	16.0	0.0
1215	1215	1216	20	1	0	0.05	20.0	20.0	1.0
1216	1216	1217	31	1	0	0.0775	31.0	31.0	1.0
1217	1217	1218	22	1	0	0.055	22.0	22.0	1.0
1218	1218	1219	28	1	0	0.07	28.0	28.0	1.0
1219	1219	1220	32	0	1	0.075	30.0	30.0	0.0
1220	1220	1221	11	0	1	0.0225	9.0	9.0	0.0
1221	1221	1222	43	0	1	0.1025	41.0	41.0	0.0
1222	1222	1223	60	0	1	0.0975	58.0	58.0	0.0
1223	1223	1224	31	1	0	0.0775	31.0	31.0	1.0
1224	1224	1225	26	0	1	0.06	24.0	24.0	0.0
1225	1225	1226	32	0	1	0.075	30.0	30.0	0.0
1226	1226	1227	32	0	1	0.075	30.0	30.0	0.0
1227	1227	1228	9	0	1	0.0175	7.0	7.0	0.0
1228	1228	1229	24	1	0	0.06	24.0	24.0	1.0
1229	1229	1230	51	1	0	0.125	51.0	51.0	1.0
1230	1230	1231	35	1	0	0.0875	35.0	35.0	1.0
1231	1231	1232	5	0	1	0.0075	3.0	3.0	0.0
1232	1232	1233	33	0	1	0.0775	31.0	31.0	0.0
1233	1233	1234	21	0	1	0.0475	19.0	19.0	0.0
1234	1234	1235	23	0	1	0.0525	21.0	21.0	0.0
1235	1235	1236	17	0	1	0.0375	15.0	15.0	0.0
1236	1236	1237	23	1	0	0.0575	23.0	23.0	1.0
1237	1237	1238	41	0	1	0.0975	39.0	39.0	0.0
1238	1238	1239	60	0	1	0.11	58.0	58.0	0.0
1239	1239	1240	34	1	0	0.085	34.0	34.0	1.0
1240	1240	1241	13	0	1	0.0275	11.0	11.0	0.0
1241	1241	1242	22	0	1	0.05	20.0	20.0	0.0
1242	1242	1243	20	0	1	0.045	18.0	18.0	0.0
1243	1243	1244	68	1	0	0.1675	68.0	68.0	1.0
1244	1244	1245	24	1	0	0.06	24.0	24.0	1.0
1245	1245	1246	29	0	1	0.0675	27.0	27.0	0.0
1246	1246	1247	14	1	0	0.035	14.0	14.0	1.0
1247	1247	1248	25	0	1	0.0575	23.0	23.0	0.0
1248	1248	1249	61	0	1	0.12	59.0	59.0	0.0
1249	1249	1250	13	0	1	0.0275	11.0	11.0	0.0
1250	1250	1251	26	0	1	0.06	24.0	24.0	0.0
1251	1251	1252	74	0	1	0.1775	72.0	72.0	0.0
1252	1252	1253	29	1	0	0.0725	29.0	29.0	1.0
1253	1253	1254	35	1	0	0.0875	35.0	35.0	1.0
1254	1254	1255	18	1	0	0.045	18.0	18.0	1.0
1255	1255	1256	22	1	0	0.055	22.0	22.0	1.0
1256	1256	1257	36	0	1	0.085	34.0	34.0	0.0
1257	1257	1258	13	1	0	0.0325	13.0	13.0	1.0
1258	1258	1259	11	0	1	0.0225	9.0	9.0	0.0
1259	1259	1260	31	0	1	0.0725	29.0	29.0	0.0
1260	1260	1261	39	1	0	0.0975	39.0	39.0	1.0
1261	1261	1262	15	0	1	0.0325	13.0	13.0	0.0
1262	1262	1263	53	0	1	0.1275	51.0	51.0	0.0
1263	1263	1264	12	0	1	0.025	10.0	10.0	0.0
1264	1264	1265	33	1	0	0.0825	33.0	33.0	1.0
1265	1265	1266	19	0	1	0.0425	17.0	17.0	0.0
1266	1266	1267	31	0	1	0.0725	29.0	29.0	0.0
1267	1267	1268	6	0	1	0.01	4.0	4.0	0.0
1268	1268	1269	18	0	1	0.04	16.0	16.0	0.0
1269	1269	1270	12	0	1	0.025	10.0	10.0	0.0
1270	1270	1271	31	0	1	0.0725	29.0	29.0	0.0
1271	1271	1272	31	0	1	0.0725	29.0	29.0	0.0
1272	1272	1273	11	0	1	0.0225	9.0	9.0	0.0
1273	1273	1274	19	0	1	0.0425	17.0	17.0	0.0
1274	1274	1275	21	0	1	0.0475	19.0	19.0	0.0
1275	1275	1276	30	0	1	0.07	28.0	28.0	0.0
1276	1276	1277	38	0	1	0.09	36.0	36.0	0.0
1277	1277	1278	11	0	1	0.0225	9.0	9.0	0.0
1278	1278	1279	25	1	0	0.0625	25.0	25.0	1.0
1279	1279	1280	56	1	0	0.1375	56.0	56.0	1.0
1280	1280	1281	7	0	1	0.0125	5.0	5.0	0.0
1281	1281	1282	32	0	1	0.075	30.0	30.0	0.0
1282	1282	1283	50	0	1	0.12	48.0	48.0	0.0
1283	1283	1284	50	0	1	0.1175	48.0	48.0	0.0
1284	1284	1285	32	0	1	0.075	30.0	30.0	0.0
1285	1285	1286	64	1	0	0.1575	64.0	64.0	1.0
1286	1286	1287	28	0	1	0.065	26.0	26.0	0.0
1287	1287	1288	20	0	1	0.045	18.0	18.0	0.0
1288	1288	1289	13	0	1	0.0275	11.0	11.0	0.0
1289	1289	1290	32	0	1	0.075	30.0	30.0	0.0
1290	1290	1291	10	0	1	0.02	8.0	8.0	0.0
1291	1291	1292	18	0	1	0.04	16.0	16.0	0.0
1292	1292	1293	19	0	1	0.0425	17.0	17.0	0.0
1293	1293	1294	9	1	0	0.0225	9.0	9.0	1.0
1294	1294	1295	16	0	1	0.035	14.0	14.0	0.0
1295	1295	1296	34	0	1	0.08	32.0	32.0	0.0
1296	1296	1297	24	1	0	0.06	24.0	24.0	1.0
1297	1297	1298	22	0	1	0.05	20.0	20.0	0.0
1298	1298	1299	47	0	1	0.1125	45.0	45.0	0.0
1299	1299	1300	30	0	1	0.07	28.0	28.0	0.0
1300	1300	1301	25	0	1	0.0575	23.0	23.0	0.0
1301	1301	1302	4	0	1	0.005	2.0	2.0	0.0
1302	1302	1303	32	1	0	0.08	32.0	32.0	1.0
1303	1303	1304	23	1	0	0.0575	23.0	23.0	1.0
1304	1304	1305	25	1	0	0.0625	25.0	25.0	1.0
1305	1305	1306	9	1	0	0.0225	9.0	9.0	1.0
1306	1306	1307	46	0	1	0.11	44.0	44.0	0.0
1307	1307	1308	16	0	1	0.035	14.0	14.0	0.0
1308	1308	1309	13	1	0	0.0325	13.0	13.0	1.0
1309	1309	1310	74	0	1	0.17	72.0	72.0	0.0
1310	1310	1311	19	1	0	0.0475	19.0	19.0	1.0
1311	1311	1312	27	0	1	0.0625	25.0	25.0	0.0
1312	1312	1313	8	1	0	0.02	8.0	8.0	1.0
1313	1313	1314	27	1	0	0.0675	27.0	27.0	1.0
1314	1314	1315	7	0	1	0.0125	5.0	5.0	0.0
1315	1315	1316	26	0	1	0.06	24.0	24.0	0.0
1316	1316	1317	7	0	1	0.0125	5.0	5.0	0.0
1317	1317	1318	17	0	1	0.0375	15.0	15.0	0.0
1318	1318	1319	7	0	1	0.0125	5.0	5.0	0.0
1319	1319	1320	17	1	0	0.0425	17.0	17.0	1.0
1320	1320	1321	11	1	0	0.0275	11.0	11.0	1.0
1321	1321	1322	12	0	1	0.025	10.0	10.0	0.0
1322	1322	1323	13	0	1	0.0275	11.0	11.0	0.0
1323	1323	1324	20	1	0	0.05	20.0	20.0	1.0
1324	1324	1325	21	0	1	0.0475	19.0	19.0	0.0
1325	1325	1326	4	0	1	0.005	2.0	2.0	0.0
1326	1326	1327	17	0	1	0.0375	15.0	15.0	0.0
1327	1327	1328	77	0	1	0.1875	75.0	75.0	0.0
1328	1328	1329	71	0	1	0.1725	69.0	69.0	0.0
1329	1329	1330	8	0	1	0.015	6.0	6.0	0.0
1330	1330	1331	26	0	1	0.06	24.0	24.0	0.0
1331	1331	1332	6	0	1	0.01	4.0	4.0	0.0
1332	1332	1333	39	0	1	0.0925	37.0	37.0	0.0
1333	1333	1334	47	1	0	0.1175	47.0	47.0	1.0
1334	1334	1335	25	1	0	0.0625	25.0	25.0	1.0
1335	1335	1336	23	0	1	0.0525	21.0	21.0	0.0
1336	1336	1337	26	0	1	0.06	24.0	24.0	0.0
1337	1337	1338	22	0	1	0.05	20.0	20.0	0.0
1338	1338	1339	8	1	0	0.02	8.0	8.0	1.0
1339	1339	1340	31	0	1	0.0725	29.0	29.0	0.0
1340	1340	1341	22	0	1	0.05	20.0	20.0	0.0
1341	1341	1342	17	1	0	0.0425	17.0	17.0	1.0
1342	1342	1343	41	0	1	0.0975	39.0	39.0	0.0
1343	1343	1344	24	1	0	0.06	24.0	24.0	1.0
1344	1344	1345	65	1	0	0.1625	65.0	65.0	1.0
1345	1345	1346	3	0	1	0.0025	1.0	1.0	0.0
1346	1346	1347	8	0	1	0.015	6.0	6.0	0.0
1347	1347	1348	17	0	1	0.0375	15.0	15.0	0.0
1348	1348	1349	36	0	1	0.085	34.0	34.0	0.0
1349	1349	1350	38	0	1	0.09	36.0	36.0	0.0
1350	1350	1351	51	1	0	0.1275	51.0	51.0	1.0
1351	1351	1352	22	0	1	0.05	20.0	20.0	0.0
1352	1352	1353	26	1	0	0.065	26.0	26.0	1.0
1353	1353	1354	25	0	1	0.0575	23.0	23.0	0.0
1354	1354	1355	35	0	1	0.0825	33.0	33.0	0.0
1355	1355	1356	8	0	1	0.015	6.0	6.0	0.0
1356	1356	1357	29	0	1	0.0675	27.0	27.0	0.0
1357	1357	1358	25	0	1	0.0575	23.0	23.0	0.0
1358	1358	1359	14	1	0	0.035	14.0	14.0	1.0
1359	1359	1360	48	1	0	0.12	48.0	48.0	1.0
1360	1360	1361	45	1	0	0.1125	45.0	45.0	1.0
1361	1361	1362	60	1	0	0.1325	60.0	60.0	1.0
1362	1362	1363	47	0	1	0.1125	45.0	45.0	0.0
1363	1363	1364	19	0	1	0.0425	17.0	17.0	0.0
1364	1364	1365	25	1	0	0.0625	25.0	25.0	1.0
1365	1365	1366	13	1	0	0.0325	13.0	13.0	1.0
1366	1366	1367	25	1	0	0.0625	25.0	25.0	1.0
1367	1367	1368	32	0	1	0.075	30.0	30.0	0.0
1368	1368	1369	35	0	1	0.0825	33.0	33.0	0.0
1369	1369	1370	33	0	1	0.0775	31.0	31.0	0.0
1370	1370	1371	23	0	1	0.0525	21.0	21.0	0.0
1371	1371	1372	23	0	1	0.0525	21.0	21.0	0.0
1372	1372	1373	44	1	0	0.1075	44.0	44.0	1.0
1373	1373	1374	11	0	1	0.0225	9.0	9.0	0.0
1374	1374	1375	12	1	0	0.03	12.0	12.0	1.0
1375	1375	1376	36	1	0	0.09	36.0	36.0	1.0
1376	1376	1377	9	0	1	0.0175	7.0	7.0	0.0
1377	1377	1378	48	0	1	0.1025	46.0	46.0	0.0
1378	1378	1379	12	1	0	0.03	12.0	12.0	1.0
1379	1379	1380	16	0	1	0.035	14.0	14.0	0.0
1380	1380	1381	37	0	1	0.0875	35.0	35.0	0.0
1381	1381	1382	7	0	1	0.0125	5.0	5.0	0.0
1382	1382	1383	27	0	1	0.0625	25.0	25.0	0.0
1383	1383	1384	17	1	0	0.0425	17.0	17.0	1.0
1384	1384	1385	18	0	1	0.04	16.0	16.0	0.0
1385	1385	1386	21	0	1	0.0475	19.0	19.0	0.0
1386	1386	1387	21	1	0	0.0525	21.0	21.0	1.0
1387	1387	1388	24	0	1	0.055	22.0	22.0	0.0
1388	1388	1389	47	1	0	0.115	47.0	47.0	1.0
1389	1389	1390	22	0	1	0.05	20.0	20.0	0.0
1390	1390	1391	41	1	0	0.1025	41.0	41.0	1.0
1391	1391	1392	55	1	0	0.1375	55.0	55.0	1.0
1392	1392	1393	19	0	1	0.0425	17.0	17.0	0.0
1393	1393	1394	20	0	1	0.045	18.0	18.0	0.0
1394	1394	1395	32	1	0	0.08	32.0	32.0	1.0
1395	1395	1396	28	0	1	0.065	26.0	26.0	0.0
1396	1396	1397	20	0	1	0.045	18.0	18.0	0.0
1397	1397	1398	50	1	0	0.125	50.0	50.0	1.0
1398	1398	1399	26	0	1	0.06	24.0	24.0	0.0
1399	1399	1400	15	1	0	0.0375	15.0	15.0	1.0
1400	1400	1401	72	1	0	0.145	72.0	72.0	1.0
1401	1401	1402	37	0	1	0.0875	35.0	35.0	0.0
1402	1402	1403	4	1	0	0.01	4.0	4.0	1.0
1403	1403	1404	42	0	1	0.0925	40.0	40.0	0.0
1404	1404	1405	96	1	0	0.225	96.0	96.0	1.0
1405	1405	1406	28	0	1	0.065	26.0	26.0	0.0
1406	1406	1407	27	1	0	0.0675	27.0	27.0	1.0
1407	1407	1408	12	1	0	0.03	12.0	12.0	1.0
1408	1408	1409	16	0	1	0.035	14.0	14.0	0.0
1409	1409	1410	32	0	1	0.075	30.0	30.0	0.0
1410	1410	1411	5	0	1	0.0075	3.0	3.0	0.0
1411	1411	1412	10	0	1	0.02	8.0	8.0	0.0
1412	1412	1413	15	0	1	0.0325	13.0	13.0	0.0
1413	1413	1414	9	1	0	0.0225	9.0	9.0	1.0
1414	1414	1415	14	0	1	0.03	12.0	12.0	0.0
1415	1415	1416	21	0	1	0.0475	19.0	19.0	0.0
1416	1416	1417	10	1	0	0.025	10.0	10.0	1.0
1417	1417	1418	28	0	1	0.065	26.0	26.0	0.0
1418	1418	1419	44	0	1	0.09	42.0	42.0	0.0
1419	1419	1420	15	1	0	0.0375	15.0	15.0	1.0
1420	1420	1421	56	0	1	0.135	54.0	54.0	0.0
1421	1421	1422	29	1	0	0.0725	29.0	29.0	1.0
1422	1422	1423	13	0	1	0.0275	11.0	11.0	0.0
1423	1423	1424	44	1	0	0.11	44.0	44.0	1.0
1424	1424	1425	19	0	1	0.0425	17.0	17.0	0.0
1425	1425	1426	48	1	0	0.12	48.0	48.0	1.0
1426	1426	1427	21	0	1	0.0475	19.0	19.0	0.0
1427	1427	1428	18	0	1	0.04	16.0	16.0	0.0
1428	1428	1429	14	1	0	0.035	14.0	14.0	1.0
1429	1429	1430	25	0	1	0.0575	23.0	23.0	0.0
1430	1430	1431	39	0	1	0.0925	37.0	37.0	0.0
1431	1431	1432	30	1	0	0.075	30.0	30.0	1.0
1432	1432	1433	22	0	1	0.05	20.0	20.0	0.0
1433	1433	1434	21	0	1	0.0475	19.0	19.0	0.0
1434	1434	1435	5	0	1	0.0075	3.0	3.0	0.0
1435	1435	1436	54	0	1	0.1275	52.0	52.0	0.0
1436	1436	1437	18	1	0	0.045	18.0	18.0	1.0
1437	1437	1438	31	0	1	0.0725	29.0	29.0	0.0
1438	1438	1439	27	0	1	0.0625	25.0	25.0	0.0
1439	1439	1440	3	0	1	0.0025	1.0	1.0	0.0
1440	1440	1441	6	0	1	0.01	4.0	4.0	0.0
1441	1441	1442	20	0	1	0.045	18.0	18.0	0.0
1442	1442	1443	39	0	1	0.0925	37.0	37.0	0.0
1443	1443	1444	71	0	1	0.1675	69.0	69.0	0.0
1444	1444	1445	15	0	1	0.0325	13.0	13.0	0.0
1445	1445	1446	21	0	1	0.0475	19.0	19.0	0.0
1446	1446	1447	22	0	1	0.05	20.0	20.0	0.0
1447	1447	1448	12	0	1	0.025	10.0	10.0	0.0
1448	1448	1449	44	1	0	0.11	44.0	44.0	1.0
1449	1449	1450	31	0	1	0.0725	29.0	29.0	0.0
1450	1450	1451	7	0	1	0.0125	5.0	5.0	0.0
1451	1451	1452	54	1	0	0.135	54.0	54.0	1.0
1452	1452	1453	31	1	0	0.0775	31.0	31.0	1.0
1453	1453	1454	36	0	1	0.085	34.0	34.0	0.0
1454	1454	1455	10	0	1	0.02	8.0	8.0	0.0
1455	1455	1456	13	0	1	0.0275	11.0	11.0	0.0
1456	1456	1457	30	0	1	0.07	28.0	28.0	0.0
1457	1457	1458	81	0	1	0.195	79.0	79.0	0.0
1458	1458	1459	32	0	1	0.075	30.0	30.0	0.0
1459	1459	1460	10	1	0	0.025	10.0	10.0	1.0
1460	1460	1461	37	0	1	0.0875	35.0	35.0	0.0
1461	1461	1462	27	0	1	0.0625	25.0	25.0	0.0
1462	1462	1463	23	0	1	0.0525	21.0	21.0	0.0
1463	1463	1464	24	0	1	0.055	22.0	22.0	0.0
1464	1464	1465	22	0	1	0.05	20.0	20.0	0.0
1465	1465	1466	12	1	0	0.03	12.0	12.0	1.0
1466	1466	1467	69	0	1	0.1675	67.0	67.0	0.0
1467	1467	1468	15	0	1	0.0325	13.0	13.0	0.0
1468	1468	1469	51	0	1	0.1225	49.0	49.0	0.0
1469	1469	1470	6	1	0	0.015	6.0	6.0	1.0
1470	1470	1471	5	0	1	0.0075	3.0	3.0	0.0
1471	1471	1472	27	0	1	0.0625	25.0	25.0	0.0
1472	1472	1473	13	0	1	0.0275	11.0	11.0	0.0
1473	1473	1474	13	1	0	0.0325	13.0	13.0	1.0
1474	1474	1475	20	0	1	0.045	18.0	18.0	0.0
1475	1475	1476	51	0	1	0.1225	49.0	49.0	0.0
1476	1476	1477	19	1	0	0.0475	19.0	19.0	1.0
1477	1477	1478	18	0	1	0.04	16.0	16.0	0.0
1478	1478	1479	29	0	1	0.0675	27.0	27.0	0.0
1479	1479	1480	21	0	1	0.0475	19.0	19.0	0.0
1480	1480	1481	12	1	0	0.03	12.0	12.0	1.0
1481	1481	1482	64	0	1	0.15	62.0	62.0	0.0
1482	1482	1483	20	0	1	0.045	18.0	18.0	0.0
1483	1483	1484	29	1	0	0.0725	29.0	29.0	1.0
1484	1484	1485	9	0	1	0.0175	7.0	7.0	0.0
1485	1485	1486	24	0	1	0.055	22.0	22.0	0.0
1486	1486	1487	23	0	1	0.0525	21.0	21.0	0.0
1487	1487	1488	91	1	0	0.1775	91.0	91.0	1.0
1488	1488	1489	33	1	0	0.0825	33.0	33.0	1.0
1489	1489	1490	12	0	1	0.025	10.0	10.0	0.0
1490	1490	1491	48	0	1	0.1125	46.0	46.0	0.0
1491	1491	1492	15	0	1	0.0325	13.0	13.0	0.0
1492	1492	1493	5	1	0	0.0125	5.0	5.0	1.0
1493	1493	1494	13	0	1	0.0275	11.0	11.0	0.0
1494	1494	1495	8	0	1	0.015	6.0	6.0	0.0
1495	1495	1496	65	1	0	0.1625	65.0	65.0	1.0
1496	1496	1497	21	0	1	0.0475	19.0	19.0	0.0
1497	1497	1498	12	1	0	0.03	12.0	12.0	1.0
1498	1498	1499	27	0	1	0.0625	25.0	25.0	0.0
1499	1499	1500	29	1	0	0.0725	29.0	29.0	1.0
1500	1500	1501	13	0	1	0.0275	11.0	11.0	0.0
1501	1501	1502	4	0	1	0.005	2.0	2.0	0.0
1502	1502	1503	28	1	0	0.07	28.0	28.0	1.0
1503	1503	1504	23	0	1	0.0525	21.0	21.0	0.0
1504	1504	1505	21	0	1	0.0475	19.0	19.0	0.0
1505	1505	1506	22	0	1	0.05	20.0	20.0	0.0
1506	1506	1507	37	1	0	0.0925	37.0	37.0	1.0
1507	1507	1508	21	0	1	0.0475	19.0	19.0	0.0
1508	1508	1509	24	1	0	0.0575	24.0	24.0	1.0
1509	1509	1510	11	0	1	0.0225	9.0	9.0	0.0
1510	1510	1511	23	0	1	0.045	21.0	21.0	0.0
1511	1511	1512	4	0	1	0.005	2.0	2.0	0.0
1512	1512	1513	22	0	1	0.05	20.0	20.0	0.0
1513	1513	1514	15	0	1	0.0325	13.0	13.0	0.0
1514	1514	1515	27	0	1	0.0625	25.0	25.0	0.0
1515	1515	1516	40	1	0	0.1	40.0	40.0	1.0
1516	1516	1517	30	1	0	0.075	30.0	30.0	1.0
1517	1517	1518	12	0	1	0.025	10.0	10.0	0.0
1518	1518	1519	24	0	1	0.055	22.0	22.0	0.0
1519	1519	1520	8	0	1	0.015	6.0	6.0	0.0
1520	1520	1521	53	1	0	0.1325	53.0	53.0	1.0
1521	1521	1522	25	0	1	0.0575	23.0	23.0	0.0
1522	1522	1523	51	0	1	0.12	49.0	49.0	0.0
1523	1523	1524	30	1	0	0.075	30.0	30.0	1.0
1524	1524	1525	16	0	1	0.035	14.0	14.0	0.0
1525	1525	1526	43	0	1	0.1025	41.0	41.0	0.0
1526	1526	1527	23	0	1	0.0525	21.0	21.0	0.0
1527	1527	1528	25	1	0	0.0625	25.0	25.0	1.0
1528	1528	1529	35	1	0	0.0875	35.0	35.0	1.0
1529	1529	1530	36	0	1	0.085	34.0	34.0	0.0
1530	1530	1531	9	1	0	0.0225	9.0	9.0	1.0
1531	1531	1532	14	0	1	0.03	12.0	12.0	0.0
1532	1532	1533	12	0	1	0.025	10.0	10.0	0.0
1533	1533	1534	13	0	1	0.0275	11.0	11.0	0.0
1534	1534	1535	34	0	1	0.08	32.0	32.0	0.0
1535	1535	1536	17	0	1	0.0375	15.0	15.0	0.0
1536	1536	1537	48	0	1	0.1125	46.0	46.0	0.0
1537	1537	1538	69	0	1	0.165	67.0	67.0	0.0
1538	1538	1539	19	0	1	0.0425	17.0	17.0	0.0
1539	1539	1540	28	0	1	0.065	26.0	26.0	0.0
1540	1540	1541	21	1	0	0.0525	21.0	21.0	1.0
1541	1541	1542	16	0	1	0.035	14.0	14.0	0.0
1542	1542	1543	12	0	1	0.025	10.0	10.0	0.0
1543	1543	1544	92	0	1	0.225	90.0	90.0	0.0
1544	1544	1545	28	0	1	0.065	26.0	26.0	0.0
1545	1545	1546	33	1	0	0.0825	33.0	33.0	1.0
1546	1546	1547	26	0	1	0.06	24.0	24.0	0.0
1547	1547	1548	22	0	1	0.05	20.0	20.0	0.0
1548	1548	1549	12	0	1	0.025	10.0	10.0	0.0
1549	1549	1550	64	1	0	0.1575	64.0	64.0	1.0
1550	1550	1551	13	1	0	0.0325	13.0	13.0	1.0
1551	1551	1552	11	0	1	0.0225	9.0	9.0	0.0
1552	1552	1553	40	0	1	0.095	38.0	38.0	0.0
1553	1553	1554	12	0	1	0.025	10.0	10.0	0.0
1554	1554	1555	98	0	1	0.225	96.0	96.0	0.0
1555	1555	1556	26	0	1	0.06	24.0	24.0	0.0
1556	1556	1557	26	1	0	0.065	26.0	26.0	1.0
1557	1557	1558	9	1	0	0.0225	9.0	9.0	1.0
1558	1558	1559	7	0	1	0.0125	5.0	5.0	0.0
1559	1559	1560	23	1	0	0.0575	23.0	23.0	1.0
1560	1560	1561	27	1	0	0.0675	27.0	27.0	1.0
1561	1561	1562	14	1	0	0.035	14.0	14.0	1.0
1562	1562	1563	21	0	1	0.0475	19.0	19.0	0.0
1563	1563	1564	33	1	0	0.0825	33.0	33.0	1.0
1564	1564	1565	30	0	1	0.07	28.0	28.0	0.0
1565	1565	1566	57	1	0	0.1275	57.0	57.0	1.0
1566	1566	1567	17	0	1	0.0375	15.0	15.0	0.0
1567	1567	1568	52	0	1	0.125	50.0	50.0	0.0
1568	1568	1569	30	1	0	0.075	30.0	30.0	1.0
1569	1569	1570	18	0	1	0.04	16.0	16.0	0.0
1570	1570	1571	51	0	1	0.1225	49.0	49.0	0.0
1571	1571	1572	74	1	0	0.1525	74.0	74.0	1.0
1572	1572	1573	15	1	0	0.0375	15.0	15.0	1.0
1573	1573	1574	18	0	1	0.04	16.0	16.0	0.0
1574	1574	1575	42	1	0	0.105	42.0	42.0	1.0
1575	1575	1576	84	1	0	0.2075	84.0	84.0	1.0
1576	1576	1577	22	0	1	0.05	20.0	20.0	0.0
1577	1577	1578	27	0	1	0.0625	25.0	25.0	0.0
1578	1578	1579	26	0	1	0.06	24.0	24.0	0.0
1579	1579	1580	61	0	1	0.135	59.0	59.0	0.0
1580	1580	1581	21	1	0	0.0525	21.0	21.0	1.0
1581	1581	1582	21	0	1	0.0475	19.0	19.0	0.0
1582	1582	1583	19	1	0	0.0475	19.0	19.0	1.0
1583	1583	1584	34	1	0	0.085	34.0	34.0	1.0
1584	1584	1585	34	0	1	0.08	32.0	32.0	0.0
1585	1585	1586	27	0	1	0.0625	25.0	25.0	0.0
1586	1586	1587	26	0	1	0.06	24.0	24.0	0.0
1587	1587	1588	23	1	0	0.0575	23.0	23.0	1.0
1588	1588	1589	28	0	1	0.065	26.0	26.0	0.0
1589	1589	1590	36	0	1	0.085	34.0	34.0	0.0
1590	1590	1591	16	0	1	0.035	14.0	14.0	0.0
1591	1591	1592	26	0	1	0.06	24.0	24.0	0.0
1592	1592	1593	5	1	0	0.0125	5.0	5.0	1.0
1593	1593	1594	17	0	1	0.0375	15.0	15.0	0.0
1594	1594	1595	16	0	1	0.035	14.0	14.0	0.0
1595	1595	1596	26	0	1	0.06	24.0	24.0	0.0
1596	1596	1597	31	1	0	0.0775	31.0	31.0	1.0
1597	1597	1598	15	0	1	0.0325	13.0	13.0	0.0
1598	1598	1599	4	0	1	0.005	2.0	2.0	0.0
1599	1599	1600	18	0	1	0.04	16.0	16.0	0.0
1600	1600	1601	20	1	0	0.05	20.0	20.0	1.0
1601	1601	1602	25	0	1	0.0575	23.0	23.0	0.0
1602	1602	1603	18	0	1	0.04	16.0	16.0	0.0
1603	1603	1604	18	1	0	0.045	18.0	18.0	1.0
1604	1604	1605	36	1	0	0.09	36.0	36.0	1.0
1605	1605	1606	10	0	1	0.02	8.0	8.0	0.0
1606	1606	1607	21	0	1	0.0475	19.0	19.0	0.0
1607	1607	1608	23	0	1	0.0525	21.0	21.0	0.0
1608	1608	1609	26	0	1	0.06	24.0	24.0	0.0
1609	1609	1610	28	0	1	0.065	26.0	26.0	0.0
1610	1610	1611	26	0	1	0.06	24.0	24.0	0.0
1611	1611	1612	102	1	0	0.25	102.0	102.0	1.0
1612	1612	1613	14	0	1	0.03	12.0	12.0	0.0
1613	1613	1614	13	1	0	0.0325	13.0	13.0	1.0
1614	1614	1615	25	1	0	0.0625	25.0	25.0	1.0
1615	1615	1616	65	1	0	0.145	65.0	65.0	1.0
1616	1616	1617	33	0	1	0.0775	31.0	31.0	0.0
1617	1617	1618	22	0	1	0.05	20.0	20.0	0.0
1618	1618	1619	12	0	1	0.025	10.0	10.0	0.0
1619	1619	1620	28	0	1	0.065	26.0	26.0	0.0
1620	1620	1621	20	1	0	0.05	20.0	20.0	1.0
1621	1621	1622	19	0	1	0.0425	17.0	17.0	0.0
1622	1622	1623	25	0	1	0.0575	23.0	23.0	0.0
1623	1623	1624	22	1	0	0.055	22.0	22.0	1.0
1624	1624	1625	22	0	1	0.05	20.0	20.0	0.0
1625	1625	1626	57	0	1	0.1375	55.0	55.0	0.0
1626	1626	1627	36	0	1	0.085	34.0	34.0	0.0
1627	1627	1628	95	1	0	0.235	95.0	95.0	1.0
1628	1628	1629	65	0	1	0.155	63.0	63.0	0.0
1629	1629	1630	2	0	1	0.0	0.0	0.0	0.0
1630	1630	1631	66	0	1	0.16	64.0	64.0	0.0
1631	1631	1632	18	0	1	0.04	16.0	16.0	0.0
1632	1632	1633	29	0	1	0.0675	27.0	27.0	0.0
1633	1633	1634	20	1	0	0.05	20.0	20.0	1.0
1634	1634	1635	29	0	1	0.0675	27.0	27.0	0.0
1635	1635	1636	87	0	1	0.2075	85.0	85.0	0.0
1636	1636	1637	12	0	1	0.025	10.0	10.0	0.0
1637	1637	1638	47	1	0	0.1175	47.0	47.0	1.0
1638	1638	1639	6	0	1	0.01	4.0	4.0	0.0
1639	1639	1640	6	0	1	0.01	4.0	4.0	0.0
1640	1640	1641	28	1	0	0.07	28.0	28.0	1.0
1641	1641	1642	43	0	1	0.095	41.0	41.0	0.0
1642	1642	1643	24	0	1	0.055	22.0	22.0	0.0
1643	1643	1644	38	0	1	0.09	36.0	36.0	0.0
1644	1644	1645	17	0	1	0.0375	15.0	15.0	0.0
1645	1645	1646	18	0	1	0.04	16.0	16.0	0.0
1646	1646	1647	58	0	1	0.14	56.0	56.0	0.0
1647	1647	1648	21	0	1	0.0475	19.0	19.0	0.0
1648	1648	1649	5	0	1	0.0075	3.0	3.0	0.0
1649	1649	1650	13	0	1	0.0275	11.0	11.0	0.0
1650	1650	1651	51	0	1	0.1225	49.0	49.0	0.0
1651	1651	1652	24	0	1	0.055	22.0	22.0	0.0
1652	1652	1653	61	1	0	0.1375	61.0	61.0	1.0
1653	1653	1654	33	1	0	0.0825	33.0	33.0	1.0
1654	1654	1655	12	1	0	0.03	12.0	12.0	1.0
1655	1655	1656	38	0	1	0.09	36.0	36.0	0.0
1656	1656	1657	50	1	0	0.125	50.0	50.0	1.0
1657	1657	1658	57	1	0	0.1425	57.0	57.0	1.0
1658	1658	1659	24	0	1	0.055	22.0	22.0	0.0
1659	1659	1660	100	1	0	0.245	100.0	100.0	1.0
1660	1660	1661	29	0	1	0.0675	27.0	27.0	0.0
1661	1661	1662	56	1	0	0.115	56.0	56.0	1.0
1662	1662	1663	9	1	0	0.0225	9.0	9.0	1.0
1663	1663	1664	27	1	0	0.0675	27.0	27.0	1.0
1664	1664	1665	18	1	0	0.045	18.0	18.0	1.0
1665	1665	1666	28	0	1	0.065	26.0	26.0	0.0
1666	1666	1667	25	1	0	0.0625	25.0	25.0	1.0
1667	1667	1668	69	0	1	0.1675	67.0	67.0	0.0
1668	1668	1669	15	1	0	0.0375	15.0	15.0	1.0
1669	1669	1670	43	0	1	0.1025	41.0	41.0	0.0
1670	1670	1671	21	0	1	0.0475	19.0	19.0	0.0
1671	1671	1672	33	0	1	0.0775	31.0	31.0	0.0
1672	1672	1673	26	0	1	0.06	24.0	24.0	0.0
1673	1673	1674	2	1	0	0.005	2.0	2.0	1.0
1674	1674	1675	18	1	0	0.045	18.0	18.0	1.0
1675	1675	1676	36	0	1	0.085	34.0	34.0	0.0
1676	1676	1677	45	1	0	0.1125	45.0	45.0	1.0
1677	1677	1678	27	0	1	0.0625	25.0	25.0	0.0
1678	1678	1679	6	0	1	0.01	4.0	4.0	0.0
1679	1679	1680	23	1	0	0.0575	23.0	23.0	1.0
1680	1680	1681	14	1	0	0.035	14.0	14.0	1.0
1681	1681	1682	24	0	1	0.055	22.0	22.0	0.0
1682	1682	1683	21	0	1	0.0475	19.0	19.0	0.0
1683	1683	1684	20	0	1	0.045	18.0	18.0	0.0
1684	1684	1685	29	0	1	0.0675	27.0	27.0	0.0
1685	1685	1686	24	0	1	0.055	22.0	22.0	0.0
1686	1686	1687	11	0	1	0.0225	9.0	9.0	0.0
1687	1687	1688	23	1	0	0.0575	23.0	23.0	1.0
1688	1688	1689	13	0	1	0.0275	11.0	11.0	0.0
1689	1689	1690	30	0	1	0.07	28.0	28.0	0.0
1690	1690	1691	30	1	0	0.075	30.0	30.0	1.0
1691	1691	1692	42	0	1	0.085	40.0	40.0	0.0
1692	1692	1693	22	1	0	0.055	22.0	22.0	1.0
1693	1693	1694	15	0	1	0.0325	13.0	13.0	0.0
1694	1694	1695	25	0	1	0.0575	23.0	23.0	0.0
1695	1695	1696	34	0	1	0.08	32.0	32.0	0.0
1696	1696	1697	26	0	1	0.06	24.0	24.0	0.0
1697	1697	1698	21	1	0	0.0525	21.0	21.0	1.0
1698	1698	1699	14	0	1	0.03	12.0	12.0	0.0
1699	1699	1700	85	1	0	0.205	85.0	85.0	1.0
1700	1700	1701	11	0	1	0.0225	9.0	9.0	0.0
1701	1701	1702	13	0	1	0.0275	11.0	11.0	0.0
1702	1702	1703	3	0	1	0.0025	1.0	1.0	0.0
1703	1703	1704	16	0	1	0.035	14.0	14.0	0.0
1704	1704	1705	20	0	1	0.045	18.0	18.0	0.0
1705	1705	1706	32	0	1	0.075	30.0	30.0	0.0
1706	1706	1707	88	1	0	0.205	88.0	88.0	1.0
1707	1707	1708	10	0	1	0.02	8.0	8.0	0.0
1708	1708	1709	17	0	1	0.0375	15.0	15.0	0.0
1709	1709	1710	20	0	1	0.045	18.0	18.0	0.0
1710	1710	1711	37	0	1	0.0875	35.0	35.0	0.0
1711	1711	1712	6	0	1	0.01	4.0	4.0	0.0
1712	1712	1713	49	0	1	0.1175	47.0	47.0	0.0
1713	1713	1714	2	1	0	0.005	2.0	2.0	1.0
1714	1714	1715	28	0	1	0.0525	26.0	26.0	0.0
1715	1715	1716	32	0	1	0.075	30.0	30.0	0.0
1716	1716	1717	14	1	0	0.035	14.0	14.0	1.0
1717	1717	1718	33	0	1	0.0775	31.0	31.0	0.0
1718	1718	1719	25	0	1	0.0575	23.0	23.0	0.0
1719	1719	1720	17	0	1	0.0375	15.0	15.0	0.0
1720	1720	1721	35	0	1	0.0825	33.0	33.0	0.0
1721	1721	1722	28	0	1	0.065	26.0	26.0	0.0
1722	1722	1723	21	0	1	0.0475	19.0	19.0	0.0
1723	1723	1724	9	0	1	0.0175	7.0	7.0	0.0
1724	1724	1725	47	1	0	0.1175	47.0	47.0	1.0
1725	1725	1726	3	1	0	0.0075	3.0	3.0	1.0
1726	1726	1727	37	0	1	0.0875	35.0	35.0	0.0
1727	1727	1728	46	1	0	0.115	46.0	46.0	1.0
1728	1728	1729	14	1	0	0.035	14.0	14.0	1.0
1729	1729	1730	70	0	1	0.1575	68.0	68.0	0.0
1730	1730	1731	20	0	1	0.045	18.0	18.0	0.0
1731	1731	1732	28	0	1	0.065	26.0	26.0	0.0
1732	1732	1733	25	0	1	0.0575	23.0	23.0	0.0
1733	1733	1734	28	0	1	0.065	26.0	26.0	0.0
1734	1734	1735	89	0	1	0.2175	87.0	87.0	0.0
1735	1735	1736	26	1	0	0.065	26.0	26.0	1.0
1736	1736	1737	14	0	1	0.03	12.0	12.0	0.0
1737	1737	1738	49	1	0	0.1225	49.0	49.0	1.0
1738	1738	1739	53	1	0	0.13	53.0	53.0	1.0
1739	1739	1740	14	1	0	0.035	14.0	14.0	1.0
1740	1740	1741	17	1	0	0.0425	17.0	17.0	1.0
1741	1741	1742	42	0	1	0.0975	40.0	40.0	0.0
1742	1742	1743	47	0	1	0.105	45.0	45.0	0.0
1743	1743	1744	18	0	1	0.04	16.0	16.0	0.0
1744	1744	1745	27	0	1	0.0625	25.0	25.0	0.0
1745	1745	1746	67	0	1	0.16	65.0	65.0	0.0
1746	1746	1747	34	0	1	0.08	32.0	32.0	0.0
1747	1747	1748	11	0	1	0.0225	9.0	9.0	0.0
1748	1748	1749	21	0	1	0.0475	19.0	19.0	0.0
1749	1749	1750	66	0	1	0.1575	64.0	64.0	0.0
1750	1750	1751	12	0	1	0.025	10.0	10.0	0.0
1751	1751	1752	60	1	0	0.15	60.0	60.0	1.0
1752	1752	1753	9	0	1	0.0175	7.0	7.0	0.0
1753	1753	1754	16	0	1	0.035	14.0	14.0	0.0
1754	1754	1755	63	0	1	0.125	61.0	61.0	0.0
1755	1755	1756	58	0	1	0.14	56.0	56.0	0.0
1756	1756	1757	35	1	0	0.0875	35.0	35.0	1.0
1757	1757	1758	21	0	1	0.0475	19.0	19.0	0.0
1758	1758	1759	25	0	1	0.0575	23.0	23.0	0.0
1759	1759	1760	35	0	1	0.0825	33.0	33.0	0.0
1760	1760	1761	11	1	0	0.0275	11.0	11.0	1.0
1761	1761	1762	48	0	1	0.1125	46.0	46.0	0.0
1762	1762	1763	58	0	1	0.14	56.0	56.0	0.0
1763	1763	1764	32	0	1	0.075	30.0	30.0	0.0
1764	1764	1765	15	1	0	0.0375	15.0	15.0	1.0
1765	1765	1766	40	1	0	0.1	40.0	40.0	1.0
1766	1766	1767	21	0	1	0.0475	19.0	19.0	0.0
1767	1767	1768	26	1	0	0.065	26.0	26.0	1.0
1768	1768	1769	14	0	1	0.03	12.0	12.0	0.0
1769	1769	1770	11	0	1	0.0225	9.0	9.0	0.0
1770	1770	1771	36	1	0	0.09	36.0	36.0	1.0
1771	1771	1772	36	0	1	0.085	34.0	34.0	0.0
1772	1772	1773	18	0	1	0.04	16.0	16.0	0.0
1773	1773	1774	22	0	1	0.05	20.0	20.0	0.0
1774	1774	1775	24	0	1	0.055	22.0	22.0	0.0
1775	1775	1776	22	1	0	0.055	22.0	22.0	1.0
1776	1776	1777	29	1	0	0.0725	29.0	29.0	1.0
1777	1777	1778	9	0	1	0.0175	7.0	7.0	0.0
1778	1778	1779	36	0	1	0.085	34.0	34.0	0.0
1779	1779	1780	29	1	0	0.0725	29.0	29.0	1.0
1780	1780	1781	19	1	0	0.0475	19.0	19.0	1.0
1781	1781	1782	25	0	1	0.0575	23.0	23.0	0.0
1782	1782	1783	29	1	0	0.0725	29.0	29.0	1.0
1783	1783	1784	26	0	1	0.06	24.0	24.0	0.0
1784	1784	1785	20	1	0	0.05	20.0	20.0	1.0
1785	1785	1786	16	0	1	0.035	14.0	14.0	0.0
1786	1786	1787	25	0	1	0.0575	23.0	23.0	0.0
1787	1787	1788	30	0	1	0.07	28.0	28.0	0.0
1788	1788	1789	23	1	0	0.0575	23.0	23.0	1.0
1789	1789	1790	18	1	0	0.045	18.0	18.0	1.0
1790	1790	1791	12	0	1	0.025	10.0	10.0	0.0
1791	1791	1792	6	0	1	0.01	4.0	4.0	0.0
1792	1792	1793	23	0	1	0.0525	21.0	21.0	0.0
1793	1793	1794	20	0	1	0.045	18.0	18.0	0.0
1794	1794	1795	55	0	1	0.1325	53.0	53.0	0.0
1795	1795	1796	15	0	1	0.0325	13.0	13.0	0.0
1796	1796	1797	17	1	0	0.0425	17.0	17.0	1.0
1797	1797	1798	27	0	1	0.0625	25.0	25.0	0.0
1798	1798	1799	44	0	1	0.105	42.0	42.0	0.0
1799	1799	1800	8	0	1	0.015	6.0	6.0	0.0
1800	1800	1801	36	1	0	0.09	36.0	36.0	1.0
1801	1801	1802	10	0	1	0.02	8.0	8.0	0.0
1802	1802	1803	19	1	0	0.0475	19.0	19.0	1.0
1803	1803	1804	25	1	0	0.0625	25.0	25.0	1.0
1804	1804	1805	13	1	0	0.0325	13.0	13.0	1.0
1805	1805	1806	14	1	0	0.035	14.0	14.0	1.0
1806	1806	1807	8	1	0	0.02	8.0	8.0	1.0
1807	1807	1808	28	1	0	0.07	28.0	28.0	1.0
1808	1808	1809	84	1	0	0.2075	84.0	84.0	1.0
1809	1809	1810	6	1	0	0.015	6.0	6.0	1.0
1810	1810	1811	21	1	0	0.0525	21.0	21.0	1.0
1811	1811	1812	21	0	1	0.0475	19.0	19.0	0.0
1812	1812	1813	9	0	1	0.0175	7.0	7.0	0.0
1813	1813	1814	29	0	1	0.0675	27.0	27.0	0.0
1814	1814	1815	24	0	1	0.055	22.0	22.0	0.0
1815	1815	1816	15	1	0	0.0375	15.0	15.0	1.0
1816	1816	1817	18	0	1	0.04	16.0	16.0	0.0
1817	1817	1818	29	1	0	0.0725	29.0	29.0	1.0
1818	1818	1819	14	1	0	0.035	14.0	14.0	1.0
1819	1819	1820	40	0	1	0.095	38.0	38.0	0.0
1820	1820	1821	12	0	1	0.025	10.0	10.0	0.0
1821	1821	1822	30	1	0	0.075	30.0	30.0	1.0
1822	1822	1823	84	0	1	0.2025	82.0	82.0	0.0
1823	1823	1824	48	1	0	0.12	48.0	48.0	1.0
1824	1824	1825	29	0	1	0.0675	27.0	27.0	0.0
1825	1825	1826	31	0	1	0.0725	29.0	29.0	0.0
1826	1826	1827	7	0	1	0.0125	5.0	5.0	0.0
1827	1827	1828	37	0	1	0.0875	35.0	35.0	0.0
1828	1828	1829	45	0	1	0.1075	43.0	43.0	0.0
1829	1829	1830	27	0	1	0.0625	25.0	25.0	0.0
1830	1830	1831	29	0	1	0.0675	27.0	27.0	0.0
1831	1831	1832	43	1	0	0.1075	43.0	43.0	1.0
1832	1832	1833	20	0	1	0.045	18.0	18.0	0.0
1833	1833	1834	21	0	1	0.0475	19.0	19.0	0.0
1834	1834	1835	19	1	0	0.0475	19.0	19.0	1.0
1835	1835	1836	29	1	0	0.0725	29.0	29.0	1.0
1836	1836	1837	24	1	0	0.06	24.0	24.0	1.0
1837	1837	1838	33	1	0	0.08	33.0	33.0	1.0
1838	1838	1839	14	1	0	0.035	14.0	14.0	1.0
1839	1839	1840	15	1	0	0.0375	15.0	15.0	1.0
1840	1840	1841	17	0	1	0.0375	15.0	15.0	0.0
1841	1841	1842	76	0	1	0.185	74.0	74.0	0.0
1842	1842	1843	67	0	1	0.1575	65.0	65.0	0.0
1843	1843	1844	25	0	1	0.0575	23.0	23.0	0.0
1844	1844	1845	24	0	1	0.055	22.0	22.0	0.0
1845	1845	1846	35	0	1	0.0825	33.0	33.0	0.0
1846	1846	1847	22	1	0	0.055	22.0	22.0	1.0
1847	1847	1848	48	1	0	0.095	48.0	48.0	1.0
1848	1848	1849	13	0	1	0.0275	11.0	11.0	0.0
1849	1849	1850	25	0	1	0.0575	23.0	23.0	0.0
1850	1850	1851	49	1	0	0.12	49.0	49.0	1.0
1851	1851	1852	25	1	0	0.0625	25.0	25.0	1.0
1852	1852	1853	17	1	0	0.0425	17.0	17.0	1.0
1853	1853	1854	34	1	0	0.085	34.0	34.0	1.0
1854	1854	1855	27	1	0	0.0675	27.0	27.0	1.0
1855	1855	1856	10	0	1	0.02	8.0	8.0	0.0
1856	1856	1857	4	1	0	0.01	4.0	4.0	1.0
1857	1857	1858	18	1	0	0.045	18.0	18.0	1.0
1858	1858	1859	30	0	1	0.07	28.0	28.0	0.0
1859	1859	1860	50	1	0	0.125	50.0	50.0	1.0
1860	1860	1861	16	1	0	0.04	16.0	16.0	1.0
1861	1861	1862	34	0	1	0.08	32.0	32.0	0.0
1862	1862	1863	32	0	1	0.075	30.0	30.0	0.0
1863	1863	1864	64	1	0	0.1575	64.0	64.0	1.0
1864	1864	1865	38	0	1	0.09	36.0	36.0	0.0
1865	1865	1866	20	0	1	0.045	18.0	18.0	0.0
1866	1866	1867	14	1	0	0.035	14.0	14.0	1.0
1867	1867	1868	33	0	1	0.0575	31.0	31.0	0.0
1868	1868	1869	70	0	1	0.1675	68.0	68.0	0.0
1869	1869	1870	14	0	1	0.03	12.0	12.0	0.0
1870	1870	1871	21	1	0	0.0525	21.0	21.0	1.0
1871	1871	1872	26	0	1	0.06	24.0	24.0	0.0
1872	1872	1873	25	0	1	0.0575	23.0	23.0	0.0
1873	1873	1874	10	0	1	0.02	8.0	8.0	0.0
1874	1874	1875	27	0	1	0.0625	25.0	25.0	0.0
1875	1875	1876	43	1	0	0.1075	43.0	43.0	1.0
1876	1876	1877	54	1	0	0.1325	54.0	54.0	1.0
1877	1877	1878	28	0	1	0.065	26.0	26.0	0.0
1878	1878	1879	29	1	0	0.0725	29.0	29.0	1.0
1879	1879	1880	24	1	0	0.06	24.0	24.0	1.0
1880	1880	1881	3	0	1	0.0025	1.0	1.0	0.0
1881	1881	1882	15	1	0	0.0375	15.0	15.0	1.0
1882	1882	1883	4	1	0	0.01	4.0	4.0	1.0
1883	1883	1884	16	0	1	0.035	14.0	14.0	0.0
1884	1884	1885	79	0	1	0.1875	77.0	77.0	0.0
1885	1885	1886	53	1	0	0.1325	53.0	53.0	1.0
1886	1886	1887	46	0	1	0.11	44.0	44.0	0.0
1887	1887	1888	26	0	1	0.06	24.0	24.0	0.0
1888	1888	1889	22	0	1	0.05	20.0	20.0	0.0
1889	1889	1890	90	1	0	0.2225	90.0	90.0	1.0
1890	1890	1891	21	0	1	0.0475	19.0	19.0	0.0
1891	1891	1892	47	0	1	0.11	45.0	45.0	0.0
1892	1892	1893	21	0	1	0.0475	19.0	19.0	0.0
1893	1893	1894	4	0	1	0.005	2.0	2.0	0.0
1894	1894	1895	20	1	0	0.05	20.0	20.0	1.0
1895	1895	1896	59	1	0	0.1475	59.0	59.0	1.0
1896	1896	1897	7	0	1	0.0125	5.0	5.0	0.0
1897	1897	1898	35	0	1	0.0825	33.0	33.0	0.0
1898	1898	1899	12	0	1	0.025	10.0	10.0	0.0
1899	1899	1900	21	0	1	0.0475	19.0	19.0	0.0
1900	1900	1901	18	1	0	0.045	18.0	18.0	1.0
1901	1901	1902	7	0	1	0.0125	5.0	5.0	0.0
1902	1902	1903	85	0	1	0.175	83.0	83.0	0.0
1903	1903	1904	22	1	0	0.055	22.0	22.0	1.0
1904	1904	1905	81	1	0	0.18	81.0	81.0	1.0
1905	1905	1906	18	1	0	0.045	18.0	18.0	1.0
1906	1906	1907	15	1	0	0.0375	15.0	15.0	1.0
1907	1907	1908	10	0	1	0.02	8.0	8.0	0.0
1908	1908	1909	25	0	1	0.0575	23.0	23.0	0.0
1909	1909	1910	24	1	0	0.06	24.0	24.0	1.0
1910	1910	1911	33	0	1	0.0775	31.0	31.0	0.0
1911	1911	1912	24	0	1	0.055	22.0	22.0	0.0
1912	1912	1913	20	0	1	0.045	18.0	18.0	0.0
1913	1913	1914	100	1	0	0.2325	100.0	100.0	1.0
1914	1914	1915	19	0	1	0.0425	17.0	17.0	0.0
1915	1915	1916	49	1	0	0.1225	49.0	49.0	1.0
1916	1916	1917	85	0	1	0.1975	83.0	83.0	0.0
1917	1917	1918	24	0	1	0.055	22.0	22.0	0.0
1918	1918	1919	26	1	0	0.065	26.0	26.0	1.0
1919	1919	1920	3	1	0	0.0075	3.0	3.0	1.0
1920	1920	1921	63	1	0	0.155	63.0	63.0	1.0
1921	1921	1922	17	0	1	0.0375	15.0	15.0	0.0
1922	1922	1923	25	0	1	0.0575	23.0	23.0	0.0
1923	1923	1924	16	0	1	0.035	14.0	14.0	0.0
1924	1924	1925	33	1	0	0.0825	33.0	33.0	1.0
1925	1925	1926	27	1	0	0.0675	27.0	27.0	1.0
1926	1926	1927	18	0	1	0.04	16.0	16.0	0.0
1927	1927	1928	28	0	1	0.065	26.0	26.0	0.0
1928	1928	1929	3	0	1	0.0025	1.0	1.0	0.0
1929	1929	1930	33	0	1	0.0775	31.0	31.0	0.0
1930	1930	1931	24	0	1	0.055	22.0	22.0	0.0
1931	1931	1932	48	1	0	0.12	48.0	48.0	1.0
1932	1932	1933	30	1	0	0.075	30.0	30.0	1.0
1933	1933	1934	19	1	0	0.0475	19.0	19.0	1.0
1934	1934	1935	17	0	1	0.0375	15.0	15.0	0.0
1935	1935	1936	21	0	1	0.0475	19.0	19.0	0.0
1936	1936	1937	60	1	0	0.15	60.0	60.0	1.0
1937	1937	1938	30	0	1	0.07	28.0	28.0	0.0
1938	1938	1939	91	1	0	0.2075	91.0	91.0	1.0
1939	1939	1940	46	0	1	0.11	44.0	44.0	0.0
1940	1940	1941	13	0	1	0.0275	11.0	11.0	0.0
1941	1941	1942	55	0	1	0.1325	53.0	53.0	0.0
1942	1942	1943	30	0	1	0.07	28.0	28.0	0.0
1943	1943	1944	10	0	1	0.02	8.0	8.0	0.0
1944	1944	1945	47	1	0	0.115	47.0	47.0	1.0
1945	1945	1946	7	1	0	0.0175	7.0	7.0	1.0
1946	1946	1947	17	1	0	0.0425	17.0	17.0	1.0
1947	1947	1948	22	0	1	0.05	20.0	20.0	0.0
1948	1948	1949	27	0	1	0.0625	25.0	25.0	0.0
1949	1949	1950	36	0	1	0.085	34.0	34.0	0.0
1950	1950	1951	35	0	1	0.0825	33.0	33.0	0.0
1951	1951	1952	79	1	0	0.195	79.0	79.0	1.0
1952	1952	1953	28	0	1	0.065	26.0	26.0	0.0
1953	1953	1954	24	0	1	0.055	22.0	22.0	0.0
1954	1954	1955	28	0	1	0.065	26.0	26.0	0.0
1955	1955	1956	17	0	1	0.0375	15.0	15.0	0.0
1956	1956	1957	19	0	1	0.0425	17.0	17.0	0.0
1957	1957	1958	27	0	1	0.0625	25.0	25.0	0.0
1958	1958	1959	13	0	1	0.0275	11.0	11.0	0.0
1959	1959	1960	27	1	0	0.0675	27.0	27.0	1.0
1960	1960	1961	29	0	1	0.0675	27.0	27.0	0.0
1961	1961	1962	29	0	1	0.0675	27.0	27.0	0.0
1962	1962	1963	6	0	1	0.01	4.0	4.0	0.0
1963	1963	1964	32	0	1	0.075	30.0	30.0	0.0
1964	1964	1965	31	1	0	0.0775	31.0	31.0	1.0
1965	1965	1966	23	1	0	0.0575	23.0	23.0	1.0
1966	1966	1967	46	0	1	0.11	44.0	44.0	0.0
1967	1967	1968	26	0	1	0.06	24.0	24.0	0.0
1968	1968	1969	22	0	1	0.05	20.0	20.0	0.0
1969	1969	1970	23	1	0	0.0575	23.0	23.0	1.0
1970	1970	1971	23	0	1	0.0525	21.0	21.0	0.0
1971	1971	1972	17	0	1	0.0375	15.0	15.0	0.0
1972	1972	1973	20	1	0	0.05	20.0	20.0	1.0
1973	1973	1974	18	0	1	0.04	16.0	16.0	0.0
1974	1974	1975	20	0	1	0.045	18.0	18.0	0.0
1975	1975	1976	26	0	1	0.06	24.0	24.0	0.0
1976	1976	1977	27	1	0	0.0675	27.0	27.0	1.0
1977	1977	1978	15	0	1	0.0325	13.0	13.0	0.0
1978	1978	1979	18	1	0	0.045	18.0	18.0	1.0
1979	1979	1980	7	0	1	0.0125	5.0	5.0	0.0
1980	1980	1981	40	0	1	0.095	38.0	38.0	0.0
1981	1981	1982	28	0	1	0.065	26.0	26.0	0.0
1982	1982	1983	53	0	1	0.09	51.0	51.0	0.0
1983	1983	1984	8	0	1	0.015	6.0	6.0	0.0
1984	1984	1985	17	0	1	0.0375	15.0	15.0	0.0
1985	1985	1986	32	0	1	0.075	30.0	30.0	0.0
1986	1986	1987	19	1	0	0.0475	19.0	19.0	1.0
1987	1987	1988	9	0	1	0.0175	7.0	7.0	0.0
1988	1988	1989	71	0	1	0.1625	69.0	69.0	0.0
1989	1989	1990	25	0	1	0.0575	23.0	23.0	0.0
1990	1990	1991	24	0	1	0.055	22.0	22.0	0.0
1991	1991	1992	11	1	0	0.0275	11.0	11.0	1.0
1992	1992	1993	38	0	1	0.09	36.0	36.0	0.0
1993	1993	1994	24	1	0	0.06	24.0	24.0	1.0
1994	1994	1995	33	0	1	0.0775	31.0	31.0	0.0
1995	1995	1996	49	0	1	0.115	47.0	47.0	0.0
1996	1996	1997	24	1	0	0.06	24.0	24.0	1.0
1997	1997	1998	10	0	1	0.02	8.0	8.0	0.0
1998	1998	1999	25	0	1	0.0575	23.0	23.0	0.0
1999	1999	2000	48	0	1	0.0975	46.0	46.0	0.0
2000	2000	2001	44	1	0	0.11	44.0	44.0	1.0
2001	2001	2002	6	0	1	0.01	4.0	4.0	0.0
2002	2002	2003	15	1	0	0.0375	15.0	15.0	1.0
2003	2003	2004	22	0	1	0.05	20.0	20.0	0.0
2004	2004	2005	34	1	0	0.085	34.0	34.0	1.0
2005	2005	2006	13	0	1	0.0275	11.0	11.0	0.0
2006	2006	2007	33	1	0	0.0825	33.0	33.0	1.0
2007	2007	2008	4	0	1	0.005	2.0	2.0	0.0
2008	2008	2009	21	0	1	0.0475	19.0	19.0	0.0
2009	2009	2010	5	0	1	0.0075	3.0	3.0	0.0
2010	2010	2011	2	1	0	0.005	2.0	2.0	1.0
2011	2011	2012	33	0	1	0.0775	31.0	31.0	0.0
2012	2012	2013	10	1	0	0.025	10.0	10.0	1.0
2013	2013	2014	30	0	1	0.07	28.0	28.0	0.0
2014	2014	2015	20	0	1	0.045	18.0	18.0	0.0
2015	2015	2016	17	1	0	0.0425	17.0	17.0	1.0
2016	2016	2017	26	1	0	0.065	26.0	26.0	1.0
2017	2017	2018	43	1	0	0.105	43.0	43.0	1.0
2018	2018	2019	10	1	0	0.025	10.0	10.0	1.0
2019	2019	2020	29	1	0	0.0725	29.0	29.0	1.0
2020	2020	2021	47	0	1	0.1075	45.0	45.0	0.0
2021	2021	2022	31	0	1	0.0725	29.0	29.0	0.0
2022	2022	2023	16	1	0	0.04	16.0	16.0	1.0
2023	2023	2024	24	1	0	0.06	24.0	24.0	1.0
2024	2024	2025	21	0	1	0.0475	19.0	19.0	0.0
2025	2025	2026	101	0	1	0.24	99.0	99.0	0.0
2026	2026	2027	46	0	1	0.1075	44.0	44.0	0.0
2027	2027	2028	14	0	1	0.03	12.0	12.0	0.0
2028	2028	2029	31	1	0	0.0775	31.0	31.0	1.0
2029	2029	2030	22	1	0	0.055	22.0	22.0	1.0
2030	2030	2031	38	0	1	0.0875	36.0	36.0	0.0
2031	2031	2032	36	0	1	0.085	34.0	34.0	0.0
2032	2032	2033	11	0	1	0.0225	9.0	9.0	0.0
2033	2033	2034	30	0	1	0.07	28.0	28.0	0.0
2034	2034	2035	22	1	0	0.055	22.0	22.0	1.0
2035	2035	2036	20	1	0	0.05	20.0	20.0	1.0
2036	2036	2037	26	1	0	0.065	26.0	26.0	1.0
2037	2037	2038	17	0	1	0.0375	15.0	15.0	0.0
2038	2038	2039	25	1	0	0.0625	25.0	25.0	1.0
2039	2039	2040	12	1	0	0.03	12.0	12.0	1.0
2040	2040	2041	20	1	0	0.05	20.0	20.0	1.0
2041	2041	2042	32	0	1	0.075	30.0	30.0	0.0
2042	2042	2043	11	0	1	0.0225	9.0	9.0	0.0
2043	2043	2044	16	1	0	0.04	16.0	16.0	1.0
2044	2044	2045	22	0	1	0.05	20.0	20.0	0.0
2045	2045	2046	31	0	1	0.0725	29.0	29.0	0.0
2046	2046	2047	25	1	0	0.0625	25.0	25.0	1.0
2047	2047	2048	20	1	0	0.05	20.0	20.0	1.0
2048	2048	2049	18	1	0	0.045	18.0	18.0	1.0
2049	2049	2050	33	1	0	0.0825	33.0	33.0	1.0
2050	2050	2051	1	1	0	0.0025	1.0	1.0	1.0
2051	2051	2052	26	1	0	0.065	26.0	26.0	1.0
2052	2052	2053	21	1	0	0.0525	21.0	21.0	1.0
2053	2053	2054	9	0	1	0.0175	7.0	7.0	0.0
2054	2054	2055	51	0	1	0.1225	49.0	49.0	0.0
2055	2055	2056	67	0	1	0.1625	65.0	65.0	0.0
2056	2056	2057	19	1	0	0.0475	19.0	19.0	1.0
2057	2057	2058	12	0	1	0.025	10.0	10.0	0.0
2058	2058	2059	20	0	1	0.045	18.0	18.0	0.0
2059	2059	2060	55	1	0	0.1375	55.0	55.0	1.0
2060	2060	2061	19	0	1	0.0425	17.0	17.0	0.0
2061	2061	2062	12	0	1	0.025	10.0	10.0	0.0
2062	2062	2063	16	0	1	0.035	14.0	14.0	0.0
2063	2063	2064	9	1	0	0.0225	9.0	9.0	1.0
2064	2064	2065	9	1	0	0.0225	9.0	9.0	1.0
2065	2065	2066	24	0	1	0.055	22.0	22.0	0.0
2066	2066	2067	18	1	0	0.045	18.0	18.0	1.0
2067	2067	2068	13	1	0	0.0325	13.0	13.0	1.0
2068	2068	2069	51	1	0	0.125	51.0	51.0	1.0
2069	2069	2070	72	0	1	0.175	70.0	70.0	0.0
2070	2070	2071	18	1	0	0.045	18.0	18.0	1.0
2071	2071	2072	63	1	0	0.1575	63.0	63.0	1.0
2072	2072	2073	30	0	1	0.07	28.0	28.0	0.0
2073	2073	2074	64	0	1	0.15	62.0	62.0	0.0
2074	2074	2075	31	0	1	0.0725	29.0	29.0	0.0
2075	2075	2076	5	0	1	0.0075	3.0	3.0	0.0
2076	2076	2077	22	0	1	0.05	20.0	20.0	0.0
2077	2077	2078	48	1	0	0.12	48.0	48.0	1.0
2078	2078	2079	15	1	0	0.0375	15.0	15.0	1.0
2079	2079	2080	21	0	1	0.0475	19.0	19.0	0.0
2080	2080	2081	23	0	1	0.0525	21.0	21.0	0.0
2081	2081	2082	27	1	0	0.0675	27.0	27.0	1.0
2082	2082	2083	34	0	1	0.08	32.0	32.0	0.0
2083	2083	2084	19	0	1	0.0425	17.0	17.0	0.0
2084	2084	2085	38	0	1	0.09	36.0	36.0	0.0
2085	2085	2086	62	0	1	0.15	60.0	60.0	0.0
2086	2086	2087	10	0	1	0.02	8.0	8.0	0.0
2087	2087	2088	20	1	0	0.05	20.0	20.0	1.0
2088	2088	2089	80	1	0	0.1975	80.0	80.0	1.0
2089	2089	2090	19	1	0	0.0475	19.0	19.0	1.0
2090	2090	2091	24	1	0	0.06	24.0	24.0	1.0
2091	2091	2092	22	1	0	0.055	22.0	22.0	1.0
2092	2092	2093	26	0	1	0.06	24.0	24.0	0.0
2093	2093	2094	59	0	1	0.14	57.0	57.0	0.0
2094	2094	2095	19	0	1	0.0425	17.0	17.0	0.0
2095	2095	2096	21	0	1	0.0475	19.0	19.0	0.0
2096	2096	2097	59	0	1	0.125	57.0	57.0	0.0
2097	2097	2098	26	1	0	0.065	26.0	26.0	1.0
2098	2098	2099	37	1	0	0.0925	37.0	37.0	1.0
2099	2099	2100	23	1	0	0.0575	23.0	23.0	1.0
2100	2100	2101	56	1	0	0.1375	56.0	56.0	1.0
2101	2101	2102	25	0	1	0.0575	23.0	23.0	0.0
2102	2102	2103	48	1	0	0.12	48.0	48.0	1.0
2103	2103	2104	31	1	0	0.0775	31.0	31.0	1.0
2104	2104	2105	15	0	1	0.0325	13.0	13.0	0.0
2105	2105	2106	21	0	1	0.0475	19.0	19.0	0.0
2106	2106	2107	28	0	1	0.065	26.0	26.0	0.0
2107	2107	2108	6	0	1	0.01	4.0	4.0	0.0
2108	2108	2109	18	0	1	0.04	16.0	16.0	0.0
2109	2109	2110	11	0	1	0.0225	9.0	9.0	0.0
2110	2110	2111	12	0	1	0.025	10.0	10.0	0.0
2111	2111	2112	15	0	1	0.0325	13.0	13.0	0.0
2112	2112	2113	32	0	1	0.075	30.0	30.0	0.0
2113	2113	2114	43	1	0	0.1075	43.0	43.0	1.0
2114	2114	2115	34	1	0	0.085	34.0	34.0	1.0
2115	2115	2116	18	0	1	0.04	16.0	16.0	0.0
2116	2116	2117	3	0	1	0.0025	1.0	1.0	0.0
2117	2117	2118	19	0	1	0.0425	17.0	17.0	0.0
2118	2118	2119	45	0	1	0.1075	43.0	43.0	0.0
2119	2119	2120	14	0	1	0.03	12.0	12.0	0.0
2120	2120	2121	12	0	1	0.025	10.0	10.0	0.0
2121	2121	2122	57	0	1	0.1375	55.0	55.0	0.0
2122	2122	2123	56	1	0	0.1275	56.0	56.0	1.0
2123	2123	2124	14	0	1	0.03	12.0	12.0	0.0
2124	2124	2125	17	1	0	0.0425	17.0	17.0	1.0
2125	2125	2126	19	0	1	0.0425	17.0	17.0	0.0
2126	2126	2127	12	0	1	0.025	10.0	10.0	0.0
2127	2127	2128	24	0	1	0.055	22.0	22.0	0.0
2128	2128	2129	23	0	1	0.0525	21.0	21.0	0.0
2129	2129	2130	32	0	1	0.075	30.0	30.0	0.0
2130	2130	2131	18	0	1	0.04	16.0	16.0	0.0
2131	2131	2132	17	0	1	0.0375	15.0	15.0	0.0
2132	2132	2133	14	0	1	0.03	12.0	12.0	0.0
2133	2133	2134	16	0	1	0.035	14.0	14.0	0.0
2134	2134	2135	33	0	1	0.0775	31.0	31.0	0.0
2135	2135	2136	18	0	1	0.04	16.0	16.0	0.0
2136	2136	2137	31	1	0	0.0775	31.0	31.0	1.0
2137	2137	2138	76	1	0	0.19	76.0	76.0	1.0
2138	2138	2139	24	1	0	0.06	24.0	24.0	1.0
2139	2139	2140	31	0	1	0.0725	29.0	29.0	0.0
2140	2140	2141	30	0	1	0.07	28.0	28.0	0.0
2141	2141	2142	93	0	1	0.2275	91.0	91.0	0.0
2142	2142	2143	37	1	0	0.0925	37.0	37.0	1.0
2143	2143	2144	48	0	1	0.09	46.0	46.0	0.0
2144	2144	2145	22	0	1	0.05	20.0	20.0	0.0
2145	2145	2146	20	0	1	0.045	18.0	18.0	0.0
2146	2146	2147	23	0	1	0.0525	21.0	21.0	0.0
2147	2147	2148	16	0	1	0.035	14.0	14.0	0.0
2148	2148	2149	16	1	0	0.04	16.0	16.0	1.0
2149	2149	2150	80	1	0	0.1975	80.0	80.0	1.0
2150	2150	2151	15	0	1	0.0325	13.0	13.0	0.0
2151	2151	2152	25	0	1	0.0575	23.0	23.0	0.0
2152	2152	2153	34	0	1	0.08	32.0	32.0	0.0
2153	2153	2154	37	0	1	0.0875	35.0	35.0	0.0
2154	2154	2155	15	1	0	0.0375	15.0	15.0	1.0
2155	2155	2156	7	1	0	0.0175	7.0	7.0	1.0
2156	2156	2157	14	0	1	0.03	12.0	12.0	0.0
2157	2157	2158	24	0	1	0.055	22.0	22.0	0.0
2158	2158	2159	33	0	1	0.0775	31.0	31.0	0.0
2159	2159	2160	15	0	1	0.0325	13.0	13.0	0.0
2160	2160	2161	65	1	0	0.16	65.0	65.0	1.0
2161	2161	2162	21	0	1	0.0475	19.0	19.0	0.0
2162	2162	2163	19	0	1	0.0425	17.0	17.0	0.0
2163	2163	2164	9	0	1	0.0175	7.0	7.0	0.0
2164	2164	2165	18	0	1	0.04	16.0	16.0	0.0
2165	2165	2166	34	0	1	0.08	32.0	32.0	0.0
2166	2166	2167	21	1	0	0.0525	21.0	21.0	1.0
2167	2167	2168	8	1	0	0.02	8.0	8.0	1.0
2168	2168	2169	30	0	1	0.07	28.0	28.0	0.0
2169	2169	2170	28	0	1	0.065	26.0	26.0	0.0
2170	2170	2171	39	0	1	0.09	37.0	37.0	0.0
2171	2171	2172	5	1	0	0.0125	5.0	5.0	1.0
2172	2172	2173	12	1	0	0.03	12.0	12.0	1.0
2173	2173	2174	23	0	1	0.0525	21.0	21.0	0.0
2174	2174	2175	32	0	1	0.075	30.0	30.0	0.0
2175	2175	2176	13	0	1	0.0275	11.0	11.0	0.0
2176	2176	2177	37	0	1	0.0875	35.0	35.0	0.0
2177	2177	2178	10	1	0	0.025	10.0	10.0	1.0
2178	2178	2179	14	1	0	0.035	14.0	14.0	1.0
2179	2179	2180	21	0	1	0.0475	19.0	19.0	0.0
2180	2180	2181	21	1	0	0.0525	21.0	21.0	1.0
2181	2181	2182	5	0	1	0.0075	3.0	3.0	0.0
2182	2182	2183	52	0	1	0.1225	50.0	50.0	0.0
2183	2183	2184	19	0	1	0.0425	17.0	17.0	0.0
2184	2184	2185	3	1	0	0.0075	3.0	3.0	1.0
2185	2185	2186	12	0	1	0.025	10.0	10.0	0.0
2186	2186	2187	51	0	1	0.1225	49.0	49.0	0.0
2187	2187	2188	22	0	1	0.05	20.0	20.0	0.0
2188	2188	2189	34	0	1	0.08	32.0	32.0	0.0
2189	2189	2190	30	0	1	0.07	28.0	28.0	0.0
2190	2190	2191	15	1	0	0.0375	15.0	15.0	1.0
2191	2191	2192	54	1	0	0.1325	54.0	54.0	1.0
2192	2192	2193	22	1	0	0.055	22.0	22.0	1.0
2193	2193	2194	61	1	0	0.15	61.0	61.0	1.0
2194	2194	2195	12	1	0	0.03	12.0	12.0	1.0
2195	2195	2196	22	0	1	0.05	20.0	20.0	0.0
2196	2196	2197	28	1	0	0.07	28.0	28.0	1.0
2197	2197	2198	25	1	0	0.0625	25.0	25.0	1.0
2198	2198	2199	36	0	1	0.085	34.0	34.0	0.0
2199	2199	2200	23	0	1	0.0525	21.0	21.0	0.0
2200	2200	2201	17	1	0	0.0425	17.0	17.0	1.0
2201	2201	2202	39	0	1	0.0925	37.0	37.0	0.0
2202	2202	2203	25	0	1	0.0575	23.0	23.0	0.0
2203	2203	2204	26	1	0	0.065	26.0	26.0	1.0
2204	2204	2205	27	0	1	0.0625	25.0	25.0	0.0
2205	2205	2206	53	1	0	0.1275	53.0	53.0	1.0
2206	2206	2207	13	0	1	0.0275	11.0	11.0	0.0
2207	2207	2208	30	0	1	0.07	28.0	28.0	0.0
2208	2208	2209	49	0	1	0.115	47.0	47.0	0.0
2209	2209	2210	27	1	0	0.0675	27.0	27.0	1.0
2210	2210	2211	31	0	1	0.0725	29.0	29.0	0.0
2211	2211	2212	22	0	1	0.05	20.0	20.0	0.0
2212	2212	2213	17	0	1	0.0375	15.0	15.0	0.0
2213	2213	2214	59	0	1	0.1425	57.0	57.0	0.0
2214	2214	2215	18	0	1	0.04	16.0	16.0	0.0
2215	2215	2216	61	1	0	0.1475	61.0	61.0	1.0
2216	2216	2217	89	0	1	0.2075	87.0	87.0	0.0
2217	2217	2218	14	0	1	0.03	12.0	12.0	0.0
2218	2218	2219	6	1	0	0.015	6.0	6.0	1.0
2219	2219	2220	29	0	1	0.0675	27.0	27.0	0.0
2220	2220	2221	14	0	1	0.03	12.0	12.0	0.0
2221	2221	2222	23	0	1	0.0525	21.0	21.0	0.0
2222	2222	2223	59	1	0	0.1475	59.0	59.0	1.0
2223	2223	2224	21	1	0	0.0525	21.0	21.0	1.0
2224	2224	2225	21	0	1	0.0475	19.0	19.0	0.0
2225	2225	2226	12	1	0	0.03	12.0	12.0	1.0
2226	2226	2227	24	1	0	0.06	24.0	24.0	1.0
2227	2227	2228	100	1	0	0.2475	100.0	100.0	1.0
2228	2228	2229	17	0	1	0.0375	15.0	15.0	0.0
2229	2229	2230	66	1	0	0.165	66.0	66.0	1.0
2230	2230	2231	66	0	1	0.1575	64.0	64.0	0.0
2231	2231	2232	25	0	1	0.0575	23.0	23.0	0.0
2232	2232	2233	21	0	1	0.0475	19.0	19.0	0.0
2233	2233	2234	3	0	1	0.0025	1.0	1.0	0.0
2234	2234	2235	27	0	1	0.0625	25.0	25.0	0.0
2235	2235	2236	27	0	1	0.0625	25.0	25.0	0.0
2236	2236	2237	30	0	1	0.07	28.0	28.0	0.0
2237	2237	2238	24	0	1	0.055	22.0	22.0	0.0
2238	2238	2239	17	0	1	0.0375	15.0	15.0	0.0
2239	2239	2240	28	0	1	0.065	26.0	26.0	0.0
2240	2240	2241	26	0	1	0.06	24.0	24.0	0.0
2241	2241	2242	18	0	1	0.04	16.0	16.0	0.0
2242	2242	2243	22	0	1	0.05	20.0	20.0	0.0
2243	2243	2244	22	0	1	0.05	20.0	20.0	0.0
2244	2244	2245	6	0	1	0.01	4.0	4.0	0.0
2245	2245	2246	54	0	1	0.13	52.0	52.0	0.0
2246	2246	2247	41	0	1	0.0975	39.0	39.0	0.0
2247	2247	2248	19	1	0	0.0475	19.0	19.0	1.0
2248	2248	2249	35	0	1	0.0825	33.0	33.0	0.0
2249	2249	2250	15	1	0	0.0375	15.0	15.0	1.0
2250	2250	2251	35	0	1	0.0825	33.0	33.0	0.0
2251	2251	2252	48	0	1	0.1125	46.0	46.0	0.0
2252	2252	2253	49	0	1	0.1175	47.0	47.0	0.0
2253	2253	2254	15	0	1	0.0325	13.0	13.0	0.0
2254	2254	2255	8	0	1	0.015	6.0	6.0	0.0
2255	2255	2256	31	1	0	0.0775	31.0	31.0	1.0
2256	2256	2257	38	1	0	0.095	38.0	38.0	1.0
2257	2257	2258	3	1	0	0.0075	3.0	3.0	1.0
2258	2258	2259	34	0	1	0.08	32.0	32.0	0.0
2259	2259	2260	16	1	0	0.04	16.0	16.0	1.0
2260	2260	2261	9	0	1	0.0175	7.0	7.0	0.0
2261	2261	2262	9	0	1	0.0175	7.0	7.0	0.0
2262	2262	2263	8	0	1	0.015	6.0	6.0	0.0
2263	2263	2264	23	0	1	0.0525	21.0	21.0	0.0
2264	2264	2265	16	0	1	0.035	14.0	14.0	0.0
2265	2265	2266	53	1	0	0.1325	53.0	53.0	1.0
2266	2266	2267	48	1	0	0.12	48.0	48.0	1.0
2267	2267	2268	18	1	0	0.045	18.0	18.0	1.0
2268	2268	2269	24	0	1	0.055	22.0	22.0	0.0
2269	2269	2270	48	0	1	0.115	46.0	46.0	0.0
2270	2270	2271	21	0	1	0.0475	19.0	19.0	0.0
2271	2271	2272	18	0	1	0.04	16.0	16.0	0.0
2272	2272	2273	46	0	1	0.11	44.0	44.0	0.0
2273	2273	2274	29	1	0	0.0725	29.0	29.0	1.0
2274	2274	2275	47	0	1	0.1125	45.0	45.0	0.0
2275	2275	2276	34	0	1	0.08	32.0	32.0	0.0
2276	2276	2277	22	0	1	0.05	20.0	20.0	0.0
2277	2277	2278	22	1	0	0.055	22.0	22.0	1.0
2278	2278	2279	37	1	0	0.0925	37.0	37.0	1.0
2279	2279	2280	12	0	1	0.025	10.0	10.0	0.0
2280	2280	2281	48	0	1	0.115	46.0	46.0	0.0
2281	2281	2282	53	0	1	0.1	51.0	51.0	0.0
2282	2282	2283	72	1	0	0.1675	72.0	72.0	1.0
2283	2283	2284	21	0	1	0.0475	19.0	19.0	0.0
2284	2284	2285	11	0	1	0.0225	9.0	9.0	0.0
2285	2285	2286	28	0	1	0.065	26.0	26.0	0.0
2286	2286	2287	4	0	1	0.005	2.0	2.0	0.0
2287	2287	2288	30	1	0	0.075	30.0	30.0	1.0
2288	2288	2289	79	0	1	0.19	77.0	77.0	0.0
2289	2289	2290	11	1	0	0.0275	11.0	11.0	1.0
2290	2290	2291	13	0	1	0.0275	11.0	11.0	0.0
2291	2291	2292	16	0	1	0.035	14.0	14.0	0.0
2292	2292	2293	24	0	1	0.055	22.0	22.0	0.0
2293	2293	2294	44	0	1	0.105	42.0	42.0	0.0
2294	2294	2295	15	0	1	0.0325	13.0	13.0	0.0
2295	2295	2296	19	1	0	0.0475	19.0	19.0	1.0
2296	2296	2297	15	0	1	0.0325	13.0	13.0	0.0
2297	2297	2298	26	1	0	0.065	26.0	26.0	1.0
2298	2298	2299	48	1	0	0.12	48.0	48.0	1.0
2299	2299	2300	38	0	1	0.09	36.0	36.0	0.0
2300	2300	2301	20	0	1	0.045	18.0	18.0	0.0
2301	2301	2302	3	0	1	0.0025	1.0	1.0	0.0
2302	2302	2303	17	1	0	0.0425	17.0	17.0	1.0
2303	2303	2304	9	1	0	0.0225	9.0	9.0	1.0
2304	2304	2305	18	0	1	0.04	16.0	16.0	0.0
2305	2305	2306	22	0	1	0.05	20.0	20.0	0.0
2306	2306	2307	13	0	1	0.0275	11.0	11.0	0.0
2307	2307	2308	37	0	1	0.0825	35.0	35.0	0.0
2308	2308	2309	13	1	0	0.0325	13.0	13.0	1.0
2309	2309	2310	12	0	1	0.025	10.0	10.0	0.0
2310	2310	2311	18	0	1	0.04	16.0	16.0	0.0
2311	2311	2312	9	1	0	0.0225	9.0	9.0	1.0
2312	2312	2313	76	0	1	0.18	74.0	74.0	0.0
2313	2313	2314	14	1	0	0.035	14.0	14.0	1.0
2314	2314	2315	73	1	0	0.165	73.0	73.0	1.0
2315	2315	2316	28	0	1	0.065	26.0	26.0	0.0
2316	2316	2317	5	0	1	0.0075	3.0	3.0	0.0
2317	2317	2318	21	1	0	0.0525	21.0	21.0	1.0
2318	2318	2319	19	1	0	0.0475	19.0	19.0	1.0
2319	2319	2320	69	0	1	0.1425	67.0	67.0	0.0
2320	2320	2321	30	0	1	0.07	28.0	28.0	0.0
2321	2321	2322	4	0	1	0.005	2.0	2.0	0.0
2322	2322	2323	2	1	0	0.005	2.0	2.0	1.0
2323	2323	2324	37	0	1	0.0875	35.0	35.0	0.0
2324	2324	2325	12	1	0	0.03	12.0	12.0	1.0
2325	2325	2326	18	0	1	0.04	16.0	16.0	0.0
2326	2326	2327	37	0	1	0.0875	35.0	35.0	0.0
2327	2327	2328	5	1	0	0.0125	5.0	5.0	1.0
2328	2328	2329	17	0	1	0.0375	15.0	15.0	0.0
2329	2329	2330	28	0	1	0.065	26.0	26.0	0.0
2330	2330	2331	53	0	1	0.12	51.0	51.0	0.0
2331	2331	2332	36	0	1	0.085	34.0	34.0	0.0
2332	2332	2333	81	1	0	0.195	81.0	81.0	1.0
2333	2333	2334	45	0	1	0.1075	43.0	43.0	0.0
2334	2334	2335	33	0	1	0.0775	31.0	31.0	0.0
2335	2335	2336	15	1	0	0.0375	15.0	15.0	1.0
2336	2336	2337	31	1	0	0.0775	31.0	31.0	1.0
2337	2337	2338	42	1	0	0.105	42.0	42.0	1.0
2338	2338	2339	32	1	0	0.08	32.0	32.0	1.0
2339	2339	2340	32	1	0	0.08	32.0	32.0	1.0
2340	2340	2341	43	0	1	0.1025	41.0	41.0	0.0
2341	2341	2342	27	0	1	0.0625	25.0	25.0	0.0
2342	2342	2343	31	1	0	0.0775	31.0	31.0	1.0
2343	2343	2344	33	0	1	0.0775	31.0	31.0	0.0
2344	2344	2345	35	0	1	0.0825	33.0	33.0	0.0
2345	2345	2346	26	0	1	0.06	24.0	24.0	0.0
2346	2346	2347	13	1	0	0.0325	13.0	13.0	1.0
2347	2347	2348	24	0	1	0.055	22.0	22.0	0.0
2348	2348	2349	25	0	1	0.0575	23.0	23.0	0.0
2349	2349	2350	4	0	1	0.005	2.0	2.0	0.0
2350	2350	2351	27	0	1	0.0625	25.0	25.0	0.0
2351	2351	2352	29	0	1	0.0675	27.0	27.0	0.0
2352	2352	2353	24	1	0	0.06	24.0	24.0	1.0
2353	2353	2354	9	0	1	0.0175	7.0	7.0	0.0
2354	2354	2355	26	0	1	0.06	24.0	24.0	0.0
2355	2355	2356	45	1	0	0.1125	45.0	45.0	1.0
2356	2356	2357	19	0	1	0.0425	17.0	17.0	0.0
2357	2357	2358	15	0	1	0.0325	13.0	13.0	0.0
2358	2358	2359	22	0	1	0.05	20.0	20.0	0.0
2359	2359	2360	19	0	1	0.0425	17.0	17.0	0.0
2360	2360	2361	30	1	0	0.075	30.0	30.0	1.0
2361	2361	2362	17	0	1	0.0375	15.0	15.0	0.0
2362	2362	2363	29	0	1	0.0675	27.0	27.0	0.0
2363	2363	2364	60	0	1	0.145	58.0	58.0	0.0
2364	2364	2365	39	1	0	0.0975	39.0	39.0	1.0
2365	2365	2366	93	0	1	0.215	91.0	91.0	0.0
2366	2366	2367	18	1	0	0.045	18.0	18.0	1.0
2367	2367	2368	23	0	1	0.0525	21.0	21.0	0.0
2368	2368	2369	29	0	1	0.0675	27.0	27.0	0.0
2369	2369	2370	26	0	1	0.06	24.0	24.0	0.0
2370	2370	2371	13	0	1	0.0275	11.0	11.0	0.0
2371	2371	2372	28	0	1	0.065	26.0	26.0	0.0
2372	2372	2373	35	0	1	0.0825	33.0	33.0	0.0
2373	2373	2374	10	0	1	0.02	8.0	8.0	0.0
2374	2374	2375	83	1	0	0.2025	83.0	83.0	1.0
2375	2375	2376	25	0	1	0.0575	23.0	23.0	0.0
2376	2376	2377	7	1	0	0.0175	7.0	7.0	1.0
2377	2377	2378	37	0	1	0.0875	35.0	35.0	0.0
2378	2378	2379	20	1	0	0.05	20.0	20.0	1.0
2379	2379	2380	21	0	1	0.0475	19.0	19.0	0.0
2380	2380	2381	19	0	1	0.0425	17.0	17.0	0.0
2381	2381	2382	13	0	1	0.0275	11.0	11.0	0.0
2382	2382	2383	28	1	0	0.07	28.0	28.0	1.0
2383	2383	2384	19	0	1	0.0425	17.0	17.0	0.0
2384	2384	2385	38	1	0	0.095	38.0	38.0	1.0
2385	2385	2386	40	0	1	0.095	38.0	38.0	0.0
2386	2386	2387	16	0	1	0.035	14.0	14.0	0.0
2387	2387	2388	26	0	1	0.06	24.0	24.0	0.0
2388	2388	2389	41	0	1	0.0975	39.0	39.0	0.0
2389	2389	2390	40	1	0	0.0975	40.0	40.0	1.0
2390	2390	2391	48	0	1	0.115	46.0	46.0	0.0
2391	2391	2392	37	1	0	0.0925	37.0	37.0	1.0
2392	2392	2393	11	0	1	0.0225	9.0	9.0	0.0
2393	2393	2394	35	0	1	0.0825	33.0	33.0	0.0
2394	2394	2395	19	0	1	0.0425	17.0	17.0	0.0
2395	2395	2396	21	0	1	0.0475	19.0	19.0	0.0
2396	2396	2397	21	0	1	0.0475	19.0	19.0	0.0
2397	2397	2398	14	0	1	0.03	12.0	12.0	0.0
2398	2398	2399	8	1	0	0.02	8.0	8.0	1.0
2399	2399	2400	50	1	0	0.1225	50.0	50.0	1.0
2400	2400	2401	11	0	1	0.0225	9.0	9.0	0.0
2401	2401	2402	37	1	0	0.0925	37.0	37.0	1.0
2402	2402	2403	11	1	0	0.0275	11.0	11.0	1.0
2403	2403	2404	19	1	0	0.0475	19.0	19.0	1.0
2404	2404	2405	19	0	1	0.0425	17.0	17.0	0.0
2405	2405	2406	30	1	0	0.075	30.0	30.0	1.0
2406	2406	2407	16	0	1	0.035	14.0	14.0	0.0
2407	2407	2408	31	1	0	0.0775	31.0	31.0	1.0
2408	2408	2409	18	0	1	0.04	16.0	16.0	0.0
2409	2409	2410	21	1	0	0.0525	21.0	21.0	1.0
2410	2410	2411	30	0	1	0.07	28.0	28.0	0.0
2411	2411	2412	34	0	1	0.08	32.0	32.0	0.0
2412	2412	2413	20	0	1	0.045	18.0	18.0	0.0
2413	2413	2414	64	0	1	0.15	62.0	62.0	0.0
2414	2414	2415	36	0	1	0.0825	34.0	34.0	0.0
2415	2415	2416	24	1	0	0.06	24.0	24.0	1.0
2416	2416	2417	26	1	0	0.065	26.0	26.0	1.0
2417	2417	2418	22	0	1	0.05	20.0	20.0	0.0
2418	2418	2419	27	1	0	0.0675	27.0	27.0	1.0
2419	2419	2420	6	1	0	0.015	6.0	6.0	1.0
2420	2420	2421	9	0	1	0.0175	7.0	7.0	0.0
2421	2421	2422	37	0	1	0.0875	35.0	35.0	0.0
2422	2422	2423	15	0	1	0.0325	13.0	13.0	0.0
2423	2423	2424	14	0	1	0.03	12.0	12.0	0.0
2424	2424	2425	15	1	0	0.0375	15.0	15.0	1.0
2425	2425	2426	30	1	0	0.075	30.0	30.0	1.0
2426	2426	2427	32	0	1	0.075	30.0	30.0	0.0
2427	2427	2428	29	1	0	0.0725	29.0	29.0	1.0
2428	2428	2429	67	0	1	0.1625	65.0	65.0	0.0
2429	2429	2430	22	1	0	0.055	22.0	22.0	1.0
2430	2430	2431	47	1	0	0.115	47.0	47.0	1.0
2431	2431	2432	42	0	1	0.1	40.0	40.0	0.0
2432	2432	2433	17	0	1	0.0375	15.0	15.0	0.0
2433	2433	2434	109	0	1	0.2625	107.0	107.0	0.0
2434	2434	2435	31	0	1	0.0725	29.0	29.0	0.0
2435	2435	2436	14	1	0	0.035	14.0	14.0	1.0
2436	2436	2437	14	0	1	0.03	12.0	12.0	0.0
2437	2437	2438	11	0	1	0.0225	9.0	9.0	0.0
2438	2438	2439	22	1	0	0.055	22.0	22.0	1.0
2439	2439	2440	37	0	1	0.0875	35.0	35.0	0.0
2440	2440	2441	51	0	1	0.12	49.0	49.0	0.0
2441	2441	2442	46	0	1	0.105	44.0	44.0	0.0
2442	2442	2443	22	0	1	0.05	20.0	20.0	0.0
2443	2443	2444	24	1	0	0.06	24.0	24.0	1.0
2444	2444	2445	13	0	1	0.0275	11.0	11.0	0.0
2445	2445	2446	20	0	1	0.045	18.0	18.0	0.0
2446	2446	2447	2	1	0	0.005	2.0	2.0	1.0
2447	2447	2448	13	1	0	0.0325	13.0	13.0	1.0
2448	2448	2449	29	0	1	0.0675	27.0	27.0	0.0
2449	2449	2450	58	0	1	0.12	56.0	56.0	0.0
2450	2450	2451	19	0	1	0.0425	17.0	17.0	0.0
2451	2451	2452	61	0	1	0.1475	59.0	59.0	0.0
2452	2452	2453	16	0	1	0.035	14.0	14.0	0.0
2453	2453	2454	31	0	1	0.0725	29.0	29.0	0.0
2454	2454	2455	68	0	1	0.1375	66.0	66.0	0.0
2455	2455	2456	7	1	0	0.0175	7.0	7.0	1.0
2456	2456	2457	40	1	0	0.0875	40.0	40.0	1.0
2457	2457	2458	26	0	1	0.06	24.0	24.0	0.0
2458	2458	2459	38	0	1	0.09	36.0	36.0	0.0
2459	2459	2460	25	0	1	0.0575	23.0	23.0	0.0
2460	2460	2461	11	1	0	0.0275	11.0	11.0	1.0
2461	2461	2462	21	1	0	0.0525	21.0	21.0	1.0
2462	2462	2463	61	1	0	0.1475	61.0	61.0	1.0
2463	2463	2464	40	1	0	0.1	40.0	40.0	1.0
2464	2464	2465	7	1	0	0.0175	7.0	7.0	1.0
2465	2465	2466	18	1	0	0.045	18.0	18.0	1.0
2466	2466	2467	38	1	0	0.0925	38.0	38.0	1.0
2467	2467	2468	17	1	0	0.0425	17.0	17.0	1.0
2468	2468	2469	27	0	1	0.0625	25.0	25.0	0.0
2469	2469	2470	8	0	1	0.015	6.0	6.0	0.0
2470	2470	2471	51	1	0	0.1275	51.0	51.0	1.0
2471	2471	2472	27	1	0	0.0675	27.0	27.0	1.0
