filename,tactic,grid_width,hide_strategy,swarm_size,n_hider_candidates,n_hiders,runs,steps_min,steps_max,steps_mean,steps_var,steps_ci_lower,steps_ci_upper,steps_half_width,taken_down_min,taken_down_max,taken_down_mean,taken_down_var,taken_down_ci_lower,taken_down_ci_upper,taken_down_half_width,area_covered_min,area_covered_max,area_covered_mean,area_covered_var,area_covered_ci_lower,area_covered_ci_upper,area_covered_half_width,mean_distance_travelled_min,mean_distance_travelled_max,mean_distance_travelled_mean,mean_distance_travelled_var,mean_distance_travelled_ci_lower,mean_distance_travelled_ci_upper,mean_distance_travelled_half_width,total_distance_covered_min,total_distance_covered_max,total_distance_covered_mean,total_distance_covered_var,total_distance_covered_ci_lower,total_distance_covered_ci_upper,total_distance_covered_half_width,hider_frac_found_min,hider_frac_found_max,hider_frac_found_mean,hider_frac_found_var,hider_frac_found_ci_lower,hider_frac_found_ci_upper,hider_frac_found_half_width,all_found_mean,all_found_ci_lower,all_found_ci_upper
T-discounted_distance-W-20-HS-greedy-D-1-C-5-H-1-RUNS-100000.csv,discounted_distance,20,greedy,1,5,1,100000,1.0,79.0,22.31268,174.59161121760005,22.23078304440008,22.39457695559992,0.08189695559991961,0.0,1.0,0.9224,0.07157824,0.9207417630845263,0.9240582369154737,0.001658236915473732,0.0,0.195,0.050519549999999996,0.0010618425677975001,0.05031758033870279,0.050721519661297204,0.00020196966129720773,0.0,78.0,20.43173,176.5084792071,20.349384692075265,20.514075307924738,0.08234530792473649,0.0,78.0,20.43173,176.5084792071,20.349384692075265,20.514075307924738,0.08234530792473649,0.0,1.0,0.04145,0.03973189750000001,0.040214548433017305,0.042685451566982696,0.0012354515669826954,0.04145,0.040222886578981105,0.042703798980556935
T-discounted_distance-W-20-HS-greedy-D-1-C-5-H-2-RUNS-100000.csv,discounted_distance,20,greedy,1,5,2,100000,2.0,88.0,22.94766,183.3157805244,22.86374183137946,23.031578168620538,0.08391816862053858,0.0,1.0,0.9423,0.054370709999999996,0.9408547646574486,0.9437452353425515,0.0014452353425514763,0.0,0.215,0.051930849999999994,0.0011180358182774999,0.051723605062800194,0.05213809493719979,0.0002072449371997992,0.0,87.0,21.01497,186.24902589910002,20.930383106340642,21.09955689365936,0.08458689365935967,0.0,87.0,21.01497,186.24902589910002,20.930383106340642,21.09955689365936,0.08458689365935967,0.0,1.0,0.082205,0.03914983797500001,0.08097863130517466,0.08343136869482534,0.0012263686948253416,0.00961,0.009014594221455924,0.010234102232165294
T-discounted_distance-W-20-HS-greedy-D-1-C-5-H-3-RUNS-100000.csv,discounted_distance,20,greedy,1,5,3,100000,2.0,92.0,23.04157,185.7379419351,22.957099243063777,23.126040756936224,0.08447075693622352,0.0,1.0,0.94423,0.052659707099999994,0.942807686635107,0.9456523133648931,0.0014223133648930686,0.0,0.2275,0.05213835,0.0011323615842774998,0.05192978153972471,0.05234691846027529,0.00020856846027528936,0.0,91.0,21.10107,188.66737485509998,21.01593571858274,21.18620428141726,0.08513428141726109,0.0,91.0,21.10107,188.66737485509998,21.01593571858274,21.18620428141726,0.08513428141726109,0.0,1.0,0.13713666666666663,0.04673464576666665,0.1357967569115815,0.13847657642175176,0.0013399097550851335,0.00373,0.0033616306774608387,0.004127596762106227
T-discounted_distance-W-20-HS-greedy-D-1-C-5-H-4-RUNS-100000.csv,discounted_distance,20,greedy,1,5,4,100000,2.0,80.0,23.11456,188.25311600639998,23.029519235042823,23.19960076495718,0.08504076495717783,0.0,1.0,0.94276,0.053963582399999994,0.9413201857823045,0.9441998142176956,0.0014398142176955675,0.0,0.195,0.052312399999999995,0.00114800193124,0.052102396090058976,0.052522403909941014,0.00021000390994101864,0.0,79.0,21.17304,191.2975971584,21.087314341691435,21.258765658308565,0.08572565830856504,0.0,79.0,21.17304,191.2975971584,21.087314341691435,21.258765658308565,0.08572565830856504,0.0,1.0,0.18905,0.05288259750000001,0.1876246797322847,0.1904753202677153,0.001425320267715302,0.00124,0.001031470315881135,0.0014782668394836818
T-discounted_distance-W-20-HS-greedy-D-1-C-5-H-5-RUNS-100000.csv,discounted_distance,20,greedy,1,5,5,100000,2.0,84.0,23.08932,187.6993819376,23.004404398038318,23.174235601961684,0.0849156019616828,0.0,1.0,0.94437,0.0525353031,0.9429493676746289,0.9457906323253712,0.0014206323253711517,0.0,0.205,0.05226045,0.0011457226157975,0.05205065467114715,0.05247024532885285,0.0002097953288528534,0.0,83.0,21.14529,190.67378081589996,21.05970423036612,21.23087576963388,0.0855857696338802,0.0,83.0,21.14529,190.67378081589996,21.05970423036612,21.23087576963388,0.0855857696338802,0.0,1.0,0.24159,0.056163471900000005,0.24012113106898186,0.24305886893101813,0.0014688689310181358,0.00034,0.00023547101585525603,0.00047508382194100767
T-discounted_distance-W-20-HS-greedy-D-10-C-5-H-1-RUNS-100000.csv,discounted_distance,20,greedy,10,5,1,100000,1.0,88.0,31.20269,238.5175067639,31.106967021881673,31.29841297811833,0.09572297811832797,3.0,10.0,9.21673,0.8989581071000002,9.210853404502405,9.222606595497595,0.005876595497595005,0.0,0.21,0.073717225,0.0013984375507993748,0.07348544411866699,0.073949005881333,0.00023178088133300745,0.0,63.9,20.427495,108.06203232497501,20.363064331574193,20.491925668425807,0.06443066842580691,0.0,639.0,204.27495,10806.2032324975,203.63064331574193,204.91925668425804,0.6443066842580549,0.0,1.0,0.30334,0.2113248444,0.3004907447951315,0.3061892552048685,0.002849255204868506,0.30334,0.3004915335017061,0.3061998767083381
T-discounted_distance-W-20-HS-greedy-D-10-C-5-H-2-RUNS-100000.csv,discounted_distance,20,greedy,10,5,2,100000,2.0,85.0,35.73992,209.7249583936,35.65016035426959,35.82967964573041,0.0897596457304104,2.0,10.0,9.42626,0.7431224123999999,9.420916986749523,9.431603013250475,0.005343013250476147,0.0,0.21,0.083849075,0.001289444559144375,0.0836265097237683,0.0840716402762317,0.0002225652762316982,0.0,65.3,20.978260999999996,104.079201315879,20.915028835734088,21.041493164265905,0.06323216426590861,0.0,653.0,209.78261,10407.920131587902,209.1502883573409,210.4149316426591,0.6323216426590932,0.0,1.0,0.406835,0.082592782775,0.40505374079845624,0.40861625920154376,0.0017812592015437612,0.08938,0.08761870445470434,0.09116515346960227
T-discounted_distance-W-20-HS-greedy-D-10-C-5-H-3-RUNS-100000.csv,discounted_distance,20,greedy,10,5,3,100000,2.0,87.0,36.69477,211.13304464709998,36.604709536736905,36.78483046326309,0.09006046326309303,3.0,10.0,9.43855,0.7491438975,9.43318538333463,9.443914616665369,0.0053646166653695815,0.0,0.21,0.08600479999999999,0.0013091287519600002,0.08578054235768809,0.0862290576423119,0.0002242576423119036,0.0,68.5,21.113881,103.12260381783899,21.050940091615498,21.1768219083845,0.06294090838450117,0.0,685.0,211.13881,10312.2603817839,210.509400916155,211.76821908384503,0.6294090838450188,0.0,1.0,0.46884666666666663,0.06370724759999999,0.46728225699404197,0.4704110763392913,0.001564409672624667,0.03577,0.03462742093388716,0.03693960570663263
T-discounted_distance-W-20-HS-greedy-D-10-C-5-H-4-RUNS-100000.csv,discounted_distance,20,greedy,10,5,4,100000,2.0,86.0,37.01327,213.2755739071,36.92275373379765,37.10378626620235,0.09051626620234998,3.0,10.0,9.4413,0.7430943100000001,9.43595708777791,9.44664291222209,0.00534291222209049,0.0,0.2075,0.086739875,0.001326112897484375,0.08651416732828776,0.08696558267171223,0.00022570767171223305,0.0,69.4,21.144408,103.318396929536,21.081407368761532,21.207408631238465,0.06300063123846655,0.0,694.0,211.44408,10331.839692953601,210.81407368761538,212.07408631238465,0.6300063123846371,0.0,1.0,0.5170475,0.060878757743750005,0.5155182131212608,0.5185767868787392,0.001529286878739211,0.0141,0.013378360051082493,0.014850020853558197
T-discounted_distance-W-20-HS-greedy-D-10-C-5-H-5-RUNS-100000.csv,discounted_distance,20,greedy,10,5,5,100000,2.0,89.0,37.21679,215.7212720959,37.12575622391203,37.30782377608798,0.09103377608797558,3.0,10.0,9.44269,0.7497755638999999,9.437323122130813,9.448056877869188,0.005366877869187547,0.0,0.2175,0.087179725,0.001340630736424375,0.08695278520540575,0.08740666479459425,0.00022693979459424696,0.0,68.7,21.147912,103.367467840256,21.084896409512,21.210927590488,0.06301559048799987,0.0,687.0,211.47912,10336.7467840256,210.84896409512,212.10927590487998,0.6301559048799845,0.0,1.0,0.5589459999999999,0.058720569084,0.5574440647877051,0.5604479352122947,0.0015019352122948026,0.00247,0.0021718590004094224,0.002797555985547048
T-discounted_distance-W-20-HS-greedy-D-5-C-5-H-1-RUNS-100000.csv,discounted_distance,20,greedy,5,5,1,100000,1.0,86.0,29.3048,223.19819696000002,29.21220204141335,29.39739795858665,0.09259795858665143,0.0,5.0,4.60742,0.39982094360000003,4.60350087747457,4.611339122525431,0.003919122525430474,0.0,0.21,0.06838765000000001,0.0013338477024775,0.06816128504392603,0.06861401495607398,0.00022636495607397666,0.0,69.6,20.4426,116.44786124000002,20.375716062934394,20.509483937065603,0.06688393706560447,0.0,348.0,102.213,2911.1965309999996,101.87858031467196,102.54741968532802,0.33441968532802946,0.0,1.0,0.18061,0.14799002790000002,0.1782256374202302,0.18299436257976978,0.0023843625797697887,0.18061,0.17822996926035678,0.18300857012015465
T-discounted_distance-W-20-HS-greedy-D-5-C-5-H-2-RUNS-100000.csv,discounted_distance,20,greedy,5,5,2,100000,2.0,91.0,32.12016,218.3838615744,32.02856614416762,32.21175385583238,0.09159385583237878,0.0,5.0,4.71139,0.3194142679,4.7078870557361485,4.714892944263851,0.0035029442638512265,0.0,0.225,0.0746495,0.0013382767747500003,0.07442275953034626,0.07487624046965373,0.00022674046965373562,0.0,71.0,21.050974,113.94113885132398,20.984813870086946,21.117134129913055,0.06616012991305453,0.0,355.0,105.25487,2848.5284712831,104.92406935043472,105.58567064956527,0.3308006495652762,0.0,1.0,0.285685,0.084616580775,0.28388204948291634,0.2874879505170837,0.001802950517083679,0.04678,0.04547935613349187,0.04810701137811989
T-discounted_distance-W-20-HS-greedy-D-5-C-5-H-3-RUNS-100000.csv,discounted_distance,20,greedy,5,5,3,100000,2.0,85.0,32.50162,222.8800773756,32.40908805388159,32.594151946118416,0.09253194611841309,0.0,5.0,4.72034,0.3117502844,4.716879335479202,4.723800664520798,0.0034606645207979625,0.0,0.2075,0.075471825,0.001370454943669375,0.0752423747938201,0.07570127520617992,0.00022945020617991252,0.0,71.6,21.116937999999998,113.818171504156,21.05081358033144,21.183062419668556,0.06612441966855798,0.0,358.0,105.58469,2845.4542876039004,105.25406790165721,105.91531209834278,0.33062209834278633,0.0,1.0,0.3604,0.06987628444444444,0.35876159609887615,0.36203840390112385,0.0016384039011238527,0.01963,0.01877914228422021,0.020508877990413017
T-discounted_distance-W-20-HS-greedy-D-5-C-5-H-4-RUNS-100000.csv,discounted_distance,20,greedy,5,5,4,100000,2.0,85.0,32.63645,226.5173213975,32.54316608167103,32.729733918328975,0.09328391832897154,0.0,5.0,4.7236,0.30808304000000003,4.720159750290366,4.727040249709635,0.003440249709634635,0.0,0.2075,0.07579582500000001,0.001394855475069375,0.0755643411605419,0.07602730883945812,0.0002314838394581048,0.0,68.8,21.079568,112.532470533376,21.013818114920173,21.145317885079823,0.06574988507982482,0.0,344.0,105.39784,2813.3117633344,105.06909057460088,105.72658942539913,0.3287494253991241,0.0,1.0,0.4133175,0.06806926919374999,0.41170041959218256,0.41493458040781744,0.0016170804078174394,0.00711,0.00659858148259695,0.007650311197389819
T-discounted_distance-W-20-HS-greedy-D-5-C-5-H-5-RUNS-100000.csv,discounted_distance,20,greedy,5,5,5,100000,2.0,86.0,32.87601,228.91739647990002,32.78223318675082,32.96978681324918,0.0937768132491783,0.0,5.0,4.71774,0.31650929240000003,4.714253021225066,4.721226978774934,0.0034869787749336467,0.0,0.21,0.0763593,0.0014100024285100003,0.07612656269466705,0.07659203730533296,0.00023273730533295012,0.0,70.2,21.20496,112.8420881984,21.139119726153137,21.270800273846863,0.06584027384686308,0.0,351.0,106.0248,2821.0522049600004,105.69559863076569,106.35400136923431,0.32920136923431187,0.0,1.0,0.461976,0.06739657542400002,0.46036692982083177,0.4635850701791682,0.001609070179168226,0.00127,0.0010588483605950322,0.0015108768817317872
T-discounted_distance-W-20-HS-random-D-1-C-5-H-1-RUNS-100000.csv,discounted_distance,20,random,1,5,1,100000,1.0,80.0,19.48433,138.24563445110002,19.411454460255353,19.557205539744647,0.072875539744647,0.0,1.0,0.74783,0.18858029109999996,0.7451384390285751,0.7505215609714249,0.0026915609714248667,0.0,0.1875,0.044573949999999994,0.0008464419813974999,0.044393625528123974,0.044754274471876014,0.00018032447187601996,0.0,79.0,17.97759,139.7027877919,17.904331401215874,18.050848598784125,0.07325859878412544,0.0,79.0,17.97759,139.7027877919,17.904331401215874,18.050848598784125,0.07325859878412544,0.0,1.0,0.24109,0.18296561189999996,0.23843881027711133,0.24374118972288866,0.002651189722888664,0.24109,0.23844139720053906,0.2437536273562719
T-discounted_distance-W-20-HS-random-D-1-C-5-H-2-RUNS-100000.csv,discounted_distance,20,random,1,5,2,100000,2.0,80.0,22.08724,160.9430091824,22.008609302173063,22.16587069782694,0.07863069782693799,0.0,1.0,0.8951,0.09389598999999998,0.8932007611124875,0.8969992388875125,0.0018992388875125332,0.0,0.195,0.050153050000000005,0.0009944010756975,0.049957599464764114,0.050348500535235895,0.00019545053523589012,0.0,79.0,20.27567,164.99957605109998,20.19605452591626,20.355285474083743,0.07961547408374159,0.0,79.0,20.27567,164.99957605109998,20.19605452591626,20.355285474083743,0.07961547408374159,0.0,1.0,0.241915,0.10419963277500001,0.239914266861202,0.24391573313879797,0.0020007331387979777,0.08353,0.08182223683488465,0.08526196379395438
T-discounted_distance-W-20-HS-random-D-1-C-5-H-3-RUNS-100000.csv,discounted_distance,20,random,1,5,3,100000,2.0,78.0,22.77597,175.7220805591,22.69380833347139,22.85813166652861,0.08216166652860935,0.0,1.0,0.93269,0.06277936390000001,0.9311370247768936,0.9342429752231064,0.0015529752231063787,0.0,0.19,0.05161545,0.0010799426962974999,0.0514117662288719,0.0518191337711281,0.000203683771128102,0.0,77.0,20.87667,179.4668597111,20.793637482980092,20.95970251701991,0.08303251701990888,0.0,77.0,20.87667,179.4668597111,20.793637482980092,20.95970251701991,0.08303251701990888,0.0,1.0,0.24167,0.0774967222111111,0.23994456843645942,0.24339543156354057,0.0017254315635405748,0.03339,0.032285071312946674,0.03452209911652855
T-discounted_distance-W-20-HS-random-D-1-C-5-H-4-RUNS-100000.csv,discounted_distance,20,random,1,5,4,100000,2.0,80.0,23.00338,185.2156685756,22.91902808760911,23.08773191239089,0.0843519123908898,0.0,1.0,0.94256,0.054140646400000006,0.9411178255750074,0.9440021744249925,0.001442174424992504,0.0,0.195,0.0520655,0.00113170670975,0.05185699185876385,0.05227400814123615,0.00020850814123615086,0.0,79.0,21.07289,188.5561770479,20.987780810734257,21.157999189265745,0.08510918926574362,0.0,79.0,21.07289,188.5561770479,20.987780810734257,21.157999189265745,0.08510918926574362,0.0,1.0,0.2423925,0.06458775094375001,0.24081731650584604,0.243967683494154,0.0015751834941539755,0.01207,0.011402373565675602,0.01276614618906793
T-discounted_distance-W-20-HS-random-D-1-C-5-H-5-RUNS-100000.csv,discounted_distance,20,random,1,5,5,100000,2.0,82.0,23.01965,188.2197238775,22.934616777595586,23.10468322240441,0.08503322240441236,0.0,1.0,0.94428,0.0526152816,0.9428582867173915,0.9457017132826085,0.0014217132826085388,0.0,0.2025,0.0520856,0.00114878664764,0.051875524328263034,0.05229567567173697,0.00021007567173696867,0.0,81.0,21.07563,191.21669010309998,20.98992247193507,21.16133752806493,0.08570752806492976,0.0,81.0,21.07563,191.21669010309998,20.98992247193507,21.16133752806493,0.08570752806492976,0.0,1.0,0.24074,0.0563466524,0.23926873761735087,0.24221126238264915,0.0014712623826491356,0.00026,0.00016984743962842927,0.00038093719983166454
T-discounted_distance-W-20-HS-random-D-10-C-5-H-1-RUNS-100000.csv,discounted_distance,20,random,10,5,1,100000,1.0,85.0,26.46975,198.85192493749997,26.382348080407816,26.557151919592187,0.08740191959218535,0.0,10.0,7.46915,9.7038482775,7.449842409901066,7.488457590098934,0.01930759009893368,0.0,0.205,0.063216025,0.001168259620699375,0.06300417632384461,0.06342787367615538,0.00021184867615538228,0.0,64.5,18.064871,95.10081805335898,18.004427695769195,18.125314304230805,0.06044330423080524,0.0,645.0,180.64871,9510.081805335902,180.04427695769192,181.25314304230807,0.6044330423080737,0.0,1.0,0.55976,0.2464287424,0.55668318239604,0.5628368176039601,0.003076817603960058,0.55976,0.5566765426886054,0.5628399906319178
T-discounted_distance-W-20-HS-random-D-10-C-5-H-2-RUNS-100000.csv,discounted_distance,20,random,10,5,2,100000,2.0,86.0,32.89397,187.06672763909998,32.80919762590924,32.978742374090764,0.0847723740907611,0.0,10.0,8.94971,2.7254009159,8.939477746993687,8.959942253006313,0.01023225300631303,0.0,0.2075,0.0777878,0.00114184192116,0.0775783602730061,0.0779972397269939,0.00020943972699390134,0.0,63.9,20.296784000000002,98.35940525734401,20.235313886022833,20.35825411397717,0.06147011397716895,0.0,639.0,202.96784,9835.940525734399,202.3531388602283,203.58254113977168,0.6147011397716824,0.0,1.0,0.559095,0.12896028097499998,0.5568692106672158,0.5613207893327842,0.002225789332784167,0.324,0.32109949738761384,0.326910713709631
T-discounted_distance-W-20-HS-random-D-10-C-5-H-3-RUNS-100000.csv,discounted_distance,20,random,10,5,3,100000,2.0,84.0,35.31573,192.3924445671,35.229759376235315,35.40170062376469,0.08597062376468756,1.0,10.0,9.33748,1.0886872496,9.331012928840607,9.343947071159391,0.006467071159391935,0.0,0.205,0.08307920000000002,0.0011940797773600002,0.08286502304342658,0.08329337695657346,0.00021417695657344193,0.0,69.1,20.908517,101.393965360711,20.8461058585804,20.9709281414196,0.06241114141959869,0.0,691.0,209.08517,10139.3965360711,208.461058585804,209.709281414196,0.624111414195994,0.0,1.0,0.5596233333333333,0.09016283589999999,0.5577622327170488,0.5614844339496177,0.0018611006162844168,0.18026,0.17788178208391367,0.18265677765177593
T-discounted_distance-W-20-HS-random-D-10-C-5-H-4-RUNS-100000.csv,discounted_distance,20,random,10,5,4,100000,2.0,86.0,36.52984,205.7070695744,36.440944315151015,36.618735684848986,0.08889568484898547,3.0,10.0,9.43997,0.7457163991000001,9.434617669555434,9.445322330444567,0.005352330444566178,0.0,0.21,0.085705025,0.001281741377249375,0.08548312552557878,0.08592692447442123,0.00022189947442122215,0.0,67.8,21.07998,103.4754201996,21.016931512766856,21.143028487233142,0.06304848723314294,0.0,678.0,210.7998,10347.542019960001,210.16931512766857,211.43028487233144,0.6304848723314365,0.0,1.0,0.55887,0.0705268231,0.5572239871093428,0.5605160128906571,0.0016460128906571336,0.07831,0.07665211324143864,0.0799923935270956
T-discounted_distance-W-20-HS-random-D-10-C-5-H-5-RUNS-100000.csv,discounted_distance,20,random,10,5,5,100000,2.0,88.0,37.17536,214.8718288704,37.08450563203739,37.266214367962604,0.09085436796260637,3.0,10.0,9.44131,0.7469954838999999,9.435953081248563,9.446666918751436,0.0053569187514366234,0.0,0.21,0.087037275,0.0013343541980743749,0.08681086706976515,0.08726368293023484,0.0002264079302348454,0.0,72.7,21.111712,102.089410629056,21.049087190230022,21.17433680976998,0.06262480976997864,0.0,727.0,211.11712,10208.9410629056,210.49087190230023,211.74336809769977,0.6262480976997722,0.0,1.0,0.559148,0.058851114096,0.5576443961960968,0.5606516038039031,0.0015036038039031308,0.00245,0.002153104997976476,0.0027763136449756713
T-discounted_distance-W-20-HS-random-D-5-C-5-H-1-RUNS-100000.csv,discounted_distance,20,random,5,5,1,100000,1.0,81.0,24.59905,185.0587690975,24.51473382317936,24.683366176820638,0.0843161768206393,0.0,5.0,3.73054,2.6942113084,3.7203664646448003,3.7407135353551997,0.010173535355199714,0.0,0.2,0.058148575,0.001097992037969375,0.05794319617409375,0.05835395382590625,0.00020537882590625223,0.0,67.0,18.040886,100.212652735004,17.978839491093634,18.102932508906367,0.06204650890636643,0.0,335.0,90.20443,2505.3163183751,89.89419745546816,90.51466254453184,0.3102325445318428,0.0,1.0,0.46109,0.24848601190000003,0.4580003659386344,0.4641796340613656,0.003089634061365587,0.46109,0.45799658870388993,0.4641856684463186
T-discounted_distance-W-20-HS-random-D-5-C-5-H-2-RUNS-100000.csv,discounted_distance,20,random,5,5,2,100000,2.0,81.0,29.7944,188.74566864,29.70924805576809,29.87955194423191,0.08515194423191019,0.0,5.0,4.47906,0.8580215164,4.473318767155565,4.484801232844434,0.00574123284443484,0.0,0.1975,0.069734725,0.001160890316674375,0.06952354554454715,0.06994590445545285,0.00021117945545284789,0.0,66.4,20.351308,105.494909889136,20.2876472392576,20.4149687607424,0.06366076074240112,0.0,332.0,101.75654,2637.3727472284,101.438236196288,102.074843803712,0.3183038037119985,0.0,1.0,0.461315,0.13444597077500003,0.45904236355452693,0.463587636445473,0.002272636445473042,0.2332,0.23058184862958894,0.23583363422902717
T-discounted_distance-W-20-HS-random-D-5-C-5-H-3-RUNS-100000.csv,discounted_distance,20,random,5,5,3,100000,2.0,91.0,31.54509,204.6031068919,31.45643317310912,31.633746826890878,0.08865682689087961,0.0,5.0,4.67089,0.4093166079,4.6669246113924245,4.674855388607575,0.0039653886075754485,0.0,0.2075,0.073478075,0.001265634431794375,0.07325757417838745,0.07369857582161256,0.00022050082161255424,0.0,75.6,20.831402,109.78639511439599,20.766459300989915,20.896344699010086,0.06494269901008565,0.0,378.0,104.15701,2744.6598778599,103.83229650494957,104.48172349505043,0.3247134950504318,0.0,1.0,0.4594766666666667,0.09743785945555555,0.45754193856978986,0.46141139476354354,0.0019347280968768366,0.11613,0.11415044901434736,0.11813184557044627
T-discounted_distance-W-20-HS-random-D-5-C-5-H-4-RUNS-100000.csv,discounted_distance,20,random,5,5,4,100000,2.0,86.0,32.35761,219.37574508790001,32.265808373525864,32.44941162647414,0.09180162647413681,0.0,5.0,4.71981,0.3116235639,4.716350038897504,4.7232699611024955,0.00345996110249569,0.0,0.2125,0.0751917,0.0013553717511100001,0.07496351594886881,0.07541988405113119,0.0002281840511311889,0.0,67.8,21.085217999999998,113.13868869247601,21.019291253797793,21.151144746202203,0.06592674620220507,0.0,339.0,105.42609,2828.4672173119,105.09645626898897,105.75572373101103,0.3296337310110289,0.0,1.0,0.4602225,0.07905212549375001,0.45847983926050767,0.4619651607394923,0.0017426607394923077,0.04787,0.04655492154724012,0.049211381111852394
T-discounted_distance-W-20-HS-random-D-5-C-5-H-5-RUNS-100000.csv,discounted_distance,20,random,5,5,5,100000,2.0,86.0,32.84259,228.86979209190002,32.748822937909935,32.93635706209007,0.09376706209006613,0.0,5.0,4.71824,0.3145313024,4.714763934046512,4.721716065953488,0.003476065953488039,0.0,0.2075,0.07626095000000001,0.0014090683800975,0.07602828979521667,0.07649361020478335,0.0002326602047833387,0.0,73.6,21.165874000000002,113.40183341612399,21.099870630142746,21.23187736985726,0.06600336985725619,0.0,368.0,105.82937,2835.0458354031,105.49935315071372,106.15938684928628,0.33001684928628094,0.0,1.0,0.462596,0.06740734078400001,0.4609868013163198,0.4642051986836802,0.001609198683680202,0.00128,0.001067981303284589,0.0015217400465684053
T-discounted_distance-W-20-HS-weighted-D-1-C-5-H-1-RUNS-100000.csv,discounted_distance,20,weighted,1,5,1,100000,1.0,81.0,21.74357,167.0715336551,21.66345620570155,21.823683794298447,0.08011379429844823,0.0,1.0,0.89342,0.0952207036,0.8915074105120289,0.8953325894879711,0.001912589487971128,0.0,0.195,0.049304074999999996,0.001016097500894375,0.049106503742995446,0.049501646257004546,0.00019757125700455014,0.0,80.0,19.92742,168.53165214359998,19.846956890758882,20.00788310924112,0.08046310924111921,0.0,80.0,19.92742,168.53165214359998,19.846956890758882,20.00788310924112,0.08046310924111921,0.0,1.0,0.07727,0.07129934710000001,0.07561499676187822,0.0789250032381218,0.0016550032381217883,0.07727,0.0756223043305867,0.07894226347542378
T-discounted_distance-W-20-HS-weighted-D-1-C-5-H-2-RUNS-100000.csv,discounted_distance,20,weighted,1,5,2,100000,2.0,83.0,22.9233,180.70139711000002,22.839982385587575,23.006617614412427,0.08331761441242591,0.0,1.0,0.93831,0.05788434390000001,0.9368187974801314,0.9398012025198685,0.001491202519868562,0.0,0.1975,0.05190622499999999,0.001103821118749375,0.051700301732499995,0.05211214826749999,0.00020592326749999806,0.0,82.0,21.00287,183.6719417631,20.918870349317565,21.086869650682438,0.08399965068243631,0.0,82.0,21.00287,183.6719417631,20.918870349317565,21.086869650682438,0.08399965068243631,0.0,1.0,0.11364,0.052845950399999994,0.1122151736840701,0.11506482631592992,0.0014248263159299113,0.01788,0.017067682453172067,0.018720449925589994
T-discounted_distance-W-20-HS-weighted-D-1-C-5-H-3-RUNS-100000.csv,discounted_distance,20,weighted,1,5,3,100000,2.0,86.0,23.07531,185.15303840389996,22.990972350499174,23.15964764950083,0.0843376495008279,0.0,1.0,0.94274,0.05398129240000002,0.9412999495394819,0.9441800504605181,0.0014400504605180942,0.0,0.21,0.05222612499999999,0.001129758804984375,0.05201779637918115,0.05243445362081883,0.00020832862081884146,0.0,85.0,21.13896,188.21967011840002,21.053926789739137,21.223993210260865,0.08503321026086397,0.0,85.0,21.13896,188.21967011840002,21.053926789739137,21.223993210260865,0.08503321026086397,0.0,1.0,0.15792333333333333,0.05234577634444445,0.1565052658652458,0.15934140080142087,0.001418067468087536,0.00639,0.005905497377313897,0.006903457107872133
T-discounted_distance-W-20-HS-weighted-D-1-C-5-H-4-RUNS-100000.csv,discounted_distance,20,weighted,1,5,4,100000,2.0,81.0,23.06614,186.8169255004,22.981424245797943,23.15085575420206,0.08471575420205824,0.0,1.0,0.94384,0.05300605440000001,0.9424130169637202,0.9452669830362799,0.0014269830362798608,0.0,0.1975,0.05219622499999999,0.001140191033249375,0.051986936732929645,0.05240551326707034,0.00020928826707034692,0.0,80.0,21.12455,189.8131772975,21.03915759390285,21.20994240609715,0.08539240609714938,0.0,80.0,21.12455,189.8131772975,21.03915759390285,21.20994240609715,0.08539240609714938,0.0,1.0,0.19725,0.054087437499999995,0.19580853442670315,0.19869146557329687,0.0014414655732968573,0.00225,0.0019658583089075133,0.002563598690619021
T-discounted_distance-W-20-HS-weighted-D-1-C-5-H-5-RUNS-100000.csv,discounted_distance,20,weighted,1,5,5,100000,2.0,84.0,23.11283,187.5774593911,23.027941981528787,23.19771801847121,0.08488801847121152,0.0,1.0,0.9437,0.05313030999999999,0.9422713453919999,0.9451286546080001,0.001428654608000124,0.0,0.2025,0.052310225,0.001143704547949375,0.05210061451859694,0.052519835481403064,0.0002096104814030622,0.0,83.0,21.16928,190.55750428159996,21.083720330268978,21.254839669731023,0.08555966973102258,0.0,83.0,21.16928,190.55750428159996,21.083720330268978,21.254839669731023,0.08555966973102258,0.0,1.0,0.24205200000000002,0.056314029296,0.2405811635884861,0.24352283641151393,0.0014708364115139094,0.00015,8.39562141086879e-05,0.00024739013994686286
T-discounted_distance-W-20-HS-weighted-D-10-C-5-H-1-RUNS-100000.csv,discounted_distance,20,weighted,10,5,1,100000,1.0,85.0,29.98006,233.31800239639998,29.885386115638685,30.07473388436132,0.09467388436131685,0.0,10.0,8.95104,2.1288829184,8.941996595431297,8.960083404568705,0.009043404568704005,0.0,0.2025,0.070977925,0.0013640051001943749,0.0707490153673301,0.0712068346326699,0.00022890963266990194,0.0,67.2,19.890881,107.30574674383901,19.826676190469005,19.955085809530996,0.06420480953099528,0.0,672.0,198.90881,10730.5746743839,198.26676190469004,199.55085809530993,0.6420480953099457,0.0,1.0,0.36653,0.2321857591,0.3635434220047711,0.36951657799522897,0.002986577995228945,0.36653,0.3635423832396473,0.3695253598618377
T-discounted_distance-W-20-HS-weighted-D-10-C-5-H-2-RUNS-100000.csv,discounted_distance,20,weighted,10,5,2,100000,2.0,92.0,35.25826,207.7726417724,35.16891911458728,35.34760088541272,0.08934088541271734,1.0,10.0,9.38777,0.8315644271000002,9.382117975669596,9.393422024330404,0.005652024330403904,0.0,0.21,0.08282605,0.0012728744413975,0.0826049193948348,0.0830471806051652,0.00022113060516519567,0.0,68.6,20.980572000000002,104.37524875281598,20.91724996942542,21.043894030574585,0.0633220305745823,0.0,686.0,209.80572,10437.5248752816,209.17249969425418,210.43894030574583,0.633220305745823,0.0,1.0,0.431205,0.09469974797499998,0.42929764960790956,0.43311235039209045,0.0019073503920904455,0.13007,0.1279908805938136,0.13217060098176545
T-discounted_distance-W-20-HS-weighted-D-10-C-5-H-3-RUNS-100000.csv,discounted_distance,20,weighted,10,5,3,100000,2.0,87.0,36.55528,207.4732441216,36.466003507314774,36.64455649268523,0.08927649268522941,2.0,10.0,9.43238,0.7549675356,9.42699457217599,9.43776542782401,0.0053854278240095255,0.0,0.2125,0.085702175,0.0012825365127693748,0.08548020670795237,0.08592414329204764,0.00022196829204763902,0.0,65.4,21.108296,103.10092497638401,21.04536170780653,21.171230292193467,0.06293429219346791,0.0,654.0,211.08296,10310.0924976384,210.45361707806535,211.71230292193468,0.6293429219346649,0.0,1.0,0.48497666666666667,0.06824096612222223,0.4833575480933215,0.48659578524001185,0.0016191185733451796,0.05456,0.05316026036284046,0.055985645377811574
T-discounted_distance-W-20-HS-weighted-D-10-C-5-H-4-RUNS-100000.csv,discounted_distance,20,weighted,10,5,4,100000,2.0,89.0,36.95564,212.3437121904,36.86532169594425,37.04595830405575,0.09031830405574937,4.0,10.0,9.44921,0.7337403759000001,9.443900822071114,9.454519177928887,0.0053091779288862995,0.0,0.22,0.08657552500000001,0.001319360283474375,0.08635039271744162,0.08680065728255841,0.00022513228255839624,0.0,68.6,21.150995,102.762563609975,21.08816406300523,21.213825936994773,0.06283093699477149,0.0,686.0,211.50995,10276.2563609975,210.8816406300523,212.13825936994772,0.6283093699477149,0.0,1.0,0.520795,0.061670067975,0.5192558062723206,0.5223341937276794,0.001539193727679411,0.01851,0.017683587439501453,0.01936450440942298
T-discounted_distance-W-20-HS-weighted-D-10-C-5-H-5-RUNS-100000.csv,discounted_distance,20,weighted,10,5,5,100000,2.0,85.0,37.21318,215.5606142876,37.12218012879969,37.30417987120031,0.09099987120031017,4.0,10.0,9.44052,0.7439221296,9.435174112559105,9.445865887440894,0.005345887440894259,0.0,0.2075,0.087174375,0.001339226780859375,0.08694755406619209,0.08740119593380791,0.00022682093380790858,0.0,64.3,21.141704,103.39477237638401,21.07868008727149,21.20472791272851,0.06302391272851082,0.0,643.0,211.41704,10339.477237638399,210.78680087271485,212.04727912728512,0.6302391272851366,0.0,1.0,0.5592,0.05896256000000001,0.5576949731879598,0.5607050268120403,0.0015050268120402333,0.00243,0.0021343561304264735,0.002755066199675532
T-discounted_distance-W-20-HS-weighted-D-5-C-5-H-1-RUNS-100000.csv,discounted_distance,20,weighted,5,5,1,100000,1.0,87.0,28.13184,219.02119821440004,28.04011258670057,28.22356741329943,0.0917274132994308,0.0,5.0,4.47229,0.7407121559,4.466955658599129,4.477624341400872,0.005334341400871523,0.0,0.205,0.065812125,0.0013014983904843752,0.0655885218645818,0.06603572813541819,0.00022360313541819332,0.0,68.8,19.928808,115.35124929913599,19.862239737343717,19.995376262656283,0.06656826265628268,0.0,344.0,99.64404,2883.7812324784,99.3111986867186,99.97688131328141,0.3328413132814063,0.0,1.0,0.24688,0.18593026559999998,0.24420741752544667,0.2495525824745533,0.00267258247455332,0.24688,0.24420983728444534,0.2495648509851355
T-discounted_distance-W-20-HS-weighted-D-5-C-5-H-2-RUNS-100000.csv,discounted_distance,20,weighted,5,5,2,100000,2.0,86.0,31.71938,214.79237241559997,31.628542431897824,31.81021756810218,0.09083756810217736,0.0,5.0,4.6953,0.34255791,4.691672369275882,4.698927630724117,0.0036276307241172034,0.0,0.2075,0.07377647500000001,0.0013162929240743751,0.07355160457292868,0.07400134542707133,0.00022487042707132476,0.0,69.0,20.953374,112.733373616124,20.887565449789278,21.019182550210722,0.06580855021072196,0.0,345.0,104.76687,2818.3343404031,104.43782724894639,105.0959127510536,0.32904275105360625,0.0,1.0,0.318265,0.095809889775,0.3163465024822543,0.3201834975177457,0.0019184975177456987,0.07594,0.07430546566871622,0.0775991802171635
T-discounted_distance-W-20-HS-weighted-D-5-C-5-H-3-RUNS-100000.csv,discounted_distance,20,weighted,5,5,3,100000,2.0,91.0,32.47301,221.3557915399,32.380795011588155,32.56522498841185,0.09221498841184683,0.0,5.0,4.71553,0.3154868191,4.712048658068712,4.719011341931289,0.003481341931288462,0.0,0.225,0.075460125,0.001362239222484375,0.07523136359160479,0.07568888640839522,0.00022876140839521442,0.0,69.4,21.114908,113.52938335153603,21.04886752157326,21.18094847842674,0.06604047842673921,0.0,347.0,105.57454,2838.2345837884004,105.2443376078663,105.9047423921337,0.3302023921336996,0.0,1.0,0.37668333333333326,0.07524411083333332,0.3749831634118921,0.37838350325477443,0.0017001699214411747,0.03099,0.02992457381568635,0.03208274227430766
T-discounted_distance-W-20-HS-weighted-D-5-C-5-H-4-RUNS-100000.csv,discounted_distance,20,weighted,5,5,4,100000,2.0,87.0,32.74865,224.5873331775,32.65576433376808,32.84153566623191,0.09288566623191485,0.0,5.0,4.71627,0.3197472871,4.71276523013862,4.719774769861379,0.0035047698613794864,0.0,0.21,0.076046825,0.0013816597199193751,0.07581643871611916,0.07627721128388083,0.0002303862838808346,0.0,71.8,21.207874000000004,113.34410960012399,21.141887430802946,21.273860569197062,0.06598656919705803,0.0,359.0,106.03937,2833.6027400030994,105.70943715401471,106.3693028459853,0.32993284598529726,0.0,1.0,0.4222825,0.06910936519375,0.4206531119635633,0.4239118880364367,0.0016293880364366964,0.01049,0.009867769008926913,0.011140862874766205
T-discounted_distance-W-20-HS-weighted-D-5-C-5-H-5-RUNS-100000.csv,discounted_distance,20,weighted,5,5,5,100000,2.0,92.0,32.70341,227.7907843719,32.6098642316701,32.796955768329894,0.09354576832989636,1.0,5.0,4.72348,0.30829668959999995,4.72003855762395,4.72692144237605,0.0034414423760500412,0.0,0.2275,0.07592415000000001,0.0014025343217775,0.07569202986191327,0.07615627013808675,0.00023212013808673881,0.0,75.0,21.081438,112.666403452156,21.015648999741458,21.14722700025854,0.0657890002585404,0.0,375.0,105.40719,2816.6600863039,105.0782449987073,105.7361350012927,0.3289450012926949,0.0,1.0,0.45979200000000003,0.06748491673600002,0.4581818756068769,0.46140212439312317,0.0016101243931231357,0.00127,0.0010588483605950322,0.0015108768817317872
T-discounted_distance_reverse-W-20-HS-greedy-D-1-C-5-H-1-RUNS-100000.csv,discounted_distance_reverse,20,greedy,1,5,1,100000,1.0,75.0,19.75683,119.72567835110002,19.689011258788327,19.824648741211675,0.0678187412116742,0.0,1.0,0.93168,0.06365237759999998,0.9301162641726041,0.9332437358273958,0.0015637358273958846,0.0,0.1825,0.044311175,0.0007304988326193751,0.04414365532009968,0.04447869467990032,0.00016751967990032146,0.0,74.0,17.88225,120.97816493749998,17.814077445520656,17.950422554479342,0.068172554479343,0.0,74.0,17.88225,120.97816493749998,17.814077445520656,17.950422554479342,0.068172554479343,0.0,1.0,0.0571,0.05383959,0.05566184086783138,0.058538159132168616,0.0014381591321686177,0.0571,0.0556697285738911,0.05855602689663159
T-discounted_distance_reverse-W-20-HS-greedy-D-1-C-5-H-2-RUNS-100000.csv,discounted_distance_reverse,20,greedy,1,5,2,100000,2.0,76.0,20.46112,131.5756083456,20.39002422958991,20.532215770410094,0.07109577041009274,0.0,1.0,0.9662,0.032657559999999995,0.9650799228486573,0.9673200771513426,0.0011200771513426577,0.0,0.185,0.045838975,0.000804323183449375,0.04566319422910798,0.046014755770892014,0.00017578077089201727,0.0,75.0,18.5112,133.48171456,18.43959110707086,18.582808892929137,0.07160889292913808,0.0,75.0,18.5112,133.48171456,18.43959110707086,18.582808892929137,0.07160889292913808,0.0,1.0,0.08614,0.043789900400000005,0.0848429908197062,0.08743700918029379,0.0012970091802937955,0.01628,0.01550470137092524,0.017083534958676507
T-discounted_distance_reverse-W-20-HS-greedy-D-1-C-5-H-3-RUNS-100000.csv,discounted_distance_reverse,20,greedy,1,5,3,100000,2.0,79.0,20.63762,135.73304073559999,20.565409748006957,20.70983025199304,0.07221025199304165,0.0,1.0,0.9691,0.029945189999999993,0.9680274449109533,0.9701725550890467,0.0010725550890466895,0.0,0.1925,0.046226425,0.000828339694219375,0.04604803918864402,0.04640481081135598,0.00017838581135597859,0.0,78.0,18.6769,137.63656638999998,18.604185171151695,18.749614828848305,0.07271482884830505,0.0,78.0,18.6769,137.63656638999998,18.604185171151695,18.749614828848305,0.07271482884830505,0.0,1.0,0.11544999999999998,0.04373240861111111,0.1141538425214487,0.11674615747855127,0.001296157478551288,0.00838,0.00782430284370154,0.008964487299436356
T-discounted_distance_reverse-W-20-HS-greedy-D-1-C-5-H-4-RUNS-100000.csv,discounted_distance_reverse,20,greedy,1,5,4,100000,2.0,76.0,20.64768,138.11649061760002,20.574838506992474,20.720521493007528,0.07284149300752674,0.0,1.0,0.96892,0.030114033600000003,0.9678444254025045,0.9699955745974955,0.001075574597495521,0.0,0.185,0.046248924999999996,0.000842309123844375,0.04606904129506371,0.046428808704936285,0.00017988370493628864,0.0,75.0,18.68279,139.9902878159,18.60945605903993,18.756123940960073,0.0733339409600724,0.0,75.0,18.68279,139.9902878159,18.60945605903993,18.756123940960073,0.0733339409600724,0.0,1.0,0.137185,0.044345275775,0.13587979192686667,0.13849020807313334,0.0013052080731333349,0.00403,0.0036467778614108436,0.004442413144334
T-discounted_distance_reverse-W-20-HS-greedy-D-1-C-5-H-5-RUNS-100000.csv,discounted_distance_reverse,20,greedy,1,5,5,100000,2.0,82.0,20.68918,139.36811092760001,20.61600920425884,20.76235079574116,0.07317079574115937,0.0,1.0,0.96957,0.029504015099999996,0.968505375068824,0.9706346249311761,0.0010646249311760947,0.0,0.1875,0.046343675,0.0008497074749943751,0.04616300302552863,0.04652434697447137,0.00018067197447137195,0.0,81.0,18.71988,141.12883278559997,18.646248449423556,18.793511550576444,0.07363155057644377,0.0,81.0,18.71988,141.12883278559997,18.646248449423556,18.793511550576444,0.07363155057644377,0.0,1.0,0.154282,0.044695064475999996,0.15297165439791252,0.15559234560208748,0.0013103456020874815,0.00027,0.00017793900330992065,0.00039281169667208945
T-discounted_distance_reverse-W-20-HS-greedy-D-10-C-5-H-1-RUNS-100000.csv,discounted_distance_reverse,20,greedy,10,5,1,100000,1.0,85.0,27.34129,179.13581113589998,27.25833410014594,27.42424589985406,0.08295589985405982,3.0,10.0,9.31245,0.7788449975,9.306980072265198,9.317919927734803,0.005469927734802482,0.0,0.21,0.06462635,0.0010474816356775,0.0644257507614267,0.0648269492385733,0.00020059923857329576,0.0,58.0,17.924792999999998,63.719041407150996,17.875317443462478,17.974268556537517,0.04947555653751934,0.0,580.0,179.24793,6371.904140715101,178.7531744346248,179.74268556537518,0.4947555653751863,0.0,1.0,0.40498,0.2409711996,0.4019374435742564,0.4080225564257436,0.003042556425743581,0.40498,0.4019352918351071,0.408030220411426
T-discounted_distance_reverse-W-20-HS-greedy-D-10-C-5-H-2-RUNS-100000.csv,discounted_distance_reverse,20,greedy,10,5,2,100000,2.0,80.0,32.53239,170.1175708879,32.451549189741634,32.613230810258365,0.08084081025836554,4.0,10.0,9.65385,0.42571017750000006,9.649805981926495,9.657894018073506,0.00404401807350574,0.0,0.1975,0.07607055,0.0010489190476975,0.07586981317194808,0.07627128682805193,0.0002007368280519256,0.0,64.5,18.525997,63.064199255991,18.476776330778442,18.57521766922156,0.04922066922155821,0.0,645.0,185.25997,6306.419925599101,184.7677633077844,185.7521766922156,0.4922066922156034,0.0,1.0,0.439385,0.102673321775,0.43739897423750135,0.4413710257624987,0.0019860257624986777,0.15208,0.14985943908200078,0.15432076034336098
T-discounted_distance_reverse-W-20-HS-greedy-D-10-C-5-H-3-RUNS-100000.csv,discounted_distance_reverse,20,greedy,10,5,3,100000,2.0,83.0,33.6301,178.12929399,33.547377482159206,33.71282251784079,0.08272251784079288,4.0,10.0,9.68939,0.3979914279,9.68547985438964,9.693300145610358,0.0039101456103587395,0.0,0.2025,0.0784565,0.0011061833577500001,0.07825035650659959,0.07866264349340041,0.00020614349340040972,0.0,56.5,18.598222999999997,62.596620542271,18.549185139374234,18.64726086062576,0.049037860625762875,0.0,565.0,185.98223,6259.662054227099,185.49185139374234,186.47260860625764,0.49037860625765006,0.0,1.0,0.44398333333333334,0.08155546638888889,0.4422132952555521,0.4457533714111146,0.0017700380777812552,0.07953,0.0778602683620702,0.08122416682508343
T-discounted_distance_reverse-W-20-HS-greedy-D-10-C-5-H-4-RUNS-100000.csv,discounted_distance_reverse,20,greedy,10,5,4,100000,2.0,84.0,34.22461,186.2848003479,34.1400149830654,34.3092050169346,0.0845950169345997,4.0,10.0,9.69442,0.3999008636,9.690500485798461,9.698339514201537,0.003919514201538021,0.0,0.1975,0.07981595,0.0011585477505975,0.07960498372215694,0.08002691627784306,0.000210966277843061,0.0,58.0,18.691693,63.189607693751,18.642423415374562,18.74096258462544,0.04926958462543851,0.0,580.0,186.91693,6318.9607693751,186.42423415374563,187.4096258462544,0.492695846254378,0.0,1.0,0.4493125,0.07437140234375,0.4476222184280607,0.4510027815719393,0.0016902815719392894,0.03675,0.035592324047735706,0.0379346435511831
T-discounted_distance_reverse-W-20-HS-greedy-D-10-C-5-H-5-RUNS-100000.csv,discounted_distance_reverse,20,greedy,10,5,5,100000,2.0,84.0,34.53006,191.04097639639997,34.44439186036078,34.61572813963922,0.0856681396392176,3.0,10.0,9.69282,0.40066044759999997,9.688896765141493,9.696743234858506,0.003923234858506319,0.0,0.2075,0.0804343,0.00118490300851,0.08022094762955402,0.08064765237044598,0.00021335237044597943,0.0,58.4,18.732807,63.37082400075101,18.683466817847794,18.782147182152208,0.049340182152207035,0.0,584.0,187.32807,6337.082400075099,186.83466817847793,187.82147182152207,0.49340182152207035,0.0,1.0,0.455208,0.07101687673600002,0.45355627837191304,0.45685972162808697,0.0016517216280869662,0.00195,0.0016861112934455304,0.002243410638985033
T-discounted_distance_reverse-W-20-HS-greedy-D-5-C-5-H-1-RUNS-100000.csv,discounted_distance_reverse,20,greedy,5,5,1,100000,1.0,81.0,25.72058,164.0167644636,25.64120199282148,25.799958007178525,0.07937800717852284,1.0,5.0,4.65437,0.34926990310000006,4.650707002238946,4.658032997761055,0.0036629977610544984,0.0,0.1975,0.059841124999999995,0.000977856821234375,0.059647307179239,0.06003494282076099,0.0001938178207609928,0.0,65.0,17.898387999999997,70.115380601456,17.846488554326797,17.950287445673197,0.05189944567320026,0.0,325.0,89.49194,1752.8845150364,89.232442771634,89.751437228366,0.2594972283660013,0.0,1.0,0.2456,0.18528064,0.24293209050636272,0.2482679094936373,0.002667909493637294,0.2456,0.2429345472222029,0.2482802153885829
T-discounted_distance_reverse-W-20-HS-greedy-D-5-C-5-H-2-RUNS-100000.csv,discounted_distance_reverse,20,greedy,5,5,2,100000,2.0,89.0,28.8581,173.70594438999998,28.77641103159125,28.939788968408752,0.08168896840875206,0.0,5.0,4.82822,0.18739163160000002,4.825536935163,4.830903064837,0.002683064836999982,0.0,0.21,0.06668742500000001,0.001068245659369375,0.06648484729824009,0.06689000270175993,0.0002025777017599234,0.0,65.4,18.554466,70.94652785484399,18.5022598527176,18.606672147282403,0.05220614728240136,0.0,327.0,92.77233,1773.6631963711,92.511299263588,93.03336073641199,0.26103073641199614,0.0,1.0,0.299625,0.098997359375,0.29767485063193866,0.3015751493680613,0.0019501493680613158,0.07792,0.0762659246861168,0.07959860496997953
T-discounted_distance_reverse-W-20-HS-greedy-D-5-C-5-H-3-RUNS-100000.csv,discounted_distance_reverse,20,greedy,5,5,3,100000,2.0,80.0,29.52,182.61122,29.436243253241784,29.603756746758215,0.08375674675821543,0.0,5.0,4.84392,0.17263903359999996,4.841344713391721,4.846495286608278,0.0025752866082786596,0.0,0.1925,0.068165525,0.001124866388974375,0.06795764795172665,0.06837340204827336,0.00020787704827335274,0.0,61.6,18.67336,71.1918007104,18.62106368831274,18.725656311687256,0.05229631168725746,0.0,308.0,93.3668,1779.7950177599998,93.10531844156371,93.62828155843629,0.2614815584362873,0.0,1.0,0.32708666666666664,0.08058097915555554,0.3253272352541814,0.3288460980791519,0.0017594314124852461,0.04141,0.04018345822692073,0.0426632297260459
T-discounted_distance_reverse-W-20-HS-greedy-D-5-C-5-H-4-RUNS-100000.csv,discounted_distance_reverse,20,greedy,5,5,4,100000,2.0,79.0,29.6923,188.58382071,29.607184572159944,29.777415427840054,0.08511542784005499,0.0,5.0,4.8466,0.17364844000000002,4.844017195618897,4.849182804381102,0.002582804381102477,0.0,0.195,0.06854155,0.0011615277985975,0.06833031256981557,0.06875278743018444,0.00021123743018443275,0.0,68.6,18.667412000000002,71.68216922225601,18.614935889122364,18.71988811087764,0.05247611087763815,0.0,343.0,93.33706,1792.0542305564002,93.0746794456118,93.59944055438818,0.2623805543881872,0.0,1.0,0.339765,0.074495994775,0.3380733031786764,0.34145669682132357,0.001691696821323585,0.01911,0.01827039740404365,0.019977656029387416
T-discounted_distance_reverse-W-20-HS-greedy-D-5-C-5-H-5-RUNS-100000.csv,discounted_distance_reverse,20,greedy,5,5,5,100000,2.0,84.0,29.92476,193.4427989424,29.83855502007325,30.010964979926747,0.08620497992674814,1.0,5.0,4.84642,0.17161318359999997,4.843852376183866,4.848987623816134,0.002567623816133846,0.0,0.205,0.06903997499999999,0.001188451664499375,0.0688263033847971,0.06925364661520288,0.00021367161520288724,0.0,66.6,18.759108,72.155891044336,18.706458776735463,18.81175722326454,0.052649223264538136,0.0,333.0,93.79554,1803.8972761084003,93.53229388367731,94.0587861163227,0.2632461163226907,0.0,1.0,0.349002,0.072756403996,0.3473301716547712,0.35067382834522876,0.0016718283452287763,0.00123,0.001022351368323853,0.0014673898395531825
T-discounted_distance_reverse-W-20-HS-random-D-1-C-5-H-1-RUNS-100000.csv,discounted_distance_reverse,20,random,1,5,1,100000,1.0,72.0,17.96251,103.12624449990001,17.89956798057968,18.025452019420324,0.06294201942032274,0.0,1.0,0.83938,0.13482121560000002,0.8371041942485156,0.8416558057514845,0.00227580575148445,0.0,0.175,0.04039995,0.0006195667899975,0.04024567337246185,0.040554226627538145,0.00015427662753814825,0.0,70.0,16.2775,102.30759375,16.214808305801327,16.340191694198673,0.06269169419867282,0.0,70.0,16.2775,102.30759375,16.214808305801327,16.340191694198673,0.06269169419867282,0.0,1.0,0.15437,0.13053990310000002,0.1521306204168365,0.1566093795831635,0.0022393795831635033,0.15437,0.1521357085692529,0.15662435754080928
T-discounted_distance_reverse-W-20-HS-random-D-1-C-5-H-2-RUNS-100000.csv,discounted_distance_reverse,20,random,1,5,2,100000,2.0,79.0,20.00715,119.7116188775,19.939335240907322,20.074964759092676,0.06781475909267698,0.0,1.0,0.94022,0.056206351599999996,0.9387505704497779,0.941689429550222,0.0014694295502220012,0.0,0.1925,0.044872725,0.0007342323635743751,0.04470477777472053,0.04504067222527947,0.0001679472252794703,0.0,78.0,18.1143,121.70047550999999,18.04592423333379,18.18267576666621,0.06837576666621104,0.0,78.0,18.1143,121.70047550999999,18.04592423333379,18.18267576666621,0.06837576666621104,0.0,1.0,0.15585,0.07732077749999998,0.1541265282165234,0.15757347178347658,0.0017234717834765934,0.04737,0.04606151905196761,0.04870481334884819
T-discounted_distance_reverse-W-20-HS-random-D-1-C-5-H-3-RUNS-100000.csv,discounted_distance_reverse,20,random,1,5,3,100000,2.0,76.0,20.47923,131.2458086071,20.408223387748393,20.55023661225161,0.0710066122516082,0.0,1.0,0.96353,0.0351399391,0.9623681325805129,0.9646918674194871,0.0011618674194870948,0.0,0.185,0.045892575000000005,0.000802528122369375,0.045716990489439016,0.046068159510560994,0.00017558451056098878,0.0,75.0,18.53418,133.28083172759997,18.46262501113376,18.60573498886624,0.07155498886623946,0.0,75.0,18.53418,133.28083172759997,18.46262501113376,18.60573498886624,0.07155498886623946,0.0,1.0,0.15461333333333332,0.05926360604444443,0.15310446929379784,0.1561221973728688,0.0015088640395354846,0.01848,0.01765425283319337,0.019333840941133645
T-discounted_distance_reverse-W-20-HS-random-D-1-C-5-H-4-RUNS-100000.csv,discounted_distance_reverse,20,random,1,5,4,100000,2.0,80.0,20.60806,136.4794630364,20.535651471137673,20.680468528862324,0.07240852886232574,0.0,1.0,0.96885,0.030179677499999988,0.9677732537481654,0.9699267462518346,0.001076746251834626,0.0,0.195,0.046163050000000004,0.0008331416896975,0.04598414787270293,0.04634195212729708,0.00017890212729707727,0.0,79.0,18.64588,138.34815902559998,18.572977442588563,18.718782557411433,0.07290255741143525,0.0,79.0,18.64588,138.34815902559998,18.572977442588563,18.718782557411433,0.07290255741143525,0.0,1.0,0.1551,0.050686490000000015,0.1537045888778428,0.15649541112215717,0.0013954111221571863,0.00667,0.006174854966260901,0.007194075101150741
T-discounted_distance_reverse-W-20-HS-random-D-1-C-5-H-5-RUNS-100000.csv,discounted_distance_reverse,20,random,1,5,5,100000,2.0,90.0,20.74013,139.9626775831,20.6668032912096,20.8134567087904,0.07332670879040037,0.0,1.0,0.97059,0.028545051900000007,0.9695428196364568,0.9716371803635431,0.001047180363543121,0.0,0.2125,0.046453925,0.0008523295395943749,0.0462729744774999,0.0466348755225001,0.0001809505225000979,0.0,89.0,18.76973,141.6456657271,18.69596374826811,18.84349625173189,0.07376625173188955,0.0,89.0,18.76973,141.6456657271,18.69596374826811,18.84349625173189,0.07376625173188955,0.0,1.0,0.155982,0.044854015675999996,0.15466932644339532,0.1572946735566047,0.0013126735566046932,0.00019,0.00011439616441041689,0.00029669270501901527
T-discounted_distance_reverse-W-20-HS-random-D-10-C-5-H-1-RUNS-100000.csv,discounted_distance_reverse,20,random,10,5,1,100000,1.0,79.0,25.10703,172.5858145791,25.02560484017289,25.188455159827114,0.08142515982711274,0.0,10.0,8.3836,6.407711040000001,8.367910556819547,8.399289443180452,0.0156894431804524,0.0,0.195,0.059355875,0.000999362165484375,0.05915993751775312,0.059551812482246884,0.0001959374822468815,0.0,55.3,16.28492,61.8245651936,16.236185489676437,16.333654510323562,0.048734510323562574,0.0,553.0,162.8492,6182.45651936,162.36185489676438,163.3365451032356,0.48734510323561153,0.0,1.0,0.45367,0.24785353110000002,0.45058430052488296,0.45675569947511707,0.003085699475117054,0.45367,0.4505807383378991,0.4567619492502162
T-discounted_distance_reverse-W-20-HS-random-D-10-C-5-H-2-RUNS-100000.csv,discounted_distance_reverse,20,random,10,5,2,100000,2.0,82.0,30.82046,161.9910253884,30.741573706949048,30.899346293050954,0.07888629305095307,0.0,10.0,9.40585,1.4586357775,9.3983643502601,9.413335649739897,0.007485649739898292,0.0,0.2,0.072241,0.000983115294,0.07204666174557153,0.07243533825442847,0.00019433825442846664,0.0,57.0,18.079745,60.82869623497499,18.031404590459296,18.128085409540702,0.04834040954070318,0.0,570.0,180.79745,6082.8696234975005,180.31404590459297,181.28085409540702,0.48340409540702467,0.0,1.0,0.452835,0.13698796277499997,0.4505409796038473,0.45512902039615266,0.002294020396152674,0.23126,0.22864952974487282,0.23388606580992985
T-discounted_distance_reverse-W-20-HS-random-D-10-C-5-H-3-RUNS-100000.csv,discounted_distance_reverse,20,random,10,5,3,100000,2.0,83.0,32.97765,171.8196704775,32.896405772752374,33.05889422724762,0.08124422724762326,1.0,10.0,9.63816,0.5588918143999999,9.63352638500283,9.642793614997169,0.004633614997169744,0.0,0.205,0.07703505000000001,0.0010621119464975,0.07683305472149912,0.0772370452785009,0.0002019952785008855,0.0,59.1,18.503398,62.199245053595995,18.45451603811242,18.55227996188758,0.04888196188758087,0.0,591.0,185.03398,6219.9245053596,184.5451603811242,185.52279961887584,0.4888196188758229,0.0,1.0,0.45186333333333334,0.1007184168777778,0.44989630544772097,0.4538303612189457,0.0019670278856123713,0.11807,0.11607607413371748,0.12008610725074749
T-discounted_distance_reverse-W-20-HS-random-D-10-C-5-H-4-RUNS-100000.csv,discounted_distance_reverse,20,random,10,5,4,100000,2.0,85.0,33.95394,182.5755584764,33.8701914319261,34.037688568073904,0.08374856807390074,4.0,10.0,9.69198,0.3971836796,9.68807382434656,9.695886175653438,0.0039061756534390923,0.0,0.205,0.079178775,0.001132408776999375,0.0789702021935817,0.07938734780641832,0.00020857280641831122,0.0,61.9,18.634377,62.690849521870994,18.585302244012507,18.683451755987495,0.049074755987494,0.0,619.0,186.34377,6269.0849521871,185.85302244012505,186.83451755987497,0.4907475598749613,0.0,1.0,0.4539375,0.08289512109375001,0.4521529835467451,0.4557220164532549,0.0017845164532548918,0.05031,0.048963286262817846,0.05168287142035959
T-discounted_distance_reverse-W-20-HS-random-D-10-C-5-H-5-RUNS-100000.csv,discounted_distance_reverse,20,random,10,5,5,100000,2.0,83.0,34.6018,193.08635676000003,34.515674478339506,34.68792552166049,0.0861255216604917,4.0,10.0,9.69313,0.39734080310000003,9.689223051793038,9.697036948206962,0.003906948206962468,0.0,0.2025,0.08062435,0.0011963734370775,0.08040996744017115,0.08083873255982885,0.00021438255982884902,0.0,62.5,18.753034,63.528201194844,18.703632589320737,18.802435410679262,0.049401410679262625,0.0,625.0,187.53034,6352.8201194844005,187.03632589320736,188.02435410679263,0.49401410679263336,0.0,1.0,0.45501400000000003,0.07146665980400001,0.4533570560652121,0.45667094393478797,0.0016569439347879356,0.00194,0.001676812500951463,0.0022327117814838707
T-discounted_distance_reverse-W-20-HS-random-D-5-C-5-H-1-RUNS-100000.csv,discounted_distance_reverse,20,random,5,5,1,100000,1.0,81.0,22.96244,151.6408492464,22.886115463547757,23.038764536452245,0.07632453645224402,0.0,5.0,4.19195,1.8003051974999997,4.183633719312868,4.200266280687132,0.008316280687131972,0.0,0.2,0.05358710000000001,0.0008877898385899999,0.05340242370363452,0.0537717762963655,0.00018467629636548938,0.0,60.4,16.280677999999998,66.049673060316,16.2303057433473,16.331050256652695,0.050372256652696734,0.0,302.0,81.40339,1651.2418265079,81.15152871673652,81.65525128326348,0.2518612832634801,0.0,1.0,0.3498,0.22743996000000002,0.34684410191255516,0.35275589808744484,0.0029558980874448415,0.3498,0.3468435471820983,0.3527651666906885
T-discounted_distance_reverse-W-20-HS-random-D-5-C-5-H-2-RUNS-100000.csv,discounted_distance_reverse,20,random,5,5,2,100000,2.0,80.0,27.48305,158.1952326975,27.40509342196256,27.561006578037436,0.07795657803743694,0.0,5.0,4.70094,0.4783631164,4.696653183292976,4.705226816707024,0.0042868167070242436,0.0,0.1925,0.063716575,0.0009662356327693751,0.06352391232050947,0.06390923767949053,0.0001926626794905295,0.0,66.6,18.09733,67.2272960711,18.046510674877883,18.148149325122116,0.05081932512211651,0.0,333.0,90.48665,1680.6824017775,90.23255337438941,90.74074662561058,0.2540966256105861,0.0,1.0,0.348165,0.13069863277500002,0.34592425934640253,0.3504057406535975,0.0022407406535974728,0.15567,0.15342799082132075,0.15793199961387427
T-discounted_distance_reverse-W-20-HS-random-D-5-C-5-H-3-RUNS-100000.csv,discounted_distance_reverse,20,random,5,5,3,100000,2.0,81.0,28.9242,173.54075436,28.842549882918064,29.005850117081934,0.08165011708193504,0.0,5.0,4.81569,0.22383982390000004,4.812757589613485,4.818622410386515,0.0029324103865153717,0.0,0.1925,0.0668551,0.00106743235399,0.06665259942886283,0.06705760057113717,0.00020250057113717357,0.0,64.4,18.520144000000002,69.770514219264,18.46837234680786,18.571915653192143,0.05177165319214083,0.0,322.0,92.60072,1744.2628554816001,92.3418617340393,92.85957826596069,0.25885826596069705,0.0,1.0,0.34907333333333335,0.09857669684444444,0.3471273316925385,0.3510193349741282,0.0019460016407948366,0.07291,0.07130600622006968,0.07453881764775093
T-discounted_distance_reverse-W-20-HS-random-D-5-C-5-H-4-RUNS-100000.csv,discounted_distance_reverse,20,random,5,5,4,100000,2.0,84.0,29.59189,186.89387622790002,29.507156800195137,29.67662319980486,0.08473319980486238,0.0,5.0,4.84476,0.17300054240000004,4.842182018456847,4.847337981543153,0.0025779815431530295,0.0,0.205,0.068305925,0.001149774047394375,0.06809575906602235,0.06851609093397766,0.00021016593397765737,0.0,68.2,18.683936,72.106409147904,18.631304832296575,18.736567167703424,0.05263116770342435,0.0,341.0,93.41968,1802.6602286976001,93.15652416148288,93.68283583851712,0.26315583851712177,0.0,1.0,0.3497725,0.08233607324375,0.3479940111499557,0.35155098885004427,0.0017784888500442797,0.02906,0.028027577382648803,0.03011985641643206
T-discounted_distance_reverse-W-20-HS-random-D-5-C-5-H-5-RUNS-100000.csv,discounted_distance_reverse,20,random,5,5,5,100000,2.0,81.0,29.94831,193.1845781439,29.862162575465216,30.034457424534782,0.08614742453478286,0.0,5.0,4.84805,0.16888119750000002,4.8455028957455255,4.850597104254474,0.0025471042544742417,0.0,0.195,0.06912805,0.0011879900781974998,0.06891441988310625,0.06934168011689375,0.000213630116893751,0.0,65.8,18.77985,72.5131575775,18.727070596237763,18.832629403762237,0.05277940376223711,0.0,329.0,93.89925,1812.8289394375,93.63535298118882,94.16314701881117,0.26389701881117844,0.0,1.0,0.34948,0.07246372960000001,0.3478115376431236,0.3511484623568764,0.001668462356876399,0.00109,0.000895086234512055,0.001314716554639453
T-discounted_distance_reverse-W-20-HS-weighted-D-1-C-5-H-1-RUNS-100000.csv,discounted_distance_reverse,20,weighted,1,5,1,100000,1.0,74.0,19.3451,115.76246599,19.27841318800938,19.411786811990616,0.06668681199061766,0.0,1.0,0.91025,0.08169493749999998,0.9084784490639556,0.9120215509360444,0.0017715509360444193,0.0,0.18,0.0434074,0.00070309662524,0.04324305231989706,0.04357174768010294,0.00016434768010294143,0.0,73.0,17.5149,116.49701798999999,17.4480019473893,17.5817980526107,0.06689805261069992,0.0,73.0,17.5149,116.49701798999999,17.4480019473893,17.5817980526107,0.06689805261069992,0.0,1.0,0.08005,0.0736419975,0.0783680276530335,0.0817319723469665,0.001681972346966501,0.08005,0.07837525526110671,0.08174914942187544
T-discounted_distance_reverse-W-20-HS-weighted-D-1-C-5-H-2-RUNS-100000.csv,discounted_distance_reverse,20,weighted,1,5,2,100000,2.0,79.0,20.40115,129.28522867750002,20.330675739841595,20.471624260158407,0.07047426015840585,0.0,1.0,0.96237,0.036213983100000006,0.9611905101209549,0.963549489879045,0.001179489879045037,0.0,0.195,0.045707475,0.000790525416624375,0.04553320846734085,0.04588174153265914,0.00017426653265914527,0.0,78.0,18.45992,131.2174535936,18.388921058477948,18.530918941522053,0.07099894152205266,0.0,78.0,18.45992,131.2174535936,18.388921058477948,18.530918941522053,0.07099894152205266,0.0,1.0,0.10106,0.0508868764,0.09966183325608767,0.10245816674391232,0.0013981667439123269,0.02114,0.020257327985536092,0.022050596635502143
T-discounted_distance_reverse-W-20-HS-weighted-D-1-C-5-H-3-RUNS-100000.csv,discounted_distance_reverse,20,weighted,1,5,3,100000,2.0,81.0,20.66691,136.5012010519,20.594495704866997,20.739324295133006,0.07241429513300446,0.0,1.0,0.96779,0.031172515900000006,0.9666956858902425,0.9688843141097576,0.001094314109757577,0.0,0.195,0.046318625,0.0008342167906093749,0.046139607480667255,0.04649764251933275,0.000179017519332747,0.0,80.0,18.70928,138.4993818816,18.63633761003118,18.78222238996882,0.0729423899688193,0.0,80.0,18.70928,138.4993818816,18.63633761003118,18.78222238996882,0.0729423899688193,0.0,1.0,0.12245666666666666,0.046623253677777796,0.12111835470255458,0.12379497863077873,0.0013383119641120766,0.01016,0.009547687411029808,0.010800968481114242
T-discounted_distance_reverse-W-20-HS-weighted-D-1-C-5-H-4-RUNS-100000.csv,discounted_distance_reverse,20,weighted,1,5,4,100000,2.0,79.0,20.68621,138.3681058359,20.613302187292497,20.7591178127075,0.07290781270750202,0.0,1.0,0.96947,0.029597919099999998,0.9684036821955226,0.9705363178044775,0.0010663178044774124,0.0,0.1925,0.04634385,0.0008440576921774999,0.04616377967956187,0.04652392032043813,0.00018007032043813181,0.0,78.0,18.7211,140.23531479,18.647701908383304,18.794498091616695,0.07339809161669564,0.0,78.0,18.7211,140.23531479,18.647701908383304,18.794498091616695,0.07339809161669564,0.0,1.0,0.1401625,0.04492134859375001,0.1388488415483553,0.14147615845164468,0.0013136584516446892,0.00436,0.003961072408446596,0.004788080815954715
T-discounted_distance_reverse-W-20-HS-weighted-D-1-C-5-H-5-RUNS-100000.csv,discounted_distance_reverse,20,weighted,1,5,5,100000,2.0,83.0,20.67697,139.59146161910002,20.6037405961409,20.750199403859103,0.07322940385910215,0.0,1.0,0.97055,0.0285826975,0.9695021293461691,0.971597870653831,0.0010478706538309401,0.0,0.2,0.04630057500000001,0.0008498305671693749,0.046119889939554,0.04648126006044602,0.00018068506044600918,0.0,82.0,18.70657,141.27938883509998,18.632899184872915,18.780240815127083,0.07367081512708396,0.0,82.0,18.70657,141.27938883509998,18.632899184872915,18.780240815127083,0.07367081512708396,0.0,1.0,0.15398799999999999,0.044700495856,0.1526775747832081,0.15529842521679188,0.001310425216791894,0.00015,8.39562141086879e-05,0.00024739013994686286
T-discounted_distance_reverse-W-20-HS-weighted-D-10-C-5-H-1-RUNS-100000.csv,discounted_distance_reverse,20,weighted,10,5,1,100000,1.0,84.0,26.58903,181.3872136591,26.505554427525606,26.672505572474396,0.08347557247439497,0.0,10.0,9.11377,1.7193863871,9.10564276507988,9.121897234920121,0.008127234920120685,0.0,0.205,0.06284935,0.0010542138295775,0.06264810716540196,0.06305059283459803,0.00020124283459803383,0.0,59.1,17.500261000000002,64.797482431879,17.45036851474317,17.550153485256832,0.0498924852568301,0.0,591.0,175.00261,6479.7482431879,174.5036851474317,175.5015348525683,0.4989248525683081,0.0,1.0,0.42383,0.24419813110000008,0.42076713934297727,0.4268928606570227,0.0030628606570227146,0.42383,0.42076444170067184,0.4268999769665922
T-discounted_distance_reverse-W-20-HS-weighted-D-10-C-5-H-2-RUNS-100000.csv,discounted_distance_reverse,20,weighted,10,5,2,100000,2.0,83.0,32.24314,169.28100294040001,32.16249820556958,32.32378179443042,0.08064179443042008,1.0,10.0,9.61754,0.5034043483999999,9.613142411860107,9.621937588139893,0.004397588139893216,0.0,0.195,0.075469325,0.001039572046544375,0.0752694845643018,0.07566916543569821,0.00019984043569820642,0.0,57.8,18.512418999999998,63.227584468439,18.46313461215821,18.561703387841785,0.049284387841787236,0.0,578.0,185.12419,6322.758446843901,184.63134612158214,185.61703387841786,0.49284387841785815,0.0,1.0,0.439535,0.11216648377499999,0.4374591898832744,0.4416108101167256,0.002075810116725585,0.17118,0.1688500025524629,0.1735290853302727
T-discounted_distance_reverse-W-20-HS-weighted-D-10-C-5-H-3-RUNS-100000.csv,discounted_distance_reverse,20,weighted,10,5,3,100000,2.0,83.0,33.70539,178.2434349479,33.62264098310579,33.78813901689421,0.08274901689421199,3.0,10.0,9.68312,0.4057270656,9.67917203711364,9.687067962886362,0.003947962886361012,0.0,0.2025,0.078685825,0.001107155881569375,0.07847959090886478,0.07889205909113522,0.00020623409113522395,0.0,59.1,18.669729,63.604739366558995,18.620297839104207,18.719160160895793,0.049431160895792914,0.0,591.0,186.69729,6360.473936655901,186.20297839104208,187.19160160895794,0.49431160895792914,0.0,1.0,0.44626666666666664,0.08534828444444445,0.44445593761592,0.4480773957174133,0.00181072905074664,0.08629,0.08455668249900393,0.08804735639656813
T-discounted_distance_reverse-W-20-HS-weighted-D-10-C-5-H-4-RUNS-100000.csv,discounted_distance_reverse,20,weighted,10,5,4,100000,2.0,86.0,34.2005,185.42317975,34.11610084791139,34.284899152088606,0.08439915208860782,3.0,10.0,9.69474,0.39519633239999996,9.69084360906665,9.698636390933348,0.0038963909333489255,0.0,0.2125,0.079738125,0.0011514987339843752,0.0795278014983062,0.07994844850169382,0.00021032350169380987,0.0,61.3,18.673589,62.907013959078995,18.624429709441124,18.722748290558876,0.04915929055887602,0.0,613.0,186.73589,6290.7013959079,186.24429709441125,187.22748290558877,0.49159290558876023,0.0,1.0,0.4514175,0.07551161569374999,0.4497143105717534,0.4531206894282467,0.0017031894282466542,0.03885,0.037660715494717854,0.04006612587227307
T-discounted_distance_reverse-W-20-HS-weighted-D-10-C-5-H-5-RUNS-100000.csv,discounted_distance_reverse,20,weighted,10,5,5,100000,2.0,85.0,34.50712,192.5864693056,34.421106037151844,34.59313396284816,0.08601396284815621,4.0,10.0,9.69444,0.39933308640000004,9.690523269239897,9.698356730760104,0.0039167307601033485,0.0,0.21,0.08037857500000001,0.001193087868469375,0.08016448701912504,0.08059266298087497,0.00021408798087496628,0.0,60.4,18.726297,63.746746967791005,18.676810688443016,18.77578331155698,0.0494863115569828,0.0,604.0,187.26297,6374.6746967791,186.76810688443018,187.7578331155698,0.49486311556981377,0.0,1.0,0.4542860000000001,0.071506230204,0.4526285974117564,0.4559434025882438,0.001657402588243706,0.00209,0.0018164780693000345,0.002393012299868498
T-discounted_distance_reverse-W-20-HS-weighted-D-5-C-5-H-1-RUNS-100000.csv,discounted_distance_reverse,20,weighted,5,5,1,100000,1.0,84.0,24.77575,162.4731419375,24.69674640374849,24.854753596251506,0.07900359625150699,0.0,5.0,4.56011,0.6041267879,4.555292517806575,4.564927482193425,0.004817482193424816,0.0,0.2,0.05767219999999999,0.0009598459721599999,0.05748017541077638,0.057864224589223606,0.00019202458922361332,0.0,62.0,17.462122,70.214647657116,17.4101858285547,17.514058171445303,0.05193617144530194,0.0,310.0,87.31061,1755.3661914279003,87.05092914277348,87.57029085722651,0.25968085722651324,0.0,1.0,0.27586,0.1997612604,0.2730897962927744,0.2786302037072256,0.0027702037072255825,0.27586,0.2730913790774786,0.2786416263823266
T-discounted_distance_reverse-W-20-HS-weighted-D-5-C-5-H-2-RUNS-100000.csv,discounted_distance_reverse,20,weighted,5,5,2,100000,2.0,80.0,28.56653,172.3251337591,28.48516635739171,28.64789364260829,0.08136364260829154,0.0,5.0,4.80844,0.2131047664,4.8055787707701025,4.811301229229898,0.0028612292298975106,0.0,0.195,0.066076675,0.001059370833444375,0.06587494054598285,0.06627840945401715,0.0002017344540171523,0.0,68.6,18.468412,71.132704598256,18.416137398329145,18.520686601670857,0.05227460167085596,0.0,343.0,92.34206,1778.3176149564001,92.08068699164572,92.60343300835429,0.26137300835428334,0.0,1.0,0.30828,0.1067134416,0.3062552769146114,0.3103047230853886,0.002024723085388591,0.09522,0.09340754426107567,0.09705597188944534
T-discounted_distance_reverse-W-20-HS-weighted-D-5-C-5-H-3-RUNS-100000.csv,discounted_distance_reverse,20,weighted,5,5,3,100000,2.0,86.0,29.45781,182.72776000390002,29.374026531294593,29.541593468705404,0.08378346870540554,0.0,5.0,4.83865,0.17855617749999997,4.836030951677643,4.841269048322357,0.0026190483223569316,0.0,0.21,0.068044225,0.0011267192566493751,0.06783617681576509,0.06825227318423491,0.00020804818423490745,0.0,64.6,18.662146,72.157641474684,18.609496138130368,18.714795861869632,0.052649861869632275,0.0,323.0,93.31073,1803.9410368671,93.04748069065184,93.57397930934818,0.2632493093481685,0.0,1.0,0.32913,0.08421233198888887,0.32733136136322905,0.3309286386367709,0.0017986386367709328,0.04669,0.04539055663065104,0.04801581623836175
T-discounted_distance_reverse-W-20-HS-weighted-D-5-C-5-H-4-RUNS-100000.csv,discounted_distance_reverse,20,weighted,5,5,4,100000,2.0,82.0,29.70116,188.83285465439997,29.61598839120691,29.786331608793095,0.08517160879309316,1.0,5.0,4.84721,0.17044521590000003,4.844651128488177,4.849768871511822,0.002558871511822325,0.0,0.1975,0.0685618,0.00116192095576,0.06835052682272358,0.06877307317727643,0.00021127317727642758,0.0,69.0,18.70758,71.8720753436,18.655034423150948,18.760125576849052,0.05254557684905237,0.0,345.0,93.5379,1796.8018835900002,93.27517211575473,93.80062788424526,0.2627278842452654,0.0,1.0,0.33909,0.07572922189999999,0.33738435824731267,0.34079564175268734,0.0017056417526873369,0.01914,0.018299743693939084,0.02000830782350069
T-discounted_distance_reverse-W-20-HS-weighted-D-5-C-5-H-5-RUNS-100000.csv,discounted_distance_reverse,20,weighted,5,5,5,100000,2.0,83.0,29.88987,194.9545213831,29.803328836999647,29.97641116300035,0.08654116300035142,1.0,5.0,4.84734,0.1697549244,4.8447863153726916,4.849893684627308,0.002553684627308428,0.0,0.205,0.06896785,0.0011979651663775,0.06875332487365915,0.06918237512634084,0.00021452512634084764,0.0,65.0,18.717262,72.20289962335599,18.664595629402335,18.76992837059767,0.052666370597666656,0.0,325.0,93.58631,1805.0724905839002,93.32297814701165,93.84964185298834,0.26333185298834394,0.0,1.0,0.348392,0.07272861433600002,0.3467204909667214,0.35006350903327854,0.001671509033278562,0.00123,0.001022351368323853,0.0014673898395531825
T-divide_over_risks-W-20-HS-greedy-D-1-C-5-H-1-RUNS-100000.csv,divide_over_risks,20,greedy,1,5,1,100000,1.0,40.0,20.17701,70.23099745990001,20.125067782118784,20.228952217881215,0.05194221788121567,0.0,1.0,0.90736,0.0840578304,0.9055630120722036,0.9091569879277965,0.0017969879277964784,0.0,0.0975,0.045905725,0.000440324224724375,0.04577566541589713,0.04603578458410287,0.00013005958410287205,0.0,39.0,18.36229,70.4518759559,18.310266166358854,18.41431383364115,0.05202383364114738,0.0,39.0,18.36229,70.4518759559,18.310266166358854,18.41431383364115,0.05202383364114738,0.0,1.0,0.09264,0.0840578304,0.0908430120722035,0.0944369879277965,0.0017969879277965062,0.09264,0.09084987751298121,0.09445378958768107
T-divide_over_risks-W-20-HS-greedy-D-1-C-5-H-2-RUNS-100000.csv,divide_over_risks,20,greedy,1,5,2,100000,2.0,72.0,21.42992,88.71574879360001,21.371541029422787,21.488298970577212,0.05837897057721264,0.0,1.0,0.97069,0.028450923900000008,0.9696445476134504,0.9717354523865497,0.001045452386549628,0.0,0.175,0.048686099999999996,0.00056125629179,0.048539262601135114,0.04883293739886488,0.00014683739886488245,0.0,70.0,19.48854,90.0829886684,19.429712896614866,19.547367103385135,0.058827103385134194,0.0,70.0,19.48854,90.0829886684,19.429712896614866,19.547367103385135,0.058827103385134194,0.0,1.0,0.067935,0.04400733577500001,0.0666347747075478,0.06923522529245218,0.0013002252924521895,0.02931,0.028273236047213393,0.03037418247286603
T-divide_over_risks-W-20-HS-greedy-D-1-C-5-H-3-RUNS-100000.csv,divide_over_risks,20,greedy,1,5,3,100000,2.0,94.0,21.77763,103.4425615831,21.71459152408428,21.840668475915717,0.0630384759157181,0.0,1.0,0.98325,0.016469437499999996,0.9824545819269088,0.9840454180730911,0.0007954180730911364,0.0,0.2325,0.049442425000000005,0.000648437297619375,0.04928459481522743,0.04960025518477258,0.00015783018477257688,0.0,93.0,19.81113,105.08481812309999,19.747593094401623,19.874666905598374,0.06353690559837588,0.0,93.0,19.81113,105.08481812309999,19.747593094401623,19.874666905598374,0.06353690559837588,0.0,1.0,0.05977666666666666,0.030865639011111105,0.0586877523503631,0.060865580982970215,0.0010889143163035561,0.01675,0.015963635933769208,0.01756456969571857
T-divide_over_risks-W-20-HS-greedy-D-1-C-5-H-4-RUNS-100000.csv,divide_over_risks,20,greedy,1,5,4,100000,2.0,115.0,22.05751,117.2021225999,21.990409800732056,22.124610199267945,0.0671001992679443,0.0,1.0,0.98685,0.0129770775,0.9861439352655457,0.9875560647344543,0.0007060647344543369,0.0,0.285,0.050084699999999996,0.00072674882591,0.049917610853445954,0.05025178914655404,0.00016708914655404195,0.0,115.0,20.08381,119.1151258839,20.01616440386872,20.151455596131278,0.0676455961312783,0.0,115.0,20.08381,119.1151258839,20.01616440386872,20.151455596131278,0.0676455961312783,0.0,1.0,0.057795,0.025274737975000003,0.056809629849220306,0.05878037015077969,0.0009853701507796936,0.01315,0.012453095878739745,0.013875349399058634
T-divide_over_risks-W-20-HS-greedy-D-1-C-5-H-5-RUNS-100000.csv,divide_over_risks,20,greedy,1,5,5,100000,2.0,128.0,22.21703,130.9442679791,22.146105004415332,22.28795499558467,0.07092499558466869,0.0,1.0,0.98878,0.011094111600000003,0.9881271666436022,0.9894328333563978,0.000652833356397764,0.0,0.3075,0.050420900000000005,0.00079963071819,0.050245632736456616,0.05059616726354339,0.00017526726354338829,0.0,128.0,20.23947,133.18810411910002,20.167939906977278,20.311000093022724,0.07153009302272295,0.0,128.0,20.23947,133.18810411910002,20.167939906977278,20.311000093022724,0.07153009302272295,0.0,1.0,0.05747,0.0216791991,0.0565574058335571,0.0583825941664429,0.0009125941664428969,0.01122,0.010576385225560427,0.011892194316707095
T-divide_over_risks-W-20-HS-greedy-D-10-C-5-H-1-RUNS-100000.csv,divide_over_risks,20,greedy,10,5,1,100000,1.0,151.0,44.50309,585.6100504519,44.35310068138644,44.653079318613564,0.14998931861356368,0.0,10.0,8.13044,6.4338054064,8.114718642918238,8.146161357081763,0.015721357081762477,0.0,0.4025,0.166834275,0.004695378997724375,0.16640956606487317,0.16725898393512684,0.00042470893512683294,0.0,62.3,22.924075999999996,71.31565554622401,22.871734217230742,22.97641778276925,0.05234178276925405,0.0,623.0,229.24076,7131.5655546224,228.71734217230747,229.76417782769252,0.5234178276925263,0.0,1.0,0.45035,0.2475348775,0.4472662847320091,0.45343371526799087,0.003083715267990894,0.45035,0.44726281875673046,0.4534400614274884
T-divide_over_risks-W-20-HS-greedy-D-10-C-5-H-2-RUNS-100000.csv,divide_over_risks,20,greedy,10,5,2,100000,2.0,141.0,49.50273,472.4895725471,49.36800376120826,49.63745623879174,0.1347262387917425,1.0,10.0,8.88846,3.2531388283999996,8.87728088638434,8.89963911361566,0.011179113615659375,0.0,0.3825,0.18438822500000002,0.003313487043849375,0.18403144647167113,0.1847450035283289,0.0003567785283288827,0.0,61.7,24.439845,56.747423475975005,24.393154433284085,24.48653556671591,0.046690566715913207,0.0,617.0,244.39845,5674.742347597499,243.93154433284087,244.86535566715912,0.46690566715912496,0.0,1.0,0.572565,0.12948682077499998,0.5703346713903793,0.5747953286096207,0.002230328609620691,0.34207,0.3391292892062305,0.3450198732312375
T-divide_over_risks-W-20-HS-greedy-D-10-C-5-H-3-RUNS-100000.csv,divide_over_risks,20,greedy,10,5,3,100000,2.0,140.0,50.75313,432.9271852031,50.62416748317142,50.88209251682858,0.1289625168285795,2.0,10.0,9.0258,2.6806543600000006,9.015652092930374,9.035947907069627,0.010147907069626427,0.0,0.3825,0.18940455,0.0029738750642975004,0.1890665494312578,0.1897425505687422,0.0003380005687421972,0.0,60.9,24.761795999999997,53.358038054384,24.716521256600423,24.80707074339957,0.045274743399573936,0.0,609.0,247.61796,5335.8038054384,247.16521256600427,248.07070743399575,0.45274743399573936,0.0,1.0,0.6782033333333333,0.07762134976666667,0.6764765149373703,0.6799301517292963,0.0017268183959630035,0.32517,0.3222667467460084,0.3280833964492534
T-divide_over_risks-W-20-HS-greedy-D-10-C-5-H-4-RUNS-100000.csv,divide_over_risks,20,greedy,10,5,4,100000,2.0,155.0,51.61859,404.5797764119,51.49392109172436,51.743258908275635,0.12466890827563759,2.0,10.0,9.09716,2.4126999344,9.087532628568509,9.106787371431492,0.009627371431491838,0.0,0.395,0.19201287499999997,0.002813737396734375,0.19168410070685504,0.1923416492931449,0.0003287742931449289,0.0,64.8,24.969762999999997,51.99558222383099,24.925070021952983,25.01445597804701,0.044692978047013554,0.0,648.0,249.69763,5199.5582223831,249.25070021952988,250.14455978047013,0.44692978047012843,0.0,1.0,0.7402225,0.05463377549375,0.7387737725862441,0.7416712274137559,0.0014487274137559014,0.31715,0.31426601872145316,0.320044589933384
T-divide_over_risks-W-20-HS-greedy-D-10-C-5-H-5-RUNS-100000.csv,divide_over_risks,20,greedy,10,5,5,100000,2.0,147.0,53.30685,364.68083307750004,53.18848793308874,53.42521206691126,0.11836206691125994,2.0,10.0,9.19944,2.0246436864000006,9.190620776005977,9.208259223994022,0.008819223994022352,0.0,0.3925,0.19747695000000004,0.0028547729686975005,0.19714578696105173,0.19780811303894835,0.00033116303894831223,0.0,66.1,25.438643,51.971172418551,25.393960513949747,25.48332548605025,0.04468248605025238,0.0,661.0,254.38643,5197.1172418551005,253.93960513949747,254.8332548605025,0.4468248605025167,0.0,1.0,0.769128,0.048300519616,0.7677658279251254,0.7704901720748747,0.0013621720748746569,0.30605,0.30319432794300366,0.3089169249678532
T-divide_over_risks-W-20-HS-greedy-D-5-C-5-H-1-RUNS-100000.csv,divide_over_risks,20,greedy,5,5,1,100000,1.0,154.0,43.1092,535.60597536,42.965757192060984,43.25264280793902,0.1434428079390173,0.0,5.0,4.41146,1.4610606683999998,4.403968130631327,4.418951869368673,0.007491869368672965,0.0,0.38,0.14175085,0.0039366383992775,0.14136196711178475,0.14213973288821527,0.0003888828882152584,0.0,82.0,23.539548000000003,84.49787355569599,23.482573704826518,23.59652229517349,0.056974295173485956,0.0,410.0,117.69774,2112.4468388924,117.41286852413256,117.98261147586743,0.28487147586743333,0.0,1.0,0.23708,0.18087307360000002,0.23444401441669013,0.2397159855833099,0.00263598558330988,0.23708,0.234446717102253,0.2397285403742434
T-divide_over_risks-W-20-HS-greedy-D-5-C-5-H-2-RUNS-100000.csv,divide_over_risks,20,greedy,5,5,2,100000,2.0,138.0,45.9523,480.24840471,45.81647208418245,46.08812791581755,0.1358279158175506,0.0,5.0,4.68051,0.6648561399000001,4.675456178330174,4.685563821669826,0.005053821669825709,0.0,0.3725,0.15055532500000002,0.0035039964266443753,0.15018843329019183,0.1509222167098082,0.0003668917098081925,0.0,74.8,24.543547999999998,75.15549237169598,24.489815575943837,24.59728042405616,0.053732424056160966,0.0,374.0,122.71774,1878.8873092923998,122.4490778797192,122.98640212028081,0.2686621202808084,0.0,1.0,0.387355,0.12424860397500001,0.38517024958626767,0.38953975041373234,0.0021847504137323392,0.16123,0.15895559597250528,0.16352407085346063
T-divide_over_risks-W-20-HS-greedy-D-5-C-5-H-3-RUNS-100000.csv,divide_over_risks,20,greedy,5,5,3,100000,2.0,149.0,46.8325,465.47906375,46.69877698884254,46.96622301115747,0.1337230111574641,0.0,5.0,4.73988,0.5173575856,4.735421882795573,4.744338117204427,0.0044581172044271256,0.0,0.3675,0.152832275,0.003445862280824375,0.1524684395352908,0.15319611046470918,0.0003638354647091946,0.0,74.4,24.841558,74.985888532636,24.78788623932579,24.89522976067421,0.05367176067420942,0.0,372.0,124.20779,1874.6472133159,123.93943119662895,124.47614880337106,0.2683588033710578,0.0,1.0,0.49375333333333327,0.09732320137777777,0.49181974389807853,0.495686922768588,0.0019335894352547345,0.14131,0.13915642423015817,0.14348440238240576
T-divide_over_risks-W-20-HS-greedy-D-5-C-5-H-4-RUNS-100000.csv,divide_over_risks,20,greedy,5,5,4,100000,2.0,150.0,47.73124,449.7262880624,47.599799195520546,47.86268080447945,0.13144080447945328,0.0,5.0,4.78789,0.3909793479,4.784014453247743,4.791765546752257,0.0038755467522566533,0.0,0.365,0.155142275,0.0034447123203243746,0.15477850025032985,0.15550604974967014,0.00036377474967014267,0.0,77.8,25.15058,75.7544376636,25.096633892844018,25.204526107155985,0.05394610715598347,0.0,389.0,125.7529,1893.8609415899998,125.48316946422008,126.02263053577991,0.2697305357799138,0.0,1.0,0.5204625,0.09986691109374998,0.5185038047055304,0.5224211952944697,0.001958695294469681,0.12672,0.12466404243978917,0.12879763443529038
T-divide_over_risks-W-20-HS-greedy-D-5-C-5-H-5-RUNS-100000.csv,divide_over_risks,20,greedy,5,5,5,100000,2.0,147.0,48.82337,449.69239184310004,48.6919341490116,48.95480585098839,0.13143585098839594,0.0,5.0,4.81883,0.3039074311,4.81541314356855,4.82224685643145,0.003416856431449844,0.0,0.36,0.158074475,0.003602917665974375,0.15770244047867693,0.15844650952132305,0.00037203452132306136,0.0,80.6,25.520276000000003,78.894384883824,25.46522323722013,25.575328762779876,0.05505276277987292,0.0,403.0,127.60138,1972.3596220956001,127.32611618610063,127.87664381389938,0.2752638138993717,0.0,1.0,0.530008,0.106465119936,0.527985634047097,0.5320303659529031,0.00202236595290306,0.11863,0.11663195712844573,0.12065019158298444
T-divide_over_risks-W-20-HS-random-D-1-C-5-H-1-RUNS-100000.csv,divide_over_risks,20,random,1,5,1,100000,1.0,127.0,21.17617,103.8263541311,21.11301468969041,21.23932531030959,0.06315531030958965,0.0,1.0,0.94216,0.05449453440000001,0.9407131198966361,0.9436068801033639,0.0014468801033639123,0.0,0.31,0.0481451,0.0006404489709899999,0.04798824501069602,0.04830195498930399,0.0001568549893039839,0.0,127.0,19.29185,104.40097357750001,19.22852016658041,19.35517983341959,0.06332983341959064,0.0,127.0,19.29185,104.40097357750001,19.22852016658041,19.35517983341959,0.06332983341959064,0.0,1.0,0.05784,0.05449453440000001,0.056393119896636076,0.05928688010336393,0.0014468801033639261,0.05784,0.05640098631556473,0.05930472541313016
T-divide_over_risks-W-20-HS-random-D-1-C-5-H-2-RUNS-100000.csv,divide_over_risks,20,random,1,5,2,100000,2.0,122.0,21.95182,115.8238386876,21.885115512991835,22.018524487008168,0.06670448700816678,0.0,1.0,0.98266,0.0170393244,0.9818509371556235,0.9834690628443764,0.0008090628443764292,0.0,0.2825,0.049841975000000004,0.0007163562155993751,0.04967608485448658,0.050007865145513426,0.00016589014551342263,0.0,122.0,19.9865,117.71673774999998,19.91925264914211,20.05374735085789,0.06724735085789035,0.0,122.0,19.9865,117.71673774999998,19.91925264914211,20.05374735085789,0.06724735085789035,0.0,1.0,0.057655,0.034173400975,0.056509222808808095,0.0588007771911919,0.0011457771911919032,0.01734,0.01653997381837877,0.018168193471469394
T-divide_over_risks-W-20-HS-random-D-1-C-5-H-3-RUNS-100000.csv,divide_over_risks,20,random,1,5,3,100000,2.0,134.0,22.09924,122.9521514224,22.030513514210003,22.16796648579,0.06872648578999829,0.0,1.0,0.9873,0.012538709999999996,0.9866059631974022,0.9879940368025977,0.0006940368025977195,0.0,0.3025,0.050151225,0.000754485568499375,0.049980977187680804,0.0503214728123192,0.0001702478123191964,0.0,134.0,20.12464,125.01286487039998,20.05533996957532,20.193940030424677,0.06930003042467803,0.0,134.0,20.12464,125.01286487039998,20.05533996957532,20.193940030424677,0.06930003042467803,0.0,1.0,0.05755,0.02717799749999999,0.056528202587613374,0.05857179741238662,0.0010217974123866227,0.0127,0.012015137261242901,0.013413338865734595
T-divide_over_risks-W-20-HS-random-D-1-C-5-H-4-RUNS-100000.csv,divide_over_risks,20,random,1,5,4,100000,2.0,129.0,22.15084,127.1642872944,22.080946200126892,22.220733799873106,0.06989379987310684,0.0,1.0,0.98865,0.011221177499999999,0.9879934386891995,0.9893065613108005,0.0006565613108004964,0.0,0.2975,0.050271050000000005,0.0007783016568974998,0.05009813604321405,0.05044396395678596,0.00017291395678595278,0.0,129.0,20.17354,129.3074838684,20.103059674374414,20.244020325625584,0.07048032562558504,0.0,129.0,20.17354,129.3074838684,20.103059674374414,20.244020325625584,0.07048032562558504,0.0,1.0,0.0574825,0.02342513719375,0.05653386937091663,0.058431130629083367,0.0009486306290833676,0.01135,0.010702653341124295,0.012025916982057029
T-divide_over_risks-W-20-HS-random-D-1-C-5-H-5-RUNS-100000.csv,divide_over_risks,20,random,1,5,5,100000,2.0,125.0,22.18938,130.87167521560002,22.118474666807902,22.260285333192098,0.07090533319209769,0.0,1.0,0.98873,0.011142987099999996,0.9880757301837669,0.9893842698162331,0.0006542698162330662,0.0,0.3075,0.050361775,0.0008008536813493751,0.050186373759916816,0.05053717624008318,0.00017540124008318114,0.0,125.0,20.21192,133.10974991359998,20.140410950553928,20.28342904944607,0.07150904944607106,0.0,125.0,20.21192,133.10974991359998,20.140410950553928,20.28342904944607,0.07150904944607106,0.0,1.0,0.057893999999999994,0.021761484763999996,0.056979675550641984,0.058808324449358004,0.0009143244493580102,0.01127,0.01062494725367813,0.011943628739582195
T-divide_over_risks-W-20-HS-random-D-10-C-5-H-1-RUNS-100000.csv,divide_over_risks,20,random,10,5,1,100000,1.0,133.0,30.99794,354.1168357564,30.881304875091516,31.114575124908484,0.11663512490848404,0.0,10.0,6.16436,10.6641657904,6.144119580216705,6.184600419783296,0.020240419783295494,0.0,0.3775,0.138513825,0.004228556971369375,0.1381107812745655,0.13891686872543452,0.00040304372543450984,0.0,57.7,19.342842,56.498388163036005,19.29625399639745,19.389430003602552,0.046588003602551,0.0,577.0,193.42842,5649.8388163036,192.96253996397448,193.8943000360255,0.46588003602551,0.0,1.0,0.76855,0.1778808975,0.7659359088465855,0.7711640911534144,0.0026140911534144884,0.76855,0.7659231895277404,0.7711612259548694
T-divide_over_risks-W-20-HS-random-D-10-C-5-H-2-RUNS-100000.csv,divide_over_risks,20,random,10,5,2,100000,2.0,134.0,40.85477,375.19489824709996,40.734713816439715,40.97482618356029,0.12005618356028691,0.0,10.0,7.76172,6.225182641599999,7.74625563398132,7.77718436601868,0.015464366018679954,0.0,0.38,0.17144809999999996,0.00317680075639,0.17109875779261946,0.17179744220738047,0.00034934220738050414,0.0,70.0,22.609934,48.775026515643994,22.56664726509628,22.65322073490372,0.04328673490372026,0.0,700.0,226.09934,4877.5026515644,225.66647265096282,226.5322073490372,0.4328673490371955,0.0,1.0,0.76999,0.0967303999,0.7680623083642453,0.7719176916357546,0.0019276916357546803,0.60924,0.6062077587946691,0.6122659039524824
T-divide_over_risks-W-20-HS-random-D-10-C-5-H-3-RUNS-100000.csv,divide_over_risks,20,random,10,5,3,100000,2.0,138.0,46.56194,372.4263434364,46.4423275825449,46.6815524174551,0.11961241745510165,0.0,10.0,8.49196,3.9842153584,8.47958835430477,8.504331645695231,0.012371645695230526,0.0,0.3925,0.1853514,0.00286787326804,0.18501947799189414,0.18568332200810586,0.0003319220081058616,0.0,62.4,24.033158999999998,48.79134338071899,23.989865025277023,24.076452974722972,0.04329397472297458,0.0,624.0,240.33159,4879.1343380719,239.89865025277024,240.76452974722977,0.43293974722976714,0.0,1.0,0.7696033333333334,0.06984959821111113,0.7679652423209419,0.771241424345725,0.0016380910123915404,0.48476,0.4816579443413108,0.4878629397187901
T-divide_over_risks-W-20-HS-random-D-10-C-5-H-4-RUNS-100000.csv,divide_over_risks,20,random,10,5,4,100000,2.0,135.0,50.43355,367.0977043975,50.31479636674133,50.55230363325867,0.11875363325867028,0.0,10.0,8.9154,2.7881828399999997,8.905050563687745,8.925749436312255,0.010349436312255378,0.0,0.385,0.19283767500000001,0.002791873663094375,0.19251018054410582,0.1931651694558942,0.000327494455894195,0.0,62.8,24.872926,49.52935319852401,24.8293058253961,24.916546174603898,0.04362017460389822,0.0,628.0,248.72926,4952.9353198523995,248.29305825396105,249.16546174603897,0.4362017460389609,0.0,1.0,0.76909,0.0562905719,0.7676194699560668,0.7705605300439333,0.0014705300439332714,0.38433,0.3813134815361474,0.38735322877991757
T-divide_over_risks-W-20-HS-random-D-10-C-5-H-5-RUNS-100000.csv,divide_over_risks,20,random,10,5,5,100000,2.0,142.0,53.28836,367.2352485104001,53.16958412152808,53.40713587847191,0.11877587847191506,2.0,10.0,9.19188,2.0499620656,9.183005804672417,9.200754195327582,0.008874195327582157,0.0,0.3875,0.19748995,0.0028622547739975,0.19715835328801706,0.19782154671198293,0.0003315967119829344,0.0,63.0,25.461477000000002,51.999331478471,25.4167824106398,25.506171589360203,0.04469458936020132,0.0,630.0,254.61477,5199.9331478470995,254.167824106398,255.06171589360198,0.4469458936019919,0.0,1.0,0.76928,0.0487426816,0.7679116071995419,0.770648392800458,0.0013683928004580848,0.30758,0.30472031126450466,0.31045085284050083
T-divide_over_risks-W-20-HS-random-D-5-C-5-H-1-RUNS-100000.csv,divide_over_risks,20,random,5,5,1,100000,1.0,136.0,33.65564,338.1371361904,33.54166686183187,33.769613138168125,0.11397313816812726,0.0,5.0,3.71916,2.5077488944,3.7093448239176636,3.7289751760823364,0.009815176082336396,0.0,0.355,0.122204975,0.0032427931477493747,0.12185202296138294,0.12255792703861705,0.0003529520386170576,0.0,70.8,20.841312,66.31066051865601,20.790840321461587,20.89178367853841,0.05047167853841117,0.0,354.0,104.20656,1657.7665129664,103.95420160730794,104.45891839269206,0.2523583926920594,0.0,1.0,0.52816,0.24920701440000004,0.5250658867724031,0.5312541132275969,0.0030941132275968952,0.52816,0.5250601643858809,0.5312582020712211
T-divide_over_risks-W-20-HS-random-D-5-C-5-H-2-RUNS-100000.csv,divide_over_risks,20,random,5,5,2,100000,2.0,143.0,41.56492,361.3055253936,41.447106957158724,41.68273304284128,0.11781304284127714,0.0,5.0,4.37101,1.1044815798999998,4.364496186648864,4.377523813351136,0.0065138133511357665,0.0,0.365,0.14386834999999998,0.0031108008682774997,0.143522655733117,0.14421404426688295,0.00034569426688296767,0.0,73.0,23.557081999999998,64.84053924527599,23.507172941146454,23.60699105885354,0.0499090588535438,0.0,365.0,117.78541,1621.0134811318999,117.53586470573228,118.03495529426772,0.249545294267719,0.0,1.0,0.530035,0.159450398775,0.5275600360569616,0.5325099639430385,0.0024749639430384773,0.35074,0.34778169136296994,0.3537069679632873
T-divide_over_risks-W-20-HS-random-D-5-C-5-H-3-RUNS-100000.csv,divide_over_risks,20,random,5,5,3,100000,2.0,136.0,45.28727,391.7960659471,45.16458651427587,45.40995348572413,0.12268348572413146,0.0,5.0,4.60446,0.6506081084,4.5994606239297,4.609459376070301,0.004999376070300876,0.0,0.38,0.151777475,0.0032774553951243754,0.15142264162155442,0.15213230837844557,0.00035483337844557927,0.0,73.4,24.566104000000003,69.523147861184,24.514424204642093,24.617783795357912,0.05167979535790934,0.0,367.0,122.83052,1738.0786965296,122.57212102321047,123.08891897678954,0.25839897678953605,0.0,1.0,0.5298133333333334,0.12955338737777777,0.5275824315135518,0.5320442351531149,0.0022309018197815833,0.24574,0.2430740305253657,0.24842072395473266
T-divide_over_risks-W-20-HS-random-D-5-C-5-H-4-RUNS-100000.csv,divide_over_risks,20,random,5,5,4,100000,2.0,140.0,47.34824,423.1735089024,47.22073849601673,47.475741503983265,0.1275015039832681,0.0,5.0,4.72878,0.4438997116,4.724650490183953,4.732909509816047,0.004129509816046983,0.0,0.37,0.155725525,0.0034736286759743753,0.1553602266024998,0.15609082339750022,0.0003652983975002133,0.0,77.4,25.16429,75.15979879589999,25.110556036526763,25.21802396347324,0.05373396347323833,0.0,387.0,125.82145,1878.9949698974997,125.55278018263381,126.09011981736619,0.2686698173661881,0.0,1.0,0.5292825,0.11571566019374999,0.5271741042112537,0.5313908957887463,0.002108395788746331,0.17457,0.17222172769392047,0.17693716298783324
T-divide_over_risks-W-20-HS-random-D-5-C-5-H-5-RUNS-100000.csv,divide_over_risks,20,random,5,5,5,100000,2.0,144.0,48.86857,450.16673615509995,48.73706484673164,49.000075153268355,0.13150515326835688,0.0,5.0,4.81801,0.30378963989999996,4.814593805800836,4.821426194199164,0.0034161941991639466,0.0,0.38,0.158090875,0.0036046748042343744,0.1577187497693592,0.15846300023064078,0.0003721252306407852,0.0,75.2,25.510576,78.582944148224,25.455632006857908,25.565519993142093,0.05494399314209275,0.0,376.0,127.55288,1964.5736037056,127.27816003428954,127.82759996571046,0.2747199657104602,0.0,1.0,0.5315019999999999,0.106082023996,0.5294832758896197,0.5335207241103801,0.0020187241103801767,0.11998,0.11797209112400536,0.12200997882979582
T-divide_over_risks-W-20-HS-weighted-D-1-C-5-H-1-RUNS-100000.csv,divide_over_risks,20,weighted,1,5,1,100000,1.0,91.0,20.4705,76.60118975,20.416253236912826,20.524746763087176,0.0542467630871748,0.0,1.0,0.92031,0.07333950390000002,0.9186314856623125,0.9219885143376875,0.001678514337687509,0.0,0.2225,0.04656252500000001,0.000479391328124375,0.046426818341131604,0.04669823165886841,0.0001357066588684036,0.0,91.0,18.62988,76.87669118560001,18.575535773364727,18.684224226635273,0.05434422663527272,0.0,91.0,18.62988,76.87669118560001,18.575535773364727,18.684224226635273,0.05434422663527272,0.0,1.0,0.07969,0.07333950390000002,0.07801148566231253,0.08136851433768746,0.0016785143376874673,0.07969,0.07801872362514371,0.08138570217548609
T-divide_over_risks-W-20-HS-weighted-D-1-C-5-H-2-RUNS-100000.csv,divide_over_risks,20,weighted,1,5,2,100000,2.0,113.0,21.6479,95.67700559000001,21.58727386828483,21.70852613171517,0.06062613171517128,0.0,1.0,0.97481,0.024555463899999994,0.9738387519878102,0.9757812480121897,0.0009712480121897293,0.0,0.2725,0.049177849999999995,0.0006014936943775,0.04902584019188484,0.04932985980811515,0.00015200980811515274,0.0,113.0,19.69828,97.2120250416,19.637169467732658,19.759390532267343,0.06111053226734242,0.0,113.0,19.69828,97.2120250416,19.637169467732658,19.759390532267343,0.06111053226734242,0.0,1.0,0.06686,0.04155474039999999,0.06559652585811723,0.06812347414188277,0.00126347414188277,0.02519,0.02422755974984809,0.026180112021904123
T-divide_over_risks-W-20-HS-weighted-D-1-C-5-H-3-RUNS-100000.csv,divide_over_risks,20,weighted,1,5,3,100000,2.0,111.0,21.89032,108.19647029759999,21.82584926553115,21.954790734468848,0.06447073446884843,0.0,1.0,0.98519,0.014590663900000004,0.9844413245400159,0.9859386754599841,0.0007486754599841383,0.0,0.27,0.04969950000000001,0.0006749086997500001,0.049538480458920064,0.04986051954107995,0.0001610195410799431,0.0,109.0,19.91994,109.8768903964,19.85497054085597,19.98490945914403,0.06496945914403085,0.0,109.0,19.91994,109.8768903964,19.85497054085597,19.98490945914403,0.06496945914403085,0.0,1.0,0.06001,0.029791022122222222,0.058940209410282884,0.06107979058971712,0.0010697905897171164,0.01481,0.014070435803879568,0.015577897578311671
T-divide_over_risks-W-20-HS-weighted-D-1-C-5-H-4-RUNS-100000.csv,divide_over_risks,20,weighted,1,5,4,100000,2.0,120.0,22.06958,122.07371862359999,22.00109946280406,22.138060537195937,0.0684805371959385,0.0,1.0,0.98698,0.012850479599999997,0.9862773877140886,0.9876826122859114,0.000702612285911397,0.0,0.2975,0.050104525000000004,0.0007538630120243749,0.049934347441344555,0.05027470255865545,0.0001701775586554488,0.0,120.0,20.09562,124.1370568156,20.026563145346547,20.164676854653454,0.06905685465345357,0.0,120.0,20.09562,124.1370568156,20.026563145346547,20.164676854653454,0.06905685465345357,0.0,1.0,0.058565,0.025452640775,0.05757616803853617,0.05955383196146383,0.0009888319614638277,0.01302,0.012326552209488549,0.013741901954996343
T-divide_over_risks-W-20-HS-weighted-D-1-C-5-H-5-RUNS-100000.csv,divide_over_risks,20,weighted,1,5,5,100000,2.0,120.0,22.12909,130.3054857719,22.05833821174406,22.19984178825594,0.07075178825594008,0.0,1.0,0.98865,0.011221177500000004,0.9879934386891995,0.9893065613108005,0.0006565613108004964,0.0,0.2875,0.050208424999999994,0.0007977846215193751,0.050033360171949676,0.05038348982805031,0.00017506482805031837,0.0,120.0,20.15179,132.56802979589997,20.080426609997566,20.22315339000243,0.07136339000243197,0.0,120.0,20.15179,132.56802979589997,20.080426609997566,20.22315339000243,0.07136339000243197,0.0,1.0,0.056958,0.021631386236,0.056046412739425254,0.05786958726057475,0.0009115872605747477,0.01135,0.010702653341124295,0.012025916982057029
T-divide_over_risks-W-20-HS-weighted-D-10-C-5-H-1-RUNS-100000.csv,divide_over_risks,20,weighted,10,5,1,100000,1.0,140.0,40.16914,566.1949716604,40.021657980650836,40.31662201934916,0.14748201934916239,0.0,10.0,7.54965,8.4464948775,7.531636656412147,7.567663343587853,0.018013343587853115,0.0,0.375,0.156841275,0.004767440643874375,0.1564133193950886,0.1572692306049114,0.0004279556049114064,0.0,60.5,21.745317999999997,69.734428478876,21.693559736848645,21.79707626315135,0.05175826315135268,0.0,605.0,217.45318,6973.4428478876,216.9355973684865,217.9707626315135,0.5175826315135055,0.0,1.0,0.53241,0.24894959189999993,0.529317485242973,0.5355025147570271,0.0030925147570270983,0.53241,0.529311639516103,0.5355064803992807
T-divide_over_risks-W-20-HS-weighted-D-10-C-5-H-2-RUNS-100000.csv,divide_over_risks,20,weighted,10,5,2,100000,2.0,150.0,47.92869,473.5040048839,47.793819210532384,48.06356078946762,0.13487078946761955,0.0,10.0,8.66775,4.0651599375,8.655253313072699,8.680246686927301,0.012496686927301326,0.0,0.3875,0.1816041,0.0033256274881900004,0.18124666846028042,0.18196153153971956,0.000357431539719566,0.0,63.7,24.068702000000002,55.840142835196,24.022386182754087,24.115017817245917,0.04631581724591527,0.0,637.0,240.68702,5584.014283519599,240.22386182754084,241.15017817245914,0.4631581724591456,0.0,1.0,0.62036,0.1198734704,0.6182140598240197,0.6225059401759804,0.0021459401759803542,0.38908,0.3860564948180192,0.39210993990672766
T-divide_over_risks-W-20-HS-weighted-D-10-C-5-H-3-RUNS-100000.csv,divide_over_risks,20,weighted,10,5,3,100000,2.0,149.0,50.47522,427.6368059516,50.34704786754744,50.60339213245256,0.12817213245256198,0.0,10.0,8.97695,2.8488386974999997,8.96648859534273,8.987411404657271,0.010461404657270634,0.0,0.3775,0.189280175,0.002962058789469375,0.18894284659850338,0.1896175034014966,0.0003373284014966116,0.0,69.4,24.72869,52.8676212839,24.68362379826031,24.77375620173969,0.045066201739690115,0.0,694.0,247.2869,5286.76212839,246.8362379826031,247.7375620173969,0.45066201739689404,0.0,1.0,0.6912266666666665,0.07475680639999999,0.6895320111044173,0.6929213222289158,0.0016946555622492365,0.33964,0.33670441635802645,0.34258488709395174
T-divide_over_risks-W-20-HS-weighted-D-10-C-5-H-4-RUNS-100000.csv,divide_over_risks,20,weighted,10,5,4,100000,2.0,146.0,51.83711,396.8295168479,51.713640964532686,51.96057903546732,0.12346903546731625,0.0,10.0,9.1009,2.36611919,9.09136601684483,9.110433983155168,0.009533983155169068,0.0,0.395,0.1931471,0.00287128988659,0.19281498033439248,0.1934792196656075,0.0003321196656075054,0.0,63.5,25.06801,52.2309742399,25.023215970192446,25.112804029807556,0.04479402980755509,0.0,635.0,250.6801,5223.09742399,250.23215970192447,251.12804029807555,0.4479402980755367,0.0,1.0,0.740575,0.05521741937499999,0.739118554881669,0.742031445118331,0.0014564451183309846,0.32044,0.31754799437858405,0.3233424233302767
T-divide_over_risks-W-20-HS-weighted-D-10-C-5-H-5-RUNS-100000.csv,divide_over_risks,20,weighted,10,5,5,100000,2.0,154.0,53.38816,365.58817181439997,53.26965078006998,53.50666921993002,0.11850921993001862,2.0,10.0,9.19958,2.0324078236000003,9.190743882133457,9.208416117866541,0.008836117866541926,0.0,0.4025,0.19745705000000002,0.0028710614052974994,0.19712494354877405,0.197789156451226,0.00033210645122597193,0.0,66.4,25.449636,51.975650667504,25.404951588892292,25.49432041110771,0.04468441110770982,0.0,664.0,254.49636,5197.5650667504,254.0495158889229,254.9432041110771,0.4468441110770982,0.0,1.0,0.7689119999999999,0.04823033625599999,0.7675508179410487,0.7702731820589511,0.0013611820589511936,0.30494,0.3020872651902755,0.30780405214906625
T-divide_over_risks-W-20-HS-weighted-D-5-C-5-H-1-RUNS-100000.csv,divide_over_risks,20,weighted,5,5,1,100000,1.0,145.0,39.44497,506.8967316991001,39.30542450618184,39.58451549381815,0.1395454938181544,0.0,5.0,4.14733,2.0046438711000003,4.13855444309732,4.156105556902681,0.008775556902680393,0.0,0.3825,0.13344345,0.0038465597770975,0.13305904209113628,0.1338278579088637,0.0003844079088637098,0.0,72.4,22.416906,80.107837787164,22.36143147705089,22.472380522949113,0.055474522949111815,0.0,362.0,112.08453,2002.6959446791002,111.80715738525443,112.36190261474557,0.2773726147455733,0.0,1.0,0.3304,0.22123584000000002,0.32748469623719245,0.3333153037628076,0.002915303762807575,0.3304,0.3274847026123044,0.333325137059995
T-divide_over_risks-W-20-HS-weighted-D-5-C-5-H-2-RUNS-100000.csv,divide_over_risks,20,weighted,5,5,2,100000,2.0,143.0,45.06404,465.14361887840005,44.930365180894704,45.19771481910529,0.13367481910529477,0.0,5.0,4.62866,0.7867866044,4.62316225553571,4.63415774446429,0.0054977444642902995,0.0,0.3725,0.148546175,0.003412409330369375,0.14818410992734665,0.14890824007265335,0.0003620650726533503,0.0,76.8,24.29195,73.50107519750001,24.238812279830736,24.345087720169264,0.05313772016926421,0.0,384.0,121.45975,1837.5268799374999,121.19406139915367,121.72543860084633,0.2656886008463317,0.0,1.0,0.42042,0.1265170236,0.41821539618556586,0.4226246038144342,0.0022046038144341584,0.18612,0.18371186483096025,0.18854635413070073
T-divide_over_risks-W-20-HS-weighted-D-5-C-5-H-3-RUNS-100000.csv,divide_over_risks,20,weighted,5,5,3,100000,2.0,139.0,47.00251,453.1152836999,46.870574876781745,47.134445123218256,0.1319351232182555,0.0,5.0,4.74247,0.4983682990999999,4.738094463852483,4.746845536147517,0.004375536147517067,0.0,0.3725,0.15375785,0.0034020936883775005,0.15339633259912874,0.15411936740087126,0.0003615174008712585,0.0,78.2,24.980235999999998,74.595594184304,24.926704099733108,25.033767900266888,0.05353190026688992,0.0,391.0,124.90118,1864.8898546076,124.63352049866555,125.16883950133445,0.2676595013344496,0.0,1.0,0.48805,0.10190608638888887,0.4860714085275844,0.49002859147241556,0.0019785914724155806,0.1451,0.14292238688972675,0.1472982189745289
T-divide_over_risks-W-20-HS-weighted-D-5-C-5-H-4-RUNS-100000.csv,divide_over_risks,20,weighted,5,5,4,100000,2.0,137.0,48.0326,449.20261724000005,47.90123574404013,48.163964255959876,0.13136425595987333,0.0,5.0,4.79514,0.3710923804,4.791364303390704,4.798915696609296,0.0037756966092956645,0.0,0.37,0.156045075,0.003480863005744375,0.1556793964072048,0.15641075359279522,0.00036567859279521,0.0,75.0,25.250674000000004,76.035559745724,25.196627889472126,25.30472011052788,0.054046110527878,0.0,375.0,126.25337,1900.8889936430996,125.98313944736061,126.5236005526394,0.27023055263939,0.0,1.0,0.5174425,0.10057513419374998,0.5154768717657738,0.5194081282342262,0.001965628234226191,0.12539,0.12334336816008978,0.12745838626509415
T-divide_over_risks-W-20-HS-weighted-D-5-C-5-H-5-RUNS-100000.csv,divide_over_risks,20,weighted,5,5,5,100000,2.0,146.0,48.76881,449.36916118389996,48.63742139434471,48.90019860565529,0.13138860565528887,0.0,5.0,4.81997,0.29977919909999995,4.81657642994582,4.8233635700541795,0.0033935700541798397,0.0,0.3775,0.15775514999999998,0.0036000845234775004,0.15738326178150697,0.158127038218493,0.0003718882184930161,0.0,79.0,25.466864000000005,78.95181640550399,25.411791202912568,25.52193679708744,0.05507279708743695,0.0,395.0,127.33432,1973.7954101376,127.05895601456282,127.60968398543719,0.2753639854371812,0.0,1.0,0.529038,0.10619119455600001,0.5270182374074998,0.5310577625925003,0.0020197625925002516,0.11888,0.11688012382532638,0.12090201030092115
T-horizontal_scan_traversal-W-20-HS-greedy-D-1-C-5-H-1-RUNS-100000.csv,horizontal_scan_traversal,20,greedy,1,5,1,100000,1.0,401.0,129.15942,9287.3840652636,128.56210588979403,129.756734110206,0.5973141102059856,0.0,1.0,0.95119,0.046427583900000007,0.9498544993211898,0.9525255006788101,0.0013355006788101642,0.0,0.9975,0.3156603,0.05805372000391,0.31416691736059704,0.31715368263940297,0.0014933826394029626,0.0,400.0,127.25674,9290.462544572401,126.65932690246004,127.85415309753995,0.5974130975399561,0.0,400.0,127.25674,9290.462544572401,126.65932690246004,127.85415309753995,0.5974130975399561,0.0,1.0,0.04851,0.04615677990000001,0.0471783998886158,0.04984160011138419,0.0013316001113841958,0.04851,0.047186534755391286,0.049859729851469754
T-horizontal_scan_traversal-W-20-HS-greedy-D-1-C-5-H-2-RUNS-100000.csv,horizontal_scan_traversal,20,greedy,1,5,2,100000,2.0,401.0,134.42391,9891.3044303119,133.80748129285305,135.04033870714696,0.6164287071469516,0.0,1.0,0.98071,0.0189178959,0.9798575037308619,0.981562496269138,0.0008524962691380811,0.0,0.9975,0.32867455,0.06186456468229749,0.3271329310078897,0.3302161689921103,0.0015416189921103052,0.0,400.0,132.46209,9900.3668828319,131.84537897028602,133.07880102971396,0.6167110297139686,0.0,400.0,132.46209,9900.3668828319,131.84537897028602,133.07880102971396,0.6167110297139686,0.0,1.0,0.09003,0.0463545991,0.08869554944676634,0.09136445055323365,0.0013344505532336542,0.01889,0.01805520796741321,0.01975285953164237
T-horizontal_scan_traversal-W-20-HS-greedy-D-1-C-5-H-3-RUNS-100000.csv,horizontal_scan_traversal,20,greedy,1,5,3,100000,2.0,401.0,135.69243,10043.1016706951,135.07128928020987,136.31357071979014,0.6211407197901337,0.0,1.0,0.98475,0.015017437500000003,0.9839904541626735,0.9855095458373265,0.000759545837326514,0.0,0.9975,0.33182377500000004,0.06281864478224937,0.3302703140066195,0.3333772359933806,0.001553460993380551,0.0,400.0,133.72241,10052.871373791899,133.1009672377961,134.34385276220388,0.6214427622038841,0.0,400.0,133.72241,10052.871373791899,133.1009672377961,134.34385276220388,0.6214427622038841,0.0,1.0,0.13597,0.05072882576666666,0.13457400624261703,0.13736599375738298,0.001395993757382974,0.01473,0.013992432678307049,0.015495906035610817
T-horizontal_scan_traversal-W-20-HS-greedy-D-1-C-5-H-4-RUNS-100000.csv,horizontal_scan_traversal,20,greedy,1,5,4,100000,2.0,401.0,135.57448,10144.6621327296,134.95020654990705,136.19875345009294,0.624273450092943,0.0,1.0,0.98626,0.013551212399999995,0.9855384853601219,0.9869815146398782,0.0007215146398781291,0.0,0.9975,0.33152190000000004,0.06345529307039,0.3299605869184587,0.3330832130815414,0.0015613130815413379,0.0,400.0,133.60146,10154.7865858684,132.97687511266864,134.22604488733137,0.6245848873313662,0.0,400.0,133.60146,10154.7865858684,132.97687511266864,134.22604488733137,0.6245848873313662,0.0,1.0,0.173185,0.054181955775,0.1717422754895503,0.17462772451044972,0.0014427245104497166,0.01324,0.012540713428788838,0.01396772570789448
T-horizontal_scan_traversal-W-20-HS-greedy-D-1-C-5-H-5-RUNS-100000.csv,horizontal_scan_traversal,20,greedy,1,5,5,100000,2.0,401.0,135.03248,10142.1702450496,134.40828322643108,135.6566767735689,0.6241967735689116,0.0,1.0,0.98629,0.013522035900000002,0.9855692625088602,0.9870107374911398,0.0007207374911397668,0.0,0.9975,0.33016785000000004,0.06344390570137749,0.32860667701745644,0.33172902298254364,0.0015611729825436016,0.0,400.0,133.05933,10153.091629951101,132.43479724020577,133.6838627597942,0.6245327597942207,0.0,400.0,133.05933,10153.091629951101,132.43479724020577,133.6838627597942,0.6245327597942207,0.0,1.0,0.201652,0.056958070895999996,0.20017277680807097,0.20313122319192903,0.00147922319192903,0.01314,0.012443361117672701,0.013865084842213325
T-horizontal_scan_traversal-W-20-HS-greedy-D-10-C-5-H-1-RUNS-100000.csv,horizontal_scan_traversal,20,greedy,10,5,1,100000,1.0,401.0,194.38357,12803.6345840551,193.682239531404,195.08490046859598,0.7013304685959838,4.0,10.0,9.50092,0.5844991536,9.496181422208648,9.505658577791353,0.0047385777913522276,0.0,0.9975,0.4802872,0.07965831676616,0.4785378704436017,0.48203652955639836,0.001749329556398338,0.0,382.2,127.534754,5613.153021759484,127.07038896418884,127.99911903581118,0.46436503581116995,0.0,3822.0,1275.34754,561315.3021759484,1270.7038896418883,1279.9911903581117,4.6436503581116995,0.0,1.0,0.363,0.231231,0.3600195688070348,0.3659804311929652,0.002980431192965205,0.363,0.3600186321841169,0.3659893157423379
T-horizontal_scan_traversal-W-20-HS-greedy-D-10-C-5-H-2-RUNS-100000.csv,horizontal_scan_traversal,20,greedy,10,5,2,100000,2.0,401.0,227.45174,11457.519730972399,226.78830041873806,228.11517958126194,0.6634395812619402,4.0,10.0,9.81202,0.19010351959999996,9.809317590554903,9.814722409445098,0.0027024094450975866,0.0,0.9975,0.561985225,0.07170903456919937,0.5603254737318847,0.5636449762681154,0.0016597512681153503,0.0,389.2,131.791582,5358.439824937275,131.3378752397299,132.2452887602701,0.4537067602701086,0.0,3892.0,1317.91582,535843.9824937277,1313.378752397299,1322.452887602701,4.537067602700972,0.0,1.0,0.45057,0.1064416751,0.4485478567334035,0.4525921432665965,0.002022143266596499,0.16834,0.16602556866132553,0.17067368444594144
T-horizontal_scan_traversal-W-20-HS-greedy-D-10-C-5-H-3-RUNS-100000.csv,horizontal_scan_traversal,20,greedy,10,5,3,100000,2.0,401.0,235.7583,11578.91336111,235.091355072978,236.425244927022,0.6669449270220014,4.0,10.0,9.84825,0.15232193750000003,9.845830992031638,9.850669007968362,0.002419007968361697,0.0,0.9975,0.5826005000000001,0.07258274327475,0.5809306680726365,0.5842703319273637,0.0016698319273635853,0.0,387.7,132.847601,5307.873969044798,132.39604005572468,133.2991619442753,0.45156094427531457,0.0,3877.0,1328.47601,530787.39690448,1323.9604005572469,1332.9916194427533,4.5156094427532025,0.0,1.0,0.49693,0.08883724176666667,0.4950826312009487,0.49877736879905127,0.0018473687990512855,0.13765,0.13552013675181948,0.13980090308276322
T-horizontal_scan_traversal-W-20-HS-greedy-D-10-C-5-H-4-RUNS-100000.csv,horizontal_scan_traversal,20,greedy,10,5,4,100000,2.0,401.0,238.71177,11807.1784134671,238.0382831286122,239.3852568713878,0.6734868713878086,5.0,10.0,9.8562,0.14560156000000002,9.8538349567596,9.858565043240398,0.0023650432403989896,0.0,0.9975,0.5899466,0.07406249777344,0.5882598324065051,0.5916333675934948,0.0016867675934948423,0.0,390.0,132.953248,5284.6136296504965,132.50267756466647,133.40381843533353,0.4505704353335318,0.0,3900.0,1329.53248,528461.3629650496,1325.0267756466646,1334.0381843533355,4.505704353335432,0.0,1.0,0.52241,0.08602529190000001,0.5205921035195507,0.5242278964804494,0.001817896480449388,0.12984,0.12776245602977154,0.13193903895305398
T-horizontal_scan_traversal-W-20-HS-greedy-D-10-C-5-H-5-RUNS-100000.csv,horizontal_scan_traversal,20,greedy,10,5,5,100000,2.0,401.0,240.44914,11965.6620932604,239.7711482043456,241.1271317956544,0.6779917956544068,4.0,10.0,9.85991,0.14212479190000002,9.857573364383214,9.862246635616785,0.002336635616785543,0.0,0.9975,0.594272925,0.07508514267444438,0.5925745520018098,0.5959712979981902,0.0016983729981902007,0.0,388.2,133.442131,5318.608584678839,132.9901136691497,133.89414833085027,0.45201733085028195,0.0,3882.0,1334.42131,531860.8584678839,1329.901136691497,1338.941483308503,4.52017330850299,0.0,1.0,0.53911,0.08582960790000001,0.537294172305232,0.5409258276947679,0.0018158276947679575,0.12651,0.12445550994610236,0.12858617917296014
T-horizontal_scan_traversal-W-20-HS-greedy-D-5-C-5-H-1-RUNS-100000.csv,horizontal_scan_traversal,20,greedy,5,5,1,100000,1.0,401.0,179.02352,12038.799706809601,178.3434593192245,179.70358068077547,0.6800606807754832,1.0,5.0,4.75027,0.2610049271,4.747103493205523,4.753436506794478,0.003166506794477719,0.0,0.9975,0.44114647500000004,0.07506468928257438,0.43944833333821814,0.44284461666178193,0.0016981416617818934,0.0,397.2,126.685664,6008.873414479104,126.20520913105743,127.16611886894258,0.48045486894257294,0.0,1986.0,633.42832,150221.8353619776,631.0260456552871,635.8305943447128,2.4022743447128505,0.0,1.0,0.21482,0.1686723676,0.21227447104245079,0.21736552895754924,0.0025455289575492257,0.21482,0.21227781616412336,0.21737873455327894
T-horizontal_scan_traversal-W-20-HS-greedy-D-5-C-5-H-2-RUNS-100000.csv,horizontal_scan_traversal,20,greedy,5,5,2,100000,2.0,401.0,199.97719,12045.4868697039,199.29694046961683,200.6574395303832,0.680249530383179,2.0,5.0,4.90585,0.09404577750000001,4.903949246836531,4.907750753163469,0.001900753163469382,0.0,0.9975,0.49289925,0.0753911699744375,0.4911974194603346,0.49460108053966545,0.0017018305396654387,0.0,393.2,132.179416,5866.298644298944,131.70469531505,132.65413668495,0.4747206849500003,0.0,1966.0,660.89708,146657.4661074736,658.52347657525,663.2706834247499,2.3736034247499447,0.0,1.0,0.310055,0.10301339697499999,0.3080656878932175,0.3120443121067826,0.001989312106782548,0.08824,0.08648895065913763,0.09001497401955302
T-horizontal_scan_traversal-W-20-HS-greedy-D-5-C-5-H-3-RUNS-100000.csv,horizontal_scan_traversal,20,greedy,5,5,3,100000,2.0,401.0,203.81173,12313.1109044071,203.1239651648247,204.4994948351753,0.687764835175301,2.0,5.0,4.92478,0.0749819516,4.923082794457744,4.926477205542256,0.0016972055422561638,0.0,0.9975,0.50239765,0.0771150472744775,0.5006764725959837,0.5041188274040164,0.0017211774040163386,0.0,389.0,133.03086,5862.690594060399,132.55628532530545,133.50543467469453,0.4745746746945372,0.0,1945.0,665.1543,146567.26485151,662.7814266265274,667.5271733734727,2.3728733734726575,0.0,1.0,0.36891,0.08742874523333333,0.3670773345431084,0.3707426654568916,0.0018326654568915912,0.0705,0.06892087350781209,0.07210409203177937
T-horizontal_scan_traversal-W-20-HS-greedy-D-5-C-5-H-4-RUNS-100000.csv,horizontal_scan_traversal,20,greedy,5,5,4,100000,2.0,401.0,205.82042,12634.301231023597,205.12374265998457,206.51709734001545,0.6966773400154409,1.0,5.0,4.93002,0.06996279959999999,4.928380582143127,4.9316594178568725,0.0016394178568726048,0.0,0.9975,0.507395,0.07914817185,0.5056512809372524,0.5091387190627477,0.0017437190627476173,0.0,395.6,133.34325800000002,5874.434947945435,132.868208220545,133.81830777945504,0.4750497794550199,0.0,1978.0,666.71629,146860.87369863587,664.3410411027248,669.0915388972751,2.375248897275128,0.0,1.0,0.4042075,0.08464817194375,0.402404212953135,0.406010787046865,0.0018032870468649986,0.06536,0.06383573650658897,0.06690953155085275
T-horizontal_scan_traversal-W-20-HS-greedy-D-5-C-5-H-5-RUNS-100000.csv,horizontal_scan_traversal,20,greedy,5,5,5,100000,2.0,401.0,206.76748,12695.392074449599,206.06912036347163,207.4658396365284,0.6983596365283802,2.0,5.0,4.93052,0.06955252960000001,4.928885396079439,4.93215460392056,0.0016346039205608065,0.0,0.9975,0.5097581,0.07955039385939,0.5080099558610622,0.5115062441389377,0.0017481441389377572,0.0,394.8,133.55413,5837.6946723431,133.08056809429732,134.02769190570265,0.47356190570266676,0.0,1974.0,667.77065,145942.3668085775,665.4028404714868,670.1384595285133,2.3678095285132486,0.0,1.0,0.426282,0.08503845647599999,0.42447456055592947,0.4280894394440705,0.0018074394440705244,0.06438,0.06286649585567837,0.06591882994243174
T-horizontal_scan_traversal-W-20-HS-random-D-1-C-5-H-1-RUNS-100000.csv,horizontal_scan_traversal,20,random,1,5,1,100000,1.0,401.0,112.49339,7662.0015763079,111.95085571301396,113.03592428698605,0.5425342869860401,0.0,1.0,0.79752,0.16148184960000003,0.7950293200257292,0.8000106799742708,0.002490679974270771,0.0,0.9975,0.274766375,0.04789397610685937,0.2734099477125566,0.2761228022874434,0.0013564272874433958,0.0,400.0,110.89817,7664.8808006511,110.35553378591379,111.4408062140862,0.5426362140862011,0.0,400.0,110.89817,7664.8808006511,110.35553378591379,111.4408062140862,0.5426362140862011,0.0,1.0,0.2023,0.16137471,0.199810146418088,0.204789853581912,0.002489853581912005,0.2023,0.19981385274071728,0.2048034255900241
T-horizontal_scan_traversal-W-20-HS-random-D-1-C-5-H-2-RUNS-100000.csv,horizontal_scan_traversal,20,random,1,5,2,100000,2.0,401.0,129.36962,8951.912821055601,128.78319295173768,129.95604704826232,0.5864270482623226,0.0,1.0,0.9267,0.06792711,0.92508460906968,0.9283153909303199,0.0016153909303199265,0.0,0.9975,0.31630795,0.05606530976679751,0.3148403652699073,0.31777553473009273,0.0014675847300927303,0.0,400.0,127.51593,8972.2879462351,126.9288359583486,128.1030240416514,0.5870940416513974,0.0,400.0,127.51593,8972.2879462351,126.9288359583486,128.1030240416514,0.5870940416513974,0.0,1.0,0.20408,0.0968963536,0.20215065546884503,0.206009344531155,0.0019293445311549806,0.07301,0.07140498561290422,0.07463983237854668
T-horizontal_scan_traversal-W-20-HS-random-D-1-C-5-H-3-RUNS-100000.csv,horizontal_scan_traversal,20,random,1,5,3,100000,2.0,401.0,133.59593,9679.2355974351,132.98614518983246,134.20571481016756,0.6097848101675538,0.0,1.0,0.96457,0.03417471510000001,0.9634242007788092,0.9657157992211909,0.0011457992211908463,0.0,0.9975,0.3266845,0.06059729433475,0.3251587524261321,0.32821024757386785,0.0015257475738678639,0.0,400.0,131.66638,9697.5098776956,131.05601982808383,132.27674017191617,0.6103601719161702,0.0,400.0,131.66638,9697.5098776956,131.05601982808383,132.27674017191617,0.6103601719161702,0.0,1.0,0.20322666666666664,0.07483447751111111,0.20153113097312703,0.20492220236020625,0.0016955356935396126,0.03502,0.03388913115818117,0.03617794072984544
T-horizontal_scan_traversal-W-20-HS-random-D-1-C-5-H-4-RUNS-100000.csv,horizontal_scan_traversal,20,random,1,5,4,100000,2.0,401.0,134.06308,9886.3991809136,133.44680416002737,134.67935583997266,0.6162758399726442,0.0,1.0,0.98025,0.019359937499999993,0.9793876013920465,0.9811123986079534,0.0008623986079534518,0.0,0.9975,0.32777412499999997,0.06186290416798438,0.32623252669742003,0.3293157233025799,0.0015415983025799385,0.0,400.0,132.10211,9900.0454235479,131.48540898249556,132.71881101750446,0.6167010175044538,0.0,400.0,132.10211,9900.0454235479,131.48540898249556,132.71881101750446,0.6167010175044538,0.0,1.0,0.2008675,0.06283912244375,0.1993137858281527,0.2024212141718473,0.001553714171847298,0.01928,0.01843670019390007,0.020151342385847468
T-horizontal_scan_traversal-W-20-HS-random-D-1-C-5-H-5-RUNS-100000.csv,horizontal_scan_traversal,20,random,1,5,5,100000,2.0,401.0,135.41002,10210.4809235996,134.78372467416642,136.03631532583358,0.6262953258335813,0.0,1.0,0.98596,0.013842878399999998,0.9852307620301887,0.9866892379698112,0.0007292379698112805,0.0,0.9975,0.33111292499999995,0.06387176108544437,0.3295464967144221,0.3326793532855778,0.0015664282855778477,0.0,400.0,133.43738,10221.5490187356,132.81074531607024,134.06401468392974,0.6266346839297512,0.0,400.0,133.43738,10221.5490187356,132.81074531607024,134.06401468392974,0.6266346839297512,0.0,1.0,0.20256600000000002,0.057076215644000006,0.20108524347032342,0.20404675652967663,0.0014807565296766079,0.01332,0.012618602755241322,0.014049830930715266
T-horizontal_scan_traversal-W-20-HS-random-D-10-C-5-H-1-RUNS-100000.csv,horizontal_scan_traversal,20,random,10,5,1,100000,1.0,401.0,166.71053,11227.296317119102,166.05378970481596,167.36727029518406,0.6567402951840506,0.0,10.0,7.9735,8.15081775,7.955804751635425,7.9911952483645745,0.017695248364574923,0.0,0.9975,0.412002475,0.06995096740637438,0.4103631957791583,0.41364175422084165,0.0016392792208416718,0.0,389.2,110.710019,5127.709499119639,110.26618785179363,111.15385014820637,0.44383114820637104,0.0,3892.0,1107.10019,512770.9499119639,1102.6618785179364,1111.5385014820638,4.438311482063682,0.0,1.0,0.54236,0.24820563040000002,0.5392721095392733,0.5454478904607266,0.003087890460726661,0.54236,0.5392659750105706,0.5454515677031182
T-horizontal_scan_traversal-W-20-HS-random-D-10-C-5-H-2-RUNS-100000.csv,horizontal_scan_traversal,20,random,10,5,2,100000,2.0,401.0,210.83589,10698.3423579079,210.19480691644424,211.47697308355578,0.6410830835557704,0.0,10.0,9.27527,2.0969164271,9.266294748389964,9.284245251610038,0.008975251610037205,0.0,0.9975,0.52128855,0.0669911332638975,0.5196843270181593,0.5228927729818407,0.0016042229818407083,0.0,389.9,127.19076199999999,5168.588134259356,126.74516522962827,127.63635877037171,0.4455967703717221,0.0,3899.0,1271.90762,516858.8134259356,1267.4516522962826,1276.3635877037173,4.455967703717306,0.0,1.0,0.54072,0.14658188160000002,0.5383470083094234,0.5430929916905766,0.002372991690576587,0.3372,0.3342696512809696,0.3401397937676169
T-horizontal_scan_traversal-W-20-HS-random-D-10-C-5-H-3-RUNS-100000.csv,horizontal_scan_traversal,20,random,10,5,3,100000,2.0,401.0,227.83641,11063.4629483119,227.18447902771663,228.48834097228337,0.6519309722833668,1.0,10.0,9.65286,0.6302538204,9.647939448123992,9.657780551876009,0.004920551876008261,0.0,0.9975,0.5632503,0.06941715279991,0.5616172876479458,0.5648833123520541,0.0016330123520541528,0.0,380.9,131.249452,5246.480193099696,130.80051015176338,131.6983938482366,0.44894184823661476,0.0,3809.0,1312.49452,524648.0193099696,1308.0051015176336,1316.9839384823663,4.489418482366318,0.0,1.0,0.53944,0.11257781973333332,0.5373603871699579,0.5415196128300421,0.002079612830042099,0.22903,0.22642845522339564,0.2316472698781504
T-horizontal_scan_traversal-W-20-HS-random-D-10-C-5-H-4-RUNS-100000.csv,horizontal_scan_traversal,20,random,10,5,4,100000,2.0,401.0,235.76392,11452.4769462336,235.10062643424914,236.4272135657509,0.6632935657508767,4.0,10.0,9.79317,0.25959135110000003,9.790012079585573,9.796327920414427,0.0031579204144271955,0.0,0.9975,0.5827596250000001,0.07187500940735937,0.5810979540453906,0.5844212959546097,0.001661670954609562,0.0,387.5,132.69583599999999,5252.147041861103,132.2466517607839,133.14502023921608,0.44918423921609474,0.0,3875.0,1326.95836,525214.7041861104,1322.4665176078393,1331.450202392161,4.491842392160834,0.0,1.0,0.540385,0.09554530177500001,0.5384691533691371,0.5423008466308629,0.0019158466308628608,0.16682,0.1645139975302409,0.16914534401435272
T-horizontal_scan_traversal-W-20-HS-random-D-10-C-5-H-5-RUNS-100000.csv,horizontal_scan_traversal,20,random,10,5,5,100000,2.0,401.0,240.48507,11898.265857095099,239.80899028490262,241.1611497150974,0.6760797150973872,5.0,10.0,9.85911,0.1413200079,9.856779989394125,9.861440010605873,0.002330010605874122,0.0,0.9975,0.5943687750000001,0.07466012411749938,0.5926752156334298,0.5960623343665703,0.0016935593665702298,0.0,387.0,133.41289600000002,5295.062129493184,132.96188036084035,133.86391163915968,0.4510156391596638,0.0,3870.0,1334.12896,529506.2129493183,1329.6188036084034,1338.6391163915966,4.510156391596638,0.0,1.0,0.540952,0.085574133696,0.5391388767498966,0.5427651232501034,0.00181312325010341,0.1275,0.1254386079221834,0.12958302347622203
T-horizontal_scan_traversal-W-20-HS-random-D-5-C-5-H-1-RUNS-100000.csv,horizontal_scan_traversal,20,random,5,5,1,100000,1.0,401.0,152.39069,10299.2159713239,151.76167912509052,153.0197008749095,0.6290108749094827,0.0,5.0,3.98985,2.2644269775,3.980523144861871,3.999176855138129,0.00932685513812892,0.0,0.9975,0.37561327499999997,0.06422861695627438,0.37404247693882464,0.3771840730611753,0.001570798061175327,0.0,397.2,111.822002,5412.3574059119965,111.36601831377261,112.27798568622738,0.45598368622738406,0.0,1986.0,559.11001,135308.9351477999,556.830091568863,561.3899284311369,2.2799184311369345,0.0,1.0,0.42425,0.24426193750000005,0.4211867392224951,0.4273132607775049,0.003063260777504906,0.42425,0.4211840294146106,0.4273203648868698
T-horizontal_scan_traversal-W-20-HS-random-D-5-C-5-H-2-RUNS-100000.csv,horizontal_scan_traversal,20,random,5,5,2,100000,2.0,401.0,186.8532,10875.433149759998,186.20683273606934,187.49956726393063,0.6463672639306424,0.0,5.0,4.63743,0.6477129951,4.632441759586812,4.642418240413188,0.0049882404131880165,0.0,0.9975,0.46078637499999997,0.06813588930185938,0.459168503458925,0.4624042465410749,0.0016178715410749556,0.0,394.0,127.69904,5609.087546278399,127.23484315901783,128.16323684098217,0.4641968409821686,0.0,1970.0,638.4952,140227.18865696,636.174215795089,640.8161842049109,2.3209842049109284,0.0,1.0,0.427425,0.14507036937500004,0.425064274833889,0.429785725166111,0.002360725166111022,0.2281,0.22550220813262542,0.23071357099720782
T-horizontal_scan_traversal-W-20-HS-random-D-5-C-5-H-3-RUNS-100000.csv,horizontal_scan_traversal,20,random,5,5,3,100000,2.0,401.0,198.44209,11673.4291264319,197.77242855320694,199.11175144679308,0.6696614467930715,0.0,5.0,4.82414,0.23599326039999996,4.82112903386078,4.82715096613922,0.003010966139219917,0.0,0.9975,0.489313775,0.07319661578274937,0.4876368965929859,0.4909906534070141,0.0016768784070140819,0.0,391.2,131.447834,5760.480348308444,130.97741438618633,131.91825361381368,0.47041961381367514,0.0,1956.0,657.23917,144012.0087077111,654.8870719309315,659.5912680690684,2.352098069068461,0.0,1.0,0.4257166666666667,0.11237087527777774,0.42363896612407853,0.42779436720925484,0.0020777005425881567,0.1389,0.13676198198505926,0.14105898502292477
T-horizontal_scan_traversal-W-20-HS-random-D-5-C-5-H-4-RUNS-100000.csv,horizontal_scan_traversal,20,random,5,5,4,100000,2.0,401.0,204.11806,12269.4377018364,203.43151596007704,204.804604039923,0.6865440399229783,0.0,5.0,4.89782,0.1138992476,4.895728217627046,4.899911782372954,0.002091782372954043,0.0,0.9975,0.503262275,0.07691308462432436,0.5015433529369244,0.5049811970630755,0.0017189220630755564,0.0,389.0,133.07751599999997,5831.360596869744,132.60421107852827,133.55082092147168,0.47330492147170844,0.0,1945.0,665.38758,145784.0149217436,663.0210553926414,667.7541046073585,2.366524607358542,0.0,1.0,0.42473,0.0947694271,0.42282194803229217,0.4266380519677078,0.0019080519677078245,0.09029,0.08852058778471701,0.09208321686265154
T-horizontal_scan_traversal-W-20-HS-random-D-5-C-5-H-5-RUNS-100000.csv,horizontal_scan_traversal,20,random,5,5,5,100000,2.0,401.0,207.05914,12713.519282460402,206.36028196237362,207.7579980376264,0.698858037626394,2.0,5.0,4.92809,0.07219895190000002,4.926424588658562,4.929755411341438,0.001665411341438272,0.0,0.9975,0.51049835,0.07967009689727751,0.5087488911001096,0.5122478088998904,0.0017494588998904215,0.0,399.0,133.30243199999998,5804.510036485376,132.83021800448353,133.77464599551644,0.47221399551645504,0.0,1995.0,666.51216,145112.7509121344,664.1510900224176,668.8732299775824,2.3610699775823605,0.0,1.0,0.427492,0.085517789936,0.4256794737468987,0.4293045262531013,0.0018125262531012987,0.06666,0.06512161566188339,0.06822357583296142
T-horizontal_scan_traversal-W-20-HS-weighted-D-1-C-5-H-1-RUNS-100000.csv,horizontal_scan_traversal,20,weighted,1,5,1,100000,1.0,401.0,126.13843,8993.8475671351,125.55063101383291,126.72622898616709,0.5877989861670869,0.0,1.0,0.92009,0.0735243919,0.9184093712369382,0.9217706287630617,0.0016806287630617422,0.0,0.9975,0.30826475000000003,0.05621356003243749,0.3067952262260494,0.3097342737739507,0.001469523773950654,0.0,400.0,124.29806,8996.1063402364,123.71018720664543,124.88593279335458,0.5878727933545775,0.0,400.0,124.29806,8996.1063402364,123.71018720664543,124.88593279335458,0.5878727933545775,0.0,1.0,0.07972,0.07336472160000002,0.0780411971095493,0.08139880289045069,0.0016788028904506924,0.07972,0.07804843420949446,0.08141598983148002
T-horizontal_scan_traversal-W-20-HS-weighted-D-1-C-5-H-2-RUNS-100000.csv,horizontal_scan_traversal,20,weighted,1,5,2,100000,2.0,401.0,133.5027,9725.144392709999,132.8914707901365,134.1139292098635,0.6112292098634953,0.0,1.0,0.97424,0.025096422400000002,0.973258111939721,0.975221888060279,0.0009818880602789903,0.0,0.9975,0.326403075,0.06083679694304437,0.3248743152440658,0.3279318347559342,0.0015287597559341948,0.0,400.0,131.55365,9735.870581677502,130.94208381039684,132.16521618960317,0.6115661896031668,0.0,400.0,131.55365,9735.870581677502,130.94208381039684,132.16521618960317,0.6115661896031668,0.0,1.0,0.113435,0.056445000775,0.11196245419433812,0.11490754580566187,0.0014725458056618762,0.02519,0.02422755974984809,0.026180112021904123
T-horizontal_scan_traversal-W-20-HS-weighted-D-1-C-5-H-3-RUNS-100000.csv,horizontal_scan_traversal,20,weighted,1,5,3,100000,2.0,401.0,134.76807,10029.2758184751,134.14735697464727,135.38878302535272,0.6207130253527282,0.0,1.0,0.98318,0.0165370876,0.9823829499656599,0.9839770500343402,0.0007970500343401632,0.0,0.9975,0.329521875,0.06273680708398437,0.3279694262308169,0.33107432376918317,0.0015524487691831457,0.0,400.0,132.80129,10039.859344335899,132.18024955319157,133.42233044680842,0.6210404468084221,0.0,400.0,132.80129,10039.859344335899,132.18024955319157,133.42233044680842,0.6210404468084221,0.0,1.0,0.14925,0.05497221527777778,0.1477967922990463,0.1507032077009537,0.0014532077009536959,0.0164,0.015621860376282578,0.01720636810102414
T-horizontal_scan_traversal-W-20-HS-weighted-D-1-C-5-H-4-RUNS-100000.csv,horizontal_scan_traversal,20,weighted,1,5,4,100000,2.0,401.0,135.80246,10168.391997948402,135.17745684241342,136.42746315758657,0.6250031575865762,0.0,1.0,0.98469,0.015075603899999996,0.9839289846260275,0.9854510153739724,0.0007610153739724401,0.0,0.9975,0.3321005,0.06361026652475,0.33053728152556505,0.333663718474435,0.0015632184744349686,0.0,400.0,133.83253,10179.684063799099,133.20717990365802,134.45788009634197,0.6253500963419754,0.0,400.0,133.83253,10179.684063799099,133.20717990365802,134.45788009634197,0.6253500963419754,0.0,1.0,0.17767,0.0559121211,0.17620442160080818,0.1791355783991918,0.0014655783991918137,0.01476,0.014021683187993749,0.01552665352581431
T-horizontal_scan_traversal-W-20-HS-weighted-D-1-C-5-H-5-RUNS-100000.csv,horizontal_scan_traversal,20,weighted,1,5,5,100000,2.0,401.0,135.6261,10213.71143879,134.99970560456487,136.25249439543515,0.6263943954351419,0.0,1.0,0.98563,0.014163503099999999,0.984892365174975,0.986367634825025,0.0007376348250249798,0.0,0.9975,0.33165464999999994,0.0638930047583775,0.330087961239972,0.33322133876002785,0.0015666887600279122,0.0,400.0,133.65414,10224.9326008604,133.02740160896698,134.28087839103304,0.6267383910330295,0.0,400.0,133.65414,10224.9326008604,133.02740160896698,134.28087839103304,0.6267383910330295,0.0,1.0,0.20292800000000003,0.05749062681600001,0.2014418775555953,0.20441412244440474,0.0014861224444047139,0.01367,0.012959445199101161,0.014408964723364085
T-horizontal_scan_traversal-W-20-HS-weighted-D-10-C-5-H-1-RUNS-100000.csv,horizontal_scan_traversal,20,weighted,10,5,1,100000,1.0,401.0,186.65163,12494.2518683431,185.95882470283905,187.34443529716097,0.6928052971609588,0.0,10.0,9.20411,1.8764291079,9.195619717283325,9.212600282716675,0.008490282716675068,0.0,0.9975,0.46119762499999994,0.07773579100685939,0.45946953410328195,0.46292571589671794,0.001728090896717993,0.0,394.9,124.12201300000001,5605.431898327831,123.65796745072046,124.58605854927956,0.4640455492795468,0.0,3949.0,1241.22013,560543.1898327831,1236.5796745072043,1245.8605854927955,4.6404554927955814,0.0,1.0,0.411,0.24207900000000002,0.40795045792552387,0.4140495420744761,0.003049542074476108,0.411,0.40794813186428863,0.4140570311277154
T-horizontal_scan_traversal-W-20-HS-weighted-D-10-C-5-H-2-RUNS-100000.csv,horizontal_scan_traversal,20,weighted,10,5,2,100000,2.0,401.0,224.49189,11384.0260742279,223.83058164101192,225.1531983589881,0.6613083589880944,1.0,10.0,9.74384,0.34164205440000006,9.740217221900002,9.7474627781,0.003622778099998669,0.0,0.9975,0.554752825,0.07124320834201937,0.5530984734377052,0.5564071765622948,0.0016543515622947647,0.0,383.5,131.750489,5421.647768160879,131.29411413143066,132.20686386856931,0.45637486856932696,0.0,3835.0,1317.50489,542164.776816088,1312.9411413143066,1322.0686386856933,4.5637486856933265,0.0,1.0,0.46499,0.1171592999,0.4628684930674263,0.46711150693257375,0.0021215069325737357,0.20176,0.1992763521442676,0.20426095757379942
T-horizontal_scan_traversal-W-20-HS-weighted-D-10-C-5-H-3-RUNS-100000.csv,horizontal_scan_traversal,20,weighted,10,5,3,100000,2.0,401.0,234.23473,11494.948851827101,233.57020764891482,234.8992523510852,0.6645223510851963,3.0,10.0,9.83141,0.18218741189999996,9.82876445438226,9.83405554561774,0.0026455456177405523,0.0,0.9975,0.578840575,0.07206235417116938,0.5771767398525651,0.5805044101474348,0.0016638351474348445,0.0,383.5,132.95060900000001,5329.682939429119,132.4981213208295,133.40309667917052,0.4524876791705026,0.0,3835.0,1329.50609,532968.2939429118,1324.981213208295,1334.0309667917052,4.524876791705083,0.0,1.0,0.49974,0.09287771017777777,0.49785108758429897,0.5016289124157011,0.0018889124157010495,0.14736,0.1451682968357612,0.14957217741556728
T-horizontal_scan_traversal-W-20-HS-weighted-D-10-C-5-H-4-RUNS-100000.csv,horizontal_scan_traversal,20,weighted,10,5,4,100000,2.0,401.0,238.38585,11774.3286497775,237.7133006639585,239.0583993360415,0.6725493360414987,5.0,10.0,9.85276,0.1491803824,9.85036606734216,9.85515393265784,0.002393932657840381,0.0,0.9975,0.589146575,0.07386058760326938,0.5874621082198683,0.5908310417801317,0.001684466780131677,0.0,385.0,133.194329,5314.143593339759,132.74250144408765,133.64615655591237,0.45182755591235946,0.0,3850.0,1331.94329,531414.3593339759,1327.4250144408763,1336.4615655591235,4.518275559123595,0.0,1.0,0.52413,0.0872002431,0.5222997310200602,0.5259602689799397,0.0018302689799397642,0.13282,0.13072220931018017,0.13493911197828437
T-horizontal_scan_traversal-W-20-HS-weighted-D-10-C-5-H-5-RUNS-100000.csv,horizontal_scan_traversal,20,weighted,10,5,5,100000,2.0,401.0,240.54602,11884.6867421596,239.8703261892493,241.22171381075069,0.6756938107506869,4.0,10.0,9.85866,0.14272300440000002,9.856318452021199,9.861001547978802,0.0023415479788013727,0.0,0.9975,0.594518975,0.07457787142744937,0.5928263487835077,0.5962116012164922,0.0016926262164922434,0.0,384.3,133.747381,5311.843829340839,133.2956512217609,134.1991107782391,0.4517297782390983,0.0,3843.0,1337.47381,531184.3829340838,1332.9565122176089,1341.991107782391,4.517297782391097,0.0,1.0,0.5399639999999999,0.08561007870399999,0.5381504959929757,0.5417775040070241,0.0018135040070241804,0.1271,0.12504139166786427,0.12918026305134075
T-horizontal_scan_traversal-W-20-HS-weighted-D-5-C-5-H-1-RUNS-100000.csv,horizontal_scan_traversal,20,weighted,5,5,1,100000,1.0,401.0,171.84671,11717.704432175899,171.1757797998551,172.5176402001449,0.6709302001449089,0.0,5.0,4.59628,0.6300901615999999,4.591360087028409,4.601199912971591,0.00491991297159089,0.0,0.9975,0.42349525,0.0730423952274375,0.42182013906186566,0.4251703609381343,0.0016751109381343277,0.0,393.0,123.96226600000001,5982.968162945244,123.48284791007463,124.4416840899254,0.4794180899253888,0.0,1965.0,619.81133,149574.2040736311,617.414239550373,622.2084204496269,2.397090449626944,0.0,1.0,0.27291,0.19843013190000003,0.2701490414803785,0.2756709585196215,0.0027609585196214925,0.27291,0.2701507094858802,0.27568246724960743
T-horizontal_scan_traversal-W-20-HS-weighted-D-5-C-5-H-2-RUNS-100000.csv,horizontal_scan_traversal,20,weighted,5,5,2,100000,2.0,401.0,197.18379,11793.4811912359,196.510693889892,197.85688611010798,0.6730961101079913,0.0,5.0,4.87026,0.1476275324,4.867878559409794,4.872641440590206,0.002381440590205841,0.0,0.9975,0.486041575,0.07382438955901938,0.48435752103729596,0.48772562896270405,0.0016840539627040463,0.0,392.4,131.469174,5819.766264957723,130.99633984214483,131.94200815785518,0.4728341578551749,0.0,1962.0,657.34587,145494.1566239431,654.9816992107241,659.7100407892759,2.3641707892759314,0.0,1.0,0.334075,0.112191394375,0.331998959391941,0.336151040608059,0.0020760406080589933,0.11352,0.11156006892370816,0.11550237798585206
T-horizontal_scan_traversal-W-20-HS-weighted-D-5-C-5-H-3-RUNS-100000.csv,horizontal_scan_traversal,20,weighted,5,5,3,100000,2.0,401.0,203.17435,12342.837992077499,202.4857554427287,203.8629445572713,0.6885945572713013,1.0,5.0,4.9139,0.08764679,4.9120650506588355,4.915734949341164,0.0018349493411644602,0.0,0.9975,0.500851225,0.07731237747849938,0.4991278468368524,0.5025746031631476,0.0017233781631476042,0.0,391.8,132.609526,5853.978718455324,132.13530406203404,133.08374793796594,0.47422193796595025,0.0,1959.0,663.04763,146349.46796138308,660.6765203101703,665.4187396898297,2.371109689829723,0.0,1.0,0.37778666666666666,0.09238612337777777,0.3759027597380524,0.3796705735952809,0.0018839069286142318,0.08003,0.07835544768380157,0.08172895817239693
T-horizontal_scan_traversal-W-20-HS-weighted-D-5-C-5-H-4-RUNS-100000.csv,horizontal_scan_traversal,20,weighted,5,5,4,100000,2.0,401.0,205.48016,12522.426306374402,204.78657400750473,206.1737459924953,0.6935859924952865,2.0,5.0,4.92709,0.0731541319,4.925413608300226,4.9287663916997735,0.0016763916997737383,0.0,0.9975,0.5065569499999999,0.0784538046566975,0.5048208966138128,0.508293003386187,0.0017360533861870975,0.0,394.8,133.10239199999998,5812.9597790783355,132.62983442374806,133.5749495762519,0.47255757625191563,0.0,1974.0,665.51196,145323.9944769584,663.1491721187406,667.8747478812595,2.3627878812594645,0.0,1.0,0.405285,0.085967818775,0.4034677108853954,0.4071022891146046,0.0018172891146046033,0.06805,0.06649670379579047,0.06962840587476507
T-horizontal_scan_traversal-W-20-HS-weighted-D-5-C-5-H-5-RUNS-100000.csv,horizontal_scan_traversal,20,weighted,5,5,5,100000,2.0,401.0,205.8555,12686.358039749999,205.15738888387662,206.5536111161234,0.6981111161233855,2.0,5.0,4.93223,0.0679372271,4.930614488775565,4.933845511224434,0.001615511224434485,0.0,0.9975,0.5074715750000001,0.07948849587951938,0.5057241111068945,0.5092190388931056,0.0017474638931055386,0.0,396.4,133.081184,5827.550846758144,132.6080337138022,133.55433428619781,0.4731502861978072,0.0,1982.0,665.40592,145688.7711689536,663.040168569011,667.771671430989,2.3657514309890075,0.0,1.0,0.42427200000000004,0.084617270016,0.42246904214000036,0.4260749578599997,0.0018029578599996765,0.06304,0.06154137098324592,0.06456403380176688
T-lidbetter-W-20-HS-greedy-D-1-C-5-H-1-RUNS-100000.csv,lidbetter,20,greedy,1,5,1,100000,1.0,121.0,22.50774,147.7428600924,22.432402826484463,22.583077173515534,0.07533717351553548,0.0,1.0,0.92441,0.0698761519,0.9227715976527756,0.9260484023472243,0.0016384023472243436,0.0,0.2925,0.051394699999999995,0.0008813193119100001,0.051210697927494456,0.05157870207250553,0.00018400207250553885,0.0,119.0,20.65892,147.8196844336,20.58356324186112,20.734276758138876,0.07535675813887721,0.0,119.0,20.65892,147.8196844336,20.58356324186112,20.734276758138876,0.07535675813887721,0.0,1.0,0.07559,0.06987615189999999,0.0739515976527756,0.0772284023472244,0.0016384023472243991,0.07559,0.07395895354185326,0.07724571289565409
T-lidbetter-W-20-HS-greedy-D-1-C-5-H-2-RUNS-100000.csv,lidbetter,20,greedy,1,5,2,100000,2.0,128.0,24.29667,150.1142369111,24.220730625989038,24.37260937401096,0.07593937401096085,0.0,1.0,0.97715,0.022327877500000003,0.9762238532826598,0.9780761467173401,0.0009261467173401483,0.0,0.305,0.055609399999999996,0.00091825713164,0.0554215815611579,0.05579721843884209,0.00018781843884209393,0.0,126.0,22.34237,151.34147278309996,22.266120842506716,22.418619157493282,0.07624915749328309,0.0,126.0,22.34237,151.34147278309996,22.266120842506716,22.418619157493282,0.07624915749328309,0.0,1.0,0.09471,0.0498100159,0.09332670626011162,0.09609329373988838,0.0013832937398883804,0.02285,0.021932729007595877,0.023795088274237618
T-lidbetter-W-20-HS-greedy-D-1-C-5-H-3-RUNS-100000.csv,lidbetter,20,greedy,1,5,3,100000,2.0,125.0,26.54665,189.63608377749998,26.461297438266936,26.632002561733064,0.08535256173306394,0.0,1.0,0.98476,0.0150077424,0.9840006993796667,0.9855193006203332,0.0007593006203332475,0.0,0.3025,0.061080725,0.001157150095974375,0.06086988601383532,0.061291563986164685,0.00021083898616468255,0.0,124.0,24.57713,191.2387909631,24.4914175190323,24.6628424809677,0.08571248096770034,0.0,124.0,24.57713,191.2387909631,24.4914175190323,24.6628424809677,0.08571248096770034,0.0,1.0,0.12819,0.04912621278888888,0.12681623415732596,0.12956376584267404,0.0013737658426740407,0.01524,0.014489797918720976,0.016018506898803426
T-lidbetter-W-20-HS-greedy-D-1-C-5-H-4-RUNS-100000.csv,lidbetter,20,greedy,1,5,4,100000,2.0,126.0,27.57889,246.1675563679,27.481644060005422,27.67613593999458,0.09724593999457909,0.0,1.0,0.98698,0.012850479599999997,0.9862773877140886,0.9876826122859114,0.000702612285911397,0.0,0.2825,0.06326810000000001,0.0014704047723900005,0.0630304299140907,0.06350577008590931,0.00023767008590930283,0.0,126.0,25.60493,247.91188969510003,25.50734012780761,25.70251987219239,0.09758987219239046,0.0,126.0,25.60493,247.91188969510003,25.50734012780761,25.70251987219239,0.09758987219239046,0.0,1.0,0.1652275,0.05188049824375001,0.16381574888151917,0.16663925111848082,0.0014117511184808251,0.01302,0.012326552209488549,0.013741901954996343
T-lidbetter-W-20-HS-greedy-D-1-C-5-H-5-RUNS-100000.csv,lidbetter,20,greedy,1,5,5,100000,2.0,140.0,32.12949,346.1351623399,32.014176824705714,32.24480317529428,0.11531317529428264,0.0,1.0,0.98825,0.011611937500000004,0.9875821046556532,0.9889178953443467,0.0006678953443467472,0.0,0.345,0.074244825,0.002029047023219375,0.07396563354159914,0.07452401645840086,0.000279191458400857,0.0,140.0,30.15299,348.0305640599,30.037361534002542,30.268618465997456,0.11562846599745669,0.0,140.0,30.15299,348.0305640599,30.037361534002542,30.268618465997456,0.11562846599745669,0.0,1.0,0.20350800000000002,0.056366093936000006,0.20203648382114048,0.20497951617885957,0.0014715161788595443,0.01175,0.011091307240614317,0.012437234889535095
T-lidbetter-W-20-HS-greedy-D-10-C-5-H-1-RUNS-100000.csv,lidbetter,20,greedy,10,5,1,100000,1.0,142.0,27.61656,310.2162737664,27.50739375808882,27.72572624191118,0.10916624191117918,4.0,10.0,9.23642,0.8195655836,9.23080890104707,9.242031098952932,0.005611098952931215,0.0,0.345,0.065704525,0.001725797582024375,0.06544704055404055,0.06596200944595945,0.0002574844459594522,0.0,89.9,20.620012999999997,97.02293397983101,20.5589619309531,20.681064069046894,0.061051069046897055,0.0,899.0,206.20013,9702.2933979831,205.589619309531,206.810640690469,0.610510690468999,0.0,1.0,0.51518,0.24976956760000002,0.5120823964571105,0.5182776035428894,0.00309760354288946,0.51518,0.5120770507040199,0.518282068716421
T-lidbetter-W-20-HS-greedy-D-10-C-5-H-2-RUNS-100000.csv,lidbetter,20,greedy,10,5,2,100000,2.0,137.0,34.91706,263.5021809564,34.81644837152883,35.01767162847117,0.10061162847117089,6.0,10.0,9.75821,0.24140759590000002,9.755164689801664,9.761255310198337,0.003045310198336537,0.0,0.3225,0.0823198,0.00154737865296,0.08207598839582146,0.08256361160417854,0.0002438116041785371,0.0,83.1,21.815852000000003,91.47964671409599,21.756570619211693,21.875133380788313,0.05928138078830969,0.0,831.0,218.15852,9147.9646714096,217.5657061921169,218.75133380788313,0.5928138078831182,0.0,1.0,0.483035,0.115669688775,0.48092702306369817,0.4851429769363018,0.0021079769363018253,0.21495,0.21240725310668818,0.21750929005662747
T-lidbetter-W-20-HS-greedy-D-10-C-5-H-3-RUNS-100000.csv,lidbetter,20,greedy,10,5,3,100000,2.0,139.0,40.20867,286.08194683109997,40.10383620740685,40.313503792593146,0.10483379259314773,6.0,10.0,9.85048,0.1486437696,9.848090376796867,9.852869623203132,0.002389623203132629,0.0,0.325,0.0945297,0.0017217884429100003,0.09427251480442522,0.09478688519557477,0.0002571851955747717,0.0,79.4,24.06782,103.2207164476,24.00484915719914,24.130790842800863,0.06297084280086196,0.0,794.0,240.6782,10322.071644759999,240.04849157199138,241.30790842800863,0.6297084280086267,0.0,1.0,0.4793533333333333,0.09146260404444445,0.4774788661031659,0.4812278005635007,0.001874467230167376,0.13928,0.13713951456744725,0.14144143030212128
T-lidbetter-W-20-HS-greedy-D-10-C-5-H-4-RUNS-100000.csv,lidbetter,20,greedy,10,5,4,100000,2.0,139.0,45.61721,355.0251218158999,45.500425390227655,45.733994609772346,0.1167846097723455,6.0,10.0,9.87631,0.12397078389999999,9.874127693505875,9.878492306494126,0.002182306494125541,0.0,0.3275,0.107043475,0.0021053265224243753,0.10675908403023222,0.10732786596976777,0.00028439096976777545,0.0,91.7,26.706041999999997,126.52613849423601,26.636323794799385,26.77576020520061,0.069718205200612,0.0,917.0,267.06042,12652.613849423598,266.3632379479939,267.7576020520061,0.6971820520060987,0.0,1.0,0.50187,0.08345525310000002,0.500079464604346,0.503660535395654,0.0017905353956539916,0.11619,0.11421000179243489,0.11819228929038383
T-lidbetter-W-20-HS-greedy-D-10-C-5-H-5-RUNS-100000.csv,lidbetter,20,greedy,10,5,5,100000,2.0,141.0,51.8218,489.00898476,51.684738812355434,51.95886118764457,0.13706118764456932,7.0,10.0,9.88425,0.1161719375,9.882137451503278,9.886362548496722,0.0021125484967221553,0.0,0.3375,0.12096935000000002,0.0028095091105775,0.12064082282914204,0.12129787717085799,0.00032852717085797567,0.0,102.3,29.599158,177.34797149103596,29.516617103028864,29.681698896971135,0.08254089697113542,0.0,1023.0,295.99158,17734.7971491036,295.16617103028864,296.81698896971136,0.8254089697113614,0.0,1.0,0.532556,0.08177210686400001,0.5307836125544093,0.5343283874455907,0.0017723874455907174,0.10905,0.1071244446217877,0.11099826325780172
T-lidbetter-W-20-HS-greedy-D-5-C-5-H-1-RUNS-100000.csv,lidbetter,20,greedy,5,5,1,100000,1.0,133.0,26.50852,264.2257674096,26.40777032466153,26.60926967533847,0.10074967533847001,1.0,5.0,4.61875,0.3781784375000001,4.614938425147659,4.622561574852342,0.003811574852341515,0.0,0.315,0.062141224999999994,0.0015000503429993752,0.06190117097696213,0.06238127902303786,0.00024005402303786672,0.0,93.0,20.670564,102.93081352190401,20.607681648483396,20.7334463515166,0.0628823515166026,0.0,465.0,103.35282,2573.2703380476,103.03840824241699,103.667231757583,0.3144117575830023,0.0,1.0,0.3171,0.21654759000000007,0.31421575101327226,0.3199842489867277,0.0028842489867277332,0.3171,0.3142161419520302,0.3199944696042927
T-lidbetter-W-20-HS-greedy-D-5-C-5-H-2-RUNS-100000.csv,lidbetter,20,greedy,5,5,2,100000,2.0,135.0,31.58521,235.45831925589997,31.490102866763134,31.680317133236866,0.0951071332368656,2.0,5.0,4.88051,0.1176321399,4.8783842163124165,4.882635783687584,0.002125783687583649,0.0,0.3175,0.073683575,0.001401731587719375,0.07345152129786658,0.07391562870213342,0.0002320537021334168,0.0,103.2,22.137884,94.714510402544,22.077563583625242,22.198204416374757,0.06032041637475771,0.0,516.0,110.68942,2367.8627600636,110.38781791812622,110.99102208187378,0.30160208187378146,0.0,1.0,0.33383,0.11219253109999998,0.33175394887472937,0.33590605112527067,0.0020760511252706504,0.11344,0.1114806754733611,0.1154217761062931
T-lidbetter-W-20-HS-greedy-D-5-C-5-H-3-RUNS-100000.csv,lidbetter,20,greedy,5,5,3,100000,2.0,128.0,35.88259,277.6733448919,35.77930835004529,35.98587164995471,0.10328164995470956,2.0,5.0,4.92505,0.0740324975,4.9233635740680475,4.926736425931952,0.001686425931952229,0.0,0.3125,0.0837839,0.0016693354757900002,0.08353066257851978,0.08403713742148021,0.0002532374214802152,0.0,102.6,24.422674,117.32704868972398,24.35553804910583,24.48980995089417,0.06713595089416913,0.0,513.0,122.11337,2933.1762172431004,121.77769024552916,122.44904975447085,0.33567975447084564,0.0,1.0,0.3528933333333333,0.08805518417777777,0.35105411394582847,0.3547325527208381,0.001839219387504809,0.07265,0.07104866392928105,0.07427617521781259
T-lidbetter-W-20-HS-greedy-D-5-C-5-H-4-RUNS-100000.csv,lidbetter,20,greedy,5,5,4,100000,2.0,129.0,39.58413,344.0758221431,39.46916036582015,39.69909963417985,0.11496963417985029,2.0,5.0,4.93699,0.06235973989999999,4.935442223605297,4.9385377763947025,0.0015477763947027157,0.0,0.3075,0.092433175,0.0020408173469193746,0.09215317493000134,0.09271317506999867,0.0002800000699986621,0.0,98.4,26.226781999999996,140.413611924476,26.1533372635263,26.300226736473693,0.07344473647369654,0.0,492.0,131.13391,3510.3402981119,130.7666863176315,131.50113368236848,0.3672236823684898,0.0,1.0,0.388055,0.08182706697499999,0.3862820170319736,0.38982798296802634,0.0017729829680263598,0.06136,0.059880294961300644,0.06286520891289518
T-lidbetter-W-20-HS-greedy-D-5-C-5-H-5-RUNS-100000.csv,lidbetter,20,greedy,5,5,5,100000,2.0,146.0,45.30547,468.32803807909994,45.17133838586356,45.43960161413644,0.13413161413644303,2.0,5.0,4.9414,0.05880604000000001,4.939896972111822,4.942903027888177,0.0015030278881775772,0.0,0.355,0.105508525,0.0026883409648243753,0.10518716024383547,0.10582988975616454,0.0003213647561645383,0.0,98.8,29.856037999999998,184.188789742556,29.771920245948014,29.940155754051982,0.0841177540519844,0.0,494.0,149.28019,4604.7197435639,148.8596012297401,149.70077877025992,0.42058877025991137,0.0,1.0,0.42052,0.0820309296,0.41874480981539625,0.42229519018460376,0.0017751901846037588,0.05681,0.055383173050883465,0.05826259956609592
T-lidbetter-W-20-HS-random-D-1-C-5-H-1-RUNS-100000.csv,lidbetter,20,random,1,5,1,100000,1.0,136.0,22.60182,148.6741326876,22.526245761787983,22.677394238212017,0.07557423821201681,0.0,1.0,0.90495,0.08601549750000002,0.9031322070106967,0.9067677929893033,0.0018177929893032907,0.0,0.305,0.05173477500000001,0.000903087118199375,0.05154851444396963,0.05192103555603039,0.00018626055603038205,0.0,134.0,20.79192,150.49774271360002,20.715883684439042,20.86795631556096,0.07603631556095891,0.0,134.0,20.79192,150.49774271360002,20.715883684439042,20.86795631556096,0.07603631556095891,0.0,1.0,0.09505,0.08601549750000002,0.09323220701069676,0.09686779298930323,0.0018177929893032352,0.09505,0.09323900311474448,0.09688452297999249
T-lidbetter-W-20-HS-random-D-1-C-5-H-2-RUNS-100000.csv,lidbetter,20,random,1,5,2,100000,2.0,125.0,24.13856,160.05698112640002,24.060146040866744,24.216973959133252,0.078413959133254,0.0,1.0,0.97345,0.0258450975,0.9724535737530755,0.9744464262469246,0.000996426246924531,0.0,0.29,0.055177675,0.000976989994094375,0.05498394310377966,0.055371406896220346,0.00019373189622034354,0.0,125.0,22.19166,162.4010064444,22.112673943866223,22.270646056133774,0.0789860561337754,0.0,125.0,22.19166,162.4010064444,22.112673943866223,22.270646056133774,0.0789860561337754,0.0,1.0,0.09782,0.052616247600000006,0.09639827366634729,0.09924172633365272,0.0014217263336527147,0.02655,0.025562342084812072,0.02756524572195104
T-lidbetter-W-20-HS-random-D-1-C-5-H-3-RUNS-100000.csv,lidbetter,20,random,1,5,3,100000,2.0,136.0,25.89,185.01242,25.805694382590957,25.974305617409044,0.08430561740904352,0.0,1.0,0.98416,0.015589094399999994,0.9833861326661046,0.9849338673338954,0.000773867333895395,0.0,0.325,0.05938557500000001,0.001120481669419375,0.059178103498794626,0.05959304650120539,0.0002074715012053835,0.0,136.0,23.92168,187.1575459776,23.836887050491946,24.00647294950805,0.08479294950805283,0.0,136.0,23.92168,187.1575459776,23.836887050491946,24.00647294950805,0.08479294950805283,0.0,1.0,0.12469333333333332,0.04690490595555555,0.12335098506734993,0.12603568159931672,0.0013423482659833952,0.01584,0.015075213483326523,0.016633051723937628
T-lidbetter-W-20-HS-random-D-1-C-5-H-4-RUNS-100000.csv,lidbetter,20,random,1,5,4,100000,2.0,124.0,28.46237,255.12096398309998,28.363371379038014,28.561368620961986,0.09899862096198575,0.0,1.0,0.98742,0.0124217436,0.9867292079168537,0.9881107920831462,0.0006907920831462633,0.0,0.295,0.06554255,0.0015316115144974997,0.06529998374525517,0.06578511625474484,0.00024256625474483595,0.0,123.0,26.48753,257.0032644991,26.388166840785946,26.586893159214053,0.09936315921405381,0.0,123.0,26.48753,257.0032644991,26.388166840785946,26.586893159214053,0.09936315921405381,0.0,1.0,0.1587975,0.048618978993749985,0.15743084470438817,0.16016415529561184,0.001366655295611835,0.01258,0.011898385573587718,0.013290098822698368
T-lidbetter-W-20-HS-random-D-1-C-5-H-5-RUNS-100000.csv,lidbetter,20,random,1,5,5,100000,2.0,130.0,31.81965,332.6406038775,31.70660699296923,31.932693007030768,0.1130430070307682,0.0,1.0,0.98875,0.011123437499999998,0.9880963043712858,0.9894036956287142,0.0006536956287142015,0.0,0.3,0.073610325,0.001952512615894375,0.07333644961838968,0.07388420038161032,0.00027387538161031955,0.0,130.0,29.84215,334.47185337749994,29.728796258467796,29.955503741532205,0.11335374153220457,0.0,130.0,29.84215,334.47185337749994,29.728796258467796,29.955503741532205,0.11335374153220457,0.0,1.0,0.20229,0.0558831559,0.20082480127045702,0.20375519872954298,0.0014651987295429825,0.01125,0.010605522045941285,0.011923055366782023
T-lidbetter-W-20-HS-random-D-10-C-5-H-1-RUNS-100000.csv,lidbetter,20,random,10,5,1,100000,1.0,142.0,33.12346,348.4199376284,33.00776687002275,33.239153129977254,0.11569312997725234,0.0,10.0,9.0383,3.1800331100000006,9.027247210670886,9.049352789329113,0.011052789329113466,0.0,0.34,0.078538075,0.002019726837794375,0.0782595254959604,0.0788166245040396,0.00027854950403960466,0.0,85.0,20.791546999999998,89.217740246791,20.733003095882484,20.85009090411751,0.058543904117513534,0.0,850.0,207.91547,8921.7740246791,207.33003095882486,208.50090904117513,0.5854390411751353,0.0,1.0,0.41551,0.24286143989999992,0.4124555335858454,0.41856446641415457,0.0030544664141545774,0.41551,0.41245307691612265,0.4185718244286809
T-lidbetter-W-20-HS-random-D-10-C-5-H-2-RUNS-100000.csv,lidbetter,20,random,10,5,2,100000,2.0,143.0,37.78357,324.1981080551,37.67197074140459,37.8951692585954,0.11159925859540465,0.0,10.0,9.72556,0.47032268639999997,9.721309362833557,9.729810637166443,0.004250637166443028,0.0,0.3425,0.088866425,0.001931175070219375,0.08859405021868288,0.08913879978131711,0.000272374781317114,0.0,74.0,22.43405,87.3974303975,22.3761064094472,22.4919935905528,0.05794359055279941,0.0,740.0,224.3405,8739.743039750001,223.761064094472,224.91993590552798,0.579435905527987,0.0,1.0,0.375545,0.146873452975,0.37316964937967306,0.377920350620327,0.0023753506203269548,0.20027,0.19779328496736104,0.20276411135815153
T-lidbetter-W-20-HS-random-D-10-C-5-H-3-RUNS-100000.csv,lidbetter,20,random,10,5,3,100000,2.0,150.0,42.0094,338.38723164,41.89538472080163,42.12341527919837,0.11401527919836951,2.0,10.0,9.84023,0.1977035471,9.837474100969667,9.842985899030333,0.002755899030333353,0.0,0.3275,0.09856005000000001,0.0020213129189975,0.09828139114567055,0.09883870885432947,0.0002786588543294555,0.0,85.1,24.633837000000003,103.32540395743098,24.570834232454214,24.696839767545793,0.0630027675457896,0.0,851.0,246.33837,10332.540395743099,245.70834232454212,246.96839767545788,0.6300276754578817,0.0,1.0,0.40507,0.10652162843333333,0.40304709741265304,0.4070929025873469,0.002022902587346942,0.13711,0.13498367788294005,0.1392573934146046
T-lidbetter-W-20-HS-random-D-10-C-5-H-4-RUNS-100000.csv,lidbetter,20,random,10,5,4,100000,2.0,149.0,46.08143,388.0540591551,45.9593337890166,46.2035262109834,0.12209621098340051,3.0,10.0,9.87099,0.13978641990000001,9.868672666379894,9.873307333620108,0.0023173336201072203,0.0,0.3475,0.10777955,0.0022862648517975,0.10748319016711665,0.10807590983288336,0.00029635983288335555,0.0,85.2,26.528228,128.06653518001602,26.45808668538817,26.598369314611826,0.07014131461182771,0.0,852.0,265.28228,12806.6535180016,264.58086685388173,265.9836931461183,0.7014131461182842,0.0,1.0,0.46171,0.08748387590000001,0.4598767568146658,0.46354324318533424,0.0018332431853342324,0.11722,0.11523235082281164,0.1192298801570169
T-lidbetter-W-20-HS-random-D-10-C-5-H-5-RUNS-100000.csv,lidbetter,20,random,10,5,5,100000,2.0,146.0,51.6403,473.27839591,51.50546134509245,51.77513865490756,0.1348386549075542,6.0,10.0,9.88534,0.11427308439999999,9.883244787645532,9.887435212354466,0.0020952123544670798,0.0,0.3375,0.12048055,0.0027200328216975002,0.12015729656865189,0.12080380343134813,0.00032325343134811946,0.0,104.1,29.645258,162.133700713436,29.56633697462268,29.724179025377317,0.07892102537731915,0.0,1041.0,296.45258,16213.370071343601,295.6633697462268,297.2417902537732,0.7892102537732057,0.0,1.0,0.531934,0.081484219644,0.5301647352425813,0.5337032647574187,0.001769264757418676,0.10848,0.1065589004687408,0.11042384069740717
T-lidbetter-W-20-HS-random-D-5-C-5-H-1-RUNS-100000.csv,lidbetter,20,random,5,5,1,100000,1.0,138.0,29.01648,279.04254840960004,28.912944022969295,29.120015977030707,0.10353597703070605,0.0,5.0,4.525,0.9307950000000002,4.519020249108868,4.530979750891133,0.0059797508911323405,0.0,0.3075,0.06807585000000001,0.0016479232717775,0.0678242419309549,0.06832745806904511,0.00025160806904510336,0.0,82.4,20.80029,95.69099231589999,20.739659437073307,20.860920562926694,0.06063056292669344,0.0,412.0,104.00145,2392.2748078975,103.69829718536654,104.30460281463347,0.30315281463346366,0.0,1.0,0.28014,0.20166158039999998,0.2773566510688298,0.2829233489311702,0.0027833489311702153,0.28014,0.27735811020266066,0.2829346467713715
T-lidbetter-W-20-HS-random-D-5-C-5-H-2-RUNS-100000.csv,lidbetter,20,random,5,5,2,100000,2.0,132.0,32.74811,280.46108142789996,32.64431119025666,32.851908809743335,0.10379880974333844,0.0,5.0,4.86423,0.17759650709999997,4.861617999345951,4.866842000654049,0.002612000654049318,0.0,0.3175,0.07642762500000001,0.0016870669493593748,0.07617304620291238,0.07668220379708765,0.0002545787970876373,0.0,83.0,22.39557,101.6946959751,22.333066372580628,22.45807362741937,0.0625036274193711,0.0,415.0,111.97785,2542.3673993775,111.66533186290316,112.29036813709685,0.31251813709684484,0.0,1.0,0.26382,0.11910900760000001,0.26168091336408233,0.26595908663591766,0.002139086635917664,0.1136,0.1116394626856901,0.11558297955493356
T-lidbetter-W-20-HS-random-D-5-C-5-H-3-RUNS-100000.csv,lidbetter,20,random,5,5,3,100000,2.0,133.0,36.53738,304.87098273559997,36.42915835857477,36.64560164142523,0.1082216414252315,0.0,5.0,4.91975,0.08810993750000001,4.917910208881693,4.921589791118306,0.0018397911183063442,0.0,0.32,0.08538042500000001,0.001831542589319375,0.08511516938722001,0.08564568061278001,0.0002652556127799993,0.0,80.4,24.625397999999997,116.670105741596,24.55845026828212,24.692345731717875,0.06694773171787816,0.0,402.0,123.12699,2916.7526435399,122.7922513414106,123.46172865858941,0.33473865858940144,0.0,1.0,0.30113666666666666,0.09103337465555557,0.299266602999096,0.3030067303342373,0.0018700636675706428,0.0743,0.07268189809597436,0.07594284410522201
T-lidbetter-W-20-HS-random-D-5-C-5-H-4-RUNS-100000.csv,lidbetter,20,random,5,5,4,100000,2.0,137.0,40.2734,369.80387243999996,40.15420945690343,40.392590543096574,0.11919054309657184,1.0,5.0,4.93527,0.0669000271,4.933666868239641,4.936873131760359,0.001603131760359311,0.0,0.335,0.09411235000000001,0.0021925013274775,0.09382213089140036,0.09440256910859966,0.0002902191085996514,0.0,91.4,26.635023999999998,146.476835719424,26.560010307109984,26.710037692890012,0.07501369289001403,0.0,457.0,133.17512,3661.9208929856004,132.80005153554993,133.55018846445006,0.3750684644500666,0.0,1.0,0.35527,0.0808332271,0.35350781690727845,0.3570321830927215,0.0017621830927215254,0.06172,0.060236213593668056,0.0632292690410104
T-lidbetter-W-20-HS-random-D-5-C-5-H-5-RUNS-100000.csv,lidbetter,20,random,5,5,5,100000,2.0,138.0,45.36708,476.1372322736,45.23183471204133,45.50232528795867,0.13524528795866786,2.0,5.0,4.94215,0.0581433775,4.940655464624025,4.943644535375975,0.0014945353759747704,0.0,0.335,0.10567907500000001,0.0027349069196443746,0.10535493894180059,0.10600321105819943,0.00032413605819942015,0.0,107.2,29.853108000000002,187.63282434033601,29.768207454772906,29.9380085452271,0.08490054522709656,0.0,536.0,149.26554,4690.820608508399,148.84103727386452,149.69004272613546,0.42450272613547213,0.0,1.0,0.42111200000000004,0.081693483456,0.41934046482946413,0.42288353517053595,0.0017715351705359095,0.05605,0.05463224999869183,0.05749356756625878
T-lidbetter-W-20-HS-weighted-D-1-C-5-H-1-RUNS-100000.csv,lidbetter,20,weighted,1,5,1,100000,1.0,129.0,22.49391,145.5845629119,22.419125131418024,22.568694868581975,0.07478486858197542,0.0,1.0,0.92053,0.0731545191,0.9188536038637166,0.9222063961362833,0.0016763961362833424,0.0,0.3175,0.05138865,0.0008707972761774999,0.0512057496223032,0.051571550377696805,0.00018290037769680412,0.0,129.0,20.65285,145.9926568775,20.577960388526805,20.727739611473197,0.07488961147319628,0.0,129.0,20.65285,145.9926568775,20.577960388526805,20.727739611473197,0.07488961147319628,0.0,1.0,0.07947,0.07315451909999998,0.0777936038637167,0.0811463961362833,0.0016763961362833008,0.07947,0.07780084815434557,0.08116359055265376
T-lidbetter-W-20-HS-weighted-D-1-C-5-H-2-RUNS-100000.csv,lidbetter,20,weighted,1,5,2,100000,2.0,134.0,24.25654,152.83384722839997,24.17991581925315,24.333164180746852,0.07662418074685107,0.0,1.0,0.97526,0.0241279324,0.9742972442412126,0.9762227557587875,0.0009627557587874591,0.0,0.33,0.055534275,0.000935254362724375,0.055344726242160705,0.0557238237578393,0.00018954875783929598,0.0,134.0,22.30602,154.4416517596,22.228993832407443,22.383046167592557,0.07702616759255676,0.0,134.0,22.30602,154.4416517596,22.228993832407443,22.383046167592557,0.07702616759255676,0.0,1.0,0.09499,0.05084189990000001,0.09359245127936147,0.09638754872063854,0.0013975487206385334,0.02474,0.023786065060424483,0.025721634585573867
T-lidbetter-W-20-HS-weighted-D-1-C-5-H-3-RUNS-100000.csv,lidbetter,20,weighted,1,5,3,100000,2.0,123.0,26.46617,192.95825553109995,26.380073052641325,26.552266947358678,0.08609694735867635,0.0,1.0,0.98493,0.014842895100000001,0.9841748810304584,0.9856851189695416,0.0007551189695416127,0.0,0.2725,0.06090755,0.0011764529779974997,0.0606949597424557,0.061120140257544295,0.000212590257544297,0.0,121.0,24.49631,194.6160863839,24.409843986014597,24.582776013985406,0.08646601398540454,0.0,121.0,24.49631,194.6160863839,24.409843986014597,24.582776013985406,0.08646601398540454,0.0,1.0,0.12380333333333332,0.04726051243333333,0.12245590621261809,0.12515076045404855,0.0013474271207152277,0.01507,0.01432398459782862,0.015844331494349807
T-lidbetter-W-20-HS-weighted-D-1-C-5-H-4-RUNS-100000.csv,lidbetter,20,weighted,1,5,4,100000,2.0,123.0,28.47698,254.7711100796,28.378049281995846,28.575910718004156,0.09893071800415498,0.0,1.0,0.98729,0.012548455900000003,0.9865956935245481,0.9879843064754519,0.000694306475451878,0.0,0.295,0.06555725,0.0015265763474375002,0.06531508279131319,0.0657994172086868,0.0002421672086868054,0.0,121.0,26.5024,256.54181424,26.40312608431293,26.601673915687073,0.09927391568707122,0.0,121.0,26.5024,256.54181424,26.40312608431293,26.601673915687073,0.09927391568707122,0.0,1.0,0.159445,0.050006041975,0.15805898697390264,0.16083101302609737,0.0013860130260973658,0.01271,0.012024867288685813,0.013423608149616937
T-lidbetter-W-20-HS-weighted-D-1-C-5-H-5-RUNS-100000.csv,lidbetter,20,weighted,1,5,5,100000,2.0,134.0,31.66157,340.08113513510006,31.547269707404794,31.775870292595208,0.1143002925952068,0.0,1.0,0.98808,0.011777913600000002,0.9874073482856205,0.9887526517143794,0.0006726517143794686,0.0,0.325,0.07301754999999999,0.0019862678919975,0.0727413173673532,0.07329378263264677,0.00027623263264678344,0.0,134.0,29.68541,342.0298231319,29.570782700959,29.800037299041,0.11462729904100044,0.0,134.0,29.68541,342.0298231319,29.570782700959,29.800037299041,0.11462729904100044,0.0,1.0,0.20225800000000002,0.056189701435999995,0.20078878811250203,0.203727211887498,0.0014692118874979898,0.01192,0.011256545753148783,0.012611984471074412
T-lidbetter-W-20-HS-weighted-D-10-C-5-H-1-RUNS-100000.csv,lidbetter,20,weighted,10,5,1,100000,1.0,145.0,29.42676,339.3343959024,29.312585264821912,29.54093473517809,0.11417473517808929,0.0,10.0,9.20337,1.2657506430999999,9.196396831659472,9.210343168340527,0.006973168340527636,0.0,0.335,0.069846,0.001898018159,0.06957597358352165,0.07011602641647836,0.00027002641647835834,0.0,86.1,20.692172999999997,95.54764083807099,20.63158786840457,20.752758131595424,0.060585131595427555,0.0,861.0,206.92173,9554.7640838071,206.3158786840457,207.52758131595428,0.6058513159542827,0.0,1.0,0.47775,0.24950493750000002,0.47465403784277005,0.48084596215722997,0.003095962157229959,0.47775,0.474649777661127,0.4808515130449313
T-lidbetter-W-20-HS-weighted-D-10-C-5-H-2-RUNS-100000.csv,lidbetter,20,weighted,10,5,2,100000,2.0,136.0,35.90089,283.5259072079,35.796525584362776,36.00525441563722,0.10436441563722099,2.0,10.0,9.75618,0.2668918076,9.752977982560829,9.759382017439172,0.0032020174391718115,0.0,0.325,0.084471375,0.0016697437431093748,0.08421810661343095,0.08472464338656906,0.0002532683865690555,0.0,74.7,22.208661999999997,92.49052496975601,22.1490539803446,22.268270019655393,0.059608019655396305,0.0,747.0,222.08662,9249.052496975599,221.49053980344604,222.68270019655398,0.5960801965539702,0.0,1.0,0.449685,0.12738590077499998,0.44747283889280814,0.45189716110719186,0.0022121611071918568,0.20952,0.20700109629883873,0.21205576241057558
T-lidbetter-W-20-HS-weighted-D-10-C-5-H-3-RUNS-100000.csv,lidbetter,20,weighted,10,5,3,100000,2.0,138.0,40.35017,303.9053709711,40.242119878615405,40.45822012138459,0.10805012138459347,6.0,10.0,9.8471,0.15396159,9.84466800731057,9.849531992689428,0.0024319926894289523,0.0,0.3125,0.094704625,0.0018287341911093747,0.09443957283025665,0.09496967716974335,0.0002650521697433461,0.0,86.1,23.814625999999997,103.365626080124,23.75161097090777,23.877641029092224,0.06301502909222734,0.0,861.0,238.14626,10336.5626080124,237.51610970907777,238.77641029092226,0.630150290922245,0.0,1.0,0.45765,0.09626647749999999,0.4557269365586024,0.4595730634413976,0.0019230634413975878,0.14141,0.1392557833130439,0.14358503747523493
T-lidbetter-W-20-HS-weighted-D-10-C-5-H-4-RUNS-100000.csv,lidbetter,20,weighted,10,5,4,100000,2.0,137.0,45.76387,372.8817126231,45.644184479271175,45.88355552072882,0.11968552072882233,6.0,10.0,9.87716,0.12219033439999999,9.874993421156221,9.879326578843779,0.002166578843779021,0.0,0.325,0.107155,0.002207843225,0.10686376726603694,0.10744623273396306,0.0002912327339630594,0.0,89.8,26.614296000000007,133.50996442438398,26.542679529873876,26.685912470126137,0.0716164701261306,0.0,898.0,266.14296,13350.996442438402,265.4267952987387,266.85912470126135,0.7161647012613344,0.0,1.0,0.4872025,0.08403059899375,0.485405803172223,0.488999196827777,0.0017966968277770001,0.11591,0.11393209027930101,0.1179102171431795
T-lidbetter-W-20-HS-weighted-D-10-C-5-H-5-RUNS-100000.csv,lidbetter,20,weighted,10,5,5,100000,2.0,148.0,50.572,469.9235560000001,50.43764009776985,50.706359902230155,0.13435990223015182,6.0,10.0,9.8838,0.11603756000000001,9.881688673662136,9.885911326337865,0.002111326337864483,0.0,0.3275,0.117747575,0.002695711144119375,0.1174257700290743,0.11806937997092569,0.00032180497092569593,0.0,97.5,28.690633000000002,163.788764159311,28.61131018383754,28.769955816162465,0.07932281616246328,0.0,975.0,286.90633,16378.876415931101,286.11310183837537,287.6995581616247,0.7932281616246541,0.0,1.0,0.5321819999999999,0.08165471887600001,0.5304108851871376,0.5339531148128622,0.0017711148128622956,0.10977,0.10783883993067844,0.11172382590589444
T-lidbetter-W-20-HS-weighted-D-5-C-5-H-1-RUNS-100000.csv,lidbetter,20,weighted,5,5,1,100000,1.0,131.0,27.2894,275.20094764,27.18657918690976,27.39222081309024,0.10282081309023994,0.0,5.0,4.60139,0.4861000679,4.597068655277758,4.605711344722242,0.004321344722241882,0.0,0.31,0.063970175,0.001574444522969375,0.06372424033226405,0.06421610966773596,0.00024593466773595307,0.0,108.4,20.711752,100.575613890496,20.64959322923338,20.773910770766623,0.06215877076662224,0.0,542.0,103.55876,2514.3903472624,103.2479661461669,103.86955385383311,0.3107938538331041,0.0,1.0,0.30376,0.21148986239999995,0.30090963255807984,0.3066103674419201,0.002850367441920132,0.30376,0.30091040912503236,0.3066209767063842
T-lidbetter-W-20-HS-weighted-D-5-C-5-H-2-RUNS-100000.csv,lidbetter,20,weighted,5,5,2,100000,2.0,138.0,32.04001,244.87942919990004,31.943018824359413,32.13700117564059,0.09699117564058923,1.0,5.0,4.8773,0.12570471000000003,4.87510248500816,4.87949751499184,0.002197514991840066,0.0,0.3075,0.074825375,0.0014625803186093748,0.07458833811358842,0.07506241188641158,0.00023703688641157905,0.0,81.8,22.362472,96.21443724921599,22.301675833826746,22.423268166173255,0.06079616617325456,0.0,409.0,111.81236,2405.3609312304,111.50837916913373,112.11634083086626,0.3039808308662657,0.0,1.0,0.31036,0.11598667040000003,0.3082491366860722,0.31247086331392787,0.0021108633139278465,0.11426,0.11229447303376396,0.11624793068441137
T-lidbetter-W-20-HS-weighted-D-5-C-5-H-3-RUNS-100000.csv,lidbetter,20,weighted,5,5,3,100000,2.0,134.0,35.84411,279.54796830789996,35.740480299862845,35.947739700137156,0.10362970013715511,2.0,5.0,4.9247,0.07510991,4.923001346915182,4.926398653084817,0.0016986530848175363,0.0,0.325,0.0836127,0.0016754123987100002,0.083359002064043,0.083866397935957,0.0002536979359570035,0.0,92.6,24.22784,112.90670013440001,24.161980879201412,24.29369912079859,0.06585912079858858,0.0,463.0,121.1392,2822.6675033600004,120.80990439600706,121.46849560399295,0.32929560399294644,0.0,1.0,0.33443,0.08877990843333333,0.33258322741996343,0.3362767725800366,0.0018467725800365709,0.07265,0.07104866392928105,0.07427617521781259
T-lidbetter-W-20-HS-weighted-D-5-C-5-H-4-RUNS-100000.csv,lidbetter,20,weighted,5,5,4,100000,2.0,134.0,40.13458,361.4044482236,40.016750830084575,40.252409169915424,0.11782916991542436,2.0,5.0,4.93879,0.0605433359,4.937264931873019,4.940315068126981,0.0015250681269813882,0.0,0.32,0.0936834,0.00214119681444,0.09339659655367565,0.09397020344632435,0.0002868034463243546,0.0,93.4,26.620712,146.296071013056,26.54574460799496,26.695679392005044,0.07496739200504265,0.0,467.0,133.10356,3657.4017753263997,132.72872303997477,133.4783969600252,0.3748369600252204,0.0,1.0,0.3742425,0.08040192619375,0.37248502442501774,0.3759999755749822,0.0017574755749822368,0.05969,0.05822941992372845,0.06117618252110853
T-lidbetter-W-20-HS-weighted-D-5-C-5-H-5-RUNS-100000.csv,lidbetter,20,weighted,5,5,5,100000,2.0,137.0,45.12481,474.4938924639,44.989798306532755,45.25982169346724,0.1350116934672414,2.0,5.0,4.94442,0.054830863599999995,4.942968661839522,4.945871338160478,0.001451338160477711,0.0,0.3175,0.10510772500000001,0.0027151708328243753,0.1047847606014763,0.10543068939852372,0.00032296439852370906,0.0,105.4,29.573757999999998,186.772659757436,29.489052282971915,29.65846371702808,0.08470571702808272,0.0,527.0,147.86879,4669.316493935899,147.44526141485957,148.2923185851404,0.42352858514041714,0.0,1.0,0.42015800000000003,0.08143725503600001,0.4183892451867308,0.42192675481326924,0.0017687548132692132,0.05442,0.05302196753003587,0.05584394649939483
T-partitioned_horizontal_scan_traversal-W-20-HS-greedy-D-1-C-5-H-1-RUNS-100000.csv,partitioned_horizontal_scan_traversal,20,greedy,1,5,1,100000,1.0,402.0,129.78228,9377.7167980016,129.1820680636708,130.38249193632916,0.600211936329174,0.0,1.0,0.95122,0.046400511600000006,0.9498848887485959,0.952555111251404,0.0013351112514040642,0.0,1.0,0.31721745,0.0586177235404975,0.3157168306386922,0.3187180693613078,0.0015006193613077978,0.0,401.0,127.87984,9380.6507615744,127.27953417822526,128.48014582177473,0.6003058217747252,0.0,401.0,127.87984,9380.6507615744,127.27953417822526,128.48014582177473,0.6003058217747252,0.0,1.0,0.04878,0.0464005116,0.04744488874859598,0.05011511125140401,0.0013351112514040156,0.04878,0.0474530158444423,0.050133232714528804
T-partitioned_horizontal_scan_traversal-W-20-HS-greedy-D-1-C-5-H-2-RUNS-100000.csv,partitioned_horizontal_scan_traversal,20,greedy,1,5,2,100000,2.0,402.0,134.37647,9851.9981803391,133.76126729999302,134.991672700007,0.6152027000069893,0.0,1.0,0.98195,0.017724197500000004,0.9811248377304069,0.982775162269593,0.0008251622695930605,0.0,1.0,0.32855015,0.06161643905997749,0.3270116256670991,0.33008867433290084,0.001538524332900859,0.0,401.0,132.41257,9860.6022559951,131.79709872019376,133.02804127980622,0.6154712798062292,0.0,401.0,132.41257,9860.6022559951,131.79709872019376,133.02804127980622,0.6154712798062292,0.0,1.0,0.090185,0.045984165775,0.0888558921366524,0.0915141078633476,0.0013291078633475978,0.01805,0.01723385355707163,0.018894267864464447
T-partitioned_horizontal_scan_traversal-W-20-HS-greedy-D-1-C-5-H-3-RUNS-100000.csv,partitioned_horizontal_scan_traversal,20,greedy,1,5,3,100000,2.0,402.0,134.84612,10023.424420945601,134.2255880728963,135.46665192710373,0.6205319271037126,0.0,1.0,0.98545,0.014338297500000003,0.9847078274885447,0.9861921725114554,0.0007421725114553634,0.0,1.0,0.329706625,0.06269354024360937,0.32815471165125965,0.3312585383487403,0.0015519133487403303,0.0,401.0,132.87522,10032.9296899516,132.25439391568236,133.49604608431767,0.6208260843176561,0.0,401.0,132.87522,10032.9296899516,132.25439391568236,133.49604608431767,0.6208260843176561,0.0,1.0,0.13539,0.050543992344444434,0.13399655175557032,0.1367834482444297,0.0013934482444296903,0.01455,0.013816946457196744,0.015311404273931403
T-partitioned_horizontal_scan_traversal-W-20-HS-greedy-D-1-C-5-H-4-RUNS-100000.csv,partitioned_horizontal_scan_traversal,20,greedy,1,5,4,100000,2.0,402.0,135.07513,10155.514925483101,134.45052271427772,135.69973728572228,0.6246072857222771,0.0,1.0,0.98594,0.013862316400000005,0.9852102502162917,0.9866697497837084,0.0007297497837083222,0.0,1.0,0.330275825,0.06352590985806937,0.32871364339944664,0.3318380066005534,0.0015621816005533806,0.0,401.0,133.10325,10166.0198694375,132.47831974844843,133.72818025155158,0.6249302515515751,0.0,401.0,133.10325,10166.0198694375,132.47831974844843,133.72818025155158,0.6249302515515751,0.0,1.0,0.172965,0.054529358775,0.17151765766084856,0.17441234233915145,0.0014473423391514473,0.01406,0.013339383728862555,0.014808999867249215
T-partitioned_horizontal_scan_traversal-W-20-HS-greedy-D-1-C-5-H-5-RUNS-100000.csv,partitioned_horizontal_scan_traversal,20,greedy,1,5,5,100000,2.0,402.0,135.40824,10162.3214201024,134.78342343517906,136.03305656482095,0.6248165648209465,0.0,1.0,0.98626,0.013551212399999995,0.9855384853601219,0.9869815146398782,0.0007215146398781291,0.0,1.0,0.3311072749999999,0.06357166762957438,0.32954453088029967,0.3326700191197002,0.0015627441197002545,0.0,401.0,133.43572,10173.3747480816,132.8105637280789,134.0608762719211,0.6251562719210995,0.0,401.0,133.43572,10173.3747480816,132.8105637280789,134.0608762719211,0.6251562719210995,0.0,1.0,0.203162,0.057360801756,0.20167755648128383,0.2046464435187162,0.001484443518716183,0.01374,0.013027628388483594,0.014480776797336108
T-partitioned_horizontal_scan_traversal-W-20-HS-greedy-D-10-C-5-H-1-RUNS-100000.csv,partitioned_horizontal_scan_traversal,20,greedy,10,5,1,100000,1.0,402.0,198.00323,8978.437479567101,197.4159347980657,198.5905252019343,0.5872952019342961,0.0,10.0,6.26483,7.760575071099999,6.247563551264624,6.282096448735376,0.017266448735376194,0.0,1.0,0.846607375,0.04225149465810938,0.845333352465354,0.8478813975346461,0.0012740225346460354,0.0,227.0,92.90511699999999,1385.364030516311,92.67442208328895,93.13581191671103,0.23069491671104458,0.0,2270.0,929.05117,138536.40305163112,926.7442208328895,931.3581191671104,2.3069491671104743,0.0,1.0,0.29491,0.20793809190000004,0.2920836685016739,0.2977363314983261,0.002826331498326118,0.29491,0.29208470084958826,0.29774719869284433
T-partitioned_horizontal_scan_traversal-W-20-HS-greedy-D-10-C-5-H-2-RUNS-100000.csv,partitioned_horizontal_scan_traversal,20,greedy,10,5,2,100000,2.0,402.0,220.18161,6460.647647807899,219.68342103982707,220.67979896017295,0.49818896017293923,0.0,10.0,6.80724,5.994783582400001,6.792064506396777,6.8224154936032235,0.015175493603223345,0.0,1.0,0.8931228250000001,0.017610560651519377,0.8923003122049696,0.8939453377950305,0.0008225127950304278,0.0,225.5,100.50336800000001,1010.1051994565761,100.30638017971073,100.70035582028929,0.19698782028928008,0.0,2255.0,1005.03368,101010.51994565762,1003.0638017971072,1007.0035582028928,1.9698782028928008,0.0,1.0,0.446255,0.11651897497499998,0.44413929847505856,0.44837070152494146,0.002115701524941449,0.18507,0.18266715809231102,0.18749112192499928
T-partitioned_horizontal_scan_traversal-W-20-HS-greedy-D-10-C-5-H-3-RUNS-100000.csv,partitioned_horizontal_scan_traversal,20,greedy,10,5,3,100000,2.0,402.0,224.28632,5921.6681808576,223.8093642317826,224.76327576821737,0.4769557682173797,0.0,10.0,6.8941,5.692745190000001,6.879311744551197,6.908888255448803,0.0147882554488028,0.0,1.0,0.90101625,0.014522482485937498,0.9002693258491119,0.901763174150888,0.000746924150888062,0.0,227.6,101.93065100000001,941.105861816199,101.74051020272722,102.1207917972728,0.19014079727278954,0.0,2276.0,1019.30651,94110.58618161992,1017.4051020272722,1021.2079179727278,1.9014079727278386,0.0,1.0,0.5647433333333333,0.0764883007888889,0.5630291645659402,0.5664575021007263,0.001714168767393054,0.16441,0.16211750363869076,0.16672197813535633
T-partitioned_horizontal_scan_traversal-W-20-HS-greedy-D-10-C-5-H-4-RUNS-100000.csv,partitioned_horizontal_scan_traversal,20,greedy,10,5,4,100000,2.0,402.0,226.01837,5768.8571525431,225.5476084718649,226.48913152813512,0.47076152813511385,0.0,10.0,6.94193,5.5405978751,6.927340702279759,6.9565192977202415,0.014589297720241312,0.0,1.0,0.9031769000000001,0.013854456431390001,0.9024473571306166,0.9039064428693835,0.000729542869383426,0.0,226.5,102.573085,924.0905758827749,102.3846709252521,102.76149907474792,0.18841407474791083,0.0,2265.0,1025.73085,92409.05758827752,1023.8467092525208,1027.6149907474792,1.8841407474792504,0.0,1.0,0.64034,0.05640968440000001,0.6388679149359122,0.6418120850640878,0.0014720850640878025,0.15688,0.15463085676989244,0.1591490632330055
T-partitioned_horizontal_scan_traversal-W-20-HS-greedy-D-10-C-5-H-5-RUNS-100000.csv,partitioned_horizontal_scan_traversal,20,greedy,10,5,5,100000,2.0,402.0,226.56959,5732.255557231901,226.10032426559505,227.03885573440496,0.46926573440495645,0.0,10.0,6.93613,5.569230623099999,6.921503053510148,6.950756946489853,0.014626946489852521,0.0,1.0,0.9047192000000002,0.013509193776360003,0.9039988048389166,0.9054395951610837,0.0007203951610835757,0.0,225.0,102.803472,914.617380745216,102.61602616436018,102.99091783563982,0.18744583563982076,0.0,2250.0,1028.03472,91461.73807452159,1026.1602616436019,1029.9091783563983,1.874458356398236,0.0,1.0,0.692512,0.044487929856,0.6912046942540675,0.6938193057459325,0.0013073057459325188,0.15468,0.15244386316330266,0.15693618490086425
T-partitioned_horizontal_scan_traversal-W-20-HS-greedy-D-5-C-5-H-1-RUNS-100000.csv,partitioned_horizontal_scan_traversal,20,greedy,5,5,1,100000,1.0,402.0,197.13018,6739.5430531676,196.62135165376674,197.63900834623325,0.5088283462332583,0.0,5.0,3.54851,1.9138667799,3.539935438424232,3.557084561575768,0.00857456157576797,0.0,1.0,0.7615975500000001,0.0392653860839975,0.7603693728662759,0.7628257271337242,0.0012281771337241398,0.0,248.0,102.92529800000001,1518.088106411196,102.6838049924493,103.16679100755073,0.2414930075507158,0.0,1240.0,514.62649,37952.2026602799,513.4190249622463,515.8339550377536,1.20746503775365,0.0,1.0,0.17283,0.1429597911,0.1704865104363583,0.17517348956364173,0.002343489563641721,0.17283,0.17049106656797836,0.17518792532969682
T-partitioned_horizontal_scan_traversal-W-20-HS-greedy-D-5-C-5-H-2-RUNS-100000.csv,partitioned_horizontal_scan_traversal,20,greedy,5,5,2,100000,2.0,402.0,212.61904,5249.1607694784,212.16998347781123,213.0680965221888,0.44905652218878345,0.0,5.0,3.76144,1.4380691263999998,3.7540073111487304,3.7688726888512694,0.0074326888512694644,0.0,1.0,0.798496175,0.024594465697869373,0.7975241559702226,0.7994681940297774,0.0009720190297773934,0.0,248.0,109.43605399999998,1253.0043733090838,109.21665615132083,109.65545184867914,0.2193978486791508,0.0,1240.0,547.18027,31325.109332727097,546.0832807566042,548.2772592433957,1.0969892433957966,0.0,1.0,0.295095,0.10405144097499999,0.2930956900799287,0.2970943099200713,0.0019993099200713016,0.08717,0.08542864796817908,0.08893533937870139
T-partitioned_horizontal_scan_traversal-W-20-HS-greedy-D-5-C-5-H-3-RUNS-100000.csv,partitioned_horizontal_scan_traversal,20,greedy,5,5,3,100000,2.0,402.0,214.85727,4984.0104381471,214.41970201100645,215.29483798899355,0.43756798899354976,0.0,5.0,3.79032,1.3647142976,3.7830793602177293,3.7975606397822705,0.00724063978227063,0.0,1.0,0.804357475,0.023383667974124372,0.8034096844171739,0.8053052655828261,0.0009477905828261246,0.0,248.0,110.369312,1212.3840550466562,110.15349970688703,110.58512429311295,0.21581229311296113,0.0,1240.0,551.84656,30309.6013761664,550.7674985344352,552.9256214655647,1.0790614655647914,0.0,1.0,0.4087666666666667,0.08264314555555555,0.4069848644667404,0.410548468866593,0.0017818021999262967,0.07258,0.07097938048860361,0.07420546277236116
T-partitioned_horizontal_scan_traversal-W-20-HS-greedy-D-5-C-5-H-4-RUNS-100000.csv,partitioned_horizontal_scan_traversal,20,greedy,5,5,4,100000,2.0,402.0,215.61624,4932.290768262399,215.18094827924992,216.0515317207501,0.4352917207500866,0.0,5.0,3.80961,1.3247616479000002,3.8024761340448725,3.816743865955128,0.007133865955127661,0.0,1.0,0.805720275,0.023016421891424374,0.8047799565096038,0.8066605934903962,0.0009403184903962192,0.0,248.2,110.480172,1202.629734850416,110.26522962657397,110.69511437342602,0.21494237342602673,0.0,1241.0,552.40086,30065.7433712604,551.3261481328698,553.4755718671302,1.0747118671301905,0.0,1.0,0.489475,0.06881922437499999,0.48784903587875067,0.4911009641212493,0.0016259641212493237,0.06718,0.06563601483270898,0.06874914604702091
T-partitioned_horizontal_scan_traversal-W-20-HS-greedy-D-5-C-5-H-5-RUNS-100000.csv,partitioned_horizontal_scan_traversal,20,greedy,5,5,5,100000,2.0,402.0,215.92379,4895.829122035901,215.49011019697463,216.35746980302537,0.43367980302537035,0.0,5.0,3.81047,1.3197083791,3.8033497530175207,3.8175902469824794,0.007120246982479372,0.0,1.0,0.8067157750000001,0.023233377803649372,0.8057710351195542,0.8076605148804461,0.0009447398804459661,0.0,248.0,110.76309199999999,1204.4293305995361,110.54798886853902,110.97819513146095,0.21510313146096394,0.0,1240.0,553.81546,30110.733264988397,552.7399443426953,554.8909756573048,1.075515657304777,0.0,1.0,0.5511360000000001,0.058272309504,0.5496398084875573,0.5526321915124428,0.001496191512442735,0.06507,0.06354891003405294,0.06661637510770739
T-partitioned_horizontal_scan_traversal-W-20-HS-random-D-1-C-5-H-1-RUNS-100000.csv,partitioned_horizontal_scan_traversal,20,random,1,5,1,100000,1.0,402.0,112.76992,7614.3345831936,112.2290759583873,113.3107640416127,0.5408440416127007,0.0,1.0,0.80044,0.15973580639999996,0.7979628220211978,0.8029171779788022,0.002477177978802203,0.0,1.0,0.27544392500000003,0.04759126774309438,0.27409179107851933,0.27679605892148074,0.0013521339214807027,0.0,401.0,111.16904,7616.4851854784,110.62811958544224,111.70996041455776,0.5409204145577604,0.0,401.0,111.16904,7616.4851854784,110.62811958544224,111.70996041455776,0.5409204145577604,0.0,1.0,0.19956,0.15973580639999999,0.1970828220211978,0.20203717797880216,0.0024771779788021753,0.19956,0.19708660737944367,0.20205083021613074
T-partitioned_horizontal_scan_traversal-W-20-HS-random-D-1-C-5-H-2-RUNS-100000.csv,partitioned_horizontal_scan_traversal,20,random,1,5,2,100000,2.0,402.0,129.19227,8926.9549222471,128.60666100050202,129.777878999498,0.5856089994979925,0.0,1.0,0.92782,0.0669700476,0.9262160295050713,0.9294239704949286,0.0016039704949286637,0.0,1.0,0.315858825,0.05590981635711938,0.31439327680728335,0.31732437319271667,0.0014655481927166591,0.0,401.0,127.33663,8947.317570243098,126.75035348522351,127.92290651477649,0.5862765147764861,0.0,401.0,127.33663,8947.317570243098,126.75035348522351,127.92290651477649,0.5862765147764861,0.0,1.0,0.2041,0.09648319000000001,0.20217477320114227,0.20602522679885774,0.001925226798857732,0.07218,0.07058348347105078,0.07380138329921665
T-partitioned_horizontal_scan_traversal-W-20-HS-random-D-1-C-5-H-3-RUNS-100000.csv,partitioned_horizontal_scan_traversal,20,random,1,5,3,100000,2.0,402.0,133.46917,9611.0699695111,132.86153617609884,134.07680382390114,0.6076338239011534,0.0,1.0,0.96541,0.033393531899999995,0.9642773721169464,0.9665426278830536,0.0011326278830535719,0.0,1.0,0.32636375,0.060167798310937486,0.32484341906894815,0.32788408093105187,0.001520330931051861,0.0,401.0,131.53835,9628.717829277499,130.93015856292652,132.1465414370735,0.6081914370734864,0.0,401.0,131.53835,9628.717829277499,130.93015856292652,132.1465414370735,0.6081914370734864,0.0,1.0,0.20302333333333333,0.07475374834444445,0.20132871243283665,0.20471795423383002,0.001694620900496685,0.03459,0.0334659080300726,0.0357411898259499
T-partitioned_horizontal_scan_traversal-W-20-HS-random-D-1-C-5-H-4-RUNS-100000.csv,partitioned_horizontal_scan_traversal,20,random,1,5,4,100000,2.0,402.0,134.47364,9961.1622851504,133.85503834275494,135.09224165724504,0.6186016572450512,0.0,1.0,0.98021,0.0193983559,0.9793467461322101,0.98107325386779,0.0008632538677899593,0.0,1.0,0.32880285,0.0623272418318775,0.3272554769608742,0.33035022303912576,0.0015473730391257767,0.0,401.0,132.51322,9974.4461852316,131.89420600609367,133.1322339939063,0.6190139939063215,0.0,401.0,132.51322,9974.4461852316,131.89420600609367,133.1322339939063,0.6190139939063215,0.0,1.0,0.20254,0.0635237984,0.2009778443613601,0.2041021556386399,0.0015621556386399005,0.01979,0.018935711036601258,0.020672299059131993
T-partitioned_horizontal_scan_traversal-W-20-HS-random-D-1-C-5-H-5-RUNS-100000.csv,partitioned_horizontal_scan_traversal,20,random,1,5,5,100000,2.0,402.0,135.75788,10175.0149179056,135.1326733356991,136.3830866643009,0.6252066643008902,0.0,1.0,0.98605,0.0137553975,0.9853230699137056,0.9867769300862944,0.0007269300862944306,0.0,1.0,0.33198244999999993,0.0636520103919975,0.330418718683175,0.33354618131682484,0.0015637313168249123,0.0,401.0,133.78578,10186.237449791599,133.160228644897,134.411331355103,0.6255513551029992,0.0,401.0,133.78578,10186.237449791599,133.160228644897,134.411331355103,0.6255513551029992,0.0,1.0,0.20257800000000004,0.057092953915999986,0.2010970263615996,0.20405897363840048,0.0014809736384004402,0.01395,0.013232206695690033,0.014696184310091882
T-partitioned_horizontal_scan_traversal-W-20-HS-random-D-10-C-5-H-1-RUNS-100000.csv,partitioned_horizontal_scan_traversal,20,random,10,5,1,100000,1.0,402.0,106.78355,9974.5273993975,106.1645334860238,107.40256651397621,0.6190165139762058,0.0,10.0,3.77319,10.548827223900002,3.7530593331796154,3.7933206668203847,0.02013066682038467,0.0,1.0,0.659481275,0.08979781161187439,0.6576239455378738,0.6613386044621261,0.0018573294621261338,0.0,228.1,58.118798,1586.1785270351959,57.87194858376697,58.365647416233024,0.24684941623302592,0.0,2281.0,581.18798,158617.8527035196,578.7194858376698,583.6564741623303,2.4684941623302166,0.0,1.0,0.69294,0.2127741564,0.6900809910821646,0.6957990089178354,0.002859008917835415,0.69294,0.6900704779753682,0.6957983277374138
T-partitioned_horizontal_scan_traversal-W-20-HS-random-D-10-C-5-H-2-RUNS-100000.csv,partitioned_horizontal_scan_traversal,20,random,10,5,2,100000,2.0,402.0,159.89036,10147.0229990704,159.26601391365662,160.51470608634335,0.6243460863433654,0.0,10.0,5.27954,9.7825173884,5.260154304552254,5.298925695447746,0.019385695447746265,0.0,1.0,0.81962735,0.0372736837569775,0.8184307273212879,0.8208239726787121,0.0011966226787121226,0.0,224.2,79.700489,1430.7182384608786,79.46604823594923,79.93492976405078,0.23444076405077396,0.0,2242.0,797.00489,143071.8238460879,794.6604823594922,799.3492976405079,2.344407640507825,0.0,1.0,0.69081,0.1075865439,0.6887770109025225,0.6928429890974775,0.002032989097477511,0.4788,0.47569946417980685,0.4819017656161866
T-partitioned_horizontal_scan_traversal-W-20-HS-random-D-10-C-5-H-3-RUNS-100000.csv,partitioned_horizontal_scan_traversal,20,random,10,5,3,100000,2.0,402.0,191.38886,8571.3674279004,190.81503280379,191.96268719621,0.5738271962100043,0.0,10.0,6.09529,8.1345898159,6.077612375658262,6.112967624341739,0.01767762434173825,0.0,1.0,0.8733726250000001,0.019838263088109376,0.8724996377636715,0.8742456122363288,0.0008729872363286706,0.0,228.0,91.124339,1188.548175713079,90.91065870910215,91.33801929089786,0.21368029089785523,0.0,2280.0,911.24339,118854.81757130791,909.1065870910214,913.3801929089785,2.1368029089785523,0.0,1.0,0.6927966666666667,0.07216944532222222,0.6911315956737363,0.6944617376595972,0.0016650709929304508,0.33354,0.3306176675169711,0.33647198993013483
T-partitioned_horizontal_scan_traversal-W-20-HS-random-D-10-C-5-H-4-RUNS-100000.csv,partitioned_horizontal_scan_traversal,20,random,10,5,4,100000,2.0,402.0,212.22223,6937.1509638271,211.70599595286015,212.73846404713984,0.5162340471398466,0.0,10.0,6.61501,6.6292926999,6.599051588162998,6.630968411837002,0.015958411837002195,0.0,1.0,0.894854875,0.014837424626234377,0.8940998951960043,0.8956098548039958,0.0007549798039957478,0.0,225.0,98.19668100000001,1013.6439980842391,97.99934841822396,98.39401358177606,0.1973325817760525,0.0,2250.0,981.96681,101364.39980842388,979.9934841822394,983.9401358177606,1.9733258177606103,0.0,1.0,0.6931225,0.05485807499375,0.691670801750032,0.6945741982499679,0.0014516982499679365,0.23035,0.22774315950608978,0.2329724889125621
T-partitioned_horizontal_scan_traversal-W-20-HS-random-D-10-C-5-H-5-RUNS-100000.csv,partitioned_horizontal_scan_traversal,20,random,10,5,5,100000,2.0,402.0,226.62443,5670.7628771751,226.15768807271087,227.0911719272891,0.4667419272891209,0.0,10.0,6.96197,5.5001437190999996,6.947434061051554,6.976505938948446,0.014535938948445626,0.0,1.0,0.90493125,0.0133118325234375,0.904216136471796,0.9056463635282039,0.00071511352820397,0.0,227.4,102.72911899999998,909.194519583839,102.5422296833863,102.91600831661367,0.18688931661368713,0.0,2274.0,1027.29119,90919.4519583839,1025.422296833863,1029.160083166137,1.8688931661370134,0.0,1.0,0.6929319999999998,0.04413724337600001,0.6916298570195508,0.6942341429804487,0.0013021429804489504,0.15439,0.15215558941559876,0.15664447553019498
T-partitioned_horizontal_scan_traversal-W-20-HS-random-D-5-C-5-H-1-RUNS-100000.csv,partitioned_horizontal_scan_traversal,20,random,5,5,1,100000,1.0,402.0,128.60497,8610.8411012991,128.0298229998796,129.18011700012042,0.5751470001204098,0.0,5.0,2.46707,3.1253956151000004,2.4561125733883507,2.4780274266116495,0.010957426611649446,0.0,1.0,0.60569555,0.07396350108519749,0.604009910104385,0.607381189895615,0.0016856398956149876,0.0,246.2,73.775278,1787.208014022716,73.5132524610411,74.0373035389589,0.2620255389588948,0.0,1231.0,368.87639,44680.2003505679,367.56626230520556,370.1865176947945,1.3101276947944598,0.0,1.0,0.55029,0.24747091589999998,0.5472066831649642,0.5533733168350357,0.00308331683503571,0.55029,0.5472003184246078,0.5533767642641267
T-partitioned_horizontal_scan_traversal-W-20-HS-random-D-5-C-5-H-2-RUNS-100000.csv,partitioned_horizontal_scan_traversal,20,random,5,5,2,100000,2.0,402.0,175.45111,7212.7169897679,174.92472256105515,175.97749743894485,0.5263874389448517,0.0,5.0,3.20609,2.4274969119,3.1964331515820352,3.215746848417965,0.00965684841796488,0.0,1.0,0.7411477249999999,0.03554283366482437,0.739979215908008,0.7423162340919919,0.0011685090919919539,0.0,247.4,94.91206199999999,1417.708575308156,94.67868956668997,95.14543443331002,0.23337243331002355,0.0,1237.0,474.56031,35442.7143827039,473.39344783344995,475.7271721665501,1.166862166550061,0.0,1.0,0.552695,0.129560736975,0.5504640349012969,0.5549259650987032,0.0022309650987031304,0.31737,0.3144854769624106,0.32026511892345416
T-partitioned_horizontal_scan_traversal-W-20-HS-random-D-5-C-5-H-3-RUNS-100000.csv,partitioned_horizontal_scan_traversal,20,random,5,5,3,100000,2.0,402.0,197.72327,5891.1839705071,197.2475434783397,198.19899652166032,0.47572652166030593,0.0,5.0,3.54368,1.8594320576000003,3.5352282580538237,3.5521317419461766,0.008451741946176483,0.0,1.0,0.784107875,0.025475813425484377,0.7831185930136314,0.7850971569863686,0.0009892819863686064,0.0,248.2,103.85392800000001,1244.664087770816,103.63526155173736,104.07259444826266,0.21866644826265258,0.0,1241.0,519.26964,31116.602194270396,518.1763077586867,520.3629722413133,1.0933322413133055,0.0,1.0,0.5528566666666667,0.08991283945555555,0.5509981479983385,0.5547151853349949,0.0018585186683282018,0.18578,0.1833735756582218,0.1882046630738282
T-partitioned_horizontal_scan_traversal-W-20-HS-random-D-5-C-5-H-4-RUNS-100000.csv,partitioned_horizontal_scan_traversal,20,random,5,5,4,100000,2.0,402.0,209.89086,5212.0885684604,209.44339201852426,210.33832798147574,0.4474679814757394,0.0,5.0,3.71575,1.5170119375000004,3.7081160278628356,3.723383972137164,0.007633972137164324,0.0,1.0,0.8011439000000001,0.02287270149279,0.800206521900967,0.8020812780990333,0.0009373780990331593,0.0,248.2,108.50429199999999,1186.8531567787359,108.2907641309271,108.71781986907288,0.213527869072891,0.0,1241.0,542.52146,29671.328919468404,541.4538206546356,543.5890993453645,1.067639345364455,0.0,1.0,0.552235,0.069876504775,0.5505965935158098,0.5538734064841903,0.0016384064841902246,0.10945,0.10752132764480243,0.11140135687733049
T-partitioned_horizontal_scan_traversal-W-20-HS-random-D-5-C-5-H-5-RUNS-100000.csv,partitioned_horizontal_scan_traversal,20,random,5,5,5,100000,2.0,402.0,216.27753,4909.6994670991,215.8432363036054,216.71182369639462,0.43429369639460447,0.0,5.0,3.80919,1.3124015439,3.802089491728724,3.816290508271276,0.0071005082712760625,0.0,1.0,0.8077450249999999,0.02281736302524938,0.8068087815391534,0.8086812684608464,0.0009362434608465309,0.0,247.0,110.86477399999998,1193.2096383289238,110.65067509419698,111.07887290580298,0.21409890580299873,0.0,1235.0,554.32387,29830.2409582231,553.253375470985,555.3943645290151,1.0704945290150363,0.0,1.0,0.552798,0.05834197119599999,0.5513009144428371,0.5542950855571629,0.0014970855571628805,0.06615,0.06461713500648682,0.06770808652017414
T-partitioned_horizontal_scan_traversal-W-20-HS-weighted-D-1-C-5-H-1-RUNS-100000.csv,partitioned_horizontal_scan_traversal,20,weighted,1,5,1,100000,1.0,402.0,125.95709,8967.2168887319,125.37016189196842,126.54401810803157,0.5869281080315716,0.0,1.0,0.92063,0.0730704031,0.9189545679346838,0.9223054320653161,0.0016754320653161736,0.0,1.0,0.307808475,0.05604592603067438,0.3063411439894934,0.30927580601050664,0.0014673310105066117,0.0,401.0,124.11583,8969.2134334111,123.52883655603497,124.70282344396503,0.586993443965028,0.0,401.0,124.11583,8969.2134334111,123.52883655603497,124.70282344396503,0.586993443965028,0.0,1.0,0.07937,0.07307040310000003,0.07769456793468382,0.08104543206531617,0.0016754320653161736,0.07937,0.07770181510153064,0.08106262947206297
T-partitioned_horizontal_scan_traversal-W-20-HS-weighted-D-1-C-5-H-2-RUNS-100000.csv,partitioned_horizontal_scan_traversal,20,weighted,1,5,2,100000,2.0,402.0,133.37796,9739.537446238399,132.76627865278178,133.98964134721822,0.611681347218223,0.0,1.0,0.97467,0.0246883911,0.9736961266856015,0.9756438733143986,0.0009738733143985767,0.0,1.0,0.32608957499999996,0.060925255763819366,0.3245597042128343,0.3276194457871656,0.0015298707871656547,0.0,401.0,131.42862,9749.925864895598,130.81661252290039,132.0406274770996,0.6120074770996098,0.0,401.0,131.42862,9749.925864895598,130.81661252290039,132.0406274770996,0.6120074770996098,0.0,1.0,0.11433,0.056758651099999995,0.11285336858334329,0.11580663141665672,0.0014766314166567152,0.02533,0.024364930386512842,0.026322732723310198
T-partitioned_horizontal_scan_traversal-W-20-HS-weighted-D-1-C-5-H-3-RUNS-100000.csv,partitioned_horizontal_scan_traversal,20,weighted,1,5,3,100000,2.0,402.0,134.85499,9978.6032620999,134.23584702546435,135.47413297453562,0.6191429745356345,0.0,1.0,0.9828,0.016904160000000005,0.9819941524892637,0.9836058475107363,0.0008058475107363128,0.0,1.0,0.329742525,0.06242088939412438,0.32819398992226856,0.33129106007773146,0.00154853507773145,0.0,401.0,132.88939,9989.3559754279,132.2699135281691,133.50886647183088,0.6194764718308932,0.0,401.0,132.88939,9989.3559754279,132.2699135281691,133.50886647183088,0.6194764718308932,0.0,1.0,0.1479633333333333,0.054765740877777774,0.146512857307485,0.1494138093591816,0.0014504760258483018,0.0172,0.016403193265035598,0.01802498310322429
T-partitioned_horizontal_scan_traversal-W-20-HS-weighted-D-1-C-5-H-4-RUNS-100000.csv,partitioned_horizontal_scan_traversal,20,weighted,1,5,4,100000,2.0,402.0,134.93658,10116.5958779036,134.31317070648123,135.55998929351875,0.6234092935187618,0.0,1.0,0.98524,0.014542142400000005,0.9844925704431597,0.9859874295568403,0.0007474295568402622,0.0,1.0,0.329934525,0.06328557177552438,0.3283753013068345,0.33149374869316545,0.001559223693165468,0.0,401.0,132.9661,10127.73023079,132.34234773784297,133.58985226215705,0.6237522621570406,0.0,401.0,132.9661,10127.73023079,132.34234773784297,133.58985226215705,0.6237522621570406,0.0,1.0,0.1773925,0.055801275943750006,0.17592837506794842,0.1788566249320516,0.001464124932051586,0.01476,0.014021683187993749,0.01552665352581431
T-partitioned_horizontal_scan_traversal-W-20-HS-weighted-D-1-C-5-H-5-RUNS-100000.csv,partitioned_horizontal_scan_traversal,20,weighted,1,5,5,100000,2.0,402.0,135.06988,10127.0406567856,134.4461489731374,135.6936110268626,0.6237310268626004,0.0,1.0,0.98655,0.013269097500000002,0.9858360352602824,0.9872639647397177,0.0007139647397176319,0.0,1.0,0.330260275,0.06334937181942438,0.3287002655552161,0.3318202844447839,0.0015600094447839052,0.0,401.0,133.09678,10137.839893631599,132.4727164957364,133.7208435042636,0.6240635042636029,0.0,401.0,133.09678,10137.839893631599,132.4727164957364,133.7208435042636,0.6240635042636029,0.0,1.0,0.202104,0.057175573184,0.20062195518980142,0.2035860448101986,0.0014820448101985906,0.01345,0.012745186925158867,0.014183237918598459
T-partitioned_horizontal_scan_traversal-W-20-HS-weighted-D-10-C-5-H-1-RUNS-100000.csv,partitioned_horizontal_scan_traversal,20,weighted,10,5,1,100000,1.0,402.0,176.72593,10360.8983356351,176.09503835283564,177.35682164716437,0.6308916471643613,0.0,10.0,5.71475,9.232602437499999,5.6959170593045325,5.733582940695468,0.018832940695467926,0.0,1.0,0.80951845,0.0564229669845975,0.8080461916328374,0.8109907083671626,0.0014722583671625822,0.0,224.5,85.15522899999999,1581.8334206575591,84.90871791974602,85.40174008025396,0.24651108025396695,0.0,2245.0,851.55229,158183.3420657559,849.0871791974603,854.0174008025397,2.465110802539698,0.0,1.0,0.39203,0.23834247910000003,0.3890040844894304,0.39505591551056957,0.0030259155105695767,0.39203,0.3890023076838775,0.39506395588557197
T-partitioned_horizontal_scan_traversal-W-20-HS-weighted-D-10-C-5-H-2-RUNS-100000.csv,partitioned_horizontal_scan_traversal,20,weighted,10,5,2,100000,2.0,402.0,211.10528,7339.8684161216,210.57427304611545,211.63628695388454,0.5310069538845426,0.0,10.0,6.59187,6.7844199031,6.5757259523353815,6.608014047664619,0.016144047664618633,0.0,1.0,0.8833963,0.020358943646310003,0.8825119306319661,0.884280669368034,0.0008843693680339326,0.0,226.1,97.50970099999999,1111.975393790599,97.30301852196216,97.71638347803783,0.20668247803783402,0.0,2261.0,975.09701,111197.5393790599,973.0301852196217,977.1638347803782,2.0668247803782833,0.0,1.0,0.49965,0.1163448775,0.4975358796595179,0.501764120340482,0.0021141203404820286,0.23234,0.22972524410395173,0.23497028871225312
T-partitioned_horizontal_scan_traversal-W-20-HS-weighted-D-10-C-5-H-3-RUNS-100000.csv,partitioned_horizontal_scan_traversal,20,weighted,10,5,3,100000,2.0,402.0,221.48105,6277.4066808975,220.9899768332994,221.9721231667006,0.49107316670060186,0.0,10.0,6.83158,5.9354547036,6.816479787157344,6.846680212842656,0.015100212842655836,0.0,1.0,0.898654575,0.014990003769069376,0.8978957232458394,0.8994134267541606,0.0007588517541605722,0.0,225.0,101.175414,974.9888743286041,100.9818806111592,101.36894738884081,0.1935333888408053,0.0,2250.0,1011.75414,97498.8874328604,1009.8188061115919,1013.6894738884081,1.9353338884080813,0.0,1.0,0.5840733333333333,0.07519389684444444,0.5823737308088659,0.5857729358578008,0.0016996025244674362,0.18126,0.1788766114275578,0.18366189015160925
T-partitioned_horizontal_scan_traversal-W-20-HS-weighted-D-10-C-5-H-4-RUNS-100000.csv,partitioned_horizontal_scan_traversal,20,weighted,10,5,4,100000,2.0,402.0,225.05246,5817.401927948401,224.57972189865416,225.52519810134584,0.4727381013458398,0.0,10.0,6.918,5.628176,6.9032958506122934,6.932704149387707,0.0147041493877067,0.0,1.0,0.9032190000000001,0.013674457038999999,0.902494211795343,0.9039437882046573,0.0007247882046571563,0.0,227.0,102.285501,925.154303678999,102.09697851399334,102.47402348600666,0.18852248600666144,0.0,2270.0,1022.85501,92515.43036789991,1020.9697851399334,1024.7402348600667,1.885224860066728,0.0,1.0,0.6451575,0.055717425193749996,0.6436944755278045,0.6466205244721956,0.0014630244721955954,0.16125,0.15897548120753036,0.16354418445463462
T-partitioned_horizontal_scan_traversal-W-20-HS-weighted-D-10-C-5-H-5-RUNS-100000.csv,partitioned_horizontal_scan_traversal,20,weighted,10,5,5,100000,2.0,402.0,226.23779,5709.441905915901,225.76945900566193,226.70612099433805,0.4683309943380607,0.0,10.0,6.93553,5.5508936191,6.920927153384653,6.950132846615347,0.01460284661534672,0.0,1.0,0.90391685,0.0136735460360775,0.9031920859387208,0.9046416140612792,0.0007247640612791928,0.0,229.0,102.50158,913.7320489036,102.31422490828729,102.68893509171272,0.18735509171271758,0.0,2290.0,1025.0158,91373.20489036,1023.1422490828727,1026.889350917127,1.8735509171272042,0.0,1.0,0.691484,0.044570677744,0.6901754790195745,0.6927925209804254,0.0013085209804254427,0.15291,0.15068444241470932,0.1551557086890648
T-partitioned_horizontal_scan_traversal-W-20-HS-weighted-D-5-C-5-H-1-RUNS-100000.csv,partitioned_horizontal_scan_traversal,20,weighted,5,5,1,100000,1.0,402.0,181.94497,7711.223381699099,181.40069584350223,182.4892441564978,0.544274156497778,0.0,5.0,3.32221,2.3374707159,3.312733910351732,3.3316860896482683,0.009476089648268182,0.0,1.0,0.72951535,0.04927140336437749,0.7281395555997912,0.7308911444002089,0.0013757944002088518,0.0,248.0,96.54969,1668.1836765039,96.29653995730482,96.80284004269518,0.25315004269518226,0.0,1240.0,482.74845,41704.59191259749,481.48269978652405,484.01420021347593,1.2657502134759397,0.0,1.0,0.25634,0.19062980439999996,0.2536338524493608,0.2590461475506392,0.002706147550639193,0.25634,0.2536359990447214,0.2590581398380365
T-partitioned_horizontal_scan_traversal-W-20-HS-weighted-D-5-C-5-H-2-RUNS-100000.csv,partitioned_horizontal_scan_traversal,20,weighted,5,5,2,100000,2.0,402.0,207.4108,5600.53136336,206.94695734041073,207.87464265958926,0.4638426595892611,0.0,5.0,3.68585,1.5942797774999997,3.678024027093553,3.693675972906447,0.007825972906446932,0.0,1.0,0.7913264,0.026070334663040002,0.7903256412996055,0.7923271587003945,0.0010007587003945106,0.0,248.0,107.38169600000002,1281.000445763584,107.15986067115348,107.60353132884656,0.221835328846538,0.0,1240.0,536.90848,32025.0111440896,535.7993033557674,538.0176566442327,1.1091766442326616,0.0,1.0,0.34849,0.11173471990000002,0.34641818895657006,0.35056181104343,0.002071811043429961,0.11787,0.115877547992759,0.11988464506082018
T-partitioned_horizontal_scan_traversal-W-20-HS-weighted-D-5-C-5-H-3-RUNS-100000.csv,partitioned_horizontal_scan_traversal,20,weighted,5,5,3,100000,2.0,402.0,213.2956,5089.98054064,212.85340468970236,213.73779531029766,0.4421953102976488,0.0,5.0,3.77897,1.3912557391000004,3.7716592900157875,3.786280709984213,0.007310709984212682,0.0,1.0,0.80170605,0.023777124268397502,0.800750318863176,0.8026617811368238,0.0009557311368239008,0.0,247.0,109.62058200000001,1218.550583981276,109.40422156176274,109.83694243823729,0.2163604382372739,0.0,1235.0,548.10291,30463.7645995319,547.0211078088136,549.1847121911863,1.081802191186398,0.0,1.0,0.4311133333333333,0.08263684937777778,0.429331599008105,0.43289506765856156,0.001781734325228268,0.08041,0.078731796945819,0.08211258662094204
T-partitioned_horizontal_scan_traversal-W-20-HS-weighted-D-5-C-5-H-4-RUNS-100000.csv,partitioned_horizontal_scan_traversal,20,weighted,5,5,4,100000,2.0,402.0,215.24404,4942.7579644784,214.80828664090407,215.67979335909595,0.4357533590959406,0.0,5.0,3.79699,1.3381369399,3.7898202113920147,3.8041597886079854,0.007169788607985339,0.0,1.0,0.805462,0.023046303431,0.8045210713137515,0.8064029286862485,0.00094092868624851,0.0,248.0,110.352018,1199.470165327676,110.13735816241685,110.56667783758316,0.21465983758315588,0.0,1240.0,551.76009,29986.754133191902,550.6867908120842,552.8333891879158,1.0732991879158362,0.0,1.0,0.4971625,0.06841882359375,0.4955412728329511,0.49878372716704894,0.001621227167048933,0.06987,0.0682974615313902,0.07146754105969488
T-partitioned_horizontal_scan_traversal-W-20-HS-weighted-D-5-C-5-H-5-RUNS-100000.csv,partitioned_horizontal_scan_traversal,20,weighted,5,5,5,100000,2.0,402.0,216.49762,4917.7532343356,216.06297024646247,216.93226975353755,0.434649753537542,0.0,5.0,3.80276,1.3317163824,3.7956074328702014,3.809912567129799,0.007152567129798726,0.0,1.0,0.808025175,0.022795809128719376,0.8070893738440439,0.8089609761559562,0.0009358011559561508,0.0,248.0,110.931668,1195.8661531377759,110.71733089602839,111.14600510397162,0.21433710397161576,0.0,1240.0,554.65834,29896.6538284444,553.5866544801419,555.730025519858,1.0716855198580788,0.0,1.0,0.55226,0.058488092400000004,0.5507610408419045,0.5537589591580955,0.001498959158095503,0.06581,0.0642808291355883,0.06736441241533517
T-random_walk-W-20-HS-greedy-D-1-C-5-H-1-RUNS-100000.csv,random_walk,20,greedy,1,5,1,100000,1.0,4001.0,366.90489,160595.5497240879,364.4210545307709,369.38872546922914,2.4838354692291205,0.0,1.0,0.96872,0.030301561600000006,0.9676410816572022,0.9697989183427979,0.00107891834279783,0.0,0.965,0.2459864,0.03622395351504,0.24480674776385844,0.24716605223614155,0.001179652236141554,0.0,4001.0,365.93617,160595.6031757311,363.4523341174186,368.4200058825814,2.4838358825813884,0.0,4001.0,365.93617,160595.6031757311,363.4523341174186,368.4200058825814,2.4838358825813884,0.0,1.0,0.03116,0.030189054400000005,0.030083086487302534,0.03223691351269747,0.0010769135126974666,0.03116,0.030091721439778615,0.03225558430797558
T-random_walk-W-20-HS-greedy-D-1-C-5-H-2-RUNS-100000.csv,random_walk,20,greedy,1,5,2,100000,1.0,4001.0,370.73169,162914.24383974387,368.2299878611858,373.2333921388142,2.5017021388142098,0.0,1.0,0.99731,0.0026827638999999998,0.9969889687585571,0.9976310312414429,0.00032103124144289286,0.0,0.9825,0.24815189999999998,0.03616875402639,0.2469731469068215,0.24933065309317845,0.0011787530931784695,0.0,4001.0,369.73438,162917.0538860156,367.23265628582107,372.2361037141789,2.5017237141789224,0.0,4001.0,369.73438,162917.0538860156,367.23265628582107,372.2361037141789,2.5017237141789224,0.0,1.0,0.063045,0.028792827975000004,0.061993284601478335,0.06409671539852167,0.0010517153985216687,0.00249,0.002190618075616416,0.0028187932832245462
T-random_walk-W-20-HS-greedy-D-1-C-5-H-3-RUNS-100000.csv,random_walk,20,greedy,1,5,3,100000,1.0,4001.0,372.7312,165505.68738656002,370.2096793305146,375.2527206694854,2.521520669485426,0.0,1.0,0.99905,0.0009490974999999997,0.9988590535950587,0.9992409464049413,0.00019094640494132786,0.0,0.98,0.24878297500000002,0.03688176841264937,0.24759265990921928,0.24997329009078076,0.0011903150907807414,0.0,4001.0,371.73215,165507.60380637748,369.21061473198847,374.2536852680115,2.521535268011519,0.0,4001.0,371.73215,165507.60380637748,369.21061473198847,374.2536852680115,2.521535268011519,0.0,1.0,0.10203666666666666,0.02905851865555555,0.10098010997028363,0.1030932233630497,0.0010565566963830347,0.00081,0.0006433073461249902,0.0010066569862484593
T-random_walk-W-20-HS-greedy-D-1-C-5-H-4-RUNS-100000.csv,random_walk,20,greedy,1,5,4,100000,1.0,4001.0,371.39745,163487.3166234975,368.8913516868031,373.9035483131969,2.506098313196901,0.0,1.0,0.99956,0.0004398064000000001,0.9994300169139373,0.9996899830860627,0.0001299830860627127,0.0,0.9775,0.24845779999999998,0.036489995119160006,0.24727382379563706,0.2496417762043629,0.0011839762043629187,0.0,4001.0,370.39789,163488.8731535479,367.89177975680104,372.904000243199,2.5061102431989752,0.0,4001.0,370.39789,163488.8731535479,367.89177975680104,372.904000243199,2.5061102431989752,0.0,1.0,0.131845,0.028456895974999993,0.13079943789482612,0.13289056210517386,0.0010455621051738695,0.00031,0.00021063937280660152,0.00043999164840982966
T-random_walk-W-20-HS-greedy-D-1-C-5-H-5-RUNS-100000.csv,random_walk,20,greedy,1,5,5,100000,1.0,4001.0,373.68887,164748.5962481231,371.1731231777884,376.2046168222116,2.515746822211611,0.0,1.0,0.99967,0.00032989110000000005,0.9995574251515763,0.9997825748484236,0.00011257484842364107,0.0,0.9775,0.24992949999999997,0.03664850327975,0.24874295505690053,0.2511160449430994,0.0011865449430994435,0.0,4001.0,372.6892,164750.01618336,370.1734423364521,375.20495766354793,2.5157576635479018,0.0,4001.0,372.6892,164750.01618336,370.1734423364521,375.20495766354793,2.5157576635479018,0.0,1.0,0.1556,0.02891904,0.1545459820491851,0.15665401795081488,0.0010540179508148895,0.00017,9.903428376147555e-05,0.0002721725611934179
T-random_walk-W-20-HS-greedy-D-10-C-5-H-1-RUNS-100000.csv,random_walk,20,greedy,10,5,1,100000,1.0,4001.0,870.56751,383892.9532623999,866.7272454658138,874.4077745341862,3.84026453418619,0.0,10.0,8.45264,8.6063970304,8.4344569488721,8.470823051127901,0.01818305112790064,0.0,1.0,0.7350017249999998,0.06525108880952438,0.7334184733372163,0.7365849766627833,0.0015832516627835025,0.0,2049.9,322.583396,39495.90626870718,321.35161893607216,323.81517306392783,1.2317770639278365,0.0,20499.0,3225.83396,3949590.6268707183,3213.5161893607215,3238.1517306392784,12.317770639278478,0.0,1.0,0.27297,0.19845737910000003,0.27020885192800065,0.27573114807199933,0.002761148071999342,0.27297,0.27021051820024594,0.2757426550516518
T-random_walk-W-20-HS-greedy-D-10-C-5-H-2-RUNS-100000.csv,random_walk,20,greedy,10,5,2,100000,1.0,4001.0,989.73975,351349.0279199375,986.0658659168296,993.4136340831703,3.6738840831703783,0.0,10.0,9.4331,2.71158439,9.422893716350883,9.443306283649116,0.010206283649116799,0.0,1.0,0.7930272500000001,0.040324645382437505,0.7917826168906013,0.7942718831093989,0.0012446331093988183,0.0,1773.5,353.604142,36500.97697564383,352.4199876470982,354.78829635290185,1.1841543529018281,0.0,17735.0,3536.04142,3650097.6975643835,3524.199876470982,3547.882963529018,11.841543529018054,0.0,1.0,0.426895,0.102608158975,0.4249096045645304,0.42888039543546963,0.0019853954354696057,0.1428,0.1406369123426529,0.1449838274800119
T-random_walk-W-20-HS-greedy-D-10-C-5-H-3-RUNS-100000.csv,random_walk,20,greedy,10,5,3,100000,1.0,4001.0,1014.7844,337870.72149664,1011.1816730276893,1018.3871269723107,3.602726972310734,0.0,10.0,9.63059,1.5927062519,9.622767890094547,9.638412109905452,0.007822109905452734,0.0,1.0,0.80293015,0.0364941962209775,0.8017461056418677,0.8041141943581324,0.0011840443581323523,0.0,1924.8,359.615145,36117.14383532898,358.4372332046698,360.7930567953302,1.1779117953302034,0.0,19248.0,3596.15145,3611714.383532898,3584.372332046698,3607.9305679533018,11.77911795330192,0.0,1.0,0.53639,0.06424465678888888,0.5348190058131228,0.5379609941868773,0.0015709941868772281,0.10853,0.10660850893689677,0.11047422930934621
T-random_walk-W-20-HS-greedy-D-10-C-5-H-4-RUNS-100000.csv,random_walk,20,greedy,10,5,4,100000,1.0,4001.0,1026.92139,334652.8738304679,1023.3358600808567,1030.5069199191432,3.585529919143255,0.0,10.0,9.70732,1.1874784176,9.700565877489227,9.714074122510771,0.00675412251077212,0.0,1.0,0.8062406750000001,0.03573208478804438,0.8050690591204485,0.8074122908795517,0.001171615879551613,0.0,1884.3,361.60718599999996,36070.6380527614,360.4300328105489,362.78433918945103,1.1771531894510758,0.0,18843.0,3616.07186,3607063.80527614,3604.300328105489,3627.843391894511,11.7715318945111,0.0,1.0,0.60271,0.0482494059,0.6013485488708534,0.6040714511291465,0.0013614511291465403,0.09223,0.09044346516465382,0.09404022592988066
T-random_walk-W-20-HS-greedy-D-10-C-5-H-5-RUNS-100000.csv,random_walk,20,greedy,10,5,5,100000,1.0,4001.0,1033.85073,329015.3541884671,1030.2955290427399,1037.4059309572604,3.55520095726024,0.0,10.0,9.75306,0.9612206363999999,9.746983302544313,9.759136697455686,0.006076697455686286,0.0,1.0,0.8087939249999999,0.03522676357059438,0.80763062308333,0.8099572269166698,0.0011633019166699121,0.0,1525.4,363.5600309999999,35604.91626297904,362.39050183697805,364.7295601630218,1.1695291630218776,0.0,15254.0,3635.60031,3560491.626297904,3623.9050183697814,3647.2956016302182,11.695291630218435,0.0,1.0,0.6452459999999999,0.041866799484,0.6439777906446578,0.646514209355342,0.0012682093553421092,0.08232,0.08062361427299045,0.0840406572889604
T-random_walk-W-20-HS-greedy-D-5-C-5-H-1-RUNS-100000.csv,random_walk,20,greedy,5,5,1,100000,1.0,4001.0,753.04486,298995.37142758036,749.6557294051775,756.4339905948225,3.389130594822518,0.0,5.0,4.53767,1.4941809711000003,4.53009369112392,4.545246308876081,0.0075763088760805175,0.0,1.0,0.608815075,0.06126617264024438,0.6072809298673129,0.6103492201326871,0.0015341451326871258,0.0,2309.6,344.94797800000003,51218.82707571152,343.5452583341578,346.3506976658423,1.4027196658422554,0.0,11548.0,1724.73989,1280470.6768927881,1717.726291670789,1731.7534883292112,7.013598329211163,0.0,1.0,0.15226,0.12907689239999995,0.15003320456744712,0.1544867954325529,0.002226795432552886,0.15226,0.15003835351528402,0.1545018354306013
T-random_walk-W-20-HS-greedy-D-5-C-5-H-2-RUNS-100000.csv,random_walk,20,greedy,5,5,2,100000,1.0,4001.0,812.02,294659.57594,808.6555323943734,815.3844676056266,3.3644676056266007,0.0,5.0,4.8911,0.29306079000000007,4.887744672399207,4.8944553276007925,0.0033553276007927124,0.0,0.9975,0.63710175,0.05363283989693749,0.6356663548706085,0.6385371451293915,0.0014353951293915035,0.0,2458.4,364.89166199999994,50569.587116077746,363.49786098886125,366.28546301113863,1.3938010111386916,0.0,12292.0,1824.45831,1264239.677901944,1817.4893049443065,1831.4273150556935,6.969005055693515,0.0,1.0,0.262745,0.08690256497499999,0.26091785771323645,0.26457214228676357,0.0018271422867635612,0.04913,0.04779847110120906,0.0504877566604091
T-random_walk-W-20-HS-greedy-D-5-C-5-H-3-RUNS-100000.csv,random_walk,20,greedy,5,5,3,100000,1.0,4001.0,820.71854,290733.0635002684,817.3765643317124,824.0605156682875,3.341975668287546,0.0,5.0,4.94634,0.12800060440000005,4.944122507898857,4.948557492101143,0.0022174921011428594,0.0,0.9975,0.640892975,0.053198672908149384,0.6394634015606694,0.6423225484393306,0.0014295734393305892,0.0,2339.2,367.425118,50377.40633828608,366.03396795708886,368.81626804291113,1.3911500429111356,0.0,11696.0,1837.12559,1259435.1584571518,1830.1698397854445,1844.0813402145557,6.9557502145555645,0.0,1.0,0.36316666666666664,0.06362775,0.3616032333793147,0.36473009995401856,0.001563433287351923,0.02767,0.02666209518789052,0.02870542375679266
T-random_walk-W-20-HS-greedy-D-5-C-5-H-4-RUNS-100000.csv,random_walk,20,greedy,5,5,4,100000,1.0,4001.0,829.51635,293696.5729926775,826.1573847503901,832.8753152496099,3.3589652496099234,0.0,5.0,4.96512,0.0765633856,4.963404990081308,4.966835009918691,0.0017150099186915568,0.0,0.9975,0.644523725,0.05283828884962437,0.6430990019727252,0.6459484480272748,0.0014247230272748101,0.0,2298.6,371.01829599999996,50832.83935405638,369.62087181363944,372.4157201863605,1.3974241863605243,0.0,11493.0,1855.09148,1270820.9838514095,1848.1043590681973,1862.0786009318028,6.987120931802792,0.0,1.0,0.42813,0.05222720310000001,0.4267135395401602,0.4295464604598398,0.0014164604598397856,0.01947,0.018622588391899085,0.020345442072666454
T-random_walk-W-20-HS-greedy-D-5-C-5-H-5-RUNS-100000.csv,random_walk,20,greedy,5,5,5,100000,1.0,4001.0,826.1539,292602.07527478994,822.8011993984318,829.5066006015683,3.3527006015682446,0.0,5.0,4.97133,0.06348803110000001,4.96976828421192,4.97289171578808,0.0015617157880800647,0.0,1.0,0.6424216250000001,0.053355413919859374,0.6409899471098498,0.6438533028901504,0.0014316778901503069,0.0,2325.0,369.09021,50870.9106369559,367.6922626107792,370.4881573892208,1.3979473892208034,0.0,11625.0,1845.45105,1271772.7659238977,1838.4613130538958,1852.440786946104,6.989736946104131,0.0,1.0,0.47011400000000003,0.048743627004,0.46874559392905996,0.4714824060709401,0.0013684060709400758,0.01588,0.015114251560511216,0.01667401101576018
T-random_walk-W-20-HS-random-D-1-C-5-H-1-RUNS-100000.csv,random_walk,20,random,1,5,1,100000,1.0,4001.0,330.4146,135265.45628684,328.1350479017326,332.6941520982674,2.279552098267402,0.0,1.0,0.84457,0.13127151509999999,0.8423243538738079,0.8468156461261922,0.002245646126192158,0.0,0.96,0.227404575,0.03234294758156937,0.22628990613693187,0.22851924386306813,0.00111466886306813,0.0,4001.0,329.57003,135260.0298357991,327.2905236266437,331.8495363733563,2.2795063733562984,0.0,4001.0,329.57003,135260.0298357991,327.2905236266437,331.8495363733563,2.2795063733562984,0.0,1.0,0.15534,0.1312094844,0.1530948845123891,0.15758511548761092,0.002245115487610916,0.15534,0.15309994471517058,0.15760006492930873
T-random_walk-W-20-HS-random-D-1-C-5-H-2-RUNS-100000.csv,random_walk,20,random,1,5,2,100000,1.0,4001.0,364.91493,156113.38977309508,362.46600125838194,367.3638587416181,2.44892874161809,0.0,1.0,0.97279,0.0264696159,0.9717816068403572,0.9737983931596429,0.0010083931596428508,0.0,0.99,0.24572940000000001,0.035491783725640005,0.24456173037052248,0.24689706962947755,0.0011676696294775357,0.0,4001.0,363.94214,156126.35031222037,361.4931096054164,366.3911703945836,2.4490303945835876,0.0,4001.0,363.94214,156126.35031222037,361.4931096054164,366.3911703945836,2.4490303945835876,0.0,1.0,0.15333,0.06667491109999998,0.15172956775063184,0.15493043224936814,0.00160043224936815,0.02704,0.02604342815093112,0.028064129498645403
T-random_walk-W-20-HS-random-D-1-C-5-H-3-RUNS-100000.csv,random_walk,20,random,1,5,3,100000,1.0,4001.0,370.43775,159334.1624649375,367.96368832226176,372.9118116777382,2.4740616777382343,0.0,1.0,0.99435,0.005618077499999998,0.993885431312678,0.9948145686873219,0.00046456868732192014,0.0,0.9825,0.248245425,0.036051892029069374,0.2470685777354033,0.24942227226459668,0.0011768472645966865,0.0,4001.0,369.4434,159339.99249643998,366.9692930597601,371.9175069402399,2.474106940239892,0.0,4001.0,369.4434,159339.99249643998,366.9692930597601,371.9175069402399,2.474106940239892,0.0,1.0,0.15428333333333333,0.0456422086111111,0.15295917658807828,0.15560749007858837,0.0013241567452550451,0.00553,0.0050797617016430565,0.0060092715260180694
T-random_walk-W-20-HS-random-D-1-C-5-H-4-RUNS-100000.csv,random_walk,20,random,1,5,4,100000,1.0,4001.0,372.51963,164460.45813466312,370.00608410630696,375.03317589369306,2.513545893693049,0.0,1.0,0.99878,0.0012185116000000002,0.9985636430227018,0.9989963569772982,0.00021635697729815995,0.0,0.97,0.24900025,0.0364637943749375,0.24781669893447406,0.25018380106552596,0.0011835510655259507,0.0,4001.0,371.52085,164463.19760527753,369.0072831719239,374.0344168280761,2.5135668280760797,0.0,4001.0,371.52085,164463.19760527753,369.0072831719239,374.0344168280761,2.5135668280760797,0.0,1.0,0.1547,0.03524416,0.15353641087554068,0.15586358912445933,0.0011635891244593244,0.00105,0.0008588738075277326,0.0012709484811986613
T-random_walk-W-20-HS-random-D-1-C-5-H-5-RUNS-100000.csv,random_walk,20,random,1,5,5,100000,1.0,4001.0,372.5468,164299.56078975997,370.03448395155004,375.05911604845,2.512316048449975,0.0,1.0,0.99958,0.00041982360000000015,0.9994530041598414,0.9997069958401587,0.00012699584015862797,0.0,0.985,0.2494325,0.03662851331875,0.24824627870207405,0.25061872129792595,0.001186221297925949,0.0,4001.0,371.54722,164301.58031027162,369.0348885112829,374.0595514887171,2.512331488717109,0.0,4001.0,371.54722,164301.58031027162,369.0348885112829,374.0595514887171,2.512331488717109,0.0,1.0,0.155448,0.028914319296,0.15439406808091075,0.15650193191908926,0.001053931919089257,0.00019,0.00011439616441041689,0.00029669270501901527
T-random_walk-W-20-HS-random-D-10-C-5-H-1-RUNS-100000.csv,random_walk,20,random,10,5,1,100000,1.0,4001.0,514.79932,290622.1817475376,511.45798168519053,518.1406583148093,3.341338314809377,0.0,10.0,5.79137,15.3460635231,5.767089671000923,5.815650328999077,0.02428032899907695,0.0,1.0,0.576405775,0.08626772710914939,0.5745853187372392,0.5782262312627608,0.001820456262760839,0.0,1657.1,223.539361,31776.638309611684,222.43449388703934,224.6442281129607,1.104867112960676,0.0,16571.0,2235.39361,3177663.8309611683,2224.3449388703934,2246.4422811296067,11.048671129606646,0.0,1.0,0.64465,0.22907637749999996,0.6416834872125607,0.6476165127874391,0.0029665127874392017,0.64465,0.6416743801030779,0.6476172280755833
T-random_walk-W-20-HS-random-D-10-C-5-H-2-RUNS-100000.csv,random_walk,20,random,10,5,2,100000,1.0,4001.0,762.17675,328894.64734943747,758.622201256126,765.7312987438739,3.5545487438739656,0.0,10.0,7.9889,8.81205679,7.970500979003092,8.007299020996907,0.018399020996906934,0.0,1.0,0.722513425,0.05230170350726938,0.7210959546327841,0.723930895367216,0.001417470367215956,0.0,1817.8,299.27157600000004,33200.031472076225,298.1422344179128,300.4009175820873,1.1293415820872497,0.0,18178.0,2992.71576,3320003.147207623,2981.422344179128,3004.0091758208723,11.29341582087227,0.0,1.0,0.64322,0.11214803159999999,0.6411443606329746,0.6452956393670254,0.0020756393670253726,0.40854,0.40549100055423043,0.41159430515575
T-random_walk-W-20-HS-random-D-10-C-5-H-3-RUNS-100000.csv,random_walk,20,random,10,5,3,100000,1.0,4001.0,904.69745,336499.98741349747,901.1020385469842,908.2928614530158,3.5954114530157995,0.0,10.0,8.96265,4.6051549775,8.949349186731045,8.975950813268955,0.01330081326895538,0.0,1.0,0.7767170999999999,0.03981423306759,0.7754803689954867,0.7779538310045132,0.0012367310045132696,0.0,1676.4,335.132103,34138.844860897385,333.98690525979254,336.2773007402074,1.1451977402074363,0.0,16764.0,3351.32103,3413884.4860897386,3339.8690525979255,3362.7730074020747,11.45197740207459,0.0,1.0,0.6449733333333334,0.0728405104,0.6433005389504141,0.6466461277162527,0.0016727943829193404,0.25418,0.25148357631405815,0.25689068800464093
T-random_walk-W-20-HS-random-D-10-C-5-H-4-RUNS-100000.csv,random_walk,20,random,10,5,4,100000,1.0,4001.0,990.16782,333505.2472564476,986.5884432974715,993.7471967025285,3.5793767025285206,0.0,10.0,9.48509,2.1961576919000003,9.475904816610866,9.494275183389133,0.009185183389133655,0.0,1.0,0.7997661,0.03582790179079,0.7985929143048968,0.8009392856951033,0.0011731856951032738,0.0,1805.1,354.54079400000006,35220.80042344957,353.3775905487211,355.703997451279,1.163203451278946,0.0,18051.0,3545.40794,3522080.042344956,3533.775905487211,3557.0399745127893,11.632034512789232,0.0,1.0,0.6453425,0.05262743269375,0.6439206225600064,0.6467643774399937,0.0014218774399936684,0.14777,0.1455757598179972,0.149984690558074
T-random_walk-W-20-HS-random-D-10-C-5-H-5-RUNS-100000.csv,random_walk,20,random,10,5,5,100000,1.0,4001.0,1034.28133,336922.7656434311,1030.6836606203935,1037.8789993796065,3.5976693796064865,0.0,10.0,9.74548,1.0083795695999997,9.739256021405424,9.751703978594577,0.0062239785945763515,0.0,1.0,0.807992325,0.035170296803594375,0.8068299558150992,0.8091546941849007,0.0011623691849007578,0.0,1675.0,362.57725600000003,35703.847806710466,361.40610314176905,363.748408858231,1.1711528582309825,0.0,16750.0,3625.77256,3570384.780671046,3614.06103141769,3637.4840885823096,11.711528582309711,0.0,1.0,0.645652,0.041752694896,0.6443855200249807,0.6469184799750193,0.0012664799750192746,0.0824,0.08070285869597903,0.08412140817524937
T-random_walk-W-20-HS-random-D-5-C-5-H-1-RUNS-100000.csv,random_walk,20,random,5,5,1,100000,1.0,4001.0,530.9356,248091.72091264,527.8484181863421,534.022781813658,3.087181813657935,0.0,5.0,3.41539,3.819421147899999,3.403276912746218,3.4275030872537817,0.012113087253781796,0.0,0.9975,0.500396475,0.07056916724507438,0.498749968052281,0.5020429819477189,0.001646506947718951,0.0,2072.6,264.649024,43702.35279584742,263.35331200074813,265.94473599925186,1.2957119992518642,0.0,10363.0,1323.24512,1092558.8198961855,1316.7665600037408,1329.7236799962593,6.478559996259264,0.0,1.0,0.4687,0.24902031,0.46560704603510494,0.47179295396489507,0.003092953964895062,0.4687,0.4656030482164585,0.47179876747741073
T-random_walk-W-20-HS-random-D-5-C-5-H-2-RUNS-100000.csv,random_walk,20,random,5,5,2,100000,1.0,4001.0,714.50783,269593.9495986911,711.2896439942223,717.7260160057778,3.2181860057777385,0.0,5.0,4.43123,1.5336506871,4.423554276920339,4.438905723079661,0.007675723079660912,0.0,1.0,0.602666925,0.05468401894854438,0.6012175315848337,0.6041163184151662,0.0014493934151662557,0.0,2217.4,334.275844,46321.59661248766,332.9418685671433,335.60981943285674,1.3339754328567324,0.0,11087.0,1671.37922,1158039.9153121917,1664.7093428357164,1678.0490971642837,6.669877164283662,0.0,1.0,0.47032,0.12331909760000001,0.46814343700908945,0.4724965629909106,0.002176562990910569,0.21872,0.21616108776869097,0.22129523633357223
T-random_walk-W-20-HS-random-D-5-C-5-H-3-RUNS-100000.csv,random_walk,20,random,5,5,3,100000,1.0,4001.0,784.97594,277093.8229811164,781.7132974661569,788.2385825338432,3.2626425338431773,0.0,5.0,4.78475,0.5560374375,4.780128232567621,4.789371767432379,0.004621767432379187,0.0,1.0,0.630996275,0.05284215474862438,0.6295714998539425,0.6324210501460575,0.0014247751460575442,0.0,2141.4,357.35803200000004,48495.78014188697,355.9931093318863,358.7229546681138,1.3649226681137634,0.0,10707.0,1786.79016,1212394.5035471744,1779.9655466594313,1793.6147733405687,6.824613340568703,0.0,1.0,0.46945,0.08133336416666667,0.4676823737618414,0.47121762623815855,0.0017676262381585706,0.09795,0.09611435647872776,0.09980900000760007
T-random_walk-W-20-HS-random-D-5-C-5-H-4-RUNS-100000.csv,random_walk,20,random,5,5,4,100000,1.0,4001.0,814.75378,288338.1714957116,811.4255974334662,818.0819625665338,3.328182566533769,0.0,5.0,4.91878,0.19586331159999998,4.916036956985677,4.921523043014322,0.002743043014322488,0.0,0.9975,0.639927625,0.05290735357435938,0.6385019711517912,0.6413532788482088,0.0014256538482088077,0.0,2247.0,366.41997399999997,50041.97435823933,365.03346309598726,367.8064849040127,1.3865109040127095,0.0,11235.0,1832.09987,1251049.358955983,1825.1673154799364,1839.0324245200636,6.932554520063604,0.0,1.0,0.4691625,0.06116842359374999,0.46762957920596737,0.4706954207940326,0.0015329207940326106,0.04154,0.04031160151515059,0.0427950786597646
T-random_walk-W-20-HS-random-D-5-C-5-H-5-RUNS-100000.csv,random_walk,20,random,5,5,5,100000,1.0,4001.0,828.00386,289693.9886451004,824.6678617584253,831.3398582415748,3.335998241574771,0.0,5.0,4.97188,0.06040926560000002,4.970356621403822,4.973403378596177,0.0015233785961772384,0.0,0.9975,0.6438162,0.05313644086756,0.6423874629659841,0.6452449370340158,0.0014287370340158034,0.0,2421.4,369.413148,50218.2668039301,368.02419697943094,370.802099020569,1.3889510205690385,0.0,12107.0,1847.06574,1255456.6700982524,1840.1209848971548,1854.0104951028452,6.944755102845193,0.0,1.0,0.4712839999999999,0.048520991344,0.46991872259101997,0.4726492774089799,0.001365277408979959,0.01592,0.015153290907035311,0.016714969039571443
T-random_walk-W-20-HS-weighted-D-1-C-5-H-1-RUNS-100000.csv,random_walk,20,weighted,1,5,1,100000,1.0,4001.0,362.30074,157534.6323354524,359.84068909894154,364.7607909010585,2.46005090105848,0.0,1.0,0.94326,0.05352057240000002,0.9418261079854751,0.9446938920145249,0.001433892014524929,0.0,0.9775,0.24374372500000002,0.03559920696062438,0.24257428960862548,0.24491316039137456,0.0011694353913745403,0.0,4001.0,361.35748,157532.9273680496,358.8974424113093,363.8175175886907,2.460037588690682,0.0,4001.0,361.35748,157532.9273680496,358.8974424113093,363.8175175886907,2.460037588690682,0.0,1.0,0.05663,0.053423043099999984,0.05519741505531797,0.05806258494468203,0.0014325849446820277,0.05663,0.055205316281876415,0.058080466978657715
T-random_walk-W-20-HS-weighted-D-1-C-5-H-2-RUNS-100000.csv,random_walk,20,weighted,1,5,2,100000,1.0,4001.0,370.78649,162893.0768434799,368.2849503860784,373.28802961392165,2.5015396139216364,0.0,1.0,0.99491,0.0050640919000000005,0.9944689306693609,0.995351069330639,0.0004410693306390323,0.0,0.9725,0.24854720000000002,0.03646351437216,0.2473636534786833,0.24973074652131674,0.0011835465213167196,0.0,4001.0,369.79158,162896.83362110358,367.29001153993573,372.2931484600643,2.501568460064277,0.0,4001.0,369.79158,162896.83362110358,367.29001153993573,372.2931484600643,2.501568460064277,0.0,1.0,0.08481,0.037657263899999995,0.08360723591258203,0.08601276408741797,0.0012027640874179707,0.00489,0.004467059747955342,0.005342036818611085
T-random_walk-W-20-HS-weighted-D-1-C-5-H-3-RUNS-100000.csv,random_walk,20,weighted,1,5,3,100000,1.0,4001.0,371.22362,163048.39073409562,368.7208880969706,373.72635190302935,2.502731903029371,0.0,1.0,0.99861,0.0013880678999999999,0.9983790800648571,0.9988409199351429,0.00023091993514290365,0.0,0.97,0.24861175,0.0364857886369375,0.24742784204062282,0.24979565795937717,0.0011839079593771729,0.0,4001.0,370.22501,163050.8062804999,367.7222595581717,372.7277604418283,2.5027504418283115,0.0,4001.0,370.22501,163050.8062804999,367.7222595581717,372.7277604418283,2.5027504418283115,0.0,1.0,0.11225,0.03205215972222222,0.11114035331393778,0.11335964668606223,0.0011096466860622267,0.00123,0.001022351368323853,0.0014673898395531825
T-random_walk-W-20-HS-weighted-D-1-C-5-H-4-RUNS-100000.csv,random_walk,20,weighted,1,5,4,100000,1.0,4001.0,373.75727,165640.30349214707,371.2347240838759,376.2798159161241,2.522545916124102,0.0,1.0,0.9996,0.0003998400000000001,0.999476063510458,0.999723936489542,0.0001239364895420092,0.0,0.975,0.24965364999999998,0.0367973085416775,0.24846469861119677,0.2508426013888032,0.0011889513888032333,0.0,4001.0,372.75767,165641.4299061711,370.23511550677784,375.2802244932222,2.5225544932221737,0.0,4001.0,372.75767,165641.4299061711,370.23511550677784,375.2802244932222,2.5225544932221737,0.0,1.0,0.135155,0.029394375975,0.13409235502285308,0.13621764497714692,0.0010626449771469204,0.0003,0.00020241760625949872,0.0004282411863235582
T-random_walk-W-20-HS-weighted-D-1-C-5-H-5-RUNS-100000.csv,random_walk,20,weighted,1,5,5,100000,1.0,4001.0,372.29048,163062.0409813696,369.7876433360644,374.7933166639356,2.502836663935625,0.0,1.0,0.99974,0.0002599324000000001,0.9996400722106799,0.9998399277893201,9.992778932010893e-05,0.0,0.98,0.248901575,0.036535159400019376,0.24771686630858633,0.2500862836914137,0.0011847086914137106,0.0,4001.0,371.29074,163063.24235025243,368.7878941161855,373.79358588381456,2.5028458838145298,0.0,4001.0,371.29074,163063.24235025243,368.7878941161855,373.79358588381456,2.5028458838145298,0.0,1.0,0.154642,0.028839051836,0.15358944073072736,0.15569455926927264,0.0010525592692726404,0.00013,6.922128249951676e-05,0.00022229369942008194
T-random_walk-W-20-HS-weighted-D-10-C-5-H-1-RUNS-100000.csv,random_walk,20,weighted,10,5,1,100000,1.0,4001.0,788.49272,387139.6724670016,784.636250415329,792.349189584671,3.8564695846710038,0.0,10.0,7.79158,11.454541103599999,7.77060292558444,7.812557074415559,0.020977074415559294,0.0,1.0,0.6997706749999999,0.07485723509754438,0.6980748815150769,0.7014664684849229,0.0016957934849229916,0.0,1826.1,301.35336700000005,39413.82460466331,300.122870561154,302.5838634388461,1.2304964388460462,0.0,18261.0,3013.53367,3941382.4604663313,3001.2287056115397,3025.83863438846,12.304964388460121,0.0,1.0,0.36818,0.2326234876,0.36519060810537635,0.37116939189462367,0.002989391894623661,0.36818,0.36518952159457924,0.3711781257685083
T-random_walk-W-20-HS-weighted-D-10-C-5-H-2-RUNS-100000.csv,random_walk,20,weighted,10,5,2,100000,1.0,4001.0,953.88099,346800.06458661985,950.2309665369029,957.5310134630971,3.6500234630971136,0.0,10.0,9.22086,3.7970208603999995,9.208782485629355,9.232937514370645,0.012077514370645304,0.0,1.0,0.7833199249999999,0.04227838478549438,0.7820454971166265,0.7845943528833733,0.0012744278833733969,0.0,1620.1,345.530473,36275.18450689627,344.34998687639796,346.710959123602,1.1804861236020088,0.0,16201.0,3455.30473,3627518.450689627,3443.4998687639795,3467.10959123602,11.804861236020315,0.0,1.0,0.472435,0.10543267077499999,0.4704224639182135,0.47444753608178647,0.0020125360817864757,0.18482,0.1824184226848928,0.1872398718703165
T-random_walk-W-20-HS-weighted-D-10-C-5-H-3-RUNS-100000.csv,random_walk,20,weighted,10,5,3,100000,1.0,4001.0,1005.65883,337698.13169303106,1002.0570233106954,1009.2606366893045,3.601806689304567,0.0,10.0,9.5747,1.8737199100000002,9.566215848653957,9.583184151346043,0.008484151346042523,0.0,1.0,0.8010184749999999,0.036637005771174375,0.7998321161952088,0.802204833804791,0.001186358804791121,0.0,1873.0,357.626531,35981.29797980604,356.45083650601265,358.80222549398735,1.1756944939873506,0.0,18730.0,3576.26531,3598129.7979806038,3564.5083650601264,3588.022254939874,11.756944939873847,0.0,1.0,0.5511633333333333,0.0645600911,0.5495884871631638,0.5527381795035029,0.0015748461701695637,0.12044,0.11842874823666065,0.12247329488315443
T-random_walk-W-20-HS-weighted-D-10-C-5-H-4-RUNS-100000.csv,random_walk,20,weighted,10,5,4,100000,1.0,4001.0,1023.53635,330693.8105186775,1019.9720922336641,1027.1006077663358,3.5642577663357997,0.0,10.0,9.70557,1.1837209751000002,9.698826571719115,9.712313428280885,0.0067434282808847,0.0,1.0,0.806187575,0.03569415435311937,0.8050165811342478,0.8073585688657523,0.0011709938657522567,0.0,1921.6,361.29330799999997,35849.89253481713,360.1197623163483,362.46685368365166,1.173545683651696,0.0,19216.0,3612.93308,3584989.253481714,3601.1976231634826,3624.668536836517,11.735456836517187,0.0,1.0,0.605845,0.048546835974999994,0.6044793590329754,0.6072106409670245,0.0013656409670245173,0.09331,0.091514037739816,0.09512959015524726
T-random_walk-W-20-HS-weighted-D-10-C-5-H-5-RUNS-100000.csv,random_walk,20,weighted,10,5,5,100000,1.0,4001.0,1035.33387,332675.8189808231,1031.758947027128,1038.9087929728719,3.5749229728719456,0.0,10.0,9.75029,0.9989149158999999,9.744095299409235,9.756484700590764,0.006194700590764768,0.0,1.0,0.8086558500000001,0.0351646551357775,0.8074935740466671,0.809818125953333,0.0011622759533329585,0.0,1695.2,363.42344399999996,35748.465167778864,362.2515596038732,364.5953283961267,1.1718843961267567,0.0,16952.0,3634.23444,3574846.516777887,3622.5155960387324,3645.953283961268,11.718843961267794,0.0,1.0,0.645014,0.041595739804000005,0.6437499027172284,0.6462780972827715,0.001264097282771548,0.0813,0.07961328995919895,0.0830110414105432
T-random_walk-W-20-HS-weighted-D-5-C-5-H-1-RUNS-100000.csv,random_walk,20,weighted,5,5,1,100000,1.0,4001.0,707.28862,298069.2517384956,703.904742287259,710.6724977127411,3.383877712741082,0.0,5.0,4.28106,2.2097652763999998,4.27184640445547,4.29027359554453,0.009213595544530051,0.0,1.0,0.5874077249999999,0.06550193404782438,0.5858214330034301,0.5889940169965697,0.0015862919965697886,0.0,2092.0,330.10189799999995,51063.98037239759,328.701300316871,331.50249568312887,1.4005976831289217,0.0,10460.0,1650.50949,1276599.5093099398,1643.5065015843554,1657.5124784156444,7.002988415644495,0.0,1.0,0.22799,0.1760105599,0.22538968815925506,0.23059031184074494,0.00260031184074494,0.22799,0.2253926532230907,0.2306031322965453
T-random_walk-W-20-HS-weighted-D-5-C-5-H-2-RUNS-100000.csv,random_walk,20,weighted,5,5,2,100000,1.0,4001.0,802.63109,290676.8836754119,799.2894372407692,805.9727427592308,3.341652759230783,0.0,5.0,4.83389,0.45651746790000003,4.829702211198396,4.838077788801605,0.00418778880160442,0.0,0.9975,0.6347926,0.05339492448524,0.6333603921173849,0.6362248078826152,0.0014322078826151108,0.0,2481.8,362.42898799999995,50115.24934049585,361.0414623538714,363.8165136461285,1.3875256461285517,0.0,12409.0,1812.14494,1252881.2335123962,1805.2073117693571,1819.0825682306427,6.937628230642758,0.0,1.0,0.30653,0.09548935910000002,0.30461471432439297,0.3084452856756071,0.001915285675607059,0.07237,0.07077153277740268,0.07399332282588138
T-random_walk-W-20-HS-weighted-D-5-C-5-H-3-RUNS-100000.csv,random_walk,20,weighted,5,5,3,100000,1.0,4001.0,821.92496,288543.9033689984,818.5955903011196,825.2543296988805,3.3293696988804413,0.0,5.0,4.93263,0.16537128310000007,4.930109503379972,4.935150496620027,0.0025204966200274015,0.0,0.9975,0.6422703750000001,0.05272765445985937,0.6408471443181604,0.6436936056818398,0.0014232306818396934,0.0,2074.2,368.54342,50323.472381103595,367.1530148378288,369.9338251621713,1.3904051621712483,0.0,10371.0,1842.7171,1258086.80952759,1835.765074189144,1849.6691258108563,6.952025810856185,0.0,1.0,0.38061666666666666,0.06564095305555556,0.3790286922170667,0.3822046411162666,0.0015879744495999604,0.03388,0.03276720092646287,0.035019939849617626
T-random_walk-W-20-HS-weighted-D-5-C-5-H-4-RUNS-100000.csv,random_walk,20,weighted,5,5,4,100000,1.0,4001.0,824.70159,290521.37370147184,821.3608312400601,828.04234875994,3.340758759939945,0.0,5.0,4.96255,0.08496749749999999,4.960743314807733,4.964356685192268,0.0018066851922675653,0.0,1.0,0.642245875,0.052846599857984365,0.6408210399287919,0.643670710071208,0.0014248350712080526,0.0,2338.6,368.413908,50217.04738976753,367.02497384298414,369.80284215701585,1.3889341570158535,0.0,11693.0,1842.06954,1255426.1847441883,1835.1248692149206,1849.0142107850793,6.944670785079325,0.0,1.0,0.4301475,0.05302375324375,0.4287202787471412,0.43157472125285884,0.0014272212528588235,0.02011,0.019248892419923405,0.020999097350210764
T-random_walk-W-20-HS-weighted-D-5-C-5-H-5-RUNS-100000.csv,random_walk,20,weighted,5,5,5,100000,1.0,4001.0,826.03366,287810.5260270044,822.7085240376891,829.358795962311,3.325135962310924,0.0,5.0,4.97243,0.060849895099999995,4.970901075682003,4.973958924317997,0.0015289243179967826,0.0,1.0,0.6427989,0.052854992408790005,0.6413739517944935,0.6442238482055064,0.0014249482055064266,0.0,2431.4,368.76085599999993,50163.33232774727,367.3726648839418,370.14904711605806,1.388191116058124,0.0,12157.0,1843.80428,1254083.3081936815,1836.8633244197094,1850.7452355802907,6.94095558029062,0.0,1.0,0.47008,0.048049593599999996,0.46872137084245274,0.47143862915754725,0.001358629157547253,0.01518,0.014431272767714755,0.015957036026320474
T-shared_list-W-20-HS-greedy-D-1-C-5-H-1-RUNS-100000.csv,shared_list,20,greedy,1,5,1,100000,1.0,141.0,27.54441,224.24186775189995,27.45159580070077,27.63722419929923,0.09281419929923018,0.0,1.0,0.96307,0.0355661751,0.9619011072835193,0.9642388927164807,0.001168892716480685,0.0,0.2925,0.061294499999999995,0.0011365362697499997,0.06108554742801602,0.06150345257198397,0.00020895257198397243,0.0,139.0,25.61827,224.3975522071,25.525423587222832,25.711116412777166,0.09284641277716688,0.0,139.0,25.61827,224.3975522071,25.525423587222832,25.711116412777166,0.09284641277716688,0.0,1.0,0.03693,0.03556617509999999,0.03576110728351931,0.03809889271648068,0.001168892716480685,0.03693,0.03576957569843929,0.03811738106528935
T-shared_list-W-20-HS-greedy-D-1-C-5-H-2-RUNS-100000.csv,shared_list,20,greedy,1,5,2,100000,2.0,130.0,27.59457,229.4644165151,27.500681209269455,27.688458790730547,0.09388879073054568,0.0,1.0,0.99628,0.0037061616000000006,0.9959026726831708,0.9966573273168293,0.0003773273168292679,0.0,0.28,0.061090200000000004,0.00115327658896,0.060879714196579705,0.0613006858034203,0.00021048580342029888,0.0,128.0,25.60201,229.7779939599,25.50805707872576,25.69596292127424,0.09395292127424071,0.0,128.0,25.60201,229.7779939599,25.50805707872576,25.69596292127424,0.09395292127424071,0.0,1.0,0.071035,0.032331528775,0.06992052792344519,0.07214947207655481,0.0011144720765548094,0.00372,0.003352135988623906,0.0041170927042905835
T-shared_list-W-20-HS-greedy-D-1-C-5-H-3-RUNS-100000.csv,shared_list,20,greedy,1,5,3,100000,2.0,128.0,27.90051,227.9147317399,27.806938784690377,27.994081215309624,0.09357121530962331,0.0,1.0,0.99855,0.0014478974999999996,0.9983141559193874,0.9987858440806127,0.00023584408061261275,0.0,0.2825,0.06190737500000001,0.0011487689831093748,0.061697300943402984,0.06211744905659703,0.00021007405659702327,0.0,126.0,25.90341,228.1071403719,25.80979929599385,25.99702070400615,0.09361070400614935,0.0,126.0,25.90341,228.1071403719,25.80979929599385,25.99702070400615,0.09361070400614935,0.0,1.0,0.11225333333333332,0.03301918915555555,0.11112707174267161,0.11337959492399502,0.0011262615906617035,0.00145,0.001223730966077573,0.0017059295098707137
T-shared_list-W-20-HS-greedy-D-1-C-5-H-4-RUNS-100000.csv,shared_list,20,greedy,1,5,4,100000,2.0,133.0,27.66186,234.00836134039997,27.567046154970633,27.75667384502937,0.09481384502936763,0.0,1.0,0.99914,0.0008592604000000002,0.9989583152523562,0.9993216847476438,0.0001816847476437955,0.0,0.285,0.06127815,0.0011724153325775,0.06106592486620031,0.06149037513379969,0.00021222513379969,0.0,133.0,25.66358,234.1509215836,25.56873727859474,25.75842272140526,0.09484272140526073,0.0,133.0,25.66358,234.1509215836,25.56873727859474,25.75842272140526,0.09484272140526073,0.0,1.0,0.1422,0.033302910000000005,0.14106890999891256,0.14333109000108743,0.001131090001087437,0.00086,0.0006879447649858105,0.0010619856679519566
T-shared_list-W-20-HS-greedy-D-1-C-5-H-5-RUNS-100000.csv,shared_list,20,greedy,1,5,5,100000,2.0,136.0,27.68013,233.5297931831,27.58541315601266,27.774846843987337,0.0947168439873387,0.0,1.0,0.99907,0.0009291350999999997,0.998881072357762,0.999258927642238,0.0001889276422379904,0.0,0.2975,0.0612256,0.00117350790464,0.061013276003088084,0.06143792399691191,0.0002123239969119145,0.0,136.0,25.68199,233.7002596399,25.587238592758066,25.776741407241932,0.0947514072419331,0.0,136.0,25.68199,233.7002596399,25.587238592758066,25.776741407241932,0.0947514072419331,0.0,1.0,0.16619800000000004,0.034644224795999996,0.16504435684036917,0.16735164315963091,0.0011536431596308738,0.00093,0.0007506936131194873,0.0011391935753593356
T-shared_list-W-20-HS-greedy-D-10-C-5-H-1-RUNS-100000.csv,shared_list,20,greedy,10,5,1,100000,1.0,345.0,80.93322,2536.2634604316004,80.62107724884929,81.24536275115072,0.31214275115071644,0.0,10.0,7.52827,10.798200807099999,7.507902779222349,7.548637220777651,0.02036722077765063,0.0,0.5075,0.21344087499999997,0.005890289691734375,0.2129651845872338,0.21391656541276616,0.0004756904127661832,0.0,38.4,17.860315,45.283136200775004,17.818606524119325,17.902023475880675,0.04170847588067517,0.0,384.0,178.60315,4528.313620077501,178.18606524119323,179.02023475880677,0.4170847588067659,0.0,1.0,0.45636,0.2480955504,0.453272794359916,0.45944720564008396,0.0030872056400839676,0.45636,0.4532691542141588,0.4594533773249173
T-shared_list-W-20-HS-greedy-D-10-C-5-H-2-RUNS-100000.csv,shared_list,20,greedy,10,5,2,100000,3.0,335.0,89.07224,2206.1999413823996,88.78111566754366,89.36336433245633,0.2911243324563344,0.0,10.0,8.16589,7.6813105079,8.148711955161557,8.183068044838441,0.017178044838441764,0.0,0.485,0.22680645,0.0043790084883975,0.2263962988204451,0.2272166011795549,0.0004101511795548962,0.0,38.4,18.987587,35.506358217431,18.950654463432894,19.02451953656711,0.03693253656710738,0.0,384.0,189.87587,3550.6358217430998,189.5065446343289,190.2451953656711,0.3693253656711022,0.0,1.0,0.6162,0.12568256,0.6140026786250163,0.6183973213749836,0.0021973213749836296,0.39457,0.391538795352575,0.39760732085093736
T-shared_list-W-20-HS-greedy-D-10-C-5-H-3-RUNS-100000.csv,shared_list,20,greedy,10,5,3,100000,3.0,322.0,90.21706,2118.0272449564,89.93181250282913,90.50230749717088,0.2852474971708716,0.0,10.0,8.23538,7.2238962556,8.218721272600972,8.252038727399027,0.01665872739902774,0.0,0.4775,0.22891537499999998,0.004177467526109375,0.2285147734617066,0.22931597653829336,0.0004006015382933825,0.0,38.4,19.102094,34.091274615164,19.0659049076431,19.1382830923569,0.036189092356899266,0.0,384.0,191.02094,3409.1274615163998,190.65904907643102,191.38283092356897,0.36189092356897845,0.0,1.0,0.7236266666666665,0.06991111395555558,0.7219878544889852,0.7252654788443479,0.0016388121776813591,0.38984,0.38681540499134653,0.3928709856388061
T-shared_list-W-20-HS-greedy-D-10-C-5-H-4-RUNS-100000.csv,shared_list,20,greedy,10,5,4,100000,3.0,321.0,90.55526,2100.8809863324,90.2711694440659,90.8393505559341,0.2840905559340996,0.0,10.0,8.24825,7.1658819375,8.231658299649796,8.264841700350205,0.01659170035020452,0.0,0.4925,0.22924205000000003,0.0040785602617975005,0.22884621926468857,0.2296378807353115,0.0003958307353114643,0.0,38.4,19.13628,33.6548837616,19.10032327580847,19.172236724191528,0.03595672419152862,0.0,384.0,191.3628,3365.4883761600004,191.00323275808472,191.72236724191526,0.359567241915272,0.0,1.0,0.7833325,0.04561206944375001,0.7820087805207481,0.7846562194792519,0.001323719479251917,0.38732,0.38429904829223266,0.3903474885455628
T-shared_list-W-20-HS-greedy-D-10-C-5-H-5-RUNS-100000.csv,shared_list,20,greedy,10,5,5,100000,3.0,323.0,90.85671,2085.5707179758997,90.57365649851705,91.13976350148296,0.2830535014829536,0.0,10.0,8.27518,7.036155967599998,8.258739167671578,8.291620832328423,0.016440832328422417,0.0,0.495,0.2298932,0.004057025593759999,0.22949841563454224,0.23028798436545775,0.0003947843654577565,0.0,37.9,19.183766000000002,33.309603457244,19.147994199284724,19.21953780071528,0.035771800715277635,0.0,379.0,191.83766,3330.9603457244,191.47994199284724,192.19537800715275,0.35771800715275504,0.0,1.0,0.8220620000000001,0.03214886815600001,0.8209506805503903,0.8231733194496098,0.0011113194496097378,0.38402,0.38100394804687693,0.3870427802553581
T-shared_list-W-20-HS-greedy-D-5-C-5-H-1-RUNS-100000.csv,shared_list,20,greedy,5,5,1,100000,1.0,143.0,42.16328,269.3733196416,42.061553673774426,42.265006326225574,0.10172632622557387,0.0,5.0,4.40854,1.7716750683999998,4.400290110944525,4.416789889055476,0.008249889055475634,0.0,0.39,0.17590229999999998,0.0037136099797100003,0.175524593710695,0.17628000628930496,0.0003777062893049743,0.0,44.6,22.66906,42.025909916399996,22.628879565017932,22.70924043498207,0.04018043498206936,0.0,223.0,113.3453,1050.64774791,113.14439782508964,113.54620217491035,0.2009021749103539,0.0,1.0,0.20366,0.1621826044,0.2011639216898041,0.20615607831019592,0.0024960783101959094,0.20366,0.20116758878130667,0.20616961050227733
T-shared_list-W-20-HS-greedy-D-5-C-5-H-2-RUNS-100000.csv,shared_list,20,greedy,5,5,2,100000,2.0,150.0,44.6823,224.94922671000003,44.58933952725329,44.77526047274671,0.09296047274671082,0.0,5.0,4.69375,0.9020009375000001,4.687863467233167,4.699636532766832,0.005886532766832708,0.0,0.385,0.18246285,0.0031707017448775,0.1821138432977274,0.18281185670227262,0.000349006702272614,0.0,44.6,23.341132,36.399831358575994,23.30373766992884,23.378526330071164,0.03739433007116233,0.0,223.0,116.70566,909.9957839644,116.51868834964418,116.89263165035581,0.1869716503558152,0.0,1.0,0.340145,0.11426387897500001,0.33804987203858483,0.3422401279614151,0.002095127961415144,0.11978,0.11777354753130861,0.12180853408974165
T-shared_list-W-20-HS-greedy-D-5-C-5-H-3-RUNS-100000.csv,shared_list,20,greedy,5,5,3,100000,2.0,144.0,45.14785,220.04625037749997,45.05590818821395,45.23979181178605,0.09194181178605021,0.0,5.0,4.73104,0.7753205184,4.725582462731703,4.736497537268297,0.00545753726829723,0.0,0.4125,0.18351440000000002,0.00314420786764,0.18316685447860281,0.18386194552139723,0.00034754552139720785,0.0,48.0,23.44575,36.1473353375,23.408485592929374,23.483014407070627,0.037264407070626504,0.0,240.0,117.22875,903.6833834375,117.04242796464688,117.41507203535313,0.18632203535312897,0.0,1.0,0.46917666666666663,0.0847388110111111,0.467372414421607,0.4709809189117263,0.0018042522450596454,0.10846,0.10653905711753728,0.11040368521659728
T-shared_list-W-20-HS-greedy-D-5-C-5-H-4-RUNS-100000.csv,shared_list,20,greedy,5,5,4,100000,2.0,164.0,45.24232,217.9556010176,45.1508159980728,45.3338240019272,0.09150400192719843,0.0,5.0,4.7442,0.74146636,4.7388629435373275,4.749537056462673,0.005337056462672685,0.0,0.39,0.183928775,0.003125199289499375,0.18358228162934853,0.18427526837065145,0.00034649337065145724,0.0,44.2,23.460014000000005,35.841818719803996,23.422907406139345,23.497120593860664,0.03710659386065984,0.0,221.0,117.30007,896.0454679951,117.11453703069671,117.4856029693033,0.18553296930329566,0.0,1.0,0.558495,0.065002084975,0.5569147721378233,0.5600752278621767,0.0015802278621767085,0.10286,0.10098374861211312,0.10475932086084311
T-shared_list-W-20-HS-greedy-D-5-C-5-H-5-RUNS-100000.csv,shared_list,20,greedy,5,5,5,100000,2.0,143.0,45.34783,214.89366429109998,45.25697101581348,45.43868898418653,0.09085898418652505,0.0,5.0,4.74186,0.7590437404,4.736460053302929,4.747259946697071,0.005399946697070668,0.0,0.39,0.184236225,0.003091450210249375,0.18389160760160442,0.1845808423983956,0.0003446173983955858,0.0,46.8,23.497888000000003,35.593333939456,23.460910256469358,23.53486574353065,0.03697774353064531,0.0,234.0,117.48944,889.8333484863999,117.30455128234678,117.67432871765322,0.184888717653223,0.0,1.0,0.6297039999999999,0.050574472384,0.6283101316665108,0.631097868333489,0.00139386833348909,0.10223,0.10035888263620507,0.10412422365328845
T-shared_list-W-20-HS-random-D-1-C-5-H-1-RUNS-100000.csv,shared_list,20,random,1,5,1,100000,1.0,123.0,24.72845,179.28683059749997,24.645459139754827,24.81144086024517,0.08299086024517166,0.0,1.0,0.83507,0.1377280951,0.8327697907700903,0.8373702092299097,0.0023002092299097,0.0,0.27,0.055729525,0.0009412511057743751,0.055539369530766464,0.05591968046923354,0.00019015546923353832,0.0,121.0,23.05831,178.92452994389998,22.9754030356223,23.141216964377698,0.08290696437769896,0.0,121.0,23.05831,178.92452994389998,22.9754030356223,23.141216964377698,0.08290696437769896,0.0,1.0,0.16493,0.1377280951,0.16262979077009032,0.16723020922990967,0.002300209229909672,0.16493,0.1626345746102598,0.1672448769056584
T-shared_list-W-20-HS-random-D-1-C-5-H-2-RUNS-100000.csv,shared_list,20,random,1,5,2,100000,2.0,122.0,27.273,205.17915100000002,27.184218457634394,27.361781542365605,0.08878154236560576,0.0,1.0,0.96306,0.03557543640000001,0.9618909551057627,0.9642290448942373,0.0011690448942373033,0.0,0.255,0.0606393,0.0010475307955099997,0.060438696054275313,0.06083990394572469,0.00020060394572468665,0.0,120.0,25.34688,206.94815426559998,25.25771655292516,25.436043447074837,0.08916344707483859,0.0,120.0,25.34688,206.94815426559998,25.25771655292516,25.436043447074837,0.08916344707483859,0.0,1.0,0.166955,0.07407352797500001,0.16526810680519258,0.1686418931948074,0.001686893194807415,0.03694,0.035779423232326225,0.03812753292959717
T-shared_list-W-20-HS-random-D-1-C-5-H-3-RUNS-100000.csv,shared_list,20,random,1,5,3,100000,2.0,131.0,27.29257,225.66069279510003,27.199462636304016,27.385677363695986,0.09310736369598516,0.0,1.0,0.99043,0.009478415100000004,0.9898265741184855,0.9910334258815146,0.0006034258815145188,0.0,0.2525,0.060464325,0.001152290464794375,0.06025392920513817,0.06067472079486183,0.00021039579486183124,0.0,129.0,25.31171,226.5930468759,25.218410490415092,25.40500950958491,0.0932995095849094,0.0,129.0,25.31171,226.5930468759,25.218410490415092,25.40500950958491,0.0932995095849094,0.0,1.0,0.16703333333333337,0.051948754444444446,0.16562065384005198,0.16844601282661475,0.001412679493281388,0.00957,0.008975843004117131,0.01019285642821961
T-shared_list-W-20-HS-random-D-1-C-5-H-4-RUNS-100000.csv,shared_list,20,random,1,5,4,100000,2.0,131.0,27.2,221.74178,27.10770464680993,27.29229535319007,0.09229535319007098,0.0,1.0,0.99746,0.0025335484,0.9971480243674028,0.9977719756325972,0.0003119756325972167,0.0,0.3,0.06014237499999999,0.0011145859168593748,0.05993545005567942,0.06034929994432056,0.00020692494432057035,0.0,129.0,25.20508,222.0822021936,25.112713827190525,25.297446172809472,0.09236617280947357,0.0,129.0,25.20508,222.0822021936,25.112713827190525,25.297446172809472,0.09236617280947357,0.0,1.0,0.16624,0.040773012399999996,0.16498846652287746,0.16749153347712253,0.001251533477122535,0.00254,0.002237537560365484,0.0028718648575523364
T-shared_list-W-20-HS-random-D-1-C-5-H-5-RUNS-100000.csv,shared_list,20,random,1,5,5,100000,2.0,132.0,26.86713,217.08589556309997,26.77580874418323,26.95845125581677,0.09132125581676931,0.0,1.0,0.99927,0.0007294671000000001,0.9991025986615537,0.9994374013384463,0.00016740133844628247,0.0,0.28,0.059300625,0.001085672562109375,0.0590964015999059,0.0595048484000941,0.00020422340009410012,0.0,130.0,24.86859,217.2111614119,24.77724240026799,24.95993759973201,0.09134759973201056,0.0,130.0,24.86859,217.2111614119,24.77724240026799,24.95993759973201,0.09134759973201056,0.0,1.0,0.1667,0.03454871000000001,0.16554794824623195,0.16785205175376802,0.0011520517537680353,0.00073,0.0005722457641059228,0.0009177791744729456
T-shared_list-W-20-HS-random-D-10-C-5-H-1-RUNS-100000.csv,shared_list,20,random,10,5,1,100000,1.0,322.0,40.90153,1362.5194336590998,40.672745064824085,41.13031493517592,0.22878493517591636,0.0,10.0,4.21829,12.7503594759,4.196158172022487,4.240421827977512,0.02213182797751223,0.0,0.49,0.158225575,0.006389724103419376,0.15773012808946674,0.15872102191053328,0.0004954469105332704,0.0,38.4,12.411111000000002,39.756379845679,12.372030556193009,12.450191443806995,0.03908044380699316,0.0,384.0,124.11111,3975.6379845679,123.72030556193006,124.50191443806993,0.39080443806993514,0.0,1.0,0.82235,0.1460904775,0.8199809892816536,0.8247190107183464,0.002369010718346387,0.82235,0.8199666949276221,0.8247145935388848
T-shared_list-W-20-HS-random-D-10-C-5-H-2-RUNS-100000.csv,shared_list,20,random,10,5,2,100000,2.0,316.0,59.17744,1784.7082550464002,58.91559777207283,59.439282227927166,0.2618422279271684,0.0,10.0,5.98362,12.241771695599999,5.961934062126388,6.005305937873612,0.021685937873612282,0.0,0.52,0.19775345000000003,0.0049523510130975,0.19731727398447516,0.1981896260155249,0.0004361760155248695,0.0,37.5,15.558776000000002,37.552709381824,15.520794097946364,15.596757902053639,0.037981902053637384,0.0,375.0,155.58776,3755.2709381824006,155.20794097946361,155.9675790205364,0.37981902053638805,0.0,1.0,0.822635,0.074869156775,0.8209390714853897,0.8243309285146103,0.001695928514610312,0.68056,0.6776599401204588,0.6834495841329413
T-shared_list-W-20-HS-random-D-10-C-5-H-3-RUNS-100000.csv,shared_list,20,random,10,5,3,100000,3.0,326.0,72.17851,1981.1628441798996,71.90263257826706,72.45438742173295,0.27587742173294316,0.0,10.0,7.03247,10.519515699100001,7.012367320698558,7.052572679301442,0.020102679301442272,0.0,0.495,0.2147329,0.00443392065759,0.2143201852123052,0.2151456147876948,0.00041271478769480674,0.0,38.5,17.251659,36.512752647719,17.214206711609105,17.289111288390895,0.037452288390895205,0.0,385.0,172.51659,3651.2752647718994,172.14206711609106,172.89111288390896,0.37452288390895205,0.0,1.0,0.82332,0.05089751093333334,0.821921687166613,0.8247183128333871,0.0013983128333870942,0.56474,0.5616602711145938,0.5678159733060787
T-shared_list-W-20-HS-random-D-10-C-5-H-4-RUNS-100000.csv,shared_list,20,random,10,5,4,100000,3.0,319.0,82.34842,2041.1185835036001,82.06839926593933,82.62844073406067,0.2800207340606704,0.0,10.0,7.75107,8.695623855100001,7.732792935519687,7.769347064480313,0.018277064480312966,0.0,0.49,0.224176325,0.004163959121994375,0.2237763716856863,0.22457627831431373,0.0003999533143137224,0.0,37.6,18.381246,34.638953687484,18.34476737550759,18.41772462449241,0.03647862449241046,0.0,376.0,183.81246,3463.8953687484004,183.44767375507587,184.1772462449241,0.3647862449241188,0.0,1.0,0.823105,0.03915565897499999,0.8218785401371493,0.8243314598628506,0.0012264598628506374,0.46674,0.4636438909612728,0.4698380384317916
T-shared_list-W-20-HS-random-D-10-C-5-H-5-RUNS-100000.csv,shared_list,20,random,10,5,5,100000,3.0,333.0,90.69718,2094.7355600476003,90.41350525442897,90.98085474557104,0.2836747455710338,0.0,10.0,8.25788,7.066377905599999,8.24140389689212,8.27435610310788,0.01647610310788039,0.0,0.515,0.229853,0.004048442016,0.2294586334845773,0.2302473665154227,0.0003943665154227116,0.0,38.4,19.169612,33.341764969456,19.13382293402914,19.20540106597086,0.03578906597086018,0.0,384.0,191.69612,3334.1764969456,191.3382293402914,192.0540106597086,0.3578906597086018,0.0,1.0,0.8233679999999999,0.03213633657599999,0.8222568971668185,0.8244791028331813,0.0011111028331813877,0.38869,0.38566705706918225,0.39171940028249197
T-shared_list-W-20-HS-random-D-5-C-5-H-1-RUNS-100000.csv,shared_list,20,random,5,5,1,100000,1.0,130.0,29.3237,244.21383831,29.22684072676033,29.420559273239668,0.09685927323966936,0.0,5.0,2.9319,3.7190023900000004,2.9199472097059207,2.9438527902940796,0.011952790294079474,0.0,0.4075,0.1387984,0.00415631765744,0.13839881384016933,0.13919798615983064,0.00039958615983065604,0.0,45.0,18.826246,47.600678747484,18.783483543630386,18.869008456369617,0.04276245636961562,0.0,225.0,94.13123,1190.0169686871,93.91741771815192,94.34504228184808,0.2138122818480781,0.0,1.0,0.63216,0.23253373440000003,0.6291711848600641,0.635148815139936,0.0029888151399359852,0.63216,0.6291624410971781,0.6351498918120969
T-shared_list-W-20-HS-random-D-5-C-5-H-2-RUNS-100000.csv,shared_list,20,random,5,5,2,100000,2.0,151.0,37.61791,221.86977723189997,37.525588012574794,37.71023198742521,0.09232198742520836,0.0,5.0,3.9085,2.4993077500000007,3.8987013569039384,3.918298643096062,0.00979864309606171,0.0,0.3875,0.16738602500000002,0.003196361822199375,0.16703560891052693,0.1677364410894731,0.0003504160894730879,0.0,43.6,21.729545999999996,36.525563833884,21.69208714176536,21.767004858234632,0.03745885823463624,0.0,218.0,108.64773,913.1390958471001,108.46043570882682,108.83502429117317,0.1872942911731741,0.0,1.0,0.62922,0.11901719160000003,0.6270817379878729,0.6313582620121271,0.002138262012127079,0.40065,0.3976107351105015,0.40369502834734045
T-shared_list-W-20-HS-random-D-5-C-5-H-3-RUNS-100000.csv,shared_list,20,random,5,5,3,100000,2.0,146.0,41.66933,209.6452673511,41.57958740927208,41.759072590727925,0.08974259072792279,0.0,5.0,4.36009,1.6363251919000001,4.352161502754491,4.368018497245508,0.007928497245508481,0.0,0.3725,0.17780865,0.0030179609851775,0.17746815331983032,0.1781491466801697,0.00034049668016969403,0.0,44.0,22.799357999999998,34.741947187836004,22.762825184023566,22.83589081597643,0.03653281597643243,0.0,220.0,113.99679,868.5486796959,113.81412592011785,114.17945407988216,0.1826640798821586,0.0,1.0,0.62982,0.08058232315555557,0.6280605539149086,0.6315794460850915,0.0017594460850914873,0.25437,0.2516729062924159,0.2570813469927261
T-shared_list-W-20-HS-random-D-5-C-5-H-4-RUNS-100000.csv,shared_list,20,random,5,5,4,100000,2.0,138.0,43.88269,209.7977083639,43.79291478758305,43.97246521241694,0.08977521241694575,0.0,5.0,4.59692,1.1089665136,4.590392974828725,4.603447025171275,0.006527025171275014,0.0,0.3775,0.18201362499999998,0.003065632126859375,0.18167044964571966,0.1823568003542803,0.0003431753542803284,0.0,43.2,23.262154000000002,35.400772480284004,23.225276417709367,23.299031582290638,0.03687758229063576,0.0,216.0,116.31077,885.0193120071,116.12638208854683,116.49515791145318,0.18438791145317168,0.0,1.0,0.63116,0.0618433044,0.6296186459258722,0.6327013540741279,0.0015413540741278098,0.16371,0.16142145956098472,0.1660180629457278
T-shared_list-W-20-HS-random-D-5-C-5-H-5-RUNS-100000.csv,shared_list,20,random,5,5,5,100000,2.0,133.0,45.29686,215.20035414040004,45.20593620330927,45.387783796690734,0.09092379669073125,0.0,5.0,4.74225,0.7483749375,4.736888137301366,4.747611862698634,0.0053618626986340345,0.0,0.3975,0.18403457500000003,0.003082278392069375,0.18369046919256612,0.18437868080743394,0.00034410580743390873,0.0,45.4,23.497228,35.458004316015995,23.460320620063136,23.534135379936863,0.03690737993686355,0.0,227.0,117.48614,886.4501079003999,117.30160310031569,117.67067689968432,0.18453689968431775,0.0,1.0,0.629966,0.050592038844,0.6285718896154784,0.6313601103845217,0.0013941103845216407,0.10264,0.10076553894385891,0.10453754338534067
T-shared_list-W-20-HS-weighted-D-1-C-5-H-1-RUNS-100000.csv,shared_list,20,weighted,1,5,1,100000,1.0,121.0,26.91638,225.8032876956,26.823243223697006,27.009516776302995,0.09313677630299466,0.0,1.0,0.93713,0.0589173631,0.9356255501268406,0.9386344498731595,0.0015044498731594524,0.0,0.26,0.0598172,0.00114211708416,0.05960773503895618,0.06002666496104382,0.0002094649610438204,0.0,119.0,25.04212,225.8836659056,24.948966648426214,25.135273351573787,0.09315335157378613,0.0,119.0,25.04212,225.8836659056,24.948966648426214,25.135273351573787,0.09315335157378613,0.0,1.0,0.06287,0.0589173631,0.06136555012684051,0.06437444987315949,0.001504449873159494,0.06287,0.06137327186236289,0.06439214294641872
T-shared_list-W-20-HS-weighted-D-1-C-5-H-2-RUNS-100000.csv,shared_list,20,weighted,1,5,2,100000,2.0,128.0,27.94727,233.6424495471,27.852530312741695,28.042009687258304,0.09473968725830417,0.0,1.0,0.99263,0.007315683100000001,0.9920998686181997,0.9931601313818004,0.0005301313818003583,0.0,0.27,0.061975225,0.001178397673699375,0.061762459107449444,0.06218799089255056,0.00021276589255055794,0.0,126.0,25.96201,234.1354667599,25.86717040863095,26.056849591369048,0.09483959136904829,0.0,126.0,25.96201,234.1354667599,25.86717040863095,26.056849591369048,0.09483959136904829,0.0,1.0,0.091885,0.041184646775,0.09062716479994062,0.09314283520005937,0.0012578352000593707,0.00737,0.006849206348002838,0.007919664741246881
T-shared_list-W-20-HS-weighted-D-1-C-5-H-3-RUNS-100000.csv,shared_list,20,weighted,1,5,3,100000,2.0,131.0,27.45963,224.6807502631,27.366725017883287,27.552534982116715,0.09290498211671405,0.0,1.0,0.99804,0.0019561584,0.9977658690438962,0.9983141309561039,0.0002741309561038463,0.0,0.29,0.060696075,0.0011207575420943748,0.06048857795969075,0.06090357204030925,0.00020749704030924992,0.0,129.0,25.46355,224.93045139750004,25.370593406791738,25.556506593208265,0.09295659320826388,0.0,129.0,25.46355,224.93045139750004,25.370593406791738,25.556506593208265,0.09295659320826388,0.0,1.0,0.12193333333333332,0.03608781777777777,0.12075589984996744,0.1231107668166992,0.0011774334833658806,0.00196,0.0016954118928682836,0.002254107703122433
T-shared_list-W-20-HS-weighted-D-1-C-5-H-4-RUNS-100000.csv,shared_list,20,weighted,1,5,4,100000,2.0,129.0,27.40119,233.6635765839,27.306446029436977,27.495933970563023,0.09474397056302308,0.0,1.0,0.99872,0.0012783616000000002,0.9984983932780226,0.9989416067219775,0.00022160672197746312,0.0,0.265,0.060587575,0.0011774078181193749,0.060374898488036705,0.06080025151196329,0.00021267651196329312,0.0,127.0,25.40375,233.8706359375,25.30896406037721,25.498535939622787,0.09478593962278836,0.0,127.0,25.40375,233.8706359375,25.30896406037721,25.498535939622787,0.09478593962278836,0.0,1.0,0.145285,0.034251018775,0.14413792234907116,0.14643207765092883,0.001147077650928835,0.00128,0.001067981303284589,0.0015217400465684053
T-shared_list-W-20-HS-weighted-D-1-C-5-H-5-RUNS-100000.csv,shared_list,20,weighted,1,5,5,100000,2.0,127.0,27.263,230.22149100000001,27.168956452649553,27.35704354735045,0.09404354735044862,0.0,1.0,0.99932,0.0006795375999999999,0.9991584292215727,0.9994815707784273,0.00016157077842726686,0.0,0.275,0.060289375,0.001162430449609375,0.06007805550692803,0.060500694493071966,0.00021131949307196668,0.0,125.0,25.26436,230.34025379040003,25.170292198975357,25.358427801024643,0.09406780102464296,0.0,125.0,25.26436,230.34025379040003,25.170292198975357,25.358427801024643,0.09406780102464296,0.0,1.0,0.16613599999999998,0.034717229504000004,0.1649811419617002,0.16729085803829977,0.0011548580382997886,0.00068,0.000528084094878762,0.0008619835490836287
T-shared_list-W-20-HS-weighted-D-10-C-5-H-1-RUNS-100000.csv,shared_list,20,weighted,10,5,1,100000,1.0,321.0,70.23097,2408.4996428591003,69.92679090426843,70.53514909573157,0.30417909573156976,0.0,10.0,6.72699,12.927415539900002,6.704705036563171,6.749274963436829,0.022284963436828953,0.0,0.49,0.201213675,0.0064970173054943745,0.20071408575190927,0.20171326424809075,0.0004995892480907371,0.0,37.8,16.548915,48.130929222775,16.505915025848587,16.591914974151415,0.04299997415141377,0.0,378.0,165.48915,4813.092922277499,165.0591502584859,165.9191497415141,0.42999974151410925,0.0,1.0,0.5539,0.24709478999999998,0.5508190271905387,0.5569809728094612,0.003080972809461291,0.5539,0.5508125576378806,0.5569843156304057
T-shared_list-W-20-HS-weighted-D-10-C-5-H-2-RUNS-100000.csv,shared_list,20,weighted,10,5,2,100000,3.0,334.0,84.55446,2242.0036141084,84.2609828955445,84.84793710445551,0.2934771044555049,0.0,10.0,7.85819,8.8230799239,7.839779474794114,7.876600525205885,0.018410525205885264,0.0,0.505,0.22307834999999998,0.0045320451362775,0.22266109342910476,0.2234956065708952,0.0004172565708952247,0.0,38.4,18.497342000000003,36.976897935036,18.459652419064785,18.53503158093522,0.03768958093521846,0.0,384.0,184.97342,3697.6897935036004,184.5965241906478,185.3503158093522,0.3768958093521917,0.0,1.0,0.660385,0.11300415177499999,0.658301453145574,0.662468546854426,0.0020835468544260216,0.43784,0.43476190614272475,0.4409216997654509
T-shared_list-W-20-HS-weighted-D-10-C-5-H-3-RUNS-100000.csv,shared_list,20,weighted,10,5,3,100000,3.0,317.0,88.52804,2138.2369537584,88.24143485207767,88.81464514792233,0.28660514792233016,0.0,10.0,8.1278,7.6498871600000005,8.110657127862037,8.144942872137964,0.017142872137963394,0.0,0.49,0.22774380000000002,0.00419893643656,0.22734217039184484,0.2281454296081552,0.00040162960815517956,0.0,38.4,18.949491000000002,34.511518540919006,18.913079538943517,18.985902461056487,0.03641146105648474,0.0,384.0,189.49491,3451.1518540919,189.13079538943515,189.85902461056486,0.3641146105648545,0.0,1.0,0.7360866666666667,0.06647197471111112,0.7344886718667684,0.737684661466565,0.0015979947998983057,0.40468,0.4016356610348674,0.4077298686169199
T-shared_list-W-20-HS-weighted-D-10-C-5-H-4-RUNS-100000.csv,shared_list,20,weighted,10,5,4,100000,3.0,316.0,90.41833,2117.5304900111,90.13311595528224,90.70354404471776,0.2852140447177618,0.0,10.0,8.22493,7.225636495100002,8.208269266174753,8.241590733825248,0.016660733825247576,0.0,0.4975,0.22925212499999997,0.004082833495484375,0.22885608695692516,0.22964816304307478,0.00039603804307480894,0.0,38.2,19.123703,33.754494267790996,19.08769310341876,19.159712896581237,0.036009896581237655,0.0,382.0,191.23703,3375.4494267790997,190.87693103418763,191.59712896581237,0.36009896581236944,0.0,1.0,0.78645,0.0448251475,0.7851377489316598,0.7877622510683402,0.0013122510683402089,0.39192,0.38889246173141756,0.39495380822006465
T-shared_list-W-20-HS-weighted-D-10-C-5-H-5-RUNS-100000.csv,shared_list,20,weighted,10,5,5,100000,3.0,341.0,90.75349,2073.3595428199,90.47126636492142,91.03571363507858,0.28222363507858006,0.0,10.0,8.26179,7.0850759959,8.245292112878962,8.278287887121037,0.01649788712103728,0.0,0.4925,0.22948385,0.004074511089177499,0.22908821580279018,0.2298794841972098,0.00039563419720980986,0.0,38.4,19.156482999999998,33.345673770711,19.12069183623608,19.192274163763916,0.035791163763917666,0.0,384.0,191.56483,3334.5673770711,191.20691836236082,191.92274163763918,0.35791163763917666,0.0,1.0,0.8228779999999999,0.032220997115999996,0.8217654345748638,0.8239905654251359,0.0011125654251360473,0.38719,0.38416923854647606,0.3902173058337915
T-shared_list-W-20-HS-weighted-D-5-C-5-H-1-RUNS-100000.csv,shared_list,20,weighted,5,5,1,100000,1.0,136.0,39.28221,281.6352675159,39.17819413372523,39.38622586627477,0.10401586627477144,0.0,5.0,4.09704,2.4942032384000004,4.087251368246462,4.106828631753538,0.009788631753537835,0.0,0.39,0.16819357499999998,0.004013989766219375,0.16780089009978216,0.1685862599002178,0.0003926849002178212,0.0,45.6,21.870496,45.048102313983996,21.828895905066286,21.912096094933712,0.041600094933713194,0.0,228.0,109.35248,1126.2025578496,109.14447952533143,109.56048047466857,0.20800047466856597,0.0,1.0,0.30044,0.21017580639999991,0.29759850149064576,0.3032814985093542,0.0028414985093542233,0.30044,0.2975993740164657,0.3032922045249271
T-shared_list-W-20-HS-weighted-D-5-C-5-H-2-RUNS-100000.csv,shared_list,20,weighted,5,5,2,100000,2.0,133.0,43.74419,230.51205124390003,43.650087125651844,43.83829287434816,0.09410287434815956,0.0,5.0,4.59062,1.1746280156000002,4.583902522062017,4.597337477937984,0.006717477937983496,0.0,0.3775,0.180622,0.0032202891160000003,0.1802702747852652,0.18097372521473482,0.00035172521473481044,0.0,45.0,23.13819,36.86627672390001,23.10055683794012,23.175823162059885,0.03763316205988332,0.0,225.0,115.69095,921.6569180975,115.50278418970059,115.87911581029941,0.18816581029940949,0.0,1.0,0.402445,0.118010521975,0.40031580010046225,0.40457419989953775,0.002129199899537748,0.1575,0.15524721960707677,0.1597726643081755
T-shared_list-W-20-HS-weighted-D-5-C-5-H-3-RUNS-100000.csv,shared_list,20,weighted,5,5,3,100000,2.0,141.0,44.77636,219.56888515040004,44.684517970994,44.86820202900599,0.09184202900599558,0.0,5.0,4.69714,0.8742758204,4.691344641519588,4.7029353584804126,0.00579535848041246,0.0,0.3975,0.18298542500000003,0.003140777425069375,0.18263806912260416,0.1833327808773959,0.0003473558773958718,0.0,43.8,23.39073,35.987840867100005,23.353547895504015,23.427912104495988,0.03718210449598658,0.0,219.0,116.95365,899.6960216775,116.76773947752007,117.13956052247993,0.18591052247992934,0.0,1.0,0.49602333333333326,0.08242196389999999,0.49424391709052146,0.49780274957614506,0.0017794162428118043,0.1205,0.11848831290940175,0.12253372670945441
T-shared_list-W-20-HS-weighted-D-5-C-5-H-4-RUNS-100000.csv,shared_list,20,weighted,5,5,4,100000,2.0,136.0,45.13459,215.50909553190002,45.04360100388534,45.22557899611466,0.09098899611466038,0.0,5.0,4.73669,0.7719178439000002,4.731244451736394,4.742135548263606,0.005445548263605993,0.0,0.395,0.18362985,0.0030956148139775,0.18328500055648334,0.1839746994435167,0.000344849443516676,0.0,45.8,23.449984,35.521844799744,23.413043409996227,23.486924590003774,0.036940590003773366,0.0,229.0,117.24992,888.0461199936001,117.06521704998113,117.43462295001888,0.18470295001887393,0.0,1.0,0.56796,0.0626264384,0.5664089173917634,0.5695110826082367,0.0015510826082366647,0.10455,0.10266008426168637,0.10646288646294665
T-shared_list-W-20-HS-weighted-D-5-C-5-H-5-RUNS-100000.csv,shared_list,20,weighted,5,5,5,100000,2.0,134.0,45.22955,215.11483679750003,45.13864427097035,45.32045572902965,0.09090572902965022,0.0,5.0,4.74456,0.7506304064000002,4.73919006352996,4.74992993647004,0.0053699364700401375,0.0,0.4175,0.183760475,0.0031217361402743745,0.18341417366363993,0.18410677633636008,0.000346301336360072,0.0,45.0,23.470576,36.003928628224,23.43338558561428,23.507766414385724,0.0371904143857229,0.0,225.0,117.35288,900.0982157056001,117.16692792807137,117.53883207192862,0.18595207192862517,0.0,1.0,0.628558,0.050760040635999995,0.6271615768116102,0.6299544231883897,0.0013964231883897282,0.10122,0.09935715960440646,0.10310600571442922
T-spiral_traversal_swarm-W-20-HS-greedy-D-1-C-5-H-1-RUNS-100000.csv,spiral_traversal_swarm,20,greedy,1,5,1,100000,1.0,401.0,129.42881,9367.0756519839,128.82893869859726,130.02868130140274,0.599871301402743,0.0,1.0,0.95144,0.04620192639999998,0.9501077488207614,0.9527722511792385,0.0013322511792385194,0.0,0.9975,0.31633285,0.0585507590108775,0.3148330880328326,0.3178326119671674,0.00149976196716739,0.0,400.0,127.52565,9370.0208220775,126.92568440106875,128.12561559893123,0.5999655989312345,0.0,400.0,127.52565,9370.0208220775,126.92568440106875,128.12561559893123,0.5999655989312345,0.0,1.0,0.04828,0.0459490416,0.046951399841146484,0.04960860015885352,0.0013286001588535198,0.04828,0.04695954132762058,0.04962673695195113
T-spiral_traversal_swarm-W-20-HS-greedy-D-1-C-5-H-2-RUNS-100000.csv,spiral_traversal_swarm,20,greedy,1,5,2,100000,2.0,401.0,133.91619,9817.9105458839,133.3020525141463,134.5303274858537,0.6141374858536892,0.0,1.0,0.98088,0.018754425599999996,0.9800311949494438,0.9817288050505562,0.0008488050505561784,0.0,0.9975,0.32740389999999997,0.061405280764789995,0.325868014175513,0.32893978582448696,0.0015358858244869933,0.0,400.0,131.95397,9826.836911239101,131.3395533931426,132.5683866068574,0.6144166068573895,0.0,400.0,131.95397,9826.836911239101,131.3395533931426,132.5683866068574,0.6144166068573895,0.0,1.0,0.089215,0.04597818377500001,0.08788597859012716,0.09054402140987285,0.0013290214098728437,0.01866,0.017830268987689475,0.01951781324108871
T-spiral_traversal_swarm-W-20-HS-greedy-D-1-C-5-H-3-RUNS-100000.csv,spiral_traversal_swarm,20,greedy,1,5,3,100000,2.0,401.0,134.97584,10021.1201562944,134.35537940340728,135.59630059659273,0.6204605965927215,0.0,1.0,0.98478,0.014988351600000002,0.9840211900665742,0.9855388099334258,0.000758809933425808,0.0,0.9975,0.33003235000000003,0.0626821899534775,0.32848057713992906,0.331584122860071,0.0015517728600709657,0.0,400.0,133.00574,10031.0550070524,132.38497191999676,133.62650808000325,0.6207680800032449,0.0,400.0,133.00574,10031.0550070524,132.38497191999676,133.62650808000325,0.6207680800032449,0.0,1.0,0.13504999999999998,0.05081594194444444,0.13365280809273106,0.1364471919072689,0.0013971919072689187,0.01468,0.0139436836027573,0.01544465844642333
T-spiral_traversal_swarm-W-20-HS-greedy-D-1-C-5-H-4-RUNS-100000.csv,spiral_traversal_swarm,20,greedy,1,5,4,100000,2.0,401.0,134.93918,10168.9055009276,134.31416106130803,135.56419893869196,0.6250189386919658,0.0,1.0,0.9849,0.014871989999999996,0.9841441413043167,0.9856558586956833,0.0007558586956832869,0.0,0.9975,0.3299411,0.06361241153078999,0.32837785516909,0.33150434483090996,0.0015632448309099711,0.0,400.0,132.96865,10180.046227177501,132.3432887796935,133.5940112203065,0.6253612203065018,0.0,400.0,132.96865,10180.046227177501,132.3432887796935,133.5940112203065,0.6253612203065018,0.0,1.0,0.1724875,0.05479118734375,0.17103668703721067,0.1739383129627893,0.0014508129627893163,0.01437,0.013641489483129925,0.015126873295028933
T-spiral_traversal_swarm-W-20-HS-greedy-D-1-C-5-H-5-RUNS-100000.csv,spiral_traversal_swarm,20,greedy,1,5,5,100000,2.0,401.0,135.30972,10118.6589935216,134.68624714261554,135.93319285738446,0.6234728573844563,0.0,1.0,0.98636,0.013453950400000001,0.9856410793099608,0.9870789206900392,0.0007189206900392042,0.0,0.9975,0.33085955,0.0632958984237975,0.3293001990985514,0.3324189009014486,0.0015593509014485973,0.0,400.0,133.33636,10129.3222619504,132.71255871432075,133.96016128567928,0.6238012856792636,0.0,400.0,133.33636,10129.3222619504,132.71255871432075,133.96016128567928,0.6238012856792636,0.0,1.0,0.20237400000000003,0.05689556412399999,0.20089558869343221,0.20385241130656784,0.0014784113065678117,0.013,0.012307085541857601,0.013721369991554612
T-spiral_traversal_swarm-W-20-HS-greedy-D-10-C-5-H-1-RUNS-100000.csv,spiral_traversal_swarm,20,greedy,10,5,1,100000,1.0,401.0,193.86101,12761.2880117799,193.16084027753226,194.56117972246773,0.7001697224677343,3.0,10.0,9.50001,0.5832199999,9.495276610145345,9.504743389854655,0.004733389854655101,0.0,0.9975,0.47898737500000005,0.07939678365310938,0.47724091949217345,0.48073383050782664,0.0017464555078265942,0.0,381.7,127.22105,5616.1202540975,126.75656224377664,127.68553775622337,0.46448775622336314,0.0,3817.0,1272.2105,561612.0254097501,1267.5656224377663,1276.8553775622336,4.64487756223366,0.0,1.0,0.36404,0.2315148784000001,0.36105773985564393,0.367022260144356,0.0029822601443560415,0.36404,0.3610567731404837,0.36703111444062836
T-spiral_traversal_swarm-W-20-HS-greedy-D-10-C-5-H-2-RUNS-100000.csv,spiral_traversal_swarm,20,greedy,10,5,2,100000,2.0,401.0,228.13976,11469.0319471424,227.47598719904968,228.8035328009503,0.6637728009503121,4.0,10.0,9.81042,0.1929194236,9.807697649438992,9.813142350561009,0.0027223505610081133,0.0,0.9975,0.563707925,0.07177939797969438,0.5620473596285713,0.5653684903714287,0.0016605653714286683,0.0,386.0,132.24962,5363.9199028556,131.7956812960012,132.7035587039988,0.45393870399880143,0.0,3860.0,1322.4962,536391.99028556,1317.9568129600123,1327.0355870399878,4.539387039987787,0.0,1.0,0.45191,0.10604235189999997,0.44989165340176906,0.4539283465982309,0.0020183465982309134,0.16862,0.16630402345076808,0.1709552133662749
T-spiral_traversal_swarm-W-20-HS-greedy-D-10-C-5-H-3-RUNS-100000.csv,spiral_traversal_swarm,20,greedy,10,5,3,100000,2.0,401.0,235.58531,11487.927802203902,234.92099062315668,236.2496293768433,0.6643193768433093,5.0,10.0,9.84755,0.15332899749999998,9.845123008700478,9.849976991299522,0.0024269912995222853,0.0,0.9975,0.582169,0.072013355189,0.5805057306132377,0.5838322693867624,0.0016632693867623116,0.0,386.6,132.872997,5300.214839337991,132.42176196892638,133.32423203107362,0.4512350310736224,0.0,3866.0,1328.72997,530021.4839337991,1324.217619689264,1333.2423203107362,4.51235031073611,0.0,1.0,0.49702333333333326,0.08872225056666666,0.49517716054137445,0.4988695061252921,0.0018461727919588111,0.13802,0.13588771680328351,0.14017330147473633
T-spiral_traversal_swarm-W-20-HS-greedy-D-10-C-5-H-4-RUNS-100000.csv,spiral_traversal_swarm,20,greedy,10,5,4,100000,2.0,401.0,239.10651,11704.894145619897,238.4359466446799,239.77707335532008,0.6705633553200983,5.0,10.0,9.85587,0.1451565431,9.85350857378694,9.85823142621306,0.002361426213060014,0.0,0.9975,0.59093565,0.07342110118407749,0.5892562021672028,0.5926150978327973,0.0016794478327972762,0.0,391.7,133.45653099999998,5302.312597346039,133.0052066812007,133.90785531879928,0.45132431879929413,0.0,3917.0,1334.56531,530231.2597346039,1330.052066812007,1339.0785531879928,4.5132431879928845,0.0,1.0,0.5238175,0.08566960169374999,0.5220033656558383,0.5256316343441618,0.0018141343441617774,0.13043,0.12834841901557922,0.13253304157531245
T-spiral_traversal_swarm-W-20-HS-greedy-D-10-C-5-H-5-RUNS-100000.csv,spiral_traversal_swarm,20,greedy,10,5,5,100000,2.0,401.0,240.61474,11964.3052947324,239.93678664452307,241.29269335547696,0.6779533554769444,5.0,10.0,9.86111,0.13967956790000005,9.858793552227992,9.863426447772008,0.0023164477720083454,0.0,0.9975,0.594682175,0.07507446054976938,0.592983922817172,0.5963804271828279,0.0016982521828279307,0.0,382.2,133.38642,5343.5014509836,132.93334610785766,133.83949389214231,0.45307389214232785,0.0,3822.0,1333.8642,534350.14509836,1329.3334610785769,1338.394938921423,4.530738921423108,0.0,1.0,0.539898,0.085555349596,0.5380850757572143,0.5417109242427857,0.001812924242785674,0.12541,0.1233632273667827,0.12747852589162498
T-spiral_traversal_swarm-W-20-HS-greedy-D-5-C-5-H-1-RUNS-100000.csv,spiral_traversal_swarm,20,greedy,5,5,1,100000,1.0,401.0,179.45883,12038.585645031098,178.77877536532753,180.13888463467248,0.680054634672473,1.0,5.0,4.75048,0.2616197696,4.747309765770648,4.753650234229351,0.0031702342293513652,0.0,0.9975,0.442231475,0.07507269120682437,0.4405332428293586,0.4439297071706414,0.0016982321706414116,0.0,399.0,127.17232800000001,6039.488879860415,126.69065071715524,127.65400528284478,0.48167728284477107,0.0,1995.0,635.86164,150987.2219965104,633.4532535857761,638.2700264142238,2.4083864142238554,0.0,1.0,0.21418,0.16830692760000002,0.21163723006729246,0.21672276993270756,0.0025427699327075504,0.21418,0.21164059365524193,0.21673599425152412
T-spiral_traversal_swarm-W-20-HS-greedy-D-5-C-5-H-2-RUNS-100000.csv,spiral_traversal_swarm,20,greedy,5,5,2,100000,2.0,401.0,200.32899,12036.356535579898,199.64899832896953,201.00898167103048,0.6799916710304785,1.0,5.0,4.90609,0.0932509119,4.904197296369858,4.907982703630141,0.0018927036301414901,0.0,0.9975,0.49377815,0.0753378665825775,0.49207692118451507,0.495479378815485,0.0017012288154849564,0.0,392.6,132.30614400000002,5860.8519342512645,131.83164374930863,132.7806442506914,0.474500250691392,0.0,1963.0,661.53072,146521.2983562816,659.158218746543,663.903221253457,2.372501253457017,0.0,1.0,0.31078,0.10285079159999999,0.3087922585655811,0.3127677414344189,0.001987741434418877,0.08809,0.08634030538065043,0.08986362808295208
T-spiral_traversal_swarm-W-20-HS-greedy-D-5-C-5-H-3-RUNS-100000.csv,spiral_traversal_swarm,20,greedy,5,5,3,100000,2.0,401.0,204.05601,12382.5637128799,203.36630820386344,204.74571179613653,0.6897017961365464,1.0,5.0,4.9237,0.07635831,4.9219872884548295,4.925412711545171,0.0017127115451707198,0.0,0.9975,0.503013125,0.07755428701523438,0.5012870527274756,0.5047391972725243,0.0017260722725243038,0.0,397.0,133.254312,5919.044133406655,132.77746191933633,133.73116208066367,0.47685008066366663,0.0,1985.0,666.27156,147976.1033351664,663.8873095966817,668.6558104033184,2.384250403318333,0.0,1.0,0.3692566666666666,0.08777284745555557,0.3674203982473301,0.37109293508600316,0.0018362684193365397,0.07137,0.06978183594066807,0.07298307844433562
T-spiral_traversal_swarm-W-20-HS-greedy-D-5-C-5-H-4-RUNS-100000.csv,spiral_traversal_swarm,20,greedy,5,5,4,100000,2.0,401.0,205.71332,12527.406434577599,205.01959610276802,206.407043897232,0.6937238972319903,2.0,5.0,4.92745,0.07198649750000001,4.92578704080388,4.929112959196121,0.0016629591961203616,0.0,0.9975,0.507139775,0.07848988592544938,0.5054033224501985,0.5088762275498014,0.0017364525498014816,0.0,397.6,133.15994,5803.096206396401,132.68778351760787,133.63209648239214,0.4721564823921369,0.0,1988.0,665.7997,145077.40515991,663.4389175880393,668.1604824119607,2.360782411960713,0.0,1.0,0.40463,0.08516331310000001,0.4028212341677128,0.40643876583228716,0.0018087658322871736,0.06812,0.0665659578414179,0.06969914770950966
T-spiral_traversal_swarm-W-20-HS-greedy-D-5-C-5-H-5-RUNS-100000.csv,spiral_traversal_swarm,20,greedy,5,5,5,100000,2.0,401.0,206.56944,12729.5855380864,205.87014052335846,207.2687394766415,0.6992994766415279,2.0,5.0,4.92858,0.07105918359999999,4.926927786455334,4.930232213544667,0.001652213544666381,0.0,0.9975,0.5092726249999999,0.07977202298810937,0.5075220473710125,0.5110232026289874,0.0017505776289874486,0.0,397.8,133.441802,5864.659570592797,132.96714763937123,133.91645636062876,0.47465436062876165,0.0,1989.0,667.20901,146616.48926481992,664.8357381968563,669.5822818031438,2.37327180314378,0.0,1.0,0.42581,0.0858278439,0.42399419096508956,0.4276258090349105,0.001815809034910465,0.06638,0.06484464265722699,0.06794056532486692
T-spiral_traversal_swarm-W-20-HS-random-D-1-C-5-H-1-RUNS-100000.csv,spiral_traversal_swarm,20,random,1,5,1,100000,1.0,401.0,113.01046,7652.042250588401,112.46827842976857,113.55264157023142,0.5421815702314206,0.0,1.0,0.79876,0.1607424624,0.7962750286851639,0.8012449713148362,0.0024849713148361596,0.0,0.9975,0.276054025,0.04782997771879937,0.27469850427937437,0.2774095457206256,0.0013555207206256137,0.0,400.0,111.41282,7654.7406596476,110.8705428409927,111.9550971590073,0.5422771590072983,0.0,400.0,111.41282,7654.7406596476,110.8705428409927,111.9550971590073,0.5422771590072983,0.0,1.0,0.20112,0.16067074559999997,0.19863558309396961,0.20360441690603037,0.002484416906030379,0.20112,0.19863932345442026,0.20361802346371535
T-spiral_traversal_swarm-W-20-HS-random-D-1-C-5-H-2-RUNS-100000.csv,spiral_traversal_swarm,20,random,1,5,2,100000,2.0,401.0,129.28825,8940.196421937499,128.70220683969083,129.87429316030918,0.586043160309174,0.0,1.0,0.92708,0.06760267360000001,0.9254684714371078,0.9286915285628923,0.0016115285628922615,0.0,0.9975,0.3161032,0.055991794324759994,0.3146365777682102,0.31756982223178976,0.0014666222317897826,0.0,400.0,127.43385,8960.5696841775,126.84713947087397,128.02056052912604,0.5867105291260373,0.0,400.0,127.43385,8960.5696841775,126.84713947087397,128.02056052912604,0.5867105291260373,0.0,1.0,0.201765,0.09651338477500002,0.1998394719712462,0.2036905280287538,0.0019255280287537868,0.07268,0.07107835696522971,0.07430648041828224
T-spiral_traversal_swarm-W-20-HS-random-D-1-C-5-H-3-RUNS-100000.csv,spiral_traversal_swarm,20,random,1,5,3,100000,2.0,401.0,133.29883,9683.4888306311,132.68891122924646,133.90874877075356,0.609918770753552,0.0,1.0,0.96522,0.033570351600000006,0.9640843774275466,0.9663556225724533,0.0011356225724533653,0.0,0.9975,0.32593940000000005,0.06061939677763999,0.3244133741985767,0.3274654258014234,0.0015260258014233585,0.0,400.0,131.36811,9701.1020250279,130.7576367938775,131.9785832061225,0.6104732061224922,0.0,400.0,131.36811,9701.1020250279,130.7576367938775,131.9785832061225,0.6104732061224922,0.0,1.0,0.2025533333333333,0.07442325826666667,0.20086246258440768,0.20424420408225893,0.001690870748925627,0.0345,0.03337733235926954,0.035649770933991104
T-spiral_traversal_swarm-W-20-HS-random-D-1-C-5-H-4-RUNS-100000.csv,spiral_traversal_swarm,20,random,1,5,4,100000,2.0,401.0,134.77135,9991.709329177502,134.15180056243292,135.3908994375671,0.6195494375670876,0.0,1.0,0.97923,0.020338607100000006,0.9783460724405509,0.9801139275594491,0.0008839275594491047,0.0,0.9975,0.3295495,0.06252518104975,0.32799967183042533,0.33109932816957466,0.001549828169574663,0.0,400.0,132.81252,10005.9518312496,132.19252915688273,133.43251084311729,0.6199908431172787,0.0,400.0,132.81252,10005.9518312496,132.19252915688273,133.43251084311729,0.6199908431172787,0.0,1.0,0.2020975,0.06380972549375,0.2005318325977182,0.20366316740228183,0.0015656674022818118,0.0204,0.0195327626389767,0.021295208747232494
T-spiral_traversal_swarm-W-20-HS-random-D-1-C-5-H-5-RUNS-100000.csv,spiral_traversal_swarm,20,random,1,5,5,100000,2.0,401.0,135.758,10225.800496,135.13123501066642,136.3847649893336,0.6267649893335943,0.0,1.0,0.98601,0.013794279900000001,0.9852820432316145,0.9867379567683856,0.0007279567683855515,0.0,0.9975,0.3319813,0.06396890220031,0.3304136809943334,0.3335489190056666,0.0015676190056665984,0.0,400.0,133.78541,10236.9160811319,133.15830445212728,134.41251554787274,0.6271055478727305,0.0,400.0,133.78541,10236.9160811319,133.15830445212728,134.41251554787274,0.6271055478727305,0.0,1.0,0.203212,0.057317683056000004,0.201728114521845,0.204695885478155,0.001483885478155006,0.01342,0.0127159736638902,0.014152453218883936
T-spiral_traversal_swarm-W-20-HS-random-D-10-C-5-H-1-RUNS-100000.csv,spiral_traversal_swarm,20,random,10,5,1,100000,1.0,401.0,167.65951,11235.264436559899,167.0025366987199,168.31648330128013,0.656973301280118,0.0,10.0,7.98401,8.1071743199,7.966362189691826,8.001657810308172,0.01764781030817275,0.0,0.9975,0.414362375,0.07000454099685938,0.41272246815906805,0.41600228184093196,0.0016399068409319595,0.0,378.4,111.587677,5175.975325443671,111.14176190931317,112.03359209068682,0.44591509068682456,0.0,3784.0,1115.87677,517597.53254436713,1111.4176190931319,1120.3359209068683,4.459150906868217,0.0,1.0,0.53983,0.24841357109999992,0.5367408163299381,0.542919183670062,0.0030891836700619457,0.53983,0.5367347552406547,0.5429229342396656
T-spiral_traversal_swarm-W-20-HS-random-D-10-C-5-H-2-RUNS-100000.csv,spiral_traversal_swarm,20,random,10,5,2,100000,2.0,401.0,210.42092,10654.3953063536,209.78115500401407,211.06068499598592,0.639764995985928,0.0,10.0,9.27767,2.0843093711,9.268721769515698,9.286618230484303,0.008948230484302044,0.0,0.9975,0.520246975,0.06672300131584938,0.5186459656875505,0.5218479843124494,0.0016010093124494418,0.0,383.6,127.06181899999999,5173.431818711239,126.61601348551233,127.50762451448765,0.4458055144876596,0.0,3836.0,1270.61819,517343.1818711239,1266.1601348551233,1275.0762451448766,4.458055144876653,0.0,1.0,0.53929,0.14706129589999997,0.5369131308947916,0.5416668691052084,0.0023768691052084012,0.3365,0.3335711691993506,0.339438316471582
T-spiral_traversal_swarm-W-20-HS-random-D-10-C-5-H-3-RUNS-100000.csv,spiral_traversal_swarm,20,random,10,5,3,100000,2.0,401.0,227.47466,10971.548597884399,226.82544277061038,228.12387722938962,0.6492172293896203,1.0,10.0,9.64552,0.6644439296,9.640467745255876,9.650572254744123,0.00505225474412363,0.0,0.9975,0.5623540250000001,0.06883740612879938,0.560727846106445,0.5639802038935552,0.001626178893555097,0.0,387.0,131.27705100000003,5236.956907443399,130.82851679109692,131.72558520890314,0.44853420890311213,0.0,3870.0,1312.77051,523695.6907443399,1308.285167910969,1317.2558520890311,4.4853420890310645,0.0,1.0,0.53951,0.11317895990000001,0.5374248422305451,0.541595157769455,0.0020851577694549484,0.23057,0.22796228040881802,0.2331933552295988
T-spiral_traversal_swarm-W-20-HS-random-D-10-C-5-H-4-RUNS-100000.csv,spiral_traversal_swarm,20,random,10,5,4,100000,2.0,401.0,235.60407,11526.1007894351,234.93864781226733,236.26949218773268,0.6654221877326734,4.0,10.0,9.7912,0.26362255999999995,9.788017654282614,9.794382345717386,0.0031823457173860703,0.0,0.9975,0.5823647,0.07234568744391,0.5806975971450911,0.5840318028549089,0.0016671028549088973,0.0,388.5,132.61799,5267.9138739599,132.16813204532758,133.0678479546724,0.4498579546724102,0.0,3885.0,1326.1799,526791.38739599,1321.681320453276,1330.6784795467242,4.498579546724159,0.0,1.0,0.53929,0.0960700459,0.5373688995644958,0.5412111004355042,0.0019211004355041972,0.16743,0.1651206066348891,0.16975869941811148
T-spiral_traversal_swarm-W-20-HS-random-D-10-C-5-H-5-RUNS-100000.csv,spiral_traversal_swarm,20,random,10,5,5,100000,2.0,401.0,240.74266,11901.468156124398,240.06648931098303,241.41883068901697,0.6761706890169705,5.0,10.0,9.85961,0.1411206479,9.857281633446012,9.861938366553987,0.002328366553987493,0.0,0.9975,0.5950097750000001,0.07468417621694937,0.5933159428614603,0.5967036071385399,0.001693832138539797,0.0,387.4,133.384005,5277.947259259975,132.93371884441476,133.83429115558525,0.4502861555852462,0.0,3874.0,1333.84005,527794.7259259975,1329.3371884441476,1338.3429115558524,4.502861555852405,0.0,1.0,0.54106,0.0851652764,0.5392512133187735,0.5428687866812265,0.0018087866812265263,0.12684,0.12478320469841093,0.1289184651800815
T-spiral_traversal_swarm-W-20-HS-random-D-5-C-5-H-1-RUNS-100000.csv,spiral_traversal_swarm,20,random,5,5,1,100000,1.0,401.0,151.71967,10397.7273650911,151.08765805829532,152.3516819417047,0.6320119417046897,0.0,5.0,3.98109,2.2808924118999996,3.9717292968802793,3.9904507031197207,0.009360703119720704,0.0,0.9975,0.37394942500000006,0.06484119772966938,0.3723711539675145,0.3755276960324856,0.0015782710324855342,0.0,395.2,111.179056,5432.380014948864,110.72222965372139,111.63588234627862,0.45682634627861773,0.0,1976.0,555.89528,135809.5003737216,553.6111482686068,558.1794117313931,2.2841317313931313,0.0,1.0,0.42668,0.24462417760000005,0.42361446865834296,0.42974553134165705,0.003065531341657046,0.42668,0.42361168846335684,0.4297525648657524
T-spiral_traversal_swarm-W-20-HS-random-D-5-C-5-H-2-RUNS-100000.csv,spiral_traversal_swarm,20,random,5,5,2,100000,2.0,401.0,186.45715,10882.166383877498,185.81058267651156,187.10371732348847,0.6465673234884548,0.0,5.0,4.64426,0.6332690524,4.639327691826639,4.649192308173361,0.0049323081733607665,0.0,0.9975,0.45977854999999995,0.0681826503348975,0.45816012338897755,0.46139697661102236,0.0016184266110224055,0.0,393.2,127.35255599999999,5573.319809866864,126.88984155910167,127.81527044089832,0.46271444089832414,0.0,1966.0,636.76278,139332.9952466716,634.4492077955084,639.0763522044916,2.3135722044916065,0.0,1.0,0.423485,0.14471295477499999,0.42112718472508204,0.42584281527491796,0.0023578152749179626,0.22462,0.2220364128494535,0.22721956845550834
T-spiral_traversal_swarm-W-20-HS-random-D-5-C-5-H-3-RUNS-100000.csv,spiral_traversal_swarm,20,random,5,5,3,100000,2.0,401.0,198.92775,11589.1684699375,198.26050979142357,199.59499020857643,0.6672402085764304,0.0,5.0,4.82574,0.2362134524,4.82272762950695,4.828752370493049,0.0030123704930495876,0.0,0.9975,0.49052162500000007,0.07266825984485938,0.4888508096690313,0.4921924403309688,0.0016708153309687446,0.0,394.2,131.82617,5727.6984491311005,131.35709083437672,132.29524916562326,0.46907916562327046,0.0,1971.0,659.13085,143192.4612282775,656.7854541718837,661.4762458281164,2.3453958281163523,0.0,1.0,0.4268233333333333,0.11180517545555553,0.4247508691912308,0.42889579747543577,0.0020724641421024925,0.13774,0.1356095476390989,0.13989148695200873
T-spiral_traversal_swarm-W-20-HS-random-D-5-C-5-H-4-RUNS-100000.csv,spiral_traversal_swarm,20,random,5,5,4,100000,2.0,401.0,203.21362,12271.1589464956,202.52702780510657,203.9002121948934,0.6865921948934215,0.0,5.0,4.89591,0.1140952719,4.893816418388189,4.89800358161181,0.002093581611810613,0.0,0.9975,0.5010142,0.07693016377336,0.49929508709750714,0.5027333129024928,0.0017191129024928253,0.0,400.0,132.0927,5766.59909871,131.62203061393794,132.56336938606208,0.4706693860620703,0.0,2000.0,660.4635,144164.97746775002,658.1101530696897,662.8168469303102,2.3533469303102947,0.0,1.0,0.42583,0.0959725611,0.4239098745074299,0.4277501254925701,0.0019201254925700906,0.09313,0.09133560384587029,0.09494803458136254
T-spiral_traversal_swarm-W-20-HS-random-D-5-C-5-H-5-RUNS-100000.csv,spiral_traversal_swarm,20,random,5,5,5,100000,2.0,401.0,205.79635,12654.758356677501,205.09910886737075,206.49359113262923,0.6972411326292445,2.0,5.0,4.93106,0.0685872764,4.929436778262165,4.932683221737836,0.0016232217378355784,0.0,0.9975,0.5073289999999999,0.079296413634,0.5055836487384586,0.5090743512615412,0.0017453512615412947,0.0,398.2,133.005822,5788.158924904315,132.5342735790938,133.4773704209062,0.47154842090620264,0.0,1991.0,665.02911,144703.9731226079,662.671367895469,667.3868521045309,2.3577421045309848,0.0,1.0,0.424712,0.08489731705600001,0.42290606109405016,0.4265179389059498,0.001805938905949822,0.06441,0.06289616500486486,0.06594915902516674
T-spiral_traversal_swarm-W-20-HS-weighted-D-1-C-5-H-1-RUNS-100000.csv,spiral_traversal_swarm,20,weighted,1,5,1,100000,1.0,401.0,125.96773,9005.9695486471,125.37953502706941,126.5559249729306,0.5881949729305944,0.0,1.0,0.91967,0.07387709110000001,0.9179853450407583,0.9213546549592416,0.0016846549592416382,0.0,0.9975,0.307838575,0.05629263317946938,0.30636801803196967,0.30930913196803034,0.0014705569680303343,0.0,400.0,124.12817,9008.6127424511,123.53988871769195,124.71645128230804,0.5882812823080457,0.0,400.0,124.12817,9008.6127424511,123.53988871769195,124.71645128230804,0.5882812823080457,0.0,1.0,0.08011,0.0736923879,0.07842745229679322,0.08179254770320678,0.001682547703206777,0.08011,0.07843467817906706,0.08180972298441529
T-spiral_traversal_swarm-W-20-HS-weighted-D-1-C-5-H-2-RUNS-100000.csv,spiral_traversal_swarm,20,weighted,1,5,2,100000,2.0,401.0,133.36522,9716.1440743516,132.754273692408,133.976166307592,0.6109463075920019,0.0,1.0,0.97414,0.025191260400000002,0.9731562584386505,0.9751237415613495,0.0009837415613495049,0.0,0.9975,0.32606022500000004,0.060777975485449366,0.3245322044810773,0.3275882455189228,0.001528020518922757,0.0,400.0,131.4165,9726.45970775,130.80522945749618,132.02777054250384,0.6112705425038314,0.0,400.0,131.4165,9726.45970775,130.80522945749618,132.02777054250384,0.6112705425038314,0.0,1.0,0.114315,0.056799580775,0.1128378362666744,0.1157921637333256,0.0014771637333255982,0.02542,0.02445324421962986,0.026414413322861
T-spiral_traversal_swarm-W-20-HS-weighted-D-1-C-5-H-3-RUNS-100000.csv,spiral_traversal_swarm,20,weighted,1,5,3,100000,2.0,401.0,134.92771,9988.891284155901,134.30824793693873,135.54717206306125,0.6194620630612633,0.0,1.0,0.98269,0.017010363900000006,0.9818816250006448,0.9834983749993551,0.0008083749993551548,0.0,0.9975,0.329924325,0.06248552433579437,0.32837498839910145,0.3314736616008986,0.0015493366008985654,0.0,400.0,132.96197,9999.735543719102,132.34217177424625,133.58176822575376,0.6197982257537547,0.0,400.0,132.96197,9999.735543719102,132.34217177424625,133.58176822575376,0.6197982257537547,0.0,1.0,0.14777666666666667,0.05477205678888888,0.1463261070044666,0.14922722632886673,0.0014505596622000627,0.01695,0.016158976760901965,0.017769215848494176
T-spiral_traversal_swarm-W-20-HS-weighted-D-1-C-5-H-4-RUNS-100000.csv,spiral_traversal_swarm,20,weighted,1,5,4,100000,2.0,401.0,134.23957,10076.326116215101,133.61740270410561,134.86173729589436,0.6221672958943714,0.0,1.0,0.98525,0.014532437500000005,0.9845028198885141,0.9859971801114858,0.00074718011148589,0.0,0.9975,0.32818972500000004,0.06303233346692437,0.3266336240641783,0.3297458259358218,0.0015561009358217581,0.0,400.0,132.26849,10087.1195231199,131.64598957140564,132.8909904285944,0.6225004285943783,0.0,400.0,132.26849,10087.1195231199,131.64598957140564,132.8909904285944,0.6225004285943783,0.0,1.0,0.1760325,0.05561193394374999,0.17457086117512463,0.17749413882487539,0.0014616388248753776,0.01417,0.013446572251382667,0.014921803946874418
T-spiral_traversal_swarm-W-20-HS-weighted-D-1-C-5-H-5-RUNS-100000.csv,spiral_traversal_swarm,20,weighted,1,5,5,100000,2.0,401.0,136.26145,10195.7012738975,135.6356081189006,136.8872918810994,0.6258418810994044,0.0,1.0,0.98561,0.014182927900000005,0.9848718595267794,0.9863481404732206,0.0007381404732206276,0.0,0.9975,0.33324345,0.06378125140709749,0.3316781319639271,0.3348087680360729,0.0015653180360729047,0.0,400.0,134.28974,10207.0408707324,133.6635501868522,134.91592981314778,0.6261898131477892,0.0,400.0,134.28974,10207.0408707324,133.6635501868522,134.91592981314778,0.6261898131477892,0.0,1.0,0.20445600000000003,0.057792944064000006,0.20296597525552004,0.20594602474448,0.0014900247444799841,0.0139,0.01318349369680795,0.014644900681147403
T-spiral_traversal_swarm-W-20-HS-weighted-D-10-C-5-H-1-RUNS-100000.csv,spiral_traversal_swarm,20,weighted,10,5,1,100000,1.0,401.0,186.58088,12479.265958425598,185.88849031127054,187.27326968872947,0.6923896887294632,0.0,10.0,9.19184,1.9270174144,9.18323602992848,9.200443970071518,0.00860397007151903,0.0,0.9975,0.46103655000000004,0.0776338600640975,0.4593095924532658,0.4627635075467343,0.0017269575467342424,0.0,379.7,124.12891699999999,5604.734099907109,123.6649003352324,124.59293366476757,0.4640166647675841,0.0,3797.0,1241.28917,560473.409990711,1236.6490033523241,1245.9293366476759,4.640166647675869,0.0,1.0,0.41427,0.24265036710000001,0.41121686120483963,0.4173231387951604,0.0030531387951603928,0.41427,0.41121444044579447,0.4173305328371851
T-spiral_traversal_swarm-W-20-HS-weighted-D-10-C-5-H-2-RUNS-100000.csv,spiral_traversal_swarm,20,weighted,10,5,2,100000,2.0,401.0,224.01194,11364.7502974364,223.35119175185528,224.67268824814474,0.6607482481447278,0.0,10.0,9.74262,0.3377155356,9.739018100498958,9.746221899501043,0.0036018995010422827,0.0,0.9975,0.55356345,0.07112112132409751,0.5519105165479861,0.5552163834520139,0.0016529334520138939,0.0,388.6,131.177756,5355.907181404464,130.72415647367657,131.6313555263234,0.4535995263234156,0.0,3886.0,1311.77756,535590.7181404465,1307.2415647367657,1316.3135552632343,4.535995263234327,0.0,1.0,0.466565,0.117414600775,0.4644411828460594,0.4686888171539406,0.0021238171539406103,0.20363,0.20113772648237221,0.20613947454486
T-spiral_traversal_swarm-W-20-HS-weighted-D-10-C-5-H-3-RUNS-100000.csv,spiral_traversal_swarm,20,weighted,10,5,3,100000,2.0,401.0,234.36491,11464.085570691901,233.70128035081026,235.02853964918975,0.663629649189744,3.0,10.0,9.82976,0.18159834240000003,9.827118734787714,9.832401265212287,0.00264126521228647,0.0,0.9975,0.57917675,0.0718680748844375,0.5775151592065852,0.5808383407934148,0.001661590793414769,0.0,380.3,132.614522,5311.625873111516,132.16280148957185,133.06624251042814,0.45172051042814587,0.0,3803.0,1326.14522,531162.5873111516,1321.6280148957187,1330.6624251042815,4.517205104281402,0.0,1.0,0.50052,0.09381528515555558,0.4986215774984119,0.502418422501588,0.001898422501588004,0.14957,0.14736469038803315,0.15179565517613655
T-spiral_traversal_swarm-W-20-HS-weighted-D-10-C-5-H-4-RUNS-100000.csv,spiral_traversal_swarm,20,weighted,10,5,4,100000,2.0,401.0,238.45321,11727.616450695901,237.78199608955867,239.12442391044135,0.6712139104413382,5.0,10.0,9.85495,0.14809049750000003,9.85256482819236,9.857335171807641,0.0023851718076404183,0.0,0.9975,0.58930385,0.0735623217501775,0.5876227877904566,0.5909849122095433,0.001681062209543338,0.0,392.2,133.077438,5273.425635556156,132.6273447660856,133.5275312339144,0.4500932339144015,0.0,3922.0,1330.77438,527342.5635556156,1326.273447660856,1335.2753123391442,4.5009323391441285,0.0,1.0,0.52312,0.08661546559999998,0.5212958783685046,0.5249441216314955,0.001824121631495479,0.13072,0.12863643990179868,0.13282500378512516
T-spiral_traversal_swarm-W-20-HS-weighted-D-10-C-5-H-5-RUNS-100000.csv,spiral_traversal_swarm,20,weighted,10,5,5,100000,2.0,401.0,240.92188,11925.551657265598,240.2450255160335,241.59873448396647,0.6768544839664798,3.0,10.0,9.86112,0.14133234560000002,9.858789887687562,9.863450112312437,0.0023301123124372936,0.0,0.9975,0.5954484750000001,0.07483031643267438,0.5937529864461969,0.5971439635538033,0.0016954885538031927,0.0,379.5,133.63616599999997,5294.677118420444,133.18516675811455,134.0871652418854,0.4509992418854267,0.0,3795.0,1336.36166,529467.7118420445,1331.8516675811456,1340.8716524188544,4.509992418854381,0.0,1.0,0.540146,0.08533549868400002,0.5383354065841707,0.5419565934158294,0.0018105934158293424,0.12523,0.1231844951164641,0.12729726863829385
T-spiral_traversal_swarm-W-20-HS-weighted-D-5-C-5-H-1-RUNS-100000.csv,spiral_traversal_swarm,20,weighted,5,5,1,100000,1.0,401.0,171.68123,11743.0203156871,171.00957542475507,172.35288457524493,0.6716545752449292,0.0,5.0,4.59716,0.6340599344000001,4.5922246128378905,4.602095387162109,0.004935387162109173,0.0,0.9975,0.423073575,0.07319899669921938,0.4213966693207213,0.4247504806792787,0.0016769056792786952,0.0,393.6,123.75772199999999,5986.324353770716,123.27816946234175,124.23727453765822,0.47955253765823613,0.0,1968.0,618.78861,149658.1088442679,616.3908473117087,621.1863726882912,2.397762688291209,0.0,1.0,0.27144,0.19776032640000005,0.26868370525905116,0.27419629474094886,0.0027562947409488503,0.27144,0.2686854157286973,0.2742078463562512
T-spiral_traversal_swarm-W-20-HS-weighted-D-5-C-5-H-2-RUNS-100000.csv,spiral_traversal_swarm,20,weighted,5,5,2,100000,2.0,401.0,196.71136,11901.0388869504,196.03520150535465,197.38751849464538,0.6761584946453638,0.0,5.0,4.87344,0.1425625664,4.8710997684835,4.875780231516501,0.002340231516500424,0.0,0.9975,0.484852325,0.07449150387959437,0.4831606791703304,0.48654397082966955,0.0016916458296695747,0.0,395.8,131.30333399999998,5884.485677684443,130.82787800645912,131.77878999354084,0.4754559935408622,0.0,1979.0,656.51667,147112.1419421111,654.1393900322956,658.8939499677043,2.3772799677043395,0.0,1.0,0.330995,0.11183480997499999,0.32892226121761575,0.3330677387823842,0.0020727387823842314,0.11179,0.10984325531101206,0.11375929258723776
T-spiral_traversal_swarm-W-20-HS-weighted-D-5-C-5-H-3-RUNS-100000.csv,spiral_traversal_swarm,20,weighted,5,5,3,100000,2.0,401.0,203.34064,12223.129804390403,202.65539277850584,204.02588722149417,0.6852472214941656,1.0,5.0,4.91596,0.0861172784,4.914141131844522,4.917778868155478,0.0018188681554782704,0.0,0.9975,0.5012564500000001,0.0765623139583975,0.4995414520836673,0.5029714479163329,0.0017149979163327833,0.0,396.0,132.79032600000002,5809.0982756137255,132.317925407964,133.26272659203605,0.47240059203602414,0.0,1980.0,663.95163,145227.4568903431,661.5896270398199,666.3136329601801,2.3620029601801207,0.0,1.0,0.37552666666666673,0.0913286115111111,0.3736535729851305,0.37739976034820294,0.0018730936815362087,0.07772,0.0760678840150896,0.0793966573790217
T-spiral_traversal_swarm-W-20-HS-weighted-D-5-C-5-H-4-RUNS-100000.csv,spiral_traversal_swarm,20,weighted,5,5,4,100000,2.0,401.0,205.26737,12508.3413432831,204.57417418275674,205.96056581724326,0.6931958172432644,2.0,5.0,4.92841,0.07198487190000001,4.926747059580469,4.930072940419532,0.0016629404195311892,0.0,0.9975,0.50601785,0.0783627304813775,0.5042828045671157,0.5077528954328843,0.0017350454328842746,0.0,392.0,133.163408,5839.8011178255365,132.68976066311063,133.63705533688938,0.4736473368893712,0.0,1960.0,665.81704,145995.0279456384,663.4488033155532,668.1852766844469,2.368236684446856,0.0,1.0,0.40453,0.08562797909999999,0.40271630640815337,0.40634369359184663,0.0018136935918466324,0.06646,0.06492377700006452,0.06802142627123631
T-spiral_traversal_swarm-W-20-HS-weighted-D-5-C-5-H-5-RUNS-100000.csv,spiral_traversal_swarm,20,weighted,5,5,5,100000,2.0,401.0,206.12503,12686.6523974991,205.4269107848925,206.82314921510752,0.6981192151075106,1.0,5.0,4.92999,0.0698885999,4.928351451723702,4.931628548276298,0.0016385482762979464,0.0,0.9975,0.5081568,0.07949661023876,0.5064092469167054,0.5099043530832945,0.0017475530832945507,0.0,396.2,133.027016,5826.4695901357445,132.5539096105117,133.5001223894883,0.47310638948829364,0.0,1981.0,665.13508,145661.7397533936,662.7695480525585,667.5006119474415,2.365531947441468,0.0,1.0,0.4252060000000001,0.085260257564,0.4233962049689044,0.42701579503109577,0.0018097950310956845,0.06525,0.0637269392393986,0.06679833529800797
T-together_traverse_best_permutation-W-20-HS-greedy-D-1-C-5-H-1-RUNS-100000.csv,together_traverse_best_permutation,20,greedy,1,5,1,100000,1.0,71.0,19.41074,119.26661265239998,19.343051402794455,19.478428597205546,0.06768859720554588,0.0,1.0,0.95015,0.047364977500000016,0.9488010845187189,0.9514989154812812,0.0013489154812811321,0.0,0.17,0.043429499999999996,0.0007272406547500001,0.04326235432403775,0.04359664567596224,0.000167145675962245,0.0,69.0,17.51044,119.6536910064,17.442641650509014,17.578238349490984,0.06779834949098529,0.0,69.0,17.51044,119.6536910064,17.442641650509014,17.578238349490984,0.06779834949098529,0.0,1.0,0.04985,0.047364977500000016,0.04850108451871883,0.051198915481281165,0.0013489154812811668,0.04985,0.048509180820417885,0.05121700417437038
T-together_traverse_best_permutation-W-20-HS-greedy-D-1-C-5-H-2-RUNS-100000.csv,together_traverse_best_permutation,20,greedy,1,5,2,100000,2.0,69.0,20.0482,128.15975676,19.978033161566934,20.11836683843307,0.07016683843306737,0.0,1.0,0.98136,0.0182925504,0.9805217120923176,0.9821982879076824,0.0008382879076823668,0.0,0.1675,0.0448385,0.00078580354275,0.04466475470107573,0.045012245298924274,0.0001737452989242702,0.0,67.0,18.08548,129.26461316959998,18.0150113588926,18.1559486411074,0.07046864110740003,0.0,67.0,18.08548,129.26461316959998,18.0150113588926,18.1559486411074,0.07046864110740003,0.0,1.0,0.090355,0.046333473975,0.08902085355518084,0.09168914644481917,0.001334146444819162,0.01864,0.01781071063111678,0.019497372879537483
T-together_traverse_best_permutation-W-20-HS-greedy-D-1-C-5-H-3-RUNS-100000.csv,together_traverse_best_permutation,20,greedy,1,5,3,100000,2.0,77.0,20.12944,130.49024528639998,20.0586380702034,20.200241929796597,0.07080192979659827,0.0,1.0,0.98611,0.013697067900000002,0.9853846128203184,0.9868353871796817,0.0007253871796816247,0.0,0.1875,0.045023274999999995,0.000800321770774375,0.04484793201854345,0.04519861798145654,0.00017534298145654298,0.0,75.0,18.15722,131.6556818716,18.086102599353044,18.228337400646954,0.07111740064695482,0.0,75.0,18.15722,131.6556818716,18.086102599353044,18.228337400646954,0.07111740064695482,0.0,1.0,0.13509999999999997,0.05013465666666666,0.13371220571751186,0.13648779428248808,0.001387794282488114,0.01389,0.013173751386684213,0.0146346436663586
T-together_traverse_best_permutation-W-20-HS-greedy-D-1-C-5-H-4-RUNS-100000.csv,together_traverse_best_permutation,20,greedy,1,5,4,100000,2.0,74.0,20.2159,134.01310719,20.14414871063311,20.28765128936689,0.07175128936689035,0.0,1.0,0.98614,0.013667900399999999,0.9854153855771748,0.9868646144228252,0.0007246144228252316,0.0,0.18,0.0452237,0.0008227848333099999,0.04504591332401882,0.04540148667598118,0.00017778667598117998,0.0,72.0,18.24362,135.3748492956,18.171505090234128,18.315734909765872,0.07211490976587243,0.0,72.0,18.24362,135.3748492956,18.171505090234128,18.315734909765872,0.07211490976587243,0.0,1.0,0.1730575,0.055080476693750005,0.17160286204068947,0.17451213795931053,0.0014546379593105285,0.01386,0.01314452503570024,0.014603872042053987
T-together_traverse_best_permutation-W-20-HS-greedy-D-1-C-5-H-5-RUNS-100000.csv,together_traverse_best_permutation,20,greedy,1,5,5,100000,2.0,72.0,20.24458,133.5812206236,20.172944421050175,20.316215578949823,0.07163557894982375,0.0,1.0,0.98646,0.013356668399999997,0.9857436831893258,0.9871763168106742,0.0007163168106741891,0.0,0.1725,0.04528792499999999,0.000820044286694375,0.04511043465852291,0.04546541534147708,0.0001774903414770851,0.0,70.0,18.27166,134.99484084440002,18.19964637763674,18.343673622363262,0.07201362236326148,0.0,70.0,18.27166,134.99484084440002,18.19964637763674,18.343673622363262,0.07201362236326148,0.0,1.0,0.20247,0.0572230991,0.20098733935945357,0.20395266064054646,0.001482660640546446,0.01354,0.012832832172628643,0.014275586560777537
T-together_traverse_best_permutation-W-20-HS-greedy-D-10-C-5-H-1-RUNS-100000.csv,together_traverse_best_permutation,20,greedy,10,5,1,100000,1.0,75.0,27.38806,185.82158943640002,27.3035702244068,27.472549775593198,0.08448977559319815,4.0,10.0,9.50494,0.5768355963999999,9.500232589217914,9.509647410782085,0.004707410782085475,0.0,0.1825,0.06453320000000001,0.0010797974727599997,0.06432952992435426,0.06473687007564577,0.00020367007564575657,0.0,55.5,17.50626,65.1466850124,17.456233256637713,17.55628674336229,0.05002674336228807,0.0,555.0,175.0626,6514.668501239999,174.5623325663771,175.5628674336229,0.5002674336228949,0.0,1.0,0.36358,0.23138958359999998,0.3605985469576769,0.3665614530423231,0.0029814530423231123,0.36358,0.3605975935526203,0.3665703207196601
T-together_traverse_best_permutation-W-20-HS-greedy-D-10-C-5-H-2-RUNS-100000.csv,together_traverse_best_permutation,20,greedy,10,5,2,100000,2.0,72.0,31.94113,161.6710443231,31.862321657556347,32.01993834244365,0.07880834244365076,6.0,10.0,9.81476,0.1851461424,9.812093059017068,9.817426940982932,0.0026669409829320756,0.0,0.175,0.07477,0.000995064225,0.07457448430429349,0.07496551569570652,0.0001955156957065135,0.0,51.0,18.109874,62.320843104123995,18.060944279903847,18.158803720096156,0.04892972009615448,0.0,510.0,181.09874,6232.0843104124,180.60944279903845,181.58803720096154,0.48929720096154483,0.0,1.0,0.45065,0.10678957750000001,0.4486245547627151,0.45267544523728487,0.002025445237284873,0.1691,0.16678137990074543,0.1714378289903155
T-together_traverse_best_permutation-W-20-HS-greedy-D-10-C-5-H-3-RUNS-100000.csv,together_traverse_best_permutation,20,greedy,10,5,3,100000,2.0,74.0,32.92448,166.98249672959997,32.84438755594712,33.00457244405288,0.0800924440528803,7.0,10.0,9.85586,0.1430836604,9.853515495383258,9.858204504616742,0.0023445046167420713,0.0,0.1775,0.07699335,0.0010410414307775,0.07679336838183286,0.07719333161816715,0.00019998161816714433,0.0,56.2,18.187963999999997,62.586260734704005,18.1389301974513,18.236997802548693,0.049033802548695604,0.0,562.0,181.87964,6258.626073470399,181.38930197451305,182.36997802548694,0.49033802548694894,0.0,1.0,0.49461,0.08872650345555556,0.49276378296055184,0.49645621703944814,0.0018462170394481503,0.13471,0.13259955135006024,0.13684165979443627
T-together_traverse_best_permutation-W-20-HS-greedy-D-10-C-5-H-4-RUNS-100000.csv,together_traverse_best_permutation,20,greedy,10,5,4,100000,2.0,73.0,33.47421,169.5752348759,33.39349815314347,33.55492184685653,0.08071184685653066,7.0,10.0,9.86235,0.1350024775,9.860072664896059,9.86462733510394,0.002277335103940459,0.0,0.1775,0.0783427,0.00106679173171,0.07814026020360272,0.07854513979639728,0.00020243979639728016,0.0,51.1,18.285381,62.076083184839,18.23654745812939,18.33421454187061,0.04883354187061073,0.0,511.0,182.85381,6207.608318483901,182.36547458129388,183.34214541870614,0.4883354187061286,0.0,1.0,0.5234675,0.08567240144374999,0.5216533360124115,0.5252816639875885,0.0018141639875884907,0.12979,0.12771279880130848,0.1318886990960749
T-together_traverse_best_permutation-W-20-HS-greedy-D-10-C-5-H-5-RUNS-100000.csv,together_traverse_best_permutation,20,greedy,10,5,5,100000,2.0,74.0,33.62801,173.2546934399,33.54642720583857,33.70959279416144,0.08158279416143444,6.0,10.0,9.86615,0.1321941775,9.863896475754991,9.868403524245007,0.0022535242450079096,0.0,0.1825,0.078676575,0.0010927843587693752,0.0784716837997827,0.0788814662002173,0.00020489120021729978,0.0,55.2,18.288717000000002,61.895059393911,18.23995471332601,18.337479286673993,0.048762286673991184,0.0,552.0,182.88717,6189.505939391101,182.39954713326009,183.3747928667399,0.48762286673991184,0.0,1.0,0.539612,0.085415689456,0.5378005560659679,0.5414234439340321,0.0018114439340320976,0.12612,0.12406824025311522,0.12819347160591846
T-together_traverse_best_permutation-W-20-HS-greedy-D-5-C-5-H-1-RUNS-100000.csv,together_traverse_best_permutation,20,greedy,5,5,1,100000,1.0,74.0,25.66447,168.04000961910003,25.58412434044376,25.74481565955624,0.08034565955624018,1.0,5.0,4.75141,0.2585530119,4.748258401595198,4.754561598404802,0.0031515984048020584,0.0,0.185,0.05956934999999999,0.0009983126655775,0.059373515428586196,0.05976518457141379,0.00019583457141379712,0.0,61.2,17.4964,71.28418544,17.44406976717171,17.54873023282829,0.052330232828289525,0.0,306.0,87.482,1782.1046360000003,87.22034883585854,87.74365116414145,0.26165116414145473,0.0,1.0,0.21554,0.1690825084,0.2129913780894973,0.2180886219105027,0.002548621910502702,0.21554,0.21299470243623006,0.21810180644321792
T-together_traverse_best_permutation-W-20-HS-greedy-D-5-C-5-H-2-RUNS-100000.csv,together_traverse_best_permutation,20,greedy,5,5,2,100000,2.0,77.0,28.39758,165.6657301436,28.317803971713325,28.47735602828668,0.07977602828667685,2.0,5.0,4.90857,0.09037055509999999,4.906706756793995,4.910433243206005,0.0018632432060048387,0.0,0.185,0.065648675,0.001019290033244375,0.06545079360644034,0.06584655639355967,0.00019788139355966794,0.0,57.0,18.082762,69.690470051356,18.031020052824687,18.13450394717531,0.05174194717531222,0.0,285.0,90.41381,1742.2617512839001,90.15510026412343,90.67251973587656,0.25870973587656465,0.0,1.0,0.310485,0.102766564775,0.3084980726353497,0.31247192736465035,0.001986927364650337,0.08785,0.08610247612104828,0.08962147139808671
T-together_traverse_best_permutation-W-20-HS-greedy-D-5-C-5-H-3-RUNS-100000.csv,together_traverse_best_permutation,20,greedy,5,5,3,100000,2.0,74.0,28.93016,172.6079023744,28.84872962988163,29.011590370118373,0.08143037011837251,2.0,5.0,4.92705,0.0716882975,4.925390488735573,4.928709511264428,0.0016595112644273158,0.0,0.185,0.066875725,0.001068851718224375,0.0666730898411373,0.06707836015886269,0.00020263515886269345,0.0,58.6,18.170316,69.644830860144,18.11859099809257,18.222041001907428,0.051725001907428236,0.0,293.0,90.85158,1741.1207715035998,90.59295499046287,91.11020500953713,0.25862500953712697,0.0,1.0,0.3691233333333333,0.0874179647888889,0.36729078086878286,0.37095588579788374,0.001832552464550441,0.07095,0.06936619025005099,0.07255874882877976
T-together_traverse_best_permutation-W-20-HS-greedy-D-5-C-5-H-4-RUNS-100000.csv,together_traverse_best_permutation,20,greedy,5,5,4,100000,2.0,73.0,29.15619,176.88743468390004,29.073756343701028,29.23862365629897,0.0824336562989707,3.0,5.0,4.93231,0.06664806390000001,4.930709889996662,4.933910110003338,0.001600110003337818,0.0,0.175,0.0674086,0.0010982663960400001,0.06720319551643093,0.06761400448356907,0.00020540448356906604,0.0,58.4,18.231612,70.147823081456,18.179700548744066,18.28352345125593,0.05191145125593266,0.0,292.0,91.15806,1753.6955770364002,90.89850274372034,91.41761725627967,0.2595572562796633,0.0,1.0,0.4029375,0.08503449609375001,0.40113010264414894,0.40474489735585106,0.0018073973558510592,0.06592,0.0643896326943756,0.06747560237783903
T-together_traverse_best_permutation-W-20-HS-greedy-D-5-C-5-H-5-RUNS-100000.csv,together_traverse_best_permutation,20,greedy,5,5,5,100000,2.0,74.0,29.31133,178.82250363109998,29.228446676589968,29.394213323410035,0.08288332341003368,2.0,5.0,4.93175,0.0675719375,4.930138837825978,4.933361162174022,0.0016111621740222404,0.0,0.18,0.06778487500000001,0.0011135681587343751,0.06757804455159858,0.06799170544840144,0.00020683044840143217,0.0,57.0,18.254628,69.644629381616,18.20290307291137,18.306352927088632,0.051724927088631745,0.0,285.0,91.27314,1741.1157345404,91.01451536455684,91.53176463544315,0.25862463544315517,0.0,1.0,0.42668200000000006,0.08481967087600002,0.4248768871291877,0.4284871128708124,0.0018051128708123643,0.06627,0.06473583398562953,0.06782938047382624
T-together_traverse_best_permutation-W-20-HS-random-D-1-C-5-H-1-RUNS-100000.csv,together_traverse_best_permutation,20,random,1,5,1,100000,1.0,68.0,17.18463,91.95294176309999,17.125195462811835,17.244064537188162,0.059434537188163716,0.0,1.0,0.79697,0.16180881910000003,0.794476799728352,0.799463200271648,0.0024932002716480106,0.0,0.17,0.038717125,0.000562361044234375,0.03857014315800818,0.03886410684199182,0.0001469818419918209,0.0,68.0,15.59069,92.37427532389998,15.531119452236505,15.650260547763496,0.059570547763495796,0.0,68.0,15.59069,92.37427532389998,15.531119452236505,15.650260547763496,0.059570547763495796,0.0,1.0,0.20303,0.16180881910000003,0.200536799728352,0.20552320027164797,0.002493200271647983,0.20303,0.2005404849928115,0.20553675090780865
T-together_traverse_best_permutation-W-20-HS-random-D-1-C-5-H-2-RUNS-100000.csv,together_traverse_best_permutation,20,random,1,5,2,100000,2.0,69.0,19.34292,109.9698658736,19.277923058784275,19.407916941215724,0.06499694121572475,0.0,1.0,0.92805,0.06677319749999999,0.9264483885754778,0.9296516114245222,0.001601611424522198,0.0,0.165,0.0433683,0.00068444005511,0.04320614745096944,0.043530452549030554,0.00016215254903055587,0.0,67.0,17.48682,112.54690628760001,17.421065897831813,17.55257410216819,0.06575410216818867,0.0,67.0,17.48682,112.54690628760001,17.421065897831813,17.55257410216819,0.06575410216818867,0.0,1.0,0.20308,0.0962735136,0.20115686628170126,0.20500313371829876,0.0019231337182987474,0.07195,0.07035584915642805,0.073569031132686
T-together_traverse_best_permutation-W-20-HS-random-D-1-C-5-H-3-RUNS-100000.csv,together_traverse_best_permutation,20,random,1,5,3,100000,2.0,71.0,19.95933,123.0153759511,19.89058584619375,20.02807415380625,0.0687441538062501,0.0,1.0,0.96498,0.033793599599999995,0.9638406076521963,0.9661193923478036,0.0011393923478036916,0.0,0.1725,0.044697225,0.0007620751397993751,0.044526123046269094,0.04486832695373091,0.00017110195373090664,0.0,69.0,18.02937,125.28524740310002,17.959994513953145,18.098745486046855,0.06937548604685517,0.0,69.0,18.02937,125.28524740310002,17.959994513953145,18.098745486046855,0.06937548604685517,0.0,1.0,0.20391,0.07511960078888888,0.20221123733738172,0.2056087626626183,0.0016987626626182861,0.03502,0.03388913115818117,0.03617794072984544
T-together_traverse_best_permutation-W-20-HS-random-D-1-C-5-H-4-RUNS-100000.csv,together_traverse_best_permutation,20,random,1,5,4,100000,2.0,69.0,20.12973,129.7630601271,20.059125625363276,20.20033437463672,0.07060437463672287,0.0,1.0,0.97922,0.0203481916,0.9783358641911416,0.9801041358088584,0.0008841358088583773,0.0,0.165,0.0450466,0.00079967432844,0.044871327957159875,0.045221872042840124,0.00017527204284012443,0.0,67.0,18.17129,131.58854973590002,18.10019073329032,18.24238926670968,0.07109926670968036,0.0,67.0,18.17129,131.58854973590002,18.10019073329032,18.24238926670968,0.07109926670968036,0.0,1.0,0.203295,0.064043642975,0.2017264654646685,0.20486353453533152,0.0015685345353315117,0.02078,0.019904800198111774,0.021683147148373872
T-together_traverse_best_permutation-W-20-HS-random-D-1-C-5-H-5-RUNS-100000.csv,together_traverse_best_permutation,20,random,1,5,5,100000,2.0,69.0,20.23348,133.6573470896,20.16182401179389,20.30513598820611,0.07165598820611052,0.0,1.0,0.9861,0.013706790000000005,0.9853743554281605,0.9868256445718394,0.0007256445718394344,0.0,0.17,0.0452609,0.0008197074311900001,0.04508344611676102,0.04543835388323898,0.00017745388323898298,0.0,68.0,18.26128,135.1190727616,18.189233249211295,18.333326750788704,0.07204675078870437,0.0,68.0,18.26128,135.1190727616,18.189233249211295,18.333326750788704,0.07204675078870437,0.0,1.0,0.20276199999999997,0.05743197135599999,0.2012766358656504,0.20424736413434955,0.001485364134349576,0.0139,0.01318349369680795,0.014644900681147403
T-together_traverse_best_permutation-W-20-HS-random-D-10-C-5-H-1-RUNS-100000.csv,together_traverse_best_permutation,20,random,10,5,1,100000,1.0,71.0,23.88259,152.14178489190002,23.806139500927678,23.959040499072323,0.07645049907232249,0.0,10.0,7.98545,8.1155582975,7.967793066870016,8.003106933129985,0.01765693312998451,0.0,0.1775,0.0568358,0.00089817521336,0.05665004667164102,0.057021553328358975,0.00018575332835897573,0.0,54.6,15.605063000000001,56.593281866031,15.558435888614397,15.651690111385605,0.046627111385603826,0.0,546.0,156.05063,5659.3281866031,155.58435888614397,156.51690111385605,0.46627111385603826,0.0,1.0,0.54031,0.2483751039,0.5372210555214729,0.543398944478527,0.0030889444785270337,0.54031,0.5372149804993045,0.5434026811361203
T-together_traverse_best_permutation-W-20-HS-random-D-10-C-5-H-2-RUNS-100000.csv,together_traverse_best_permutation,20,random,10,5,2,100000,2.0,75.0,29.49921,143.2945393759,29.42501564020989,29.573404359790114,0.07419435979011269,0.0,10.0,9.27843,2.0823867351,9.269485897539965,9.287374102460035,0.008944102460034742,0.0,0.1825,0.069568675,0.000887399271244375,0.06938403933062887,0.06975331066937113,0.0001846356693711304,0.0,54.8,17.47805,57.91673179749999,17.430880845155624,17.525219154844375,0.04716915484437578,0.0,548.0,174.7805,5791.673179749999,174.30880845155622,175.25219154844376,0.47169154844377204,0.0,1.0,0.538945,0.146595786975,0.5365718957560968,0.5413181042439033,0.0023731042439032457,0.33517,0.332244073080957,0.33810548977295285
T-together_traverse_best_permutation-W-20-HS-random-D-10-C-5-H-3-RUNS-100000.csv,together_traverse_best_permutation,20,random,10,5,3,100000,2.0,74.0,31.90249,151.0996817999,31.826301776657907,31.978678223342094,0.07618822334209341,1.0,10.0,9.65067,0.6464985511,9.645686438187495,9.655653561812505,0.004983561812505144,0.0,0.18,0.074950925,0.000952712279144375,0.07475961531672283,0.07514223468327717,0.00019130968327717157,0.0,55.0,18.05007,59.976062395099994,18.002069579033407,18.098070420966597,0.04800042096659496,0.0,550.0,180.5007,5997.60623951,180.02069579033406,180.98070420966593,0.4800042096659354,0.0,1.0,0.5417533333333333,0.11292999248888891,0.539670470257792,0.5438361964088746,0.002082863075541286,0.23165,0.22903797937716616,0.234277593521917
T-together_traverse_best_permutation-W-20-HS-random-D-10-C-5-H-4-RUNS-100000.csv,together_traverse_best_permutation,20,random,10,5,4,100000,2.0,72.0,32.96955,163.4908627975,32.89029935340813,33.048800646591864,0.07925064659186631,4.0,10.0,9.8009,0.24583919,9.797826865065923,9.803973134934077,0.0030731349340769043,0.0,0.175,0.07723775,0.0010317397249375,0.07703866380441327,0.07743683619558672,0.00019908619558672846,0.0,56.6,18.181044,61.312058470064,18.13251190713161,18.22957609286839,0.04853209286838833,0.0,566.0,181.81044,6131.205847006399,181.3251190713161,182.2957609286839,0.48532092868390464,0.0,1.0,0.53967,0.09573629110000002,0.5377522394938633,0.5415877605061367,0.0019177605061366787,0.16567,0.16337042050257264,0.1679889879546847
T-together_traverse_best_permutation-W-20-HS-random-D-10-C-5-H-5-RUNS-100000.csv,together_traverse_best_permutation,20,random,10,5,5,100000,2.0,77.0,33.64883,173.2927696311,33.56723824160402,33.73042175839598,0.08159175839598021,7.0,10.0,9.86571,0.1324361959,9.863454413845206,9.867965586154794,0.0022555861547939315,0.0,0.18,0.07872950000000001,0.00109299295475,0.0785245892454026,0.07893441075459741,0.00020491075459740105,0.0,54.9,18.270491,61.64682151891899,18.221826595190418,18.31915540480958,0.048664404809581896,0.0,549.0,182.70491,6164.6821518919005,182.2182659519042,183.19155404809584,0.48664404809582607,0.0,1.0,0.540392,0.085074886336,0.5385841734503874,0.5421998265496125,0.0018078265496125345,0.12649,0.12443564980604932,0.12856604047985176
T-together_traverse_best_permutation-W-20-HS-random-D-5-C-5-H-1-RUNS-100000.csv,together_traverse_best_permutation,20,random,5,5,1,100000,1.0,73.0,21.9339,136.04587079,21.861606582787445,22.006193417212558,0.07229341721255622,0.0,5.0,3.98909,2.2539709719,3.979784703182783,3.998395296817217,0.009305296817216924,0.0,0.1775,0.051487250000000005,0.0008110875874375001,0.05131073161353843,0.051663768386461584,0.00017651838646157852,0.0,57.6,15.586078,60.177240977916,15.537997142172715,15.634158857827286,0.04808085782728533,0.0,288.0,77.93039,1504.4310244479,77.68998571086358,78.17079428913642,0.2404042891364213,0.0,1.0,0.42742,0.24473214359999998,0.4243537922398283,0.43048620776017177,0.0030662077601717463,0.42742,0.424350990609161,0.4304932197899015
T-together_traverse_best_permutation-W-20-HS-random-D-5-C-5-H-2-RUNS-100000.csv,together_traverse_best_permutation,20,random,5,5,2,100000,2.0,71.0,26.50533,142.20191159110001,26.4314190492844,26.5792409507156,0.07391095071560017,0.0,5.0,4.63892,0.6519612336,4.633915427815489,4.643924572184511,0.0050045721845108915,0.0,0.175,0.061712325,0.0008858153805943751,0.06152785417937811,0.06189679582062189,0.00018447082062188896,0.0,53.6,17.50791,64.0828790319,17.458293391078293,17.557526608921705,0.04961660892170627,0.0,268.0,87.53955,1602.0719757975,87.29146695539148,87.78763304460853,0.2480830446085207,0.0,1.0,0.42623,0.1451079871,0.4238689687777512,0.4285910312222488,0.0023610312222487884,0.22733,0.22473532910334215,0.22994049475929035
T-together_traverse_best_permutation-W-20-HS-random-D-5-C-5-H-3-RUNS-100000.csv,together_traverse_best_permutation,20,random,5,5,3,100000,2.0,75.0,28.15374,158.05924401239997,28.075816935904825,28.231663064095173,0.0779230640951738,0.0,5.0,4.82646,0.2374638684,4.823439666911009,4.829480333088991,0.0030203330889913005,0.0,0.185,0.06530155,0.0009910393175975,0.06510643012293765,0.06549666987706235,0.0001951198770623469,0.0,57.8,17.997992,67.427311967936,17.947097131726665,18.048886868273335,0.05089486827333545,0.0,289.0,89.98996,1685.6827991984,89.73548565863332,90.24443434136667,0.2544743413666737,0.0,1.0,0.4243766666666666,0.11210333367777775,0.4223014409761535,0.42645189235717973,0.002075225690513105,0.13774,0.1356095476390989,0.13989148695200873
T-together_traverse_best_permutation-W-20-HS-random-D-5-C-5-H-4-RUNS-100000.csv,together_traverse_best_permutation,20,random,5,5,4,100000,2.0,72.0,28.89284,170.27243673440003,28.81196240155897,28.97371759844103,0.08087759844103104,1.0,5.0,4.89914,0.11114726039999999,4.897073642539267,4.901206357460733,0.002066357460733137,0.0,0.18,0.06690072500000001,0.001063602806974375,0.06669858800330537,0.06710286199669464,0.00020213699669463514,0.0,57.4,18.171143999999998,68.961946531264,18.11967321082842,18.222614789171576,0.05147078917157799,0.0,287.0,90.85572,1724.0486632815998,90.59836605414212,91.11307394585789,0.2573539458578864,0.0,1.0,0.4267275,0.09498176574375,0.4248173116551471,0.4286376883448529,0.0019101883448529033,0.09167,0.08988838275663645,0.093475341112244
T-together_traverse_best_permutation-W-20-HS-random-D-5-C-5-H-5-RUNS-100000.csv,together_traverse_best_permutation,20,random,5,5,5,100000,2.0,76.0,29.32626,181.0259744124,29.242867591274585,29.409652408725417,0.08339240872541609,2.0,5.0,4.93268,0.0661080176,4.931086385992745,4.934273614007256,0.0015936140072554394,0.0,0.185,0.0678043,0.00112556790151,0.06759635814152891,0.06801224185847109,0.00020794185847108904,0.0,60.2,18.26814,70.32124734039999,18.216164418831255,18.320115581168743,0.0519755811687439,0.0,301.0,91.3407,1758.0311835100001,91.08082209415628,91.60057790584372,0.25987790584372306,0.0,1.0,0.426382,0.08530679007599998,0.42457171117012793,0.42819228882987204,0.0018102888298720532,0.06568,0.06415224469752896,0.06723300451038215
T-together_traverse_best_permutation-W-20-HS-weighted-D-1-C-5-H-1-RUNS-100000.csv,together_traverse_best_permutation,20,weighted,1,5,1,100000,1.0,69.0,18.97488,112.96094898560001,18.90900505926962,19.040754940730377,0.06587494073037803,0.0,1.0,0.92241,0.0715697919,0.9207518609450258,0.9240681390549741,0.0016581390549741393,0.0,0.165,0.042487250000000004,0.0006866999624375001,0.042324829971195056,0.04264967002880495,0.00016242002880494794,0.0,67.0,17.13006,113.1397043964,17.064132957869383,17.195987042130618,0.06592704213061751,0.0,67.0,17.13006,113.1397043964,17.064132957869383,17.195987042130618,0.06592704213061751,0.0,1.0,0.07759,0.0715697919,0.07593186094502591,0.0792481390549741,0.0016581390549740976,0.07759,0.07593915930974451,0.07926538971399393
T-together_traverse_best_permutation-W-20-HS-weighted-D-1-C-5-H-2-RUNS-100000.csv,together_traverse_best_permutation,20,weighted,1,5,2,100000,2.0,72.0,19.98546,126.1701285884,19.915839947860892,20.055080052139107,0.06962005213910771,0.0,1.0,0.97441,0.02493515190000001,0.9734312718480649,0.9753887281519351,0.0009787281519351154,0.0,0.175,0.044710349999999996,0.0007742656028775001,0.04453788496760171,0.044882815032398285,0.00017246503239828903,0.0,70.0,18.03664,127.50791751039999,17.966651828434514,18.106628171565482,0.06998817156548398,0.0,70.0,18.03664,127.50791751039999,17.966651828434514,18.106628171565482,0.06998817156548398,0.0,1.0,0.113375,0.056628609375,0.11190006113423302,0.11484993886576698,0.001474938865766981,0.02559,0.024620068008070754,0.026587579025799106
T-together_traverse_best_permutation-W-20-HS-weighted-D-1-C-5-H-3-RUNS-100000.csv,together_traverse_best_permutation,20,weighted,1,5,3,100000,2.0,71.0,20.08696,128.7294779584,20.016637374727264,20.15728262527274,0.07032262527273758,0.0,1.0,0.98388,0.0158601456,0.9830994339532303,0.9846605660467697,0.0007805660467696818,0.0,0.1725,0.0449092,0.0007895270053599999,0.0447350435489627,0.04508335645103731,0.00017415645103730643,0.0,71.0,18.1192,130.03755136,18.048520989161947,18.18987901083805,0.07067901083805239,0.0,71.0,18.1192,130.03755136,18.048520989161947,18.18987901083805,0.07067901083805239,0.0,1.0,0.14714666666666665,0.054016747377777764,0.1457061433703383,0.148587189962995,0.0014405232963283499,0.01612,0.01534850651299195,0.016919740301967603
T-together_traverse_best_permutation-W-20-HS-weighted-D-1-C-5-H-4-RUNS-100000.csv,together_traverse_best_permutation,20,weighted,1,5,4,100000,2.0,72.0,20.14182,132.10836708760002,20.070580439150447,20.21305956084955,0.07123956084955196,0.0,1.0,0.98563,0.014163503099999995,0.984892365174975,0.986367634825025,0.0007376348250249798,0.0,0.175,0.0450333,0.00081014539111,0.04485688416923393,0.045209715830766065,0.00017641583076606626,0.0,70.0,18.17056,133.4779892864,18.098952106326003,18.242167893673994,0.07160789367399545,0.0,70.0,18.17056,133.4779892864,18.098952106326003,18.242167893673994,0.07160789367399545,0.0,1.0,0.1758625,0.05550800609374999,0.17440222757264356,0.17732277242735645,0.0014602724273564405,0.01437,0.013641489483129925,0.015126873295028933
T-together_traverse_best_permutation-W-20-HS-weighted-D-1-C-5-H-5-RUNS-100000.csv,together_traverse_best_permutation,20,weighted,1,5,5,100000,2.0,71.0,20.19152,132.9777000896,20.12004642917384,20.26299357082616,0.07147357082616068,0.0,1.0,0.98682,0.013006287600000001,0.9861131410717536,0.9875268589282464,0.0007068589282464011,0.0,0.1725,0.0451554,0.00081550935084,0.04497840110954622,0.045332398890453776,0.0001769988904537778,0.0,69.0,18.21788,134.3469883056,18.14603938542337,18.28972061457663,0.07184061457662949,0.0,69.0,18.21788,134.3469883056,18.14603938542337,18.28972061457663,0.07184061457662949,0.0,1.0,0.20197,0.05698931910000001,0.2004903710997194,0.20344962890028062,0.0014796289002806107,0.01318,0.012482300789251275,0.0139061424400379
T-together_traverse_best_permutation-W-20-HS-weighted-D-10-C-5-H-1-RUNS-100000.csv,together_traverse_best_permutation,20,weighted,10,5,1,100000,1.0,73.0,26.37806,179.49871063639998,26.29502011519873,26.46109988480127,0.08303988480126989,0.0,10.0,9.19687,1.9048122031,9.188315745760484,9.205424254239517,0.008554254239516723,0.0,0.1775,0.06230855,0.0010433500968975,0.06210834675996024,0.06250875324003975,0.00020020324003975493,0.0,51.1,17.091523,64.643301840471,17.041689907746925,17.141356092253073,0.049833092253074085,0.0,511.0,170.91523,6464.3301840471,170.41689907746925,171.41356092253076,0.49833092253075506,0.0,1.0,0.4147,0.24272390999999996,0.41164639856455365,0.4177536014354464,0.0030536014354463625,0.4147,0.41164396535281467,0.41776098298369385
T-together_traverse_best_permutation-W-20-HS-weighted-D-10-C-5-H-2-RUNS-100000.csv,together_traverse_best_permutation,20,weighted,10,5,2,100000,2.0,74.0,31.51324,159.05256470240002,31.435072466294457,31.591407533705542,0.07816753370554252,1.0,10.0,9.74881,0.32053358390000003,9.745300923460638,9.752319076539363,0.00350907653936261,0.0,0.1775,0.073859675,0.000978949096394375,0.07366574896129688,0.07405360103870312,0.00019392603870312108,0.0,56.7,18.047755,62.223547759975006,17.998863489379573,18.096646510620424,0.048891510620425294,0.0,567.0,180.47755,6222.354775997501,179.98863489379576,180.96646510620425,0.48891510620424583,0.0,1.0,0.46794,0.11717215639999999,0.46581837666861853,0.4700616233313815,0.0021216233313814947,0.20434,0.20184447327680818,0.2068526864837661
T-together_traverse_best_permutation-W-20-HS-weighted-D-10-C-5-H-3-RUNS-100000.csv,together_traverse_best_permutation,20,weighted,10,5,3,100000,2.0,73.0,32.93626,163.7486572124,32.85694689631926,33.01557310368074,0.07931310368073952,2.0,10.0,9.83607,0.1715169551,9.833503096155457,9.838636903844542,0.0025669038445421677,0.0,0.18,0.0771021,0.00102395880059,0.07690376593514107,0.07730043406485894,0.00019833406485893212,0.0,57.1,18.192019,61.779783803639,18.14330214280867,18.24073585719133,0.04871685719133012,0.0,571.0,181.92019,6177.9783803639,181.43302142808668,182.4073585719133,0.4871685719133154,0.0,1.0,0.50314,0.09290347373333334,0.5012508256176468,0.5050291743823533,0.0018891743823532536,0.14915,0.14694726329579103,0.1513731067235547
T-together_traverse_best_permutation-W-20-HS-weighted-D-10-C-5-H-4-RUNS-100000.csv,together_traverse_best_permutation,20,weighted,10,5,4,100000,2.0,76.0,33.35641,169.45626191190001,33.27572647158429,33.4370935284157,0.08068352841570459,5.0,10.0,9.85868,0.1411086576,9.856351732362816,9.861008267637184,0.002328267637183856,0.0,0.185,0.0780207,0.0010645788715099999,0.07781847027437112,0.07822292972562887,0.00020222972562887465,0.0,52.5,18.229972999999998,61.83548791927099,18.181234184832753,18.27871181516724,0.0487388151672441,0.0,525.0,182.29973,6183.548791927101,181.81234184832758,182.78711815167244,0.4873881516724339,0.0,1.0,0.524425,0.08661216937499999,0.5226009130780827,0.5262490869219174,0.0018240869219173783,0.13208,0.12998720377054096,0.134194160646985
T-together_traverse_best_permutation-W-20-HS-weighted-D-10-C-5-H-5-RUNS-100000.csv,together_traverse_best_permutation,20,weighted,10,5,5,100000,2.0,74.0,33.61959,174.0770782319,33.53781381130576,33.701366188694244,0.08177618869424208,6.0,10.0,9.86421,0.1346510759,9.861935630695825,9.866484369304175,0.0022743693041746837,0.0,0.1825,0.078683025,0.001098830514349375,0.07847756777077883,0.07888848222922118,0.00020545722922117593,0.0,52.7,18.255892000000003,62.170724484336006,18.207021246457725,18.30476275354228,0.04887075354227832,0.0,527.0,182.55892,6217.0724484336,182.0702124645772,183.0476275354228,0.48870753542280454,0.0,1.0,0.540134,0.085461262044,0.5383220728925582,0.5419459271074418,0.0018119271074418242,0.12739,0.1253293727851182,0.12947226502621584
T-together_traverse_best_permutation-W-20-HS-weighted-D-5-C-5-H-1-RUNS-100000.csv,together_traverse_best_permutation,20,weighted,5,5,1,100000,1.0,72.0,24.72301,163.0191865399,24.643873756279962,24.802146243720035,0.07913624372003625,0.0,5.0,4.60218,0.6168192476000001,4.5973121741798,4.6070478258201994,0.004867825820199734,0.0,0.1725,0.057561100000000004,0.00096625614179,0.05736843527582092,0.05775376472417909,0.00019266472417908687,0.0,55.8,17.113464,69.829158720704,17.06167059345617,17.16525740654383,0.05179340654382969,0.0,279.0,85.56732,1745.7289680176002,85.30835296728084,85.82628703271915,0.25896703271915555,0.0,1.0,0.2721,0.19806159,0.2693416066195265,0.2748583933804735,0.0027583933804735117,0.2721,0.2693432980237424,0.27486992574083446
T-together_traverse_best_permutation-W-20-HS-weighted-D-5-C-5-H-2-RUNS-100000.csv,together_traverse_best_permutation,20,weighted,5,5,2,100000,2.0,75.0,28.0712,162.17997056,27.992267714152998,28.150132285847004,0.07893228584700296,0.0,5.0,4.87481,0.1407174639,4.872484961915757,4.877135038084243,0.002325038084243225,0.0,0.1875,0.06498319999999999,0.00100001421776,0.06478719860666446,0.06517920139333552,0.00019600139333553201,0.0,55.6,17.99516,69.14659497439999,17.943620349316895,18.046699650683102,0.051539650683103844,0.0,278.0,89.9758,1728.6648743599999,89.71810174658448,90.23349825341553,0.2576982534155263,0.0,1.0,0.331995,0.111836819975,0.32992224259109765,0.3340677574089023,0.002072757408902337,0.11212,0.11017072863997321,0.11409179999300385
T-together_traverse_best_permutation-W-20-HS-weighted-D-5-C-5-H-3-RUNS-100000.csv,together_traverse_best_permutation,20,weighted,5,5,3,100000,2.0,75.0,28.88949,171.3366375399,28.808360053200232,28.970619946799765,0.08112994679976637,1.0,5.0,4.91739,0.0845855879,4.915587379700335,4.919192620299666,0.0018026202996654916,0.0,0.18,0.066803275,0.001061496886774375,0.06660133821681694,0.06700521178318306,0.00020193678318305985,0.0,57.8,18.189216000000002,69.840775705344,18.13741828538346,18.241013714616543,0.0517977146165407,0.0,289.0,90.94608,1746.0193926336003,90.68709142691729,91.2050685730827,0.2589885730827035,0.0,1.0,0.3770266666666666,0.09194867040000002,0.37514722522781135,0.3789061081055219,0.0018794414388552672,0.07853,0.07686996856252674,0.08021452529639196
T-together_traverse_best_permutation-W-20-HS-weighted-D-5-C-5-H-4-RUNS-100000.csv,together_traverse_best_permutation,20,weighted,5,5,4,100000,2.0,72.0,29.09189,175.50232622789997,29.009779724367952,29.174000275632046,0.08211027563204709,2.0,5.0,4.93033,0.0691160911,4.928700532677315,4.9319594673226845,0.0016294673226848744,0.0,0.1725,0.067275375,0.001090199856109375,0.06707072623339659,0.0674800237666034,0.00020464876660340747,0.0,58.8,18.204556,69.719392042864,18.15280331731863,18.25630868268137,0.051752682681371454,0.0,294.0,91.02278,1742.9848010716003,90.76401658659314,91.28154341340685,0.2587634134068537,0.0,1.0,0.4036425,0.08599960719375,0.40182487492591157,0.40546012507408846,0.001817625074088447,0.06758,0.06603172469219874,0.06915341264119595
T-together_traverse_best_permutation-W-20-HS-weighted-D-5-C-5-H-5-RUNS-100000.csv,together_traverse_best_permutation,20,weighted,5,5,5,100000,2.0,74.0,29.35334,179.1875108444,29.270372130215375,29.436307869784624,0.08296786978462478,2.0,5.0,4.93312,0.0659670656,4.931528085808817,4.934711914191182,0.0015919141911826529,0.0,0.18,0.067890675,0.001114909310544375,0.06768372003853768,0.06809762996146232,0.00020695496146232173,0.0,56.4,18.276937999999998,69.41135454415601,18.22529977194976,18.328576228050235,0.05163822805023699,0.0,282.0,91.38469,1735.2838636039,91.12649885974882,91.64288114025119,0.25819114025118495,0.0,1.0,0.42674400000000007,0.08494075846400001,0.42493759910951284,0.4285504008904873,0.0018064008904872253,0.06511,0.063588471790672,0.0666568109941787
T-traverse_ordered_qa-W-20-HS-greedy-D-1-C-5-H-1-RUNS-100000.csv,traverse_ordered_qa,20,greedy,1,5,1,100000,1.0,40.0,20.16573,69.6266635671,20.114011744928955,20.217448255071044,0.05171825507104444,0.0,1.0,0.90495,0.08601549750000002,0.9031322070106967,0.9067677929893033,0.0018177929893032907,0.0,0.0975,0.045889575,0.00043681096881937497,0.04576003531427333,0.04601911468572668,0.0001295396857266748,0.0,39.0,18.35583,69.88975501110001,18.304014125709333,18.40764587429067,0.05181587429066781,0.0,39.0,18.35583,69.88975501110001,18.304014125709333,18.40764587429067,0.05181587429066781,0.0,1.0,0.09505,0.08601549750000002,0.09323220701069676,0.09686779298930323,0.0018177929893032352,0.09505,0.09323900311474448,0.09688452297999249
T-traverse_ordered_qa-W-20-HS-greedy-D-1-C-5-H-2-RUNS-100000.csv,traverse_ordered_qa,20,greedy,1,5,2,100000,2.0,75.0,22.41646,104.1827210684,22.353196397410805,22.479723602589196,0.0632636025891955,0.0,1.0,0.97306,0.0262142364,0.9720564831314111,0.9740635168685889,0.001003516868588905,0.0,0.1825,0.05109385,0.0006548241171774999,0.05093524444118982,0.05125245555881019,0.0001586055588101848,0.0,73.0,20.47034,105.36630028439998,20.40671805573762,20.53396194426238,0.06362194426237977,0.0,73.0,20.47034,105.36630028439998,20.40671805573762,20.53396194426238,0.06362194426237977,0.0,1.0,0.108845,0.056045265975,0.10737767762993417,0.11031232237006583,0.0014673223700658322,0.02694,0.025945240163978013,0.027962323635785893
T-traverse_ordered_qa-W-20-HS-greedy-D-1-C-5-H-3-RUNS-100000.csv,traverse_ordered_qa,20,greedy,1,5,3,100000,2.0,102.0,25.19809,162.3759303519,25.11911004216006,25.27706995783994,0.07897995783994105,0.0,1.0,0.98382,0.0159182076,0.9830380064813814,0.9846019935186187,0.0007819935186186289,0.0,0.2325,0.05774512500000001,0.000999420851234375,0.05754918176479905,0.05794106823520097,0.0001959432352009599,0.0,102.0,23.23045,163.7670227975,23.151132448677554,23.309767551322448,0.07931755132244689,0.0,102.0,23.23045,163.7670227975,23.151132448677554,23.309767551322448,0.07931755132244689,0.0,1.0,0.1444133333333333,0.0540803447111111,0.14297196227686587,0.14585470438980075,0.0014413710564674387,0.01618,0.015407077272624636,0.01698116560764313
T-traverse_ordered_qa-W-20-HS-greedy-D-1-C-5-H-4-RUNS-100000.csv,traverse_ordered_qa,20,greedy,1,5,4,100000,2.0,117.0,27.81509,237.9891982919,27.71947309228185,27.910706907718154,0.09561690771815279,0.0,1.0,0.9871,0.012733589999999994,0.9864005905394978,0.9877994094605022,0.0006994094605021761,0.0,0.28,0.06398525,0.0014292894074375,0.06375092633095199,0.064219573669048,0.00023432366904800606,0.0,115.0,25.84089,239.60495400789998,25.7449490602862,25.936830939713804,0.09594093971380246,0.0,115.0,25.84089,239.60495400789998,25.7449490602862,25.936830939713804,0.09594093971380246,0.0,1.0,0.1756275,0.05463935624375,0.17417869859557636,0.17707630140442362,0.001448801404423633,0.0129,0.012209758620933833,0.013618703764653007
T-traverse_ordered_qa-W-20-HS-greedy-D-1-C-5-H-5-RUNS-100000.csv,traverse_ordered_qa,20,greedy,1,5,5,100000,2.0,135.0,31.65317,333.7019389511,31.539946797047843,31.766393202952155,0.11322320295215604,0.0,1.0,0.98803,0.011826719100000004,0.9873559560541436,0.9887040439458563,0.0006740439458563507,0.0,0.3275,0.07319255,0.0019592651244975004,0.07291820144610787,0.07346689855389212,0.0002743485538921203,0.0,135.0,29.67711,335.65769204789996,29.563555493714638,29.79066450628536,0.1135545062853609,0.0,135.0,29.67711,335.65769204789996,29.563555493714638,29.79066450628536,0.1135545062853609,0.0,1.0,0.20174599999999998,0.055949351484,0.20027993373730604,0.20321206626269392,0.001466066262693938,0.01197,0.011305152017738464,0.012663374713068075
T-traverse_ordered_qa-W-20-HS-greedy-D-10-C-5-H-1-RUNS-100000.csv,traverse_ordered_qa,20,greedy,10,5,1,100000,1.0,141.0,45.46913,476.7696470431,45.33379492412975,45.60446507587025,0.13533507587025184,0.0,10.0,7.98556,7.7152914864,7.968344000530276,8.002775999469725,0.017215999469724075,0.0,0.41,0.18751945,0.0044796551216975,0.18710461216282126,0.18793428783717875,0.00041483783717874423,0.0,69.1,25.866923999999997,78.943855578224,25.811853979517952,25.921994020482042,0.05507002048204512,0.0,691.0,258.66924,7894.3855578224,258.1185397951795,259.2199402048205,0.5507002048204868,0.0,1.0,0.47064,0.2491379904,0.467546315297383,0.473733684702617,0.0030936847026170056,0.47064,0.4675422612409827,0.47373944191388717
T-traverse_ordered_qa-W-20-HS-greedy-D-10-C-5-H-2-RUNS-100000.csv,traverse_ordered_qa,20,greedy,10,5,2,100000,2.0,237.0,59.10208,755.1405396736001,58.93175830739421,59.27240169260579,0.1703216926057891,0.0,10.0,8.93956,3.976127006399999,8.927200918518034,8.951919081481966,0.012359081481966072,0.0,0.4275,0.22450775,0.0046122313149375,0.22408681832122704,0.22492868167877297,0.0004209316787729678,0.0,73.0,28.292189,75.336827288279,28.238391792292663,28.345986207707337,0.05379720770733698,0.0,730.0,282.92189,7533.682728827901,282.3839179229266,283.4598620770734,0.5379720770733911,0.0,1.0,0.5537,0.11200631,0.5516256725415306,0.5557743274584693,0.0020743274584693605,0.28348,0.2806879734831392,0.2862845895865621
T-traverse_ordered_qa-W-20-HS-greedy-D-10-C-5-H-3-RUNS-100000.csv,traverse_ordered_qa,20,greedy,10,5,3,100000,2.0,230.0,58.54744,652.8141294464,58.38907804877177,58.70580195122823,0.1583619512282297,0.0,10.0,9.31709,2.1327039319000005,9.308038483317816,9.326141516682185,0.009051516682184513,0.0,0.4225,0.20431454999999998,0.0039481627832975,0.2039250983066115,0.20470400169338845,0.00038945169338847063,0.0,72.4,28.56639,88.0739357679,28.508222583721984,28.624557416278012,0.05816741627801392,0.0,724.0,285.6639,8807.39357679,285.0822258372199,286.24557416278014,0.5816741627801321,0.0,1.0,0.6379866666666666,0.07159079093333334,0.6363282843752468,0.6396450489580864,0.001658382291419791,0.23777,0.23513405809357596,0.24042115930347527
T-traverse_ordered_qa-W-20-HS-greedy-D-10-C-5-H-4-RUNS-100000.csv,traverse_ordered_qa,20,greedy,10,5,4,100000,2.0,193.0,56.1683,475.60593511,56.03313018974939,56.30346981025061,0.13516981025060915,0.0,10.0,9.66901,0.7744156199000002,9.663555648484552,9.674464351515448,0.0054543515154481526,0.0,0.3975,0.169952275,0.003421029159824375,0.16958975292314976,0.17031479707685027,0.0003625220768502524,0.0,83.4,29.008623999999994,114.585848426624,28.942276958218486,29.074971041781502,0.06634704178150841,0.0,834.0,290.08624,11458.584842662402,289.4227695821849,290.74971041781504,0.6634704178150628,0.0,1.0,0.624265,0.06958195977500001,0.6226300502861811,0.6258999497138188,0.001634949713818834,0.17434,0.17199295720202176,0.17670594685932212
T-traverse_ordered_qa-W-20-HS-greedy-D-10-C-5-H-5-RUNS-100000.csv,traverse_ordered_qa,20,greedy,10,5,5,100000,2.0,144.0,51.47511,483.72506048789995,51.33879132217593,51.61142867782407,0.1363186778240717,7.0,10.0,9.88393,0.1158377551,9.881820492190124,9.886039507809874,0.0021095078098749553,0.0,0.335,0.11994225000000003,0.0027879051649375005,0.11961498838474972,0.12026951161525033,0.0003272616152503044,0.0,101.2,29.349286,172.833632090204,29.267802401586717,29.43076959841328,0.08148359841328201,0.0,1012.0,293.49286,17283.3632090204,292.67802401586715,294.30769598413286,0.8148359841328556,0.0,1.0,0.5333239999999999,0.081917511024,0.5315500374571321,0.5350979625428677,0.0017739625428677686,0.10967,0.1077396167820848,0.1116230548932984
T-traverse_ordered_qa-W-20-HS-greedy-D-5-C-5-H-1-RUNS-100000.csv,traverse_ordered_qa,20,greedy,5,5,1,100000,1.0,135.0,46.44617,391.31372233109994,46.32356205589738,46.56877794410262,0.12260794410261866,0.0,5.0,4.29878,1.7852105116000003,4.290498656690269,4.307061343309731,0.00828134330973107,0.0,0.3775,0.18427157500000002,0.004006812584519375,0.18387924132537228,0.18466390867462776,0.00039233367462773727,0.0,75.4,27.291354000000005,89.37963964668401,27.2327570014705,27.34995099852951,0.05859699852950584,0.0,377.0,136.45677,2234.4909911671,136.16378500735246,136.74975499264755,0.29298499264754696,0.0,1.0,0.27685,0.2002040775,0.2740767275933944,0.27962327240660556,0.002773272406605576,0.27685,0.2740782817777186,0.27963466620445804
T-traverse_ordered_qa-W-20-HS-greedy-D-5-C-5-H-2-RUNS-100000.csv,traverse_ordered_qa,20,greedy,5,5,2,100000,2.0,158.0,40.52277,287.9830815271,40.41758845190365,40.627951548096355,0.10518154809635405,0.0,5.0,4.71054,0.6128129084,4.705688008585221,4.715391991414779,0.0048519914147791,0.0,0.385,0.14421362499999998,0.0030992836768593745,0.14386857126254707,0.1445586787374529,0.0003450537374529161,0.0,66.2,23.881212,63.378489411055995,23.831868833814447,23.930555166185556,0.049343166185554566,0.0,331.0,119.40606,1584.4622352764,119.15934416907223,119.65277583092777,0.24671583092776928,0.0,1.0,0.381655,0.119301960975,0.3795141814339334,0.38379581856606665,0.002140818566066627,0.14827,0.14607267378004074,0.15048774748069463
T-traverse_ordered_qa-W-20-HS-greedy-D-5-C-5-H-3-RUNS-100000.csv,traverse_ordered_qa,20,greedy,5,5,3,100000,2.0,168.0,43.94158,318.36088710359996,43.83098998309535,44.052170016904654,0.11059001690465209,0.0,5.0,4.841,0.30357899999999993,4.837584990356675,4.844415009643325,0.003415009643324751,0.0,0.4025,0.144723175,0.0035110729304193744,0.14435591299856917,0.14509043700143084,0.00036726200143083476,0.0,68.4,26.022146,86.316433154684,25.964561869407706,26.079730130592292,0.05758413059229284,0.0,342.0,130.11073,2157.9108288671,129.82280934703851,130.39865065296146,0.28792065296147484,0.0,1.0,0.43146666666666667,0.09078984888888889,0.42959910600234663,0.4333342273309867,0.0018675606643200338,0.09629,0.09446840254372764,0.09813505102034789
T-traverse_ordered_qa-W-20-HS-greedy-D-5-C-5-H-4-RUNS-100000.csv,traverse_ordered_qa,20,greedy,5,5,4,100000,2.0,202.0,49.9279,472.34044159,49.793195024575475,50.06260497542453,0.1347049754245262,0.0,5.0,4.8875,0.19892375,4.8847356095102175,4.890264390489783,0.00276439048978272,0.0,0.395,0.14754417500000003,0.003567517861069375,0.1471739726686313,0.14791437733136875,0.00037020233136872416,0.0,89.4,29.358887999999997,137.45869220345597,29.286220172733124,29.43155582726687,0.07266782726687282,0.0,447.0,146.79444,3436.4673050864,146.43110086366565,147.15777913633437,0.36333913633436055,0.0,1.0,0.4761475,0.07880043324375001,0.4744076156810029,0.4778873843189971,0.0017398843189970759,0.07477,0.07314716548786726,0.07641754910642778
T-traverse_ordered_qa-W-20-HS-greedy-D-5-C-5-H-5-RUNS-100000.csv,traverse_ordered_qa,20,greedy,5,5,5,100000,2.0,138.0,44.56675,468.0354444375,44.43266029258921,44.700839707410786,0.13408970741078718,3.0,5.0,4.94189,0.05807322789999999,4.940396366469643,4.943383633530357,0.0014936335303570303,0.0,0.33,0.1035104,0.00266976096684,0.10319014769742885,0.10383065230257116,0.00032025230257115567,0.0,108.2,29.010968,180.45805890297598,28.927706503551658,29.09422949644834,0.08326149644834047,0.0,541.0,145.05484,4511.451472574399,144.6385325177583,145.47114748224172,0.4163074822417059,0.0,1.0,0.421304,0.08224693958399999,0.41952647407021476,0.42308152592978526,0.0017775259297852508,0.05644,0.055017582992564526,0.057888211504765474
T-traverse_ordered_qa-W-20-HS-random-D-1-C-5-H-1-RUNS-100000.csv,traverse_ordered_qa,20,random,1,5,1,100000,1.0,107.0,21.18234,101.91019212440001,21.119770183469576,21.244909816530424,0.0625698165304236,0.0,1.0,0.94213,0.05452106310000001,0.9406827677587721,0.9435772322412279,0.0014472322412278915,0.0,0.2575,0.048165925,0.000628788356394375,0.04801050449459854,0.04832134550540146,0.00015542050540146013,0.0,107.0,19.29808,102.4048283136,19.235358521346388,19.36080147865361,0.06272147865361077,0.0,107.0,19.29808,102.4048283136,19.235358521346388,19.36080147865361,0.06272147865361077,0.0,1.0,0.05787,0.05452106310000001,0.05642276775877207,0.059317232241227924,0.0014472322412279262,0.05787,0.05643063331472025,0.05933507664136944
T-traverse_ordered_qa-W-20-HS-random-D-1-C-5-H-2-RUNS-100000.csv,traverse_ordered_qa,20,random,1,5,2,100000,2.0,166.0,23.01068,128.37946593759997,22.940453042473287,23.080906957526715,0.07022695752671382,0.0,1.0,0.98968,0.010213497600000001,0.9890536121618345,0.9903063878381655,0.0006263878381654875,0.0,0.315,0.052330650000000006,0.0007700288205775001,0.052158657479315806,0.052502642520684206,0.0001719925206841999,0.0,164.0,21.03132,128.9424790576,20.96093921941697,21.10170078058303,0.07038078058302943,0.0,164.0,21.03132,128.9424790576,20.96093921941697,21.10170078058303,0.07038078058302943,0.0,1.0,0.07145,0.035779897500000005,0.07027760051929387,0.07262239948070613,0.0011723994807061322,0.01032,0.009702858076566078,0.010965786146356698
T-traverse_ordered_qa-W-20-HS-random-D-1-C-5-H-3-RUNS-100000.csv,traverse_ordered_qa,20,random,1,5,3,100000,2.0,165.0,25.51607,176.9746417551,25.433616025943778,25.59852397405622,0.08245397405622157,0.0,1.0,0.99379,0.006171435900000001,0.9933030894522251,0.9942769105477748,0.00048691054777483256,0.0,0.2925,0.058366049999999996,0.0010453837073975002,0.05816565174525864,0.05856644825474135,0.00020039825474135742,0.0,163.0,23.52849,177.60906831989996,23.445888365823812,23.61109163417619,0.08260163417618926,0.0,163.0,23.52849,177.60906831989996,23.445888365823812,23.61109163417619,0.08260163417618926,0.0,1.0,0.10845666666666666,0.03845381812222222,0.10724124827081144,0.10967208506252188,0.0012154183958552195,0.00621,0.005732464843791865,0.0067165056258833775
T-traverse_ordered_qa-W-20-HS-random-D-1-C-5-H-4-RUNS-100000.csv,traverse_ordered_qa,20,random,1,5,4,100000,2.0,161.0,28.74415,247.98175077749997,28.64654637845926,28.841753621540743,0.09760362154074187,0.0,1.0,0.99225,0.007689937500000001,0.9917064775634805,0.9927935224365194,0.0005435224365194502,0.0,0.3025,0.066151325,0.0014582807632443752,0.06591463677933662,0.06638801322066337,0.00023668822066337525,0.0,159.0,26.75965,249.1123618775,26.661824131775454,26.857475868224547,0.09782586822454675,0.0,159.0,26.75965,249.1123618775,26.661824131775454,26.857475868224547,0.09782586822454675,0.0,1.0,0.1517575,0.04538278619375001,0.1504371117561796,0.15307788824382038,0.0013203882438203862,0.00775,0.007215803201873273,0.008313036924165304
T-traverse_ordered_qa-W-20-HS-random-D-1-C-5-H-5-RUNS-100000.csv,traverse_ordered_qa,20,random,1,5,5,100000,2.0,147.0,31.45224,331.17563898239996,31.339446191007006,31.565033808992993,0.1127938089929934,0.0,1.0,0.98875,0.0111234375,0.9880963043712858,0.9894036956287142,0.0006536956287142015,0.0,0.325,0.072521775,0.0019387059633493749,0.07224886965324397,0.07279468034675603,0.0002729053467560305,0.0,145.0,29.47474,332.9993819324,29.361636046681316,29.587843953318686,0.11310395331868506,0.0,145.0,29.47474,332.9993819324,29.361636046681316,29.587843953318686,0.11310395331868506,0.0,1.0,0.201634,0.055811330044000004,0.20016974317315223,0.2030982568268478,0.0014642568268477818,0.01125,0.010605522045941285,0.011923055366782023
T-traverse_ordered_qa-W-20-HS-random-D-10-C-5-H-1-RUNS-100000.csv,traverse_ordered_qa,20,random,10,5,1,100000,1.0,132.0,29.49743,361.1726733951,29.379638619071063,29.61522138092894,0.1177913809289386,0.0,10.0,5.15226,12.147316892400003,5.130657886081718,5.1738621139182825,0.021602113918282484,0.0,0.38,0.145791625,0.004870452142359374,0.14535907062249254,0.14622417937750748,0.0004325543775074714,0.0,73.2,20.087246999999998,71.478128460991,20.034845628043175,20.13964837195682,0.052401371956822373,0.0,732.0,200.87247,7147.8128460991,200.34845628043175,201.39648371956824,0.524013719568245,0.0,1.0,0.77683,0.17336515110000003,0.7742493032637178,0.7794106967362823,0.002580696736282251,0.77683,0.7742363418862811,0.7794075925653396
T-traverse_ordered_qa-W-20-HS-random-D-10-C-5-H-2-RUNS-100000.csv,traverse_ordered_qa,20,random,10,5,2,100000,2.0,250.0,43.1101,607.43493799,42.95734129950205,43.26285870049796,0.15275870049795515,0.0,10.0,7.13313,8.551386403100002,7.115005153516195,7.1512548464838055,0.01812484648380508,0.0,0.4325,0.192951525,0.004739642187674375,0.1925248189017524,0.19337823109824762,0.0004267060982476034,0.0,71.6,24.608700999999996,65.77158279259899,24.558434896863186,24.658967103136806,0.0502661031368099,0.0,716.0,246.08701,6577.1582792599,245.58434896863187,246.5896710313681,0.5026610313681203,0.0,1.0,0.783845,0.084709515975,0.7820410596557271,0.7856489403442729,0.0018039403442728918,0.6144,0.6113749472158105,0.61741841615308
T-traverse_ordered_qa-W-20-HS-random-D-10-C-5-H-3-RUNS-100000.csv,traverse_ordered_qa,20,random,10,5,3,100000,2.0,226.0,51.92832,573.5366219776,51.77988488666797,52.07675511333203,0.1484351133320274,0.0,10.0,8.61231,4.4921264639,8.599173427759222,8.62544657224078,0.013136572240778577,0.0,0.42,0.1935296,0.00379921429884,0.19314756516323214,0.19391163483676785,0.00038203483676785277,0.0,74.3,27.480861,79.414749198679,27.42562697963921,27.536095020360793,0.05523402036079261,0.0,743.0,274.80861,7941.474919867901,274.2562697963921,275.3609502036079,0.5523402036079119,0.0,1.0,0.7353833333333334,0.07154135305555556,0.733725523748676,0.7370411429179908,0.0016578095846574437,0.41239,0.4093365457605544,0.4154485365903715
T-traverse_ordered_qa-W-20-HS-random-D-10-C-5-H-4-RUNS-100000.csv,traverse_ordered_qa,20,random,10,5,4,100000,2.0,214.0,54.91649,456.73741607989996,54.78402859212539,55.04895140787462,0.13246140787461513,0.0,10.0,9.50611,1.3295226678999996,9.498963326451415,9.513256673548584,0.007146673548584559,0.0,0.37,0.167715325,0.003374940447644375,0.16735525318461214,0.16807539681538786,0.00036007181538785793,0.0,85.9,29.024301,113.177257561399,28.958363017573493,29.09023898242651,0.06593798242650806,0.0,859.0,290.24301,11317.7257561399,289.5836301757349,290.90238982426513,0.6593798242651019,0.0,1.0,0.652145,0.075751898975,0.6504391028896725,0.6538508971103274,0.0017058971103274256,0.23158,0.22896825741703697,0.23420731954848725
T-traverse_ordered_qa-W-20-HS-random-D-10-C-5-H-5-RUNS-100000.csv,traverse_ordered_qa,20,random,10,5,5,100000,2.0,145.0,51.36763,478.9900581831,51.23198014900427,51.503279850995725,0.13564985099572624,7.0,10.0,9.88551,0.1149420399,9.883408663900086,9.887611336099914,0.0021013360999138087,0.0,0.3525,0.11970495,0.0027449690704975,0.11938021821558056,0.12002968178441945,0.00032473178441944084,0.0,97.4,29.402382000000003,168.75571632607597,29.32186542035095,29.482898579649056,0.08051657964905345,0.0,974.0,294.02382,16875.5716326076,293.21865420350946,294.82898579649054,0.8051657964905417,0.0,1.0,0.53219,0.08150060390000001,0.5304205573760582,0.5339594426239419,0.0017694426239418526,0.10786,0.10594376618891145,0.10979901118600187
T-traverse_ordered_qa-W-20-HS-random-D-5-C-5-H-1-RUNS-100000.csv,traverse_ordered_qa,20,random,5,5,1,100000,1.0,142.0,31.90522,356.8241167516,31.788139876712016,32.022300123287984,0.1170801232879839,0.0,5.0,2.89564,3.7149289904000007,2.883693757406816,2.9075862425931844,0.01194624259318422,0.0,0.38,0.14761944999999999,0.0046302856066975,0.14719769527048662,0.14804120472951335,0.0004217547295133628,0.0,68.4,21.386734,80.766178813244,21.33103199352546,21.44243600647454,0.055702006474540156,0.0,342.0,106.93367,2019.1544703311,106.65515996762731,107.2121800323727,0.27851003237269367,0.0,1.0,0.62965,0.23319087749999998,0.626656964625996,0.6326430353740041,0.0029930353740040827,0.62965,0.6266482938674408,0.6326441846796822
T-traverse_ordered_qa-W-20-HS-random-D-5-C-5-H-2-RUNS-100000.csv,traverse_ordered_qa,20,random,5,5,2,100000,2.0,183.0,39.12041,277.88141143189995,39.01708966172351,39.22373033827649,0.10332033827648957,0.0,5.0,4.48791,1.1842938319,4.481164940189571,4.494655059810429,0.006745059810429055,0.0,0.37,0.14061935,0.0029885419055775005,0.14028051696464974,0.14095818303535027,0.0003388330353502611,0.0,71.4,23.75875,62.3629908375,23.709803737057733,23.807696262942265,0.04894626294226612,0.0,357.0,118.79375,1559.0747709375,118.54901868528867,119.03848131471133,0.24473131471133058,0.0,1.0,0.45747,0.13752619909999997,0.45517147732997354,0.45976852267002644,0.0022985226700264483,0.23614,0.23351035495701214,0.23878495712113432
T-traverse_ordered_qa-W-20-HS-random-D-5-C-5-H-3-RUNS-100000.csv,traverse_ordered_qa,20,random,5,5,3,100000,2.0,160.0,42.53944,306.8538444864,42.43086699557537,42.64801300442463,0.10857300442462758,0.0,5.0,4.72216,0.6193249344,4.717282296987319,4.72703770301268,0.004877703012680534,0.0,0.3825,0.14066975,0.0032933275599375004,0.14031405846011952,0.1410254415398805,0.00035569153988049274,0.0,74.0,25.572,84.2224808,25.51511862499541,25.62888137500459,0.056881375004589785,0.0,370.0,127.86,2105.56202,127.57559312497705,128.14440687502295,0.2844068750229525,0.0,1.0,0.4745466666666666,0.1015721278222222,0.47257131989649726,0.476522013436836,0.0019753467701693617,0.14443,0.14225659868477492,0.14662404620047628
T-traverse_ordered_qa-W-20-HS-random-D-5-C-5-H-4-RUNS-100000.csv,traverse_ordered_qa,20,random,5,5,4,100000,2.0,189.0,49.22903,443.5432952591,49.09849586947977,49.35956413052023,0.13053413052023188,0.0,5.0,4.82267,0.3297840711,4.819110648250681,4.826229351749318,0.003559351749318651,0.0,0.3775,0.146978,0.003467865266,0.1466130047780331,0.1473429952219669,0.00036499522196689616,0.0,90.2,29.337903999999998,130.491818486784,29.267101643407944,29.408706356592052,0.07080235659205414,0.0,451.0,146.68952,3262.2954621696003,146.33550821703972,147.04353178296026,0.3540117829602707,0.0,1.0,0.51235,0.0861799775,0.5105304698365677,0.5141695301634323,0.0018195301634322814,0.11167,0.10972417543659588,0.11363837946687064
T-traverse_ordered_qa-W-20-HS-random-D-5-C-5-H-5-RUNS-100000.csv,traverse_ordered_qa,20,random,5,5,5,100000,2.0,136.0,44.75789,468.28627274790006,44.623764366902215,44.89201563309779,0.13412563309778847,2.0,5.0,4.94264,0.05766983040000001,4.941151563167398,4.944128436832602,0.0014884368326022468,0.0,0.325,0.10400090000000001,0.0026800811741899996,0.10368002931204662,0.1043217706879534,0.0003208706879533896,0.0,103.4,29.229852,183.20691125809603,29.14595875412829,29.31374524587171,0.08389324587171032,0.0,517.0,146.14926,4580.172781452399,145.72979377064146,146.56872622935853,0.41946622935853384,0.0,1.0,0.42205800000000004,0.08192984463600002,0.4202839039170506,0.42383209608294947,0.0017740960829494279,0.05559,0.054177779579640706,0.05702806519956239
T-traverse_ordered_qa-W-20-HS-weighted-D-1-C-5-H-1-RUNS-100000.csv,traverse_ordered_qa,20,weighted,1,5,1,100000,1.0,97.0,20.45319,77.4021688239,20.39866035927554,20.50771964072446,0.05452964072446065,0.0,1.0,0.91867,0.0747154311,0.9169758134692019,0.9203641865307981,0.001694186530798114,0.0,0.2125,0.046524025000000004,0.000484269160299375,0.04638762967727206,0.04666042032272795,0.00013639532272794602,0.0,95.0,18.61585,77.7159587775,18.56120993894223,18.670490061057766,0.05464006105776775,0.0,95.0,18.61585,77.7159587775,18.56120993894223,18.670490061057766,0.05464006105776775,0.0,1.0,0.08133,0.0747154311,0.07963581346920193,0.08302418653079807,0.0016941865307980725,0.08133,0.07964300425985874,0.083041325351282
T-traverse_ordered_qa-W-20-HS-weighted-D-1-C-5-H-2-RUNS-100000.csv,traverse_ordered_qa,20,weighted,1,5,2,100000,2.0,118.0,22.85887,111.28485232310001,22.79348560670279,22.924254393297208,0.06538439329720802,0.0,1.0,0.97704,0.022432838400000002,0.976111678977953,0.977968321022047,0.0009283210220469851,0.0,0.23,0.052142799999999996,0.00069028265816,0.051979956828218446,0.052305643171781546,0.0001628431717815501,0.0,118.0,20.90479,112.39706505590001,20.8390796838298,20.970500316170195,0.06571031617019685,0.0,118.0,20.90479,112.39706505590001,20.8390796838298,20.970500316170195,0.06571031617019685,0.0,1.0,0.094395,0.049767083974999994,0.09301230252839474,0.09577769747160528,0.001382697471605271,0.02296,0.022040551504132914,0.023907258904122885
T-traverse_ordered_qa-W-20-HS-weighted-D-1-C-5-H-3-RUNS-100000.csv,traverse_ordered_qa,20,weighted,1,5,3,100000,2.0,164.0,25.00035,164.0090298775,24.92097386446939,25.079726135530613,0.0793761355306124,0.0,1.0,0.98712,0.012714105600000003,0.9864211258477168,0.9878188741522832,0.000698874152283202,0.0,0.2725,0.057256175000000006,0.000997937736869375,0.057060377206091153,0.05745197279390886,0.00019579779390885288,0.0,162.0,23.02611,165.17490826789998,22.946452236561527,23.10576776343847,0.07965776343847253,0.0,162.0,23.02611,165.17490826789998,22.946452236561527,23.10576776343847,0.07965776343847253,0.0,1.0,0.12448666666666666,0.04690529204444444,0.12314431287605132,0.125829020457282,0.0013423537906153415,0.01288,0.012190294527097053,0.013598169230416186
T-traverse_ordered_qa-W-20-HS-weighted-D-1-C-5-H-4-RUNS-100000.csv,traverse_ordered_qa,20,weighted,1,5,4,100000,2.0,129.0,27.7544,239.83698064,27.658412618286224,27.850387381713777,0.09598738171377619,0.0,1.0,0.98926,0.0106246524,0.9886211286149792,0.9898988713850209,0.0006388713850208338,0.0,0.2875,0.0638208,0.0014323072373600002,0.06358622908357935,0.06405537091642065,0.0002345709164206511,0.0,127.0,25.77588,241.25411022560002,25.67960945466849,25.87215054533151,0.09627054533151025,0.0,127.0,25.77588,241.25411022560002,25.67960945466849,25.87215054533151,0.09627054533151025,0.0,1.0,0.16163,0.0500144931,0.16024386985930988,0.1630161301406901,0.0013861301406901116,0.01074,0.010110361745912073,0.011398252098712335
T-traverse_ordered_qa-W-20-HS-weighted-D-1-C-5-H-5-RUNS-100000.csv,traverse_ordered_qa,20,weighted,1,5,5,100000,2.0,138.0,31.77204,329.9802542384,31.659449940728223,31.884630059271778,0.11259005927177768,0.0,1.0,0.98865,0.011221177500000004,0.9879934386891995,0.9893065613108005,0.0006565613108004964,0.0,0.335,0.07346115,0.0019356583156775002,0.07318845924134643,0.07373384075865358,0.0002726907586535765,0.0,136.0,29.79474,331.85228833239995,29.681831021133934,29.907648978866067,0.11290897886606643,0.0,136.0,29.79474,331.85228833239995,29.681831021133934,29.907648978866067,0.11290897886606643,0.0,1.0,0.201662,0.055838437756,0.20019738761959538,0.20312661238040464,0.0014646123804046285,0.01135,0.010702653341124295,0.012025916982057029
T-traverse_ordered_qa-W-20-HS-weighted-D-10-C-5-H-1-RUNS-100000.csv,traverse_ordered_qa,20,weighted,10,5,1,100000,1.0,139.0,41.84499,495.45014189989996,41.70702909013338,41.982950909866624,0.1379609098666208,0.0,10.0,7.3755,10.06991975,7.35583159800299,7.39516840199701,0.019668401997010143,0.0,0.415,0.17764025000000003,0.0048936593299375,0.17720666630932558,0.17807383369067448,0.00043358369067444946,0.0,73.1,24.52852,82.50305760959999,24.47222224284103,24.58481775715897,0.05629775715896912,0.0,731.0,245.2852,8250.30576096,244.7222224284103,245.8481775715897,0.5629775715896983,0.0,1.0,0.52957,0.2491256151,0.5264763921338215,0.5326636078661785,0.003093607866178516,0.52957,0.5264706288282169,0.5326676558348907
T-traverse_ordered_qa-W-20-HS-weighted-D-10-C-5-H-2-RUNS-100000.csv,traverse_ordered_qa,20,weighted,10,5,2,100000,2.0,222.0,56.67218,775.2596540476001,56.49960429235291,56.84475570764708,0.1725757076470842,0.0,10.0,8.68324,4.911423102400001,8.669504016966311,8.696975983033688,0.013735983033688726,0.0,0.425,0.22053665,0.0047595133817775,0.2201090503436924,0.2209642496563076,0.00042759965630759234,0.0,69.6,27.673616000000003,75.43348448454401,27.61978429242948,27.727447707570526,0.05383170757052369,0.0,696.0,276.73616,7543.348448454399,276.1978429242948,277.2744770757052,0.5383170757052085,0.0,1.0,0.60078,0.1060633916,0.5987614531831772,0.6027985468168228,0.002018546816822786,0.33322,0.3302983777813132,0.33615129823646195
T-traverse_ordered_qa-W-20-HS-weighted-D-10-C-5-H-3-RUNS-100000.csv,traverse_ordered_qa,20,weighted,10,5,3,100000,2.0,250.0,58.2399,649.77778799,58.08190676120978,58.39789323879022,0.15799323879021898,0.0,10.0,9.25167,2.3863322111,9.242095380518183,9.261244619481818,0.009574619481817592,0.0,0.4175,0.2044243,0.00397113069451,0.20403371715762172,0.20481488284237828,0.00039058284237827867,0.0,77.2,28.746377999999996,85.653725681116,28.689015350778,28.803740649221993,0.05736264922199652,0.0,772.0,287.46378,8565.372568111601,286.89015350778004,288.03740649221993,0.5736264922199439,0.0,1.0,0.6500133333333333,0.07101599982222223,0.6483616219029767,0.6516650447636899,0.0016517114303565839,0.25306,0.2503675397035441,0.2557667896572954
T-traverse_ordered_qa-W-20-HS-weighted-D-10-C-5-H-4-RUNS-100000.csv,traverse_ordered_qa,20,weighted,10,5,4,100000,2.0,193.0,56.48468,490.84326529760006,56.34736199360727,56.62199800639272,0.13731800639272507,1.0,10.0,9.66468,0.8086004976000001,9.659106563294,9.670253436706002,0.005573436706001189,0.0,0.375,0.16953197500000003,0.0035403816400993754,0.16916318332291652,0.16990076667708354,0.0003687916770835076,0.0,79.8,29.372351000000002,119.80228883279901,29.304510564212777,29.440191435787227,0.06784043578722532,0.0,798.0,293.72351,11980.2288832799,293.04510564212774,294.4019143578722,0.678404357872239,0.0,1.0,0.6233025,0.07018336849375001,0.621660499913503,0.6249445000864969,0.001642000086496953,0.17437,0.17202279674638876,0.1767361055694538
T-traverse_ordered_qa-W-20-HS-weighted-D-10-C-5-H-5-RUNS-100000.csv,traverse_ordered_qa,20,weighted,10,5,5,100000,2.0,149.0,51.92049,486.7042081599,51.783752189352505,52.0572278106475,0.1367378106474959,6.0,10.0,9.88386,0.11579150040000002,9.881750913401644,9.885969086598356,0.002109086598355958,0.0,0.34,0.12090895,0.0027905714348975,0.12058153193048791,0.12123636806951209,0.0003274180695120865,0.0,100.4,29.800475,172.239904074375,29.71913148055978,29.881818519440216,0.08134351944021745,0.0,1004.0,298.00475,17223.990407437497,297.1913148055978,298.8181851944022,0.8134351944021887,0.0,1.0,0.532598,0.08174217039600001,0.5308259370163754,0.5343700629836247,0.0017720629836246449,0.10976,0.10782891759272656,0.11171374882746803
T-traverse_ordered_qa-W-20-HS-weighted-D-5-C-5-H-1-RUNS-100000.csv,traverse_ordered_qa,20,weighted,5,5,1,100000,1.0,146.0,43.58635,414.63304367750004,43.460141668238926,43.71255833176108,0.12620833176107737,0.0,5.0,4.04866,2.4677922044000002,4.0389233319187605,4.058396668081239,0.009736668081239408,0.0,0.3925,0.1768793,0.00430742748151,0.1764725148796604,0.17728608512033958,0.00040678512033959224,0.0,70.8,26.0589,91.03433638999998,25.999763082031965,26.118036917968038,0.05913691796803633,0.0,354.0,130.2945,2275.85840975,129.9988154101598,130.5901845898402,0.2956845898401923,0.0,1.0,0.3323,0.22187670999999998,0.32938047680410654,0.33521952319589343,0.0029195231958934476,0.3323,0.3293804282340819,0.33522930117416855
T-traverse_ordered_qa-W-20-HS-weighted-D-5-C-5-H-2-RUNS-100000.csv,traverse_ordered_qa,20,weighted,5,5,2,100000,2.0,153.0,40.02797,287.9873276791,39.922787676484496,40.13315232351551,0.10518232351550694,0.0,5.0,4.65817,0.7492622511,4.652804959586522,4.663535040413478,0.005365040413478184,0.0,0.37,0.142385825,0.0030841030265693747,0.14204161735646387,0.14273003264353612,0.0003442076435361263,0.0,70.2,23.749922,63.42936219391599,23.700559034347183,23.79928496565282,0.0493629656528185,0.0,351.0,118.74961,1585.7340548478999,118.50279517173591,118.9964248282641,0.2468148282640925,0.0,1.0,0.403775,0.123198249375,0.4015995037467304,0.40595049625326957,0.002175496253269571,0.16869,0.1663736375101732,0.17102559523447758
T-traverse_ordered_qa-W-20-HS-weighted-D-5-C-5-H-3-RUNS-100000.csv,traverse_ordered_qa,20,weighted,5,5,3,100000,2.0,156.0,43.32973,310.42620812710004,43.220526826001205,43.43893317399879,0.10920317399879309,0.0,5.0,4.83016,0.3291743744,4.826603939993905,4.833716060006095,0.0035560600060948744,0.0,0.41,0.142969475,0.0034450202807243748,0.1426056839897973,0.14333326601020271,0.000363791010202702,0.0,73.8,25.626337999999997,84.727986709756,25.56928617849146,25.683389821508534,0.05705182150853716,0.0,369.0,128.13169,2118.1996677438997,127.8464308924573,128.41694910754268,0.2852591075426858,0.0,1.0,0.4379666666666667,0.09218964333333333,0.43608476408196867,0.4398485692513648,0.0018819025846980586,0.10148,0.09961502342443325,0.1033681266980445
T-traverse_ordered_qa-W-20-HS-weighted-D-5-C-5-H-4-RUNS-100000.csv,traverse_ordered_qa,20,weighted,5,5,4,100000,2.0,185.0,49.91231,478.61142046389995,49.77671377465231,50.04790622534769,0.13559622534769034,0.0,5.0,4.8809,0.21361518999999995,4.878035346244475,4.883764653755524,0.002864653755524138,0.0,0.3825,0.14814307499999999,0.003604654017044375,0.1477709508423338,0.14851519915766617,0.0003721241576661871,0.0,87.4,29.351572,141.084173928816,29.27795210034203,29.42519189965797,0.07361989965797022,0.0,437.0,146.75786,3527.1043482203995,146.38976050171016,147.12595949828983,0.3680994982898369,0.0,1.0,0.47823,0.0796998171,0.4764802148206955,0.47997978517930445,0.0017497851793044639,0.07803,0.07637484842783714,0.07970967477271557
T-traverse_ordered_qa-W-20-HS-weighted-D-5-C-5-H-5-RUNS-100000.csv,traverse_ordered_qa,20,weighted,5,5,5,100000,2.0,142.0,45.1833,471.44544110999993,45.04872270598024,45.317877294019766,0.13457729401976337,3.0,5.0,4.94215,0.057523377500000014,4.940663454316194,4.943636545683805,0.0014865456838055735,0.0,0.3275,0.10522867500000001,0.002711545395244375,0.10490592629294805,0.10555142370705196,0.00032274870705195635,0.0,113.4,29.7042,191.70993675999998,29.618382001126964,29.790017998873036,0.08581799887303632,0.0,567.0,148.521,4792.748419,148.09191000563482,148.95008999436516,0.4290899943651709,0.0,1.0,0.42165600000000003,0.081959817664,0.4198815794310874,0.42343042056891267,0.001774420568912638,0.05634,0.05491877782505898,0.05778702258655144
T-traverse_p_qa-W-20-HS-greedy-D-1-C-5-H-1-RUNS-100000.csv,traverse_p_qa,20,greedy,1,5,1,100000,1.0,133.0,22.5359,148.74829119,22.460306915962143,22.61149308403786,0.07559308403785892,0.0,1.0,0.92485,0.0695024775,0.9232159843404544,0.9264840156595455,0.0016340156595455735,0.0,0.3075,0.051467325,0.0008875413948443749,0.05128267454583229,0.05165197545416771,0.00018465045416771186,0.0,131.0,20.6862,148.80020956,20.61059372479445,20.761806275205547,0.07560627520554775,0.0,131.0,20.6862,148.80020956,20.61059372479445,20.761806275205547,0.07560627520554775,0.0,1.0,0.07515,0.06950247749999999,0.07351598434045446,0.07678401565954553,0.0016340156595455319,0.07515,0.07352335288474617,0.07680133939164249
T-traverse_p_qa-W-20-HS-greedy-D-1-C-5-H-2-RUNS-100000.csv,traverse_p_qa,20,greedy,1,5,2,100000,2.0,139.0,24.13881,150.8258417839,24.06269084644473,24.214929153555268,0.07611915355526833,0.0,1.0,0.9754,0.02399484,0.9744399032478755,0.9763600967521245,0.0009600967521244952,0.0,0.3425,0.055225699999999996,0.00092172318451,0.05503752742533478,0.055413872574665214,0.00018817257466521853,0.0,137.0,22.18801,152.2519622399,22.111531824149576,22.26448817585042,0.07647817585042205,0.0,137.0,22.18801,152.2519622399,22.111531824149576,22.26448817585042,0.07647817585042205,0.0,1.0,0.09675,0.05131443749999998,0.0953459717128918,0.0981540282871082,0.0014040282871082,0.0246,0.023648728130458967,0.02557898019744219
T-traverse_p_qa-W-20-HS-greedy-D-1-C-5-H-3-RUNS-100000.csv,traverse_p_qa,20,greedy,1,5,3,100000,2.0,124.0,26.23265,186.59576397749998,26.147984405636294,26.317315594363706,0.08466559436370602,0.0,1.0,0.98547,0.0143188791,0.9847283302220626,0.9862116697779373,0.000741669777937326,0.0,0.2925,0.060267575,0.001138151591119375,0.06005847399205302,0.060476676007946976,0.0002091010079469796,0.0,122.0,24.26171,188.09335787589998,24.17670532697457,24.34671467302543,0.08500467302543058,0.0,122.0,24.26171,188.09335787589998,24.17670532697457,24.34671467302543,0.08500467302543058,0.0,1.0,0.12775333333333333,0.04853686360000001,0.12638783263686423,0.12911883402980243,0.0013655006964690963,0.01453,0.013797449783778004,0.015290902284430261
T-traverse_p_qa-W-20-HS-greedy-D-1-C-5-H-4-RUNS-100000.csv,traverse_p_qa,20,greedy,1,5,4,100000,2.0,130.0,28.45487,240.4666632831,28.358756695319098,28.5509833046809,0.09611330468090173,0.0,1.0,0.98814,0.011719340399999997,0.987469022965515,0.9888109770344851,0.000670977034485043,0.0,0.295,0.065518225,0.0014376337553493749,0.06528321832276401,0.06575323167723598,0.00023500667723598545,0.0,130.0,26.47859,242.06364161189998,26.382158071386275,26.575021928613726,0.0964319286137254,0.0,130.0,26.47859,242.06364161189998,26.382158071386275,26.575021928613726,0.0964319286137254,0.0,1.0,0.163945,0.05089828697500001,0.1625466765065152,0.16534332349348482,0.0013983234934848154,0.01186,0.011198222238606104,0.012550312182843418
T-traverse_p_qa-W-20-HS-greedy-D-1-C-5-H-5-RUNS-100000.csv,traverse_p_qa,20,greedy,1,5,5,100000,2.0,135.0,31.72537,334.62272836310007,31.611990695306435,31.838749304693568,0.1133793046935665,0.0,1.0,0.98849,0.011377519899999999,0.9878288806427895,0.9891511193572105,0.0006611193572104712,0.0,0.31,0.07318325,0.0019517477944375,0.0729094282636986,0.07345707173630141,0.0002738217363014023,0.0,133.0,29.74839,336.53464240790004,29.63468725235184,29.862092747648163,0.11370274764816202,0.0,133.0,29.74839,336.53464240790004,29.63468725235184,29.862092747648163,0.11370274764816202,0.0,1.0,0.200714,0.055341490204000005,0.19925591951947882,0.20217208048052118,0.0014580804805211789,0.01151,0.010858090463420721,0.012190468551452444
T-traverse_p_qa-W-20-HS-greedy-D-10-C-5-H-1-RUNS-100000.csv,traverse_p_qa,20,greedy,10,5,1,100000,1.0,137.0,29.88165,317.3167832775,29.771241478832525,29.992058521167476,0.11040852116747502,1.0,10.0,8.50593,3.0149248350999995,8.495167967084923,8.516692032915076,0.010762032915076603,0.0,0.3925,0.105916925,0.0033459229360443756,0.10555840446291588,0.10627544553708411,0.00035852053708411435,0.0,52.4,19.307362,56.754716200956004,19.260668433231377,19.354055566768626,0.04669356676862435,0.0,524.0,193.07362,5675.471620095599,192.60668433231376,193.54055566768625,0.4669356676862435,0.0,1.0,0.5418,0.24825276,0.5387118163869096,0.5448881836130903,0.0030881836130903784,0.5418,0.5387056981137266,0.5448918770859678
T-traverse_p_qa-W-20-HS-greedy-D-10-C-5-H-2-RUNS-100000.csv,traverse_p_qa,20,greedy,10,5,2,100000,2.0,137.0,36.9798,219.06691196000003,36.88806301460231,37.071536985397685,0.09173698539768793,0.0,10.0,9.41838,1.2956781756000002,9.411324876131928,9.425435123868073,0.007055123868072499,0.0,0.3775,0.1250489,0.0028737522337899998,0.124716637956105,0.125381162043895,0.0003322620438949986,0.0,52.0,21.831964,56.434257502704,21.785402444654157,21.878525555345842,0.04656155534584272,0.0,520.0,218.31964,5643.4257502704,217.8540244465416,218.7852555534584,0.4656155534584059,0.0,1.0,0.541,0.121364,0.5388407595261296,0.5431592404738704,0.002159240473870394,0.28709,0.28428722960655767,0.289905123890221
T-traverse_p_qa-W-20-HS-greedy-D-10-C-5-H-3-RUNS-100000.csv,traverse_p_qa,20,greedy,10,5,3,100000,2.0,144.0,42.02217,253.8625584911,41.92341584035599,42.12092415964401,0.09875415964400958,0.0,10.0,9.70497,0.6392272991,9.700014542814005,9.709925457185994,0.0049554571859946606,0.0,0.3925,0.131200625,0.003358276562109375,0.13084144321815408,0.1315598067818459,0.00035918178184590754,0.0,66.4,23.673145999999996,79.50716766268401,23.617879849845224,23.728412150154767,0.055266150154771765,0.0,664.0,236.73146,7950.7167662684,236.1787984984523,237.2841215015477,0.5526615015477034,0.0,1.0,0.5337633333333333,0.09273559287777779,0.5318758666353508,0.5356508000313157,0.001887466697982454,0.17672,0.17436030663492663,0.17909845899023372
T-traverse_p_qa-W-20-HS-greedy-D-10-C-5-H-4-RUNS-100000.csv,traverse_p_qa,20,greedy,10,5,4,100000,2.0,136.0,47.18573,339.7683143671,47.071482288579915,47.299977711420084,0.11424771142008439,0.0,10.0,9.8291,0.29093319,9.825756874302837,9.832443125697164,0.0033431256971638845,0.0,0.3925,0.130295875,0.003333874770484375,0.12993800053432394,0.13065374946567607,0.0003578744656760613,0.0,84.6,26.549248,108.89927163449599,26.484568216302844,26.613927783697154,0.0646797836971551,0.0,846.0,265.49248,10889.927163449602,264.84568216302847,266.13927783697153,0.6467978369715297,0.0,1.0,0.5295175,0.08369184219375,0.5277244283868971,0.5313105716131028,0.0017930716131028257,0.12798,0.12591527624530954,0.13006632716842276
T-traverse_p_qa-W-20-HS-greedy-D-10-C-5-H-5-RUNS-100000.csv,traverse_p_qa,20,greedy,10,5,5,100000,2.0,141.0,51.28334,483.5826584444,51.14704138883026,51.419638611169745,0.1362986111697424,7.0,10.0,9.88372,0.1155389616,9.881613214593552,9.885826785406449,0.002106785406448708,0.0,0.3325,0.119632,0.0027707805760000003,0.11930574502822544,0.11995825497177456,0.00032625497177456164,0.0,101.7,29.217703000000004,171.35438770379105,29.136568850851642,29.298837149148365,0.0811341491483617,0.0,1017.0,292.17703,17135.4387703791,291.36568850851637,292.98837149148363,0.8113414914836312,0.0,1.0,0.532964,0.08171817470399999,0.5311921971330227,0.5347358028669773,0.0017718028669773123,0.11003,0.10809682248810099,0.11198582816658761
T-traverse_p_qa-W-20-HS-greedy-D-5-C-5-H-1-RUNS-100000.csv,traverse_p_qa,20,greedy,5,5,1,100000,1.0,133.0,29.0907,267.47481351,28.989332784215996,29.192067215784,0.10136721578400198,0.0,5.0,4.42894,0.9208104763999998,4.422992407608,4.434887592392,0.005947592392000267,0.0,0.3725,0.08977609999999998,0.0026739499937899996,0.08945559654766064,0.09009660345233933,0.0003205034523393463,0.0,60.2,19.890624,64.443518490624,19.840867973165697,19.9403800268343,0.04975602683430225,0.0,301.0,99.45312,1611.0879622656,99.20433986582849,99.70190013417151,0.24878013417151124,0.0,1.0,0.32235,0.21844047749999998,0.31945317253126115,0.3252468274687389,0.0028968274687388718,0.32235,0.31945341167957336,0.32525689517833073
T-traverse_p_qa-W-20-HS-greedy-D-5-C-5-H-2-RUNS-100000.csv,traverse_p_qa,20,greedy,5,5,2,100000,2.0,145.0,33.66528,214.92048252159998,33.574415346495186,33.75614465350482,0.09086465350481632,0.0,5.0,4.79332,0.3341033776,4.7897374149899985,4.796902585010001,0.0035825850100010825,0.0,0.35,0.10128932500000001,0.0024870387035443747,0.10098022618273382,0.1015984238172662,0.0003090988172661929,0.0,61.4,21.941246,68.954647567484,21.889777934746363,21.992714065253637,0.05146806525363701,0.0,307.0,109.70623,1723.8661891871,109.44888967373183,109.96357032626818,0.25734032626817793,0.0,1.0,0.359905,0.12095589097500001,0.3577493930071333,0.36206060699286663,0.0021556069928666544,0.14107,0.1389179639296343,0.14324287666455274
T-traverse_p_qa-W-20-HS-greedy-D-5-C-5-H-3-RUNS-100000.csv,traverse_p_qa,20,greedy,5,5,3,100000,2.0,147.0,37.80629,260.1139464359,37.70632732013255,37.90625267986744,0.09996267986744556,0.0,5.0,4.8866,0.17014043999999998,4.884043417291961,4.889156582708038,0.0025565827080384906,0.0,0.3725,0.108901175,0.0029308908961193747,0.10856562603983871,0.10923672396016129,0.00033554896016128877,0.0,71.6,24.262056,94.710290652864,24.201736927346982,24.32237507265302,0.06031907265301939,0.0,358.0,121.31028,2367.7572663216,121.0086846367349,121.61187536326511,0.3015953632651076,0.0,1.0,0.38836,0.0928365104,0.38647150658366874,0.3902484934163312,0.0018884934163312384,0.08706,0.08531964934586761,0.08882434444419574
T-traverse_p_qa-W-20-HS-greedy-D-5-C-5-H-4-RUNS-100000.csv,traverse_p_qa,20,greedy,5,5,4,100000,2.0,136.0,41.91389,347.91699506789996,41.79828040142563,42.029499598574375,0.11560959857437325,0.0,5.0,4.92464,0.0953608704,4.922726003344494,4.926553996655506,0.0019139966555057342,0.0,0.38,0.11010447499999998,0.003048998647474375,0.10976223191089317,0.11044671808910679,0.0003422430891068112,0.0,86.4,27.05137,128.6112887231,26.981079664479484,27.121660335520513,0.07029033552051445,0.0,432.0,135.25685,3215.2822180774997,134.90539832239742,135.60830167760255,0.3514516776025687,0.0,1.0,0.40722,0.08337562160000002,0.40543031905653953,0.4090096809434605,0.0017896809434604921,0.06552,0.0639939892929011,0.06707126933949908
T-traverse_p_qa-W-20-HS-greedy-D-5-C-5-H-5-RUNS-100000.csv,traverse_p_qa,20,greedy,5,5,5,100000,2.0,137.0,45.46149,472.8159369799,45.32671723926913,45.596262760730866,0.1347727607308684,2.0,5.0,4.94257,0.0570317951,4.9410898197945645,4.944050180205435,0.0014801802054353885,0.0,0.3325,0.105877325,0.002717783863344375,0.1055542052313472,0.10620044476865279,0.0003231197686527909,0.0,106.4,29.908312000000002,190.25584691065598,29.82282007865699,29.993803921343016,0.08549192134301364,0.0,532.0,149.54156,4756.3961727664,149.11410039328496,149.96901960671505,0.4274596067150469,0.0,1.0,0.42035600000000006,0.081924833264,0.41858195817561433,0.4221300418243858,0.0017740418243857303,0.05599,0.05457296971378303,0.05743285140046882
T-traverse_p_qa-W-20-HS-random-D-1-C-5-H-1-RUNS-100000.csv,traverse_p_qa,20,random,1,5,1,100000,1.0,122.0,22.55013,149.4125869831,22.474368308218843,22.625891691781156,0.07576169178115677,0.0,1.0,0.90256,0.08794544639999999,0.900721927022966,0.904398072977034,0.0018380729770339777,0.0,0.2975,0.051621549999999995,0.0009079714505974999,0.05143478642955288,0.05180831357044711,0.00018676357044711267,0.0,121.0,20.74501,151.3811500999,20.668750848009974,20.821269151990027,0.0762591519900262,0.0,121.0,20.74501,151.3811500999,20.668750848009974,20.821269151990027,0.0762591519900262,0.0,1.0,0.09744,0.08794544639999999,0.09560192702296606,0.09927807297703393,0.001838072977033936,0.09744,0.09560865436210404,0.09929473194697741
T-traverse_p_qa-W-20-HS-random-D-1-C-5-H-2-RUNS-100000.csv,traverse_p_qa,20,random,1,5,2,100000,2.0,129.0,24.3569,159.22730239,24.27868954003067,24.43511045996933,0.07821045996933051,0.0,1.0,0.97317,0.026110151099999993,0.9721684773768617,0.9741715226231382,0.0010015226231382401,0.0,0.3125,0.055755650000000004,0.0009740028680775,0.05556221449607152,0.055949085503928485,0.00019343550392848102,0.0,127.0,22.41056,161.6139604864,22.331765571859137,22.489354428140864,0.07879442814086346,0.0,127.0,22.41056,161.6139604864,22.331765571859137,22.489354428140864,0.07879442814086346,0.0,1.0,0.09773,0.052728847100000004,0.096306753222314,0.099153246777686,0.001423246777686002,0.02683,0.025837237596050295,0.02785033297217494
T-traverse_p_qa-W-20-HS-random-D-1-C-5-H-3-RUNS-100000.csv,traverse_p_qa,20,random,1,5,3,100000,2.0,143.0,26.02374,195.13819641240002,25.937158079523616,26.110321920476384,0.0865819204763838,0.0,1.0,0.98432,0.0154341376,0.9835499884221379,0.985090011577862,0.0007700115778620509,0.0,0.3175,0.059698225,0.001184319244349375,0.05948492519200448,0.05991152480799552,0.00021329980799551784,0.0,141.0,24.0551,197.24444399,23.968052067455222,24.142147932544777,0.0870479325447775,0.0,141.0,24.0551,197.24444399,23.968052067455222,24.142147932544777,0.0870479325447775,0.0,1.0,0.12437333333333332,0.0469957184,0.12302968623753234,0.1257169804291343,0.0013436470958009678,0.01568,0.014919073962050623,0.016469201781553824
T-traverse_p_qa-W-20-HS-random-D-1-C-5-H-4-RUNS-100000.csv,traverse_p_qa,20,random,1,5,4,100000,2.0,128.0,29.11258,254.07954574360002,29.01378364465586,29.211376355344143,0.09879635534414177,0.0,1.0,0.98714,0.012694620399999999,0.9864416615882781,0.987838338411722,0.0006983384117219549,0.0,0.2975,0.067077075,0.001517332321944375,0.06683564211392229,0.06731850788607771,0.00024143288607771096,0.0,128.0,27.1383,256.07653311,27.039116150024544,27.237483849975458,0.09918384997545715,0.0,128.0,27.1383,256.07653311,27.039116150024544,27.237483849975458,0.09918384997545715,0.0,1.0,0.1607175,0.049099260193749994,0.15934411106033175,0.16209088893966828,0.001373388939668263,0.01286,0.012170830865650368,0.013577634264001083
T-traverse_p_qa-W-20-HS-random-D-1-C-5-H-5-RUNS-100000.csv,traverse_p_qa,20,random,1,5,5,100000,2.0,132.0,30.83325,335.6808844375,30.719691570737567,30.946808429262433,0.11355842926243298,0.0,1.0,0.98818,0.011680287599999999,0.9875101418594645,0.9888498581405354,0.0006698581405354398,0.0,0.315,0.071050425,0.0019636150448193754,0.07077577206343863,0.07132507793656137,0.00027465293656137035,0.0,132.0,28.85689,337.60224952789997,28.74300704246085,28.97077295753915,0.11388295753915045,0.0,132.0,28.85689,337.60224952789997,28.74300704246085,28.97077295753915,0.11388295753915045,0.0,1.0,0.20252,0.0561016496,0.20105193972499982,0.2039880602750002,0.0014680602750001825,0.01182,0.011159342336478213,0.012509194885912353
T-traverse_p_qa-W-20-HS-random-D-10-C-5-H-1-RUNS-100000.csv,traverse_p_qa,20,random,10,5,1,100000,1.0,138.0,32.19159,298.2915832719,32.08454248969278,32.298637510307216,0.10704751030721837,0.0,10.0,7.9347,8.50999591,7.916619070740735,7.952780929259266,0.01808092925926541,0.0,0.385,0.11520724999999998,0.0033877830474375,0.11484649374773212,0.11556800625226785,0.0003607562522678631,0.0,49.8,19.214176000000002,57.327549241023995,19.167247382593956,19.261104617406048,0.0469286174060457,0.0,498.0,192.14176,5732.754924102399,191.67247382593953,192.61104617406048,0.46928617406047124,0.0,1.0,0.55819,0.2466139239,0.5551120265594807,0.5612679734405193,0.0030779734405192993,0.55819,0.555105432441861,0.5612711919573725
T-traverse_p_qa-W-20-HS-random-D-10-C-5-H-2-RUNS-100000.csv,traverse_p_qa,20,random,10,5,2,100000,2.0,142.0,38.19412,266.4861774256,38.09294029357632,38.29529970642368,0.1011797064236788,0.0,10.0,9.21891,2.6698284119,9.208782605059959,9.22903739494004,0.010127394940040446,0.0,0.3825,0.128459175,0.003091249795819375,0.1281145687723195,0.12880378122768052,0.00034460622768051064,0.0,55.7,21.701267,61.455509294711,21.652678165427997,21.749855834572006,0.04858883457200491,0.0,557.0,217.01267,6145.550929471101,216.52678165427997,217.49855834572006,0.485888345720042,0.0,1.0,0.507685,0.15220344077499998,0.5052669331314432,0.5101030668685569,0.002418066868556834,0.31221,0.309338380409465,0.31509251496195345
T-traverse_p_qa-W-20-HS-random-D-10-C-5-H-3-RUNS-100000.csv,traverse_p_qa,20,random,10,5,3,100000,2.0,138.0,42.18422,285.8664229916,42.079425703849665,42.28901429615034,0.10479429615033808,0.0,10.0,9.56238,1.2990487356,9.555315705539346,9.569444294460652,0.007064294460652931,0.0,0.3675,0.131425175,0.0033351398137193753,0.1310672326427917,0.13178311735720832,0.00035794235720831846,0.0,65.3,23.571929000000004,77.105044318959,23.51750412165786,23.626353878342147,0.054424878342143046,0.0,653.0,235.71929,7710.5044318959,235.17504121657856,236.26353878342144,0.5442487834214376,0.0,1.0,0.5128033333333333,0.11145829687777778,0.5107340866267135,0.5148725800399531,0.0020692467066197873,0.20796,0.20544807077909327,0.2104888785909659
T-traverse_p_qa-W-20-HS-random-D-10-C-5-H-4-RUNS-100000.csv,traverse_p_qa,20,random,10,5,4,100000,2.0,131.0,47.00366,352.71296660440004,46.887256300208826,47.12006369979118,0.11640369979117793,0.0,10.0,9.75974,0.5391551324,9.755188935996244,9.764291064003757,0.004551064003756267,0.0,0.365,0.12948310000000002,0.0033025571893899996,0.1291269103918029,0.12983928960819713,0.00035618960819711054,0.0,85.0,26.352107999999998,112.00851515633597,26.286511360465294,26.4177046395347,0.06559663953470363,0.0,850.0,263.52108,11200.851515633602,262.86511360465295,264.177046395347,0.6559663953470363,0.0,1.0,0.52258,0.09125889360000002,0.5207076213907071,0.524452378609293,0.0018723786092929018,0.1507,0.1484877978950492,0.15293248187545416
T-traverse_p_qa-W-20-HS-random-D-10-C-5-H-5-RUNS-100000.csv,traverse_p_qa,20,random,10,5,5,100000,2.0,146.0,51.29595,480.8856235975,51.16003200223619,51.4318679977638,0.13591799776380498,7.0,10.0,9.88366,0.1164850044,9.8815446069091,9.885775393090901,0.0021153930909001417,0.0,0.3425,0.119382225,0.002758030291549375,0.11905672155657711,0.11970772844342288,0.0003255034434228865,0.0,105.2,29.219625,171.68018715937498,29.138413756505553,29.300836243494448,0.08121124349444742,0.0,1052.0,292.19625,17168.0187159375,291.38413756505554,293.0083624349445,0.8121124349444813,0.0,1.0,0.5331859999999999,0.081589089404,0.5314155970914664,0.5349564029085335,0.001770402908533586,0.10976,0.10782891759272656,0.11171374882746803
T-traverse_p_qa-W-20-HS-random-D-5-C-5-H-1-RUNS-100000.csv,traverse_p_qa,20,random,5,5,1,100000,1.0,142.0,30.27564,257.1989225904,30.176239025104213,30.375040974895786,0.09940097489578648,0.0,5.0,4.236,1.7978040000000002,4.227689498302508,4.244310501697491,0.008310501697491368,0.0,0.365,0.09377115,0.0026100070526775,0.09345450188152199,0.094087798118478,0.0003166481184780079,0.0,65.0,19.962384,67.395044236544,19.911501311201246,20.013266688798755,0.05088268879875457,0.0,325.0,99.81192,1684.8761059135998,99.55750655600622,100.06633344399378,0.2544134439937835,0.0,1.0,0.35042,0.22762582360000003,0.34746289438142336,0.35337710561857666,0.0029571056185766498,0.35042,0.34746232171593927,0.35338635617967556
T-traverse_p_qa-W-20-HS-random-D-5-C-5-H-2-RUNS-100000.csv,traverse_p_qa,20,random,5,5,2,100000,2.0,127.0,34.57229,238.18895415590003,34.47663297274715,34.66794702725286,0.09565702725285519,0.0,5.0,4.7374,0.5317612399999999,4.732880250029499,4.741919749970501,0.004519749970500975,0.0,0.345,0.10360560000000002,0.0025992905236399996,0.1032896026190676,0.10392159738093244,0.0003159973809324229,0.0,71.2,22.223156,68.632507799664,22.171808298789216,22.274503701210783,0.05134770121078347,0.0,356.0,111.11578,1715.8126949916,110.85904149394608,111.37251850605392,0.2567385060539209,0.0,1.0,0.33251,0.1344320999,0.3302374807922135,0.33478251920778646,0.002272519207786483,0.15748,0.15522733674225836,0.15975254833710056
T-traverse_p_qa-W-20-HS-random-D-5-C-5-H-3-RUNS-100000.csv,traverse_p_qa,20,random,5,5,3,100000,2.0,127.0,37.3649,268.75388799,37.263290702388886,37.46650929761111,0.10160929761111248,0.0,5.0,4.849,0.27387900000000004,4.845756339157064,4.8522436608429365,0.003243660842936258,0.0,0.35,0.10773965,0.0028981493178774995,0.10740598054650512,0.1080733194534949,0.0003336694534948892,0.0,79.4,23.750794,83.692359169564,23.694091921820643,23.807496078179355,0.05670207817935591,0.0,397.0,118.75397,2092.3089792390997,118.4704596091032,119.03748039089679,0.28351039089679375,0.0,1.0,0.36701666666666666,0.1023509886111111,0.3650337608246044,0.3689995725087289,0.0019829058420622325,0.10222,0.10034896430650835,0.10411414256738401
T-traverse_p_qa-W-20-HS-random-D-5-C-5-H-4-RUNS-100000.csv,traverse_p_qa,20,random,5,5,4,100000,2.0,135.0,41.8561,345.98861279,41.74081123841006,41.971388761589935,0.1152887615899374,0.0,5.0,4.9046,0.14285884000000001,4.902257338010417,4.906942661989584,0.002342661989583661,0.0,0.34,0.110500775,0.002994678911899375,0.11016159424423763,0.11083995575576236,0.00033918075576236384,0.0,83.4,27.058628000000002,122.228577157616,26.99010404053992,27.127151959460086,0.06852395946008372,0.0,417.0,135.29314,3055.7144289404,134.95052020269958,135.6357597973004,0.34261979730041503,0.0,1.0,0.3986775,0.08737312599375,0.39684541757604197,0.40050958242395807,0.001832082423958048,0.07486,0.07323626139479351,0.07650844791349265
T-traverse_p_qa-W-20-HS-random-D-5-C-5-H-5-RUNS-100000.csv,traverse_p_qa,20,random,5,5,5,100000,2.0,142.0,44.70733,467.9438342711,44.57325341614823,44.841406583851764,0.13407658385176546,2.0,5.0,4.94248,0.0570914496,4.940999045872474,4.943960954127525,0.001480954127525358,0.0,0.325,0.10410817500000001,0.002689632085669375,0.10378673308269135,0.10442961691730868,0.0003214419173086652,0.0,123.8,29.252844,183.398010711664,29.168907011851154,29.336780988148845,0.08393698814884587,0.0,619.0,146.26422,4584.9502677916,145.84453505925578,146.6839049407442,0.4196849407442187,0.0,1.0,0.42142199999999996,0.08179909791600001,0.4196493200668081,0.4231946799331918,0.0017726799331918563,0.05609,0.05467177044332687,0.057534044755671296
T-traverse_p_qa-W-20-HS-weighted-D-1-C-5-H-1-RUNS-100000.csv,traverse_p_qa,20,weighted,1,5,1,100000,1.0,135.0,22.52621,149.2158530359,22.450498202965274,22.601921797034723,0.07571179703472453,0.0,1.0,0.92201,0.0719075599,0.9203479528222345,0.9236720471777655,0.0016620471777655244,0.0,0.3225,0.0514572,0.00089209781816,0.051272076177161244,0.05164232382283876,0.00018512382283875778,0.0,133.0,20.68219,149.62704680390001,20.606373955325942,20.758006044674055,0.07581604467405612,0.0,133.0,20.68219,149.62704680390001,20.606373955325942,20.758006044674055,0.07581604467405612,0.0,1.0,0.07799,0.0719075599,0.07632795282223447,0.07965204717776554,0.0016620471777655382,0.07799,0.07633523968196237,0.07966928586604122
T-traverse_p_qa-W-20-HS-weighted-D-1-C-5-H-2-RUNS-100000.csv,traverse_p_qa,20,weighted,1,5,2,100000,2.0,130.0,24.06599,154.5625153199,23.988933698580002,24.143046301419997,0.0770563014199972,0.0,1.0,0.97555,0.02385219749999999,0.9745927612527902,0.9765072387472099,0.0009572387472098765,0.0,0.2925,0.055046775,0.000944116874599375,0.05485633027349225,0.05523721972650775,0.00019044472650774774,0.0,128.0,22.11489,156.19483028789998,22.03742787635018,22.19235212364982,0.07746212364981986,0.0,128.0,22.11489,156.19483028789998,22.03742787635018,22.19235212364982,0.07746212364981986,0.0,1.0,0.09579,0.050944275899999995,0.09439104492460465,0.09718895507539535,0.00139895507539535,0.02445,0.02350159048953823,0.025426127145456296
T-traverse_p_qa-W-20-HS-weighted-D-1-C-5-H-3-RUNS-100000.csv,traverse_p_qa,20,weighted,1,5,3,100000,2.0,128.0,26.34289,189.8776764479,26.257483086823008,26.428296913176993,0.08540691317699256,0.0,1.0,0.98458,0.015182223600000003,0.9838162982900257,0.9853437017099743,0.0007637017099743071,0.0,0.2875,0.060548075,0.001155845551294375,0.060337354894887736,0.060758795105112264,0.0002107201051122637,0.0,126.0,24.37373,191.63877588710002,24.28792793001052,24.459532069989475,0.08580206998947659,0.0,126.0,24.37373,191.63877588710002,24.28792793001052,24.459532069989475,0.08580206998947659,0.0,1.0,0.12335,0.047299221944444435,0.12200202117590157,0.12469797882409843,0.001347978824098428,0.01542,0.014665391508595877,0.016202901396591394
T-traverse_p_qa-W-20-HS-weighted-D-1-C-5-H-4-RUNS-100000.csv,traverse_p_qa,20,weighted,1,5,4,100000,2.0,123.0,28.35895,249.23008489749998,28.261101019722112,28.45679898027789,0.09784898027788813,0.0,1.0,0.987,0.012830999999999999,0.9862979204489518,0.9877020795510482,0.0007020795510481737,0.0,0.295,0.06518175,0.0014862174669375,0.06494280538254676,0.06542069461745323,0.00023894461745323226,0.0,123.0,26.38495,251.05078349749996,26.286744262393483,26.483155737606516,0.09820573760651641,0.0,123.0,26.38495,251.05078349749996,26.286744262393483,26.483155737606516,0.09820573760651641,0.0,1.0,0.1595775,0.050284396493749994,0.15818763476347386,0.16096736523652616,0.00138986523652615,0.013,0.012307085541857601,0.013721369991554612
T-traverse_p_qa-W-20-HS-weighted-D-1-C-5-H-5-RUNS-100000.csv,traverse_p_qa,20,weighted,1,5,5,100000,2.0,137.0,31.71264,334.7328242304,31.599242045099416,31.826037954900585,0.11339795490058435,0.0,1.0,0.98808,0.011777913600000002,0.9874073482856205,0.9887526517143794,0.0006726517143794686,0.0,0.315,0.0732386,0.0019630268450400003,0.0729639882025858,0.0735132117974142,0.00027461179741419817,0.0,135.0,29.73648,336.70187720960007,29.62274900459908,29.85021099540092,0.11373099540092113,0.0,135.0,29.73648,336.70187720960007,29.62274900459908,29.85021099540092,0.11373099540092113,0.0,1.0,0.204136,0.056272493504,0.20266570611425824,0.20560629388574178,0.0014702938857417691,0.01192,0.011256545753148783,0.012611984471074412
T-traverse_p_qa-W-20-HS-weighted-D-10-C-5-H-1-RUNS-100000.csv,traverse_p_qa,20,weighted,10,5,1,100000,1.0,137.0,30.32105,319.9813768975,30.210178883044797,30.431921116955202,0.11087111695520235,0.0,10.0,8.27586,5.1797212604,8.261753825042218,8.289966174957781,0.014106174957781548,0.0,0.3975,0.10733525000000002,0.0033838732324374997,0.10697470198087175,0.10769579801912829,0.0003605480191282706,0.0,51.6,19.110719,56.98342720303899,19.063931444609363,19.157506555390636,0.046787555390636726,0.0,516.0,191.10719,5698.3427203039,190.63931444609364,191.57506555390637,0.46787555390636726,0.0,1.0,0.54363,0.24809642310000002,0.5405427889301491,0.5467172110698508,0.0030872110698508815,0.54363,0.540536617535394,0.5467208515054248
T-traverse_p_qa-W-20-HS-weighted-D-10-C-5-H-2-RUNS-100000.csv,traverse_p_qa,20,weighted,10,5,2,100000,2.0,139.0,36.9022,231.06273516,36.80798478873395,36.996415211266054,0.0942152112660537,0.0,10.0,9.35682,1.5941194876,9.348994420517583,9.364645579482419,0.007825579482418021,0.0,0.3875,0.12476720000000001,0.00289610292916,0.12443364836962383,0.1251007516303762,0.00033355163037619706,0.0,52.9,21.621910999999997,58.598515808079,21.574465024582864,21.66935697541713,0.04744597541713347,0.0,529.0,216.21911,5859.8515808079,215.74465024582867,216.69356975417134,0.4744597541713347,0.0,1.0,0.53501,0.1313392999,0.5327637741553979,0.5372562258446021,0.002246225844602101,0.30014,0.29730019280408065,0.3029914031511328
T-traverse_p_qa-W-20-HS-weighted-D-10-C-5-H-3-RUNS-100000.csv,traverse_p_qa,20,weighted,10,5,3,100000,2.0,124.0,42.48345,255.84348609750003,42.38431129231263,42.582588707687364,0.09913870768736643,0.0,10.0,9.6866,0.71068044,9.681374916289375,9.691825083710626,0.005225083710625356,0.0,0.3825,0.1320712,0.0033219963805600004,0.1317139636455292,0.1324284363544708,0.0003572363544707968,0.0,65.0,24.06413,73.7648345431,24.01089702259118,24.117362977408817,0.05323297740881827,0.0,650.0,240.6413,7376.48345431,240.10897022591183,241.17362977408817,0.5323297740881685,0.0,1.0,0.5254466666666666,0.09649024493333334,0.5235213694819808,0.5273719638513524,0.0019252971846858147,0.18169,0.17930439638826193,0.18409408018403398
T-traverse_p_qa-W-20-HS-weighted-D-10-C-5-H-4-RUNS-100000.csv,traverse_p_qa,20,weighted,10,5,4,100000,2.0,133.0,47.47784,345.2690489344,47.36267118571478,47.59300881428522,0.11516881428521941,0.0,10.0,9.82418,0.29930732759999995,9.820789101845074,9.827570898154926,0.003390898154925992,0.0,0.3775,0.13129195,0.0033635864901975002,0.1309324843707565,0.13165141562924348,0.0003594656292434939,0.0,83.3,26.656223000000004,110.86500247427101,26.590962062717036,26.721483937282972,0.065260937282968,0.0,833.0,266.56223,11086.5002474271,265.9096206271703,267.2148393728297,0.6526093728297155,0.0,1.0,0.5264,0.08469429,0.5245962217861833,0.5282037782138167,0.0018037782138167202,0.13168,0.12958991257110447,0.13379147516054285
T-traverse_p_qa-W-20-HS-weighted-D-10-C-5-H-5-RUNS-100000.csv,traverse_p_qa,20,weighted,10,5,5,100000,2.0,139.0,51.75899,479.53722417989997,51.623262692489334,51.89471730751066,0.1357273075106633,6.0,10.0,9.88519,0.1153886639,9.883084585334814,9.887295414665186,0.0021054146651859895,0.0,0.3325,0.12058680000000001,0.00274549491576,0.12026203711313663,0.12091156288686339,0.0003247628868633806,0.0,103.7,29.71816,169.74498781440002,29.63740776503478,29.798912234965222,0.08075223496522099,0.0,1037.0,297.1816,16974.49878144,296.37407765034783,297.9891223496522,0.8075223496521744,0.0,1.0,0.5317080000000001,0.081475402736,0.5299388309658187,0.5334771690341814,0.0017691690341813393,0.1082,0.10628109542946444,0.11014166208871831
T-traverse_p_qa-W-20-HS-weighted-D-5-C-5-H-1-RUNS-100000.csv,traverse_p_qa,20,weighted,5,5,1,100000,1.0,132.0,29.36533,270.3095639911,29.263427045134687,29.467232954865313,0.10190295486531298,0.0,5.0,4.3558,1.2572263599999998,4.348850351962455,4.362749648037545,0.006949648037545053,0.0,0.35,0.09057615000000002,0.0026478168011775,0.09025721657397817,0.09089508342602187,0.00031893342602185015,0.0,71.8,19.874548,65.089732195696,19.824543128716996,19.924552871283005,0.05000487128300435,0.0,359.0,99.37274,1627.2433048924,99.12271564358497,99.62276435641502,0.2500243564150253,0.0,1.0,0.33109,0.22146941189999997,0.3281731577129453,0.3340068422870547,0.0029168422870546884,0.33109,0.328173144134471,0.33401665549438564
T-traverse_p_qa-W-20-HS-weighted-D-5-C-5-H-2-RUNS-100000.csv,traverse_p_qa,20,weighted,5,5,2,100000,2.0,140.0,33.89011,220.97849418789997,33.797973634580465,33.982246365419535,0.09213636541953463,0.0,5.0,4.77463,0.3892983631,4.770762793525444,4.778497206474556,0.003867206474556184,0.0,0.3675,0.10182835,0.0024942687612775002,0.1015188022189819,0.1021378977810181,0.00030954778101810465,0.0,64.8,22.01951,69.7040333599,21.967763018005357,22.071256981994644,0.05174698199464345,0.0,324.0,110.09755,1742.6008339975003,109.83881509002678,110.35628490997321,0.2587349099732137,0.0,1.0,0.35243,0.12590809509999998,0.3502307079817902,0.35462929201820986,0.002199292018209842,0.1478,0.14560557441161512,0.15001487421752105
T-traverse_p_qa-W-20-HS-weighted-D-5-C-5-H-3-RUNS-100000.csv,traverse_p_qa,20,weighted,5,5,3,100000,2.0,130.0,38.01436,258.53535379040005,37.91470111102761,38.114018888972396,0.09965888897239239,0.0,5.0,4.88326,0.17949177239999997,4.880634099025379,4.885885900974621,0.0026259009746212314,0.0,0.3575,0.10870940000000001,0.00287708797664,0.10837694517342863,0.10904185482657139,0.0003324548265713767,0.0,74.4,24.46283,90.5027479911,24.403865997703463,24.521794002296538,0.05896400229653764,0.0,372.0,122.31415,2262.5686997775,122.01932998851731,122.60897001148268,0.29482001148268466,0.0,1.0,0.37908333333333327,0.09429915972222223,0.3771800213463251,0.38098664532034143,0.0019033119870081605,0.08819,0.08643940206327258,0.0899645255440871
T-traverse_p_qa-W-20-HS-weighted-D-5-C-5-H-4-RUNS-100000.csv,traverse_p_qa,20,weighted,5,5,4,100000,2.0,132.0,41.59085,345.9699062775,41.475564355101966,41.70613564489804,0.11528564489803728,0.0,5.0,4.92601,0.0938554799,4.924111170856596,4.927908829143403,0.0018988291434034466,0.0,0.36,0.10922892500000002,0.0030231150058443747,0.10888813769673812,0.10956971230326192,0.0003407873032618969,0.0,82.8,26.589698,124.597951068796,26.52051306747666,26.658882932523337,0.06918493252333846,0.0,414.0,132.94849,3114.9487767199003,132.6025653373833,133.29441466261667,0.34592466261668164,0.0,1.0,0.39941,0.0829041519,0.39762538634450184,0.40119461365549813,0.0017846136554981462,0.06411,0.06259947776375316,0.06564586394631013
T-traverse_p_qa-W-20-HS-weighted-D-5-C-5-H-5-RUNS-100000.csv,traverse_p_qa,20,weighted,5,5,5,100000,2.0,143.0,44.9698,480.59974796000006,44.8339224083315,45.105677591668496,0.13587759166849622,3.0,5.0,4.94237,0.0566887831,4.940894277705133,4.943845722294868,0.0014757222948675874,0.0,0.34,0.10480355,0.0027617462823975,0.10447782734929148,0.10512927265070851,0.00032572265070851536,0.0,108.4,29.433306,190.60716231036403,29.34773518285236,29.518876817147643,0.08557081714764081,0.0,542.0,147.16653,4765.1790577591,146.7386759142618,147.5943840857382,0.42785408573820405,0.0,1.0,0.42090200000000005,0.08210110639599999,0.41912605064731323,0.4226779493526869,0.001775949352686823,0.05644,0.055017582992564526,0.057888211504765474
