filename,tactic,grid_width,hide_strategy,swarm_size,n_hider_candidates,n_hiders,runs,steps_min,steps_max,steps_mean,steps_var,steps_ci_lower,steps_ci_upper,steps_half_width,taken_down_min,taken_down_max,taken_down_mean,taken_down_var,taken_down_ci_lower,taken_down_ci_upper,taken_down_half_width,area_covered_min,area_covered_max,area_covered_mean,area_covered_var,area_covered_ci_lower,area_covered_ci_upper,area_covered_half_width,mean_distance_travelled_min,mean_distance_travelled_max,mean_distance_travelled_mean,mean_distance_travelled_var,mean_distance_travelled_ci_lower,mean_distance_travelled_ci_upper,mean_distance_travelled_half_width,total_distance_covered_min,total_distance_covered_max,total_distance_covered_mean,total_distance_covered_var,total_distance_covered_ci_lower,total_distance_covered_ci_upper,total_distance_covered_half_width,hider_frac_found_min,hider_frac_found_max,hider_frac_found_mean,hider_frac_found_var,hider_frac_found_ci_lower,hider_frac_found_ci_upper,hider_frac_found_half_width,all_found_mean,all_found_ci_lower,all_found_ci_upper
T-discounted_distance-W-20-HS-greedy-D-1-C-5-H-1-RUNS-100000.csv,discounted_distance,20,greedy,1,5,1,100000,1.0,72.0,19.41866,127.4203838044,19.348695855867238,19.48862414413276,0.06996414413276142,0.0,1.0,0.69239,0.21298608789999998,0.6895295675933931,0.6952504324066068,0.0028604324066068276,0.0,0.1775,0.044611625,0.0007863347273593751,0.044437820987140005,0.04478542901286,0.00017380401285999741,0.0,71.0,17.99448,129.6499295296,17.92390640938135,18.06505359061865,0.07057359061865043,0.0,71.0,17.99448,129.6499295296,17.92390640938135,18.06505359061865,0.07057359061865043,0.0,1.0,0.26821,0.19627339589999995,0.26546408689560386,0.27095591310439615,0.002745913104396147,0.26821,0.2654658906660006,0.27096755895954133
T-discounted_distance-W-20-HS-greedy-D-1-C-5-H-2-RUNS-100000.csv,discounted_distance,20,greedy,1,5,2,100000,2.0,70.0,22.47105,152.0321418975,22.394627053425467,22.547472946574537,0.07642294657453519,0.0,1.0,0.79904,0.1605750784,0.7965563228446888,0.8015236771553111,0.0024836771553111703,0.0,0.17,0.051480725000000005,0.000962614015974375,0.05128842372585531,0.0516730262741447,0.00019230127414469195,0.0,69.0,20.79678,158.7470816316,20.7186875683055,20.874872431694495,0.07809243169449687,0.0,69.0,20.79678,158.7470816316,20.7186875683055,20.874872431694495,0.07809243169449687,0.0,1.0,0.27595,0.12421159749999999,0.27376557496590975,0.2781344250340902,0.0021844250340902205,0.12477,0.12272774121705156,0.1268340493615724
T-discounted_distance-W-20-HS-greedy-D-1-C-5-H-3-RUNS-100000.csv,discounted_distance,20,greedy,1,5,3,100000,2.0,73.0,23.49424,172.59514682239998,23.412812638748825,23.575667361251178,0.08142736125117622,0.0,1.0,0.82865,0.14198917750000004,0.826314479449279,0.830985520550721,0.0023355205507209487,0.0,0.18,0.053765125000000004,0.001091768521234375,0.05356032905396654,0.053969920946033464,0.00020479594603346057,0.0,72.0,21.72982,180.05822276759997,21.64665079484665,21.81298920515335,0.08316920515335013,0.0,72.0,21.72982,180.05822276759997,21.64665079484665,21.81298920515335,0.08316920515335013,0.0,1.0,0.28096333333333334,0.10158071643333333,0.2789879030504575,0.2829387636162092,0.001975430282875834,0.06423,0.06271815152502629,0.06576718311281621
T-discounted_distance-W-20-HS-greedy-D-1-C-5-H-4-RUNS-100000.csv,discounted_distance,20,greedy,1,5,4,100000,2.0,71.0,24.03967,186.56367629110002,23.95501168565109,24.12432831434891,0.08465831434891058,0.0,1.0,0.83365,0.13867767749999999,0.8313418748606629,0.8359581251393371,0.0023081251393370916,0.0,0.175,0.055011375,0.001175905433109375,0.054798834220105105,0.0552239157798949,0.00021254077989489584,0.0,70.0,22.23362,194.0273216956,22.14728487626546,22.319955123734537,0.08633512373453911,0.0,70.0,22.23362,194.0273216956,22.14728487626546,22.319955123734537,0.08633512373453911,0.0,1.0,0.2899175,0.09169221819374998,0.28804068134756416,0.2917943186524358,0.00187681865243583,0.0276,0.026593347437684853,0.0286341758034082
T-discounted_distance-W-20-HS-greedy-D-1-C-5-H-5-RUNS-100000.csv,discounted_distance,20,greedy,1,5,5,100000,2.0,72.0,24.2308,195.37785136,24.144164928938416,24.31743507106158,0.08663507106158264,0.0,1.0,0.83579,0.1372450759,0.8334938277861245,0.8380861722138756,0.002296172213875569,0.0,0.175,0.055393525,0.001226668575574375,0.05517644506080878,0.05561060493919122,0.00021707993919121982,0.0,71.0,22.39519,202.53841486390002,22.306981634493027,22.48339836550697,0.08820836550697209,0.0,71.0,22.39519,202.53841486390002,22.306981634493027,22.48339836550697,0.08820836550697209,0.0,1.0,0.29513200000000006,0.086079502576,0.29331353081660444,0.2969504691833957,0.0018184691833956212,0.00018,0.00010668278554057129,0.0002844627421626033
T-discounted_distance-W-20-HS-greedy-D-10-C-5-H-1-RUNS-100000.csv,discounted_distance,20,greedy,10,5,1,100000,1.0,73.0,27.86649,192.66750507990002,27.780457942747198,27.9525220572528,0.08603205725280105,0.0,10.0,6.91428,4.4383520816,6.9012222921779225,6.927337707822077,0.013057707822077269,0.0025,0.18,0.06799405,0.0011174501645975,0.06778685934981718,0.06820124065018282,0.00020719065018282024,0.2,53.6,17.986659,57.940380517719,17.939480216018545,18.033837783981454,0.047178783981454586,2.0,536.0,179.86659,5794.0380517719,179.39480216018546,180.33837783981454,0.47178783981453876,0.0,1.0,0.72995,0.19712299749999998,0.7271981502453877,0.7327018497546123,0.00275184975461229,0.72995,0.7271865580762691,0.7327000991330123
T-discounted_distance-W-20-HS-greedy-D-10-C-5-H-2-RUNS-100000.csv,discounted_distance,20,greedy,10,5,2,100000,2.0,74.0,36.03699,132.8163617399,35.96555980083606,36.108420199163945,0.07143019916394167,1.0,10.0,7.9969,1.9523103899999998,7.988239748505832,8.005560251494169,0.008660251494168492,0.0025,0.18,0.087317,0.000776257386,0.08714431327862115,0.08748968672137886,0.00017268672137885077,0.5,52.2,20.77938,47.022669215600004,20.736877966394694,20.821882033605306,0.04250203360530591,5.0,522.0,207.7938,4702.26692156,207.36877966394695,208.21882033605306,0.425020336053052,0.0,1.0,0.73544,0.07640800639999999,0.7337267312020986,0.7371532687979013,0.0017132687979013461,0.49912,0.49601609281507253,0.5022239582326418
T-discounted_distance-W-20-HS-greedy-D-10-C-5-H-3-RUNS-100000.csv,discounted_distance,20,greedy,10,5,3,100000,5.0,74.0,39.94593,102.84754643509999,39.88307308833667,40.00878691166332,0.06285691166332441,2.0,10.0,8.27456,1.4741368064000004,8.267034680102835,8.282085319897163,0.0075253198971640956,0.0075,0.18,0.09635157500000001,0.000618713557519375,0.09619740463960066,0.09650574536039935,0.0001541703603993444,1.5,54.6,21.693754000000002,45.039989387484006,21.652157651214207,21.735350348785797,0.0415963487857951,15.0,546.0,216.93754,4503.9989387484,216.52157651214205,217.35350348785798,0.4159634878579652,0.0,1.0,0.7420533333333335,0.038603517155555565,0.7408355514501344,0.7432711152165326,0.0012177818831990983,0.3063,0.30344366909417264,0.30916756930582245
T-discounted_distance-W-20-HS-greedy-D-10-C-5-H-4-RUNS-100000.csv,discounted_distance,20,greedy,10,5,4,100000,3.0,73.0,42.16463,88.5279269631,42.106312859790506,42.2229471402095,0.05831714020949619,2.0,10.0,8.34505,1.4007304975000001,8.337714438481482,8.352385561518519,0.007335561518518219,0.0025,0.1775,0.1013539,0.0005519894547900001,0.10120827985408876,0.10149952014591124,0.0001456201459112405,1.0,55.2,22.154918000000002,45.202499813276,22.11324667613302,22.196589323866984,0.041671323866982135,10.0,552.0,221.54918,4520.2499813276,221.1324667613302,221.96589323866982,0.41671323866981425,0.0,1.0,0.7496625,0.021120511093749995,0.7487617416782636,0.7505632583217364,0.0009007583217364168,0.14378,0.14161070005646162,0.14596998268601244
T-discounted_distance-W-20-HS-greedy-D-10-C-5-H-5-RUNS-100000.csv,discounted_distance,20,greedy,10,5,5,100000,2.0,76.0,43.63804,82.3208449584,43.581804445588915,43.69427555441108,0.05623555441108152,2.0,10.0,8.34681,1.3932728239000003,8.339493992290672,8.354126007709327,0.007316007709327721,0.0,0.185,0.104630775,0.000529412610399375,0.10448816393857381,0.10477338606142618,0.0001426110614261844,0.0,54.9,22.446714,45.22732580220401,22.405031234400564,22.488396765599436,0.04168276559943607,0.0,549.0,224.46714,4522.7325802204,224.05031234400565,224.88396765599435,0.41682765599435356,0.0,1.0,0.756204,0.011969910384000004,0.7555258878578643,0.7568821121421356,0.0006781121421356451,0.00163,0.0013895307109948307,0.0019000741726628114
T-discounted_distance-W-20-HS-greedy-D-5-C-5-H-1-RUNS-100000.csv,discounted_distance,20,greedy,5,5,1,100000,1.0,75.0,26.6425,174.64261375,26.560591083209335,26.72440891679066,0.08190891679066326,0.0,5.0,3.45972,1.5823775215999998,3.451923294614404,3.467516705385596,0.00779670538559607,0.0,0.1775,0.06437085000000001,0.0010166644202775,0.06417322363442754,0.06456847636557247,0.0001976263655724675,0.0,60.2,17.972506,65.373705279964,17.92239216695926,18.02261983304074,0.05011383304074002,0.0,301.0,89.86253,1634.3426319991,89.6119608347963,90.1130991652037,0.2505691652037001,0.0,1.0,0.62871,0.2334337359,0.625715406471934,0.631704593528066,0.0029945935280659697,0.62871,0.6257067630524726,0.6317057700359379
T-discounted_distance-W-20-HS-greedy-D-5-C-5-H-2-RUNS-100000.csv,discounted_distance,20,greedy,5,5,2,100000,2.0,74.0,33.77608,135.0449998336,33.70405300010685,33.84810699989315,0.07202699989314709,0.0,5.0,4.00023,0.8694499471,3.9944506584139896,4.006009341586011,0.005779341586010567,0.0,0.18,0.080980975,0.000819985250549375,0.08080349104752793,0.08115845895247206,0.0001774839524720656,0.0,57.8,20.77563,59.7511657031,20.727719658927843,20.823540341072157,0.04791034107215708,0.0,289.0,103.87815,1493.7791425775004,103.63859829463922,104.11770170536079,0.23955170536078185,0.0,1.0,0.63736,0.10668723040000001,0.6353355255884438,0.6393844744115563,0.0020244744115562874,0.38847,0.3854473751340822,0.3914990949817654
T-discounted_distance-W-20-HS-greedy-D-5-C-5-H-3-RUNS-100000.csv,discounted_distance,20,greedy,5,5,3,100000,2.0,76.0,36.86814,123.4640529404,36.79927059418175,36.937009405818245,0.06886940581824774,0.0,5.0,4.13396,0.7279147184,4.128671940637431,4.139248059362569,0.005288059362569264,0.0,0.1825,0.088011325,0.000777255734244375,0.08783852726770373,0.08818412273229627,0.0001727977322962676,0.0,60.4,21.715076,60.107415114224,21.66702304526225,21.76312895473775,0.04805295473774862,0.0,302.0,108.57538,1502.6853778556,108.33511522631126,108.81564477368873,0.240264773688736,0.0,1.0,0.6443066666666667,0.06715114151111112,0.6427005289850557,0.6459128043482777,0.0016061376816109973,0.2225,0.2199251925719292,0.22509091190300337
T-discounted_distance-W-20-HS-greedy-D-5-C-5-H-4-RUNS-100000.csv,discounted_distance,20,greedy,5,5,4,100000,2.0,73.0,38.5716,123.64267344000001,38.50268079409285,38.64051920590714,0.06891920590714307,0.0,5.0,4.17017,0.6952321711,4.165002017890416,4.175337982109584,0.005167982109584024,0.0,0.1775,0.09184977500000001,0.000792893769949375,0.09167524761800401,0.092024302381996,0.00017452738199599804,0.0,60.2,22.157762,61.207713151356,22.109271222439496,22.206252777560508,0.048490777560505904,0.0,301.0,110.78881,1530.1928287839,110.54635611219747,111.03126388780252,0.24245388780252597,0.0,1.0,0.65324,0.047863752399999994,0.6518840007698387,0.6545959992301614,0.0013559992301613866,0.09799,0.09615402004028195,0.09984933410716887
T-discounted_distance-W-20-HS-greedy-D-5-C-5-H-5-RUNS-100000.csv,discounted_distance,20,greedy,5,5,5,100000,2.0,75.0,39.55533,126.90163859110001,39.485508417748406,39.62515158225159,0.06982158225159196,0.0,5.0,4.17084,0.6955736943999999,4.165670748695984,4.176009251304016,0.0051692513040162424,0.0,0.1825,0.09402677499999998,0.000821107520599375,0.0938491696326505,0.09420438036734946,0.0001776053673494815,0.0,59.8,22.416354000000005,62.346420146684,22.367414240332074,22.465293759667937,0.04893975966793107,0.0,299.0,112.08177,1558.6605036670999,111.83707120166034,112.32646879833968,0.24469879833966957,0.0,1.0,0.65992,0.0392023936,0.6586928084287538,0.6611471915712461,0.0012271915712461778,0.00111,0.0009132186254430134,0.0013365747591738376
T-discounted_distance-W-20-HS-random-D-1-C-5-H-1-RUNS-100000.csv,discounted_distance,20,random,1,5,1,100000,1.0,70.0,19.0578,121.44547916,18.989495904021716,19.126104095978285,0.06830409597828435,0.0,1.0,0.67012,0.2210591856,0.6672058603887238,0.6730341396112763,0.0029141396112762896,0.0,0.1725,0.043865,0.000752396025,0.043694988101309354,0.04403501189869065,0.00017001189869064737,0.0,69.0,17.68504,123.87988019839999,17.616054715498873,17.75402528450113,0.06898528450112806,0.0,69.0,17.68504,123.87988019839999,17.616054715498873,17.75402528450113,0.06898528450112806,0.0,1.0,0.29736,0.2089370304,0.2945268877608103,0.3001931122391897,0.0028331122391896946,0.29736,0.29452784930312487,0.3002039080215351
T-discounted_distance-W-20-HS-random-D-1-C-5-H-2-RUNS-100000.csv,discounted_distance,20,random,1,5,2,100000,2.0,70.0,22.31306,147.75499343639999,22.237719733025077,22.388400266974923,0.0753402669749228,0.0,1.0,0.79071,0.1654876959,0.7881886163866452,0.7932313836133549,0.002521383613354855,0.0,0.1725,0.0511679,0.00093927875959,0.05097794386604163,0.05135785613395837,0.00018995613395837024,0.0,69.0,20.6647,154.79417391,20.587585974136175,20.741814025863825,0.07711402586382476,0.0,69.0,20.6647,154.79417391,20.587585974136175,20.741814025863825,0.07711402586382476,0.0,1.0,0.296355,0.13152621397500003,0.29410717637790157,0.2986028236220984,0.0022478236220984105,0.14235,0.14018977654653386,0.144530989487792
T-discounted_distance-W-20-HS-random-D-1-C-5-H-3-RUNS-100000.csv,discounted_distance,20,random,1,5,3,100000,2.0,71.0,23.39626,168.71961801240002,23.31575203240943,23.476767967590572,0.08050796759057022,0.0,1.0,0.82351,0.1453412799,0.8211470716031504,0.8258729283968496,0.002362928396849595,0.0,0.175,0.0535788,0.0010703339405599998,0.05337602438839803,0.053781575611601976,0.00020277561160197272,0.0,70.0,21.64876,176.4974904624,21.566417255367558,21.73110274463244,0.08234274463244162,0.0,70.0,21.64876,176.4974904624,21.566417255367558,21.73110274463244,0.08234274463244162,0.0,1.0,0.29686666666666667,0.10642796,0.29484465368170343,0.2988886796516299,0.0020220129849632396,0.07601,0.07437476932128918,0.07766987245429358
T-discounted_distance-W-20-HS-random-D-1-C-5-H-4-RUNS-100000.csv,discounted_distance,20,random,1,5,4,100000,2.0,74.0,23.84435,182.4460430775,23.76063114196392,23.928068858036077,0.08371885803607881,0.0,1.0,0.83573,0.1372853671,0.8334334907658549,0.838026509234145,0.002296509234145039,0.0,0.1825,0.054533975,0.001151832758199375,0.054323620995429166,0.05474432900457083,0.0002103540045708327,0.0,73.0,22.04192,189.96490271360003,21.956493471903364,22.127346528096638,0.08542652809663664,0.0,73.0,22.04192,189.96490271360003,21.956493471903364,22.127346528096638,0.08542652809663664,0.0,1.0,0.2945325,0.09385623144375001,0.292633663254215,0.2964313367457849,0.0018988367457849487,0.0333,0.032196523829095956,0.03443065204931746
T-discounted_distance-W-20-HS-random-D-1-C-5-H-5-RUNS-100000.csv,discounted_distance,20,random,1,5,5,100000,2.0,72.0,24.32694,194.1168302364,24.24058496453384,24.41329503546616,0.08635503546615908,0.0,1.0,0.83377,0.13859758709999997,0.831462541461687,0.8360774585383131,0.0023074585383130453,0.0,0.175,0.055635625,0.001218473418359375,0.05541927141246401,0.05585197858753599,0.0002163535875359876,0.0,71.0,22.49342,201.2975367036,22.405482259694683,22.581357740305318,0.08793774030531765,0.0,71.0,22.49342,201.2975367036,22.405482259694683,22.581357740305318,0.08793774030531765,0.0,1.0,0.297032,0.08634879097600001,0.2952106886169208,0.29885331138307925,0.0018213113830792271,0.00025,0.00016179314598591457,0.00036902734901889805
T-discounted_distance-W-20-HS-random-D-10-C-5-H-1-RUNS-100000.csv,discounted_distance,20,random,10,5,1,100000,1.0,72.0,27.49095,186.65123809749997,27.406271821212584,27.57562817878742,0.08467817878741712,0.0,10.0,6.71341,5.1464161719,6.699349248823063,6.727470751176936,0.014060751176936392,0.0025,0.1775,0.067132,0.001085011951,0.06692783874238824,0.06733616125761176,0.00020416125761175963,0.3,51.0,17.699810999999997,54.713868464278995,17.65396464822667,17.745657351773325,0.045846351773327854,3.0,510.0,176.99811,5471.386846427901,176.5396464822667,177.4565735177333,0.45846351773329275,0.0,1.0,0.75649,0.18421287990000004,0.7538297891071875,0.7591502108928125,0.0026602108928125423,0.75649,0.753817422165843,0.7591476938354238
T-discounted_distance-W-20-HS-random-D-10-C-5-H-2-RUNS-100000.csv,discounted_distance,20,random,10,5,2,100000,3.0,73.0,35.65362,129.1312608956,35.583187716787215,35.72405228321278,0.0704322832127815,0.0,10.0,7.90993,2.1940773951,7.900749167945651,7.919110832054349,0.00918083205434872,0.005,0.1725,0.08648932499999999,0.0007570132235443751,0.08631879224656043,0.08665985775343955,0.00017053275343956176,0.8,49.8,20.600625,45.298012109375,20.55890967388125,20.642340326118752,0.041715326118751506,8.0,498.0,206.00625,4529.8012109375,205.5890967388125,206.4234032611875,0.41715326118750795,0.0,1.0,0.755965,0.07676941877500001,0.7542476840734272,0.7576823159265728,0.00171731592657276,0.54054,0.5374450894576228,0.5436325588352284
T-discounted_distance-W-20-HS-random-D-10-C-5-H-3-RUNS-100000.csv,discounted_distance,20,random,10,5,3,100000,4.0,74.0,39.7063,100.54846031,39.64414962066673,39.76845037933327,0.062150379333267836,1.0,10.0,8.25038,1.5392498556,8.24269027812904,8.25806972187096,0.007689721870960398,0.005,0.1825,0.095865775,0.000606713121149375,0.09571310708830251,0.09601844291169749,0.0001526679116974905,0.9,51.3,21.643054000000003,44.472727353084004,21.60172042655182,21.684387573448184,0.04133357344818123,9.0,513.0,216.43054,4447.2727353084,216.01720426551822,216.8438757344818,0.41333573448179095,0.0,1.0,0.7564433333333335,0.040294594566666675,0.7551991640744008,0.7576875025922661,0.0012441692589326703,0.34609,0.34314099519142666,0.34904793396686157
T-discounted_distance-W-20-HS-random-D-10-C-5-H-4-RUNS-100000.csv,discounted_distance,20,random,10,5,4,100000,5.0,73.0,42.02398,86.92730495960001,41.96619246373717,42.08176753626283,0.057787536262829065,2.0,10.0,8.34966,1.4050178844000003,8.342313220634379,8.357006779365621,0.007346779365621003,0.0075,0.1775,0.101084525,0.000542405118024375,0.10094017461027407,0.10122887538972591,0.00014435038972591963,1.7,55.2,22.141188,44.608738148656,22.09979126963734,22.18258473036266,0.041396730362659895,17.0,552.0,221.41188,4460.8738148656,220.9979126963734,221.8258473036266,0.41396730362660605,0.0,1.0,0.7560425,0.022782863193749996,0.7551069646065214,0.7569780353934785,0.0009355353934785704,0.16886,0.16654270082712525,0.1711965220269435
T-discounted_distance-W-20-HS-random-D-10-C-5-H-5-RUNS-100000.csv,discounted_distance,20,random,10,5,5,100000,5.0,75.0,43.64497,81.4188436991,43.589043384694364,43.70089661530564,0.05592661530563703,1.0,10.0,8.34415,1.4017307775000003,8.336811819738626,8.351488180261375,0.007338180261374561,0.0075,0.1825,0.104641425,0.000524042736469375,0.10449953903958034,0.10478331096041965,0.00014188596041965484,1.2,53.9,22.408629000000005,44.868272040359,22.367112021079297,22.450145978920713,0.041516978920707714,12.0,539.0,224.08629,4486.8272040359,223.6711202107929,224.50145978920708,0.41516978920708425,0.0,1.0,0.75664,0.0117383104,0.75596848013259,0.75731151986741,0.0006715198674099865,0.00167,0.0014264839217547672,0.0019431096020383616
T-discounted_distance-W-20-HS-random-D-5-C-5-H-1-RUNS-100000.csv,discounted_distance,20,random,5,5,1,100000,1.0,70.0,26.17797,170.12157667909997,26.09712823796017,26.258811762039826,0.08084176203982807,0.0,5.0,3.3524,1.75247424,3.344194937513715,3.3606050624862847,0.008205062486284831,0.0,0.1725,0.063334875,0.0009928035462343748,0.0631395815258844,0.06353016847411559,0.00019529347411559317,0.0,58.6,17.70413,62.6215149431,17.655082389272724,17.753177610727274,0.049047610727274815,0.0,293.0,88.52065,1565.5378735775,88.27541194636363,88.76588805363637,0.24523805363637052,0.0,1.0,0.66123,0.22400488709999997,0.6582965086086996,0.6641634913913004,0.0029334913913003913,0.66123,0.6582869189830598,0.6641637270778633
T-discounted_distance-W-20-HS-random-D-5-C-5-H-2-RUNS-100000.csv,discounted_distance,20,random,5,5,2,100000,2.0,72.0,33.34378,132.1389353116,33.27253219765544,33.41502780234457,0.07124780234456551,0.0,5.0,3.95472,0.9529497216,3.9486695027886145,3.9607704972113855,0.006050497211385508,0.0,0.1775,0.0800375,0.0008039167187499998,0.07986176365012468,0.08021323634987532,0.00017573634987531894,0.0,58.0,20.604197999999997,57.724746776796,20.557107089282773,20.65128891071722,0.04709091071722327,0.0,290.0,103.02099,1443.1186694198998,102.78553544641389,103.2564445535861,0.23545455358610923,0.0,1.0,0.658635,0.108447436775,0.6565938932582669,0.660676106741733,0.0020411067417330786,0.42586,0.4227924699518044,0.4289318309478461
T-discounted_distance-W-20-HS-random-D-5-C-5-H-3-RUNS-100000.csv,discounted_distance,20,random,5,5,3,100000,2.0,73.0,36.70962,121.63523945560001,36.64126256178786,36.77797743821214,0.06835743821213924,0.0,5.0,4.11781,0.7454308039,4.112458694573974,4.123161305426027,0.005351305426026798,0.0,0.1775,0.087738425,0.0007657393410193752,0.08756691219428392,0.08790993780571607,0.00017151280571607586,0.0,61.0,21.688915999999995,58.954870744944,21.64132597673316,21.73650602326683,0.047590023266835146,0.0,305.0,108.44458,1473.8717686236,108.20662988366584,108.68253011633416,0.23795011633416152,0.0,1.0,0.66077,0.06985967376666667,0.6591317908474739,0.6624082091525261,0.0016382091525261044,0.25786,0.2551507190029692,0.2605833316130929
T-discounted_distance-W-20-HS-random-D-5-C-5-H-4-RUNS-100000.csv,discounted_distance,20,random,5,5,4,100000,2.0,72.0,38.41996,122.20711359839999,38.35144205726968,38.48847794273033,0.06851794273032397,0.0,5.0,4.17052,0.7003629295999999,4.165332983294463,4.175707016705537,0.005187016705536784,0.0,0.1775,0.09152492500000001,0.000784050416244375,0.09135137362204396,0.09169847637795606,0.00017355137795604936,0.0,60.8,22.157731999999996,61.08679181617601,22.10928914506338,22.206174854936613,0.04844285493661715,0.0,304.0,110.78866,1527.1697954044,110.5464457253169,111.03087427468309,0.24221427468309287,0.0,1.0,0.6592875,0.05061186734374999,0.6578931164459241,0.660681883554076,0.0013943835540759508,0.11917,0.11716800077197749,0.1211941164354505
T-discounted_distance-W-20-HS-random-D-5-C-5-H-5-RUNS-100000.csv,discounted_distance,20,random,5,5,5,100000,2.0,72.0,39.52285,126.59749787749999,39.453112137411146,39.59258786258885,0.06973786258885184,0.0,5.0,4.17492,0.6946029936,4.169754356903334,4.180085643096667,0.00516564309666645,0.0,0.1775,0.093946525,0.000818673377924375,0.09376918308029024,0.09412386691970977,0.0001773419197097642,0.0,58.2,22.417792000000002,62.384948244736,22.36883712106266,22.466746878937343,0.04895487893734085,0.0,291.0,112.08896,1559.6237061184002,111.84418560531329,112.33373439468672,0.2447743946867149,0.0,1.0,0.659492,0.039089501936000005,0.6582665766827853,0.6607174233172146,0.0012254233172146467,0.00113,0.0009313678412573834,0.0013584163559304011
T-discounted_distance-W-20-HS-weighted-D-1-C-5-H-1-RUNS-100000.csv,discounted_distance,20,weighted,1,5,1,100000,1.0,72.0,19.0759,122.11243919000002,19.007408602993348,19.144391397006654,0.06849139700665319,0.0,1.0,0.67519,0.21930846390000003,0.6722874228779957,0.6780925771220042,0.0029025771220042573,0.0,0.175,0.04387200000000001,0.0007565829909999999,0.043701515712799524,0.04404248428720049,0.00017048428720048414,0.0,71.0,17.69159,124.6563132719,17.622388866117287,17.760791133882716,0.06920113388271432,0.0,71.0,17.69159,124.6563132719,17.622388866117287,17.760791133882716,0.06920113388271432,0.0,1.0,0.29088,0.20626882559999996,0.2880650358431679,0.29369496415683216,0.0028149641568321337,0.29088,0.28806618465151845,0.29370594883038154
T-discounted_distance-W-20-HS-weighted-D-1-C-5-H-2-RUNS-100000.csv,discounted_distance,20,weighted,1,5,2,100000,2.0,70.0,22.29893,148.5047908551,22.223398814086565,22.374461185913432,0.07553118591343377,0.0,1.0,0.79188,0.16480606559999997,0.7893638144313089,0.7943961855686912,0.002516185568691154,0.0,0.1725,0.051122675,0.000943001663344375,0.050932342785440725,0.051313007214559274,0.00019033221455927452,0.0,69.0,20.64817,155.4861656511,20.570883801104902,20.7254561988951,0.07728619889509858,0.0,69.0,20.64817,155.4861656511,20.570883801104902,20.7254561988951,0.07728619889509858,0.0,1.0,0.29443,0.1310859751,0.2921859414402825,0.29667405855971757,0.0022440585597175433,0.14112,0.13896764298419795,0.1432931946968515
T-discounted_distance-W-20-HS-weighted-D-1-C-5-H-3-RUNS-100000.csv,discounted_distance,20,weighted,1,5,3,100000,2.0,72.0,23.39879,168.1762965359,23.318411765335863,23.47916823466414,0.0803782346641384,0.0,1.0,0.82555,0.1440171975,0.823197859557943,0.827902140442057,0.0023521404420570047,0.0,0.175,0.053569775,0.001065301518949375,0.05336747664817291,0.05377207335182709,0.00020229835182709183,0.0,71.0,21.6487,175.85722831,21.566506744298838,21.730893255701165,0.08219325570116354,0.0,71.0,21.6487,175.85722831,21.566506744298838,21.730893255701165,0.08219325570116354,0.0,1.0,0.29501,0.10602354434444446,0.2929918323955786,0.2970281676044214,0.002018167604421417,0.07546,0.07383025165148442,0.07711442241982659
T-discounted_distance-W-20-HS-weighted-D-1-C-5-H-4-RUNS-100000.csv,discounted_distance,20,weighted,1,5,4,100000,2.0,71.0,23.93472,184.52307852159998,23.850525946857953,24.018914053142044,0.08419405314204553,0.0,1.0,0.83574,0.13727865240000003,0.833443546928283,0.838036453071717,0.0022964530717169973,0.0,0.175,0.054754275000000005,0.001163983306724375,0.05454281440624523,0.05496573559375478,0.0002114605937547781,0.0,70.0,22.13132,192.05825505759998,22.045424075030926,22.21721592496907,0.08589592496907272,0.0,70.0,22.13132,192.05825505759998,22.045424075030926,22.21721592496907,0.08589592496907272,0.0,1.0,0.294895,0.09342693897500001,0.2930005108108877,0.29678948918911235,0.001894489189112336,0.03234,0.03125215429418378,0.03345507977253821
T-discounted_distance-W-20-HS-weighted-D-1-C-5-H-5-RUNS-100000.csv,discounted_distance,20,weighted,1,5,5,100000,2.0,74.0,24.27672,195.1261460416,24.190140752911947,24.363299247088054,0.08657924708805353,0.0,1.0,0.83444,0.1381498864,0.8321362712755312,0.8367437287244687,0.002303728724468712,0.0,0.18,0.055515625,0.0012255889433593749,0.05529864061151066,0.05573260938848934,0.00021698438848934132,0.0,73.0,22.44246,202.32074914839998,22.354299045494706,22.530620954505295,0.0881609545052946,0.0,73.0,22.44246,202.32074914839998,22.354299045494706,22.530620954505295,0.0881609545052946,0.0,1.0,0.29687,0.08629100310000001,0.295049298164144,0.29869070183585605,0.0018207018358560312,0.00018,0.00010668278554057129,0.0002844627421626033
T-discounted_distance-W-20-HS-weighted-D-10-C-5-H-1-RUNS-100000.csv,discounted_distance,20,weighted,10,5,1,100000,1.0,72.0,27.46028,186.5886023216,27.375616030409706,27.544943969590296,0.0846639695902951,0.0,10.0,6.72693,5.1023227751,6.7129296131579075,6.740930386842093,0.014000386842092816,0.0025,0.175,0.067063125,0.001085812202734375,0.06685888846658777,0.06726736153341223,0.00020423653341222758,0.2,52.9,17.698172,55.058978258416,17.652181286711606,17.744162713288393,0.04599071328839344,2.0,529.0,176.98172,5505.897825841601,176.52181286711604,177.44162713288395,0.4599071328839557,0.0,1.0,0.75594,0.1844947164,0.7532777548900932,0.7586022451099067,0.002662245109906758,0.75594,0.7532654040144257,0.7585997439316229
T-discounted_distance-W-20-HS-weighted-D-10-C-5-H-2-RUNS-100000.csv,discounted_distance,20,weighted,10,5,2,100000,2.0,73.0,35.69013,129.6325305831,35.619561145008014,35.76069885499199,0.07056885499198984,0.0,10.0,7.91522,2.2042923516,7.9060178211830525,7.924422178816947,0.009202178816947182,0.005,0.1775,0.08653715000000001,0.0007588460448774999,0.08636641093106728,0.08670788906893273,0.00017073906893272373,0.6,53.4,20.62625,45.4415587375,20.584468629504766,20.668031370495232,0.041781370495233006,6.0,534.0,206.2625,4544.15587375,205.84468629504767,206.6803137049523,0.41781370495232295,0.0,1.0,0.754525,0.076499524375,0.7528107054720994,0.7562392945279006,0.0017142945279006172,0.53709,0.5339935245759626,0.5401843238525292
T-discounted_distance-W-20-HS-weighted-D-10-C-5-H-3-RUNS-100000.csv,discounted_distance,20,weighted,10,5,3,100000,5.0,74.0,39.6693,100.06401751,39.607299521802936,39.73130047819706,0.06200047819706356,2.0,10.0,8.25291,1.5328865319,8.245236189407507,8.260583810592493,0.007673810592493169,0.0075,0.1825,0.095748475,0.000603536222674375,0.09559620731619854,0.09590074268380146,0.0001522676838014575,1.0,51.8,21.626465,44.243135103775,21.585238257730612,21.667691742269387,0.04122674226938727,10.0,518.0,216.26465,4424.3135103775,215.8523825773061,216.6769174226939,0.41226742269390115,0.0,1.0,0.7545866666666667,0.04056562915555557,0.7533383200763162,0.7558350132570173,0.0012483465903505575,0.34251,0.339568370009124,0.3454607668951382
T-discounted_distance-W-20-HS-weighted-D-10-C-5-H-4-RUNS-100000.csv,discounted_distance,20,weighted,10,5,4,100000,4.0,73.0,42.10107,86.71267485509999,42.04335384873163,42.15878615126837,0.05771615126837304,2.0,10.0,8.34174,1.3989137724,8.334409197078047,8.349070802921952,0.0073308029219525395,0.005,0.18,0.1012609,0.00054032563119,0.10111682658313279,0.10140497341686722,0.00014407341686721586,1.2,52.9,22.142989000000004,44.470187445879,22.101656606881278,22.18432139311873,0.04133239311872572,12.0,529.0,221.42989,4447.018744587901,221.01656606881275,221.84321393118725,0.4133239311872501,0.0,1.0,0.75629,0.022391685900000003,0.7553625308600636,0.7572174691399365,0.0009274691399364654,0.16707,0.16476260647614144,0.16939672052222932
T-discounted_distance-W-20-HS-weighted-D-10-C-5-H-5-RUNS-100000.csv,discounted_distance,20,weighted,10,5,5,100000,5.0,77.0,43.64647,81.8740865391,43.590387249456846,43.702552750543155,0.0560827505431547,2.0,10.0,8.34605,1.3965393975000002,8.338725421002245,8.353374578997755,0.007324578997755182,0.0075,0.1875,0.10467625,0.0005260703109375,0.10453408981898937,0.10481841018101062,0.00014216018101062544,0.8,50.9,22.399261999999997,45.065608455356,22.35765382274575,22.440870177254244,0.041608177254246925,8.0,509.0,223.99262,4506.5608455356005,223.5765382274575,224.40870177254249,0.4160817725424977,0.0,1.0,0.756972,0.011626191216000004,0.7563036948588003,0.7576403051411996,0.0006683051411996432,0.00162,0.0013802982641992485,0.0018893095104712012
T-discounted_distance-W-20-HS-weighted-D-5-C-5-H-1-RUNS-100000.csv,discounted_distance,20,weighted,5,5,1,100000,1.0,72.0,26.19586,170.2469588604,26.11498845264507,26.27673154735493,0.0808715473549313,0.0,5.0,3.36765,1.7400234774999999,3.3594741366259186,3.375825863374081,0.00817586337408116,0.0,0.1775,0.063352275,0.0009931209398243751,0.06315695031127813,0.06354759968872187,0.00019532468872186792,0.0,57.8,17.678466,62.590491486843995,17.629430540167768,17.727501459832233,0.049035459832232675,0.0,289.0,88.39233,1564.7622871710998,88.14715270083883,88.63750729916117,0.24517729916117048,0.0,1.0,0.65538,0.22585705560000002,0.6524344058921959,0.658325594107804,0.0029455941078040393,0.65538,0.6524249865400132,0.6583259989985186
T-discounted_distance-W-20-HS-weighted-D-5-C-5-H-2-RUNS-100000.csv,discounted_distance,20,weighted,5,5,2,100000,2.0,72.0,33.4374,131.61296124,33.36629413864528,33.50850586135471,0.07110586135471664,0.0,5.0,3.95577,0.9409537070999999,3.9497577061272793,3.9617822938727203,0.006012293872720509,0.0,0.1775,0.08026172499999999,0.0007992234375243749,0.08008650237710005,0.08043694762289993,0.00017522262289994261,0.0,58.8,20.68455,57.592670097500005,20.63751299313875,20.731587006861254,0.04703700686125245,0.0,294.0,103.42275,1439.8167524375,103.18756496569372,103.65793503430626,0.23518503430626936,0.0,1.0,0.658685,0.10809157077500002,0.6566472449158712,0.6607227550841287,0.002037755084128734,0.42523,0.4221630762176869,0.4283012612307725
T-discounted_distance-W-20-HS-weighted-D-5-C-5-H-3-RUNS-100000.csv,discounted_distance,20,weighted,5,5,3,100000,2.0,72.0,36.65292,121.1409754736,36.58470158816131,36.721138411838695,0.06821841183869282,0.0,5.0,4.12318,0.7492866876000001,4.117814872099302,4.128545127900697,0.005365127900697431,0.0,0.1775,0.08758907500000002,0.000763352753144375,0.08741782968075072,0.08776032031924931,0.0001712453192492941,0.0,58.2,21.663946,59.078532109084,21.616306091420086,21.711585908579913,0.04763990857991374,0.0,291.0,108.31973,1476.9633027271,108.08153045710044,108.55792954289957,0.23819954289956513,0.0,1.0,0.6586666666666667,0.069536,0.6570322569946444,0.6603010763386891,0.00163440967202233,0.25419,0.2514935410328709,0.2569007227050984
T-discounted_distance-W-20-HS-weighted-D-5-C-5-H-4-RUNS-100000.csv,discounted_distance,20,weighted,5,5,4,100000,2.0,74.0,38.42783,122.5212114911,38.35922406103957,38.49643593896043,0.06860593896043099,0.0,5.0,4.17342,0.6915855036,4.168265589392928,4.178574410607072,0.005154410607072002,0.0,0.18,0.091554225,0.000786727572149375,0.09138037757720723,0.09172807242279278,0.00017384742279277776,0.0,62.0,22.11046,60.808668188400006,22.062127549233196,22.158792450766803,0.0483324507668037,0.0,310.0,110.5523,1520.2167047100002,110.31063774616598,110.79396225383402,0.24166225383402207,0.0,1.0,0.6583075,0.050411860443750005,0.6569158743208725,0.6596991256791276,0.0013916256791275394,0.11676,0.11477576162432038,0.11876649619694248
T-discounted_distance-W-20-HS-weighted-D-5-C-5-H-5-RUNS-100000.csv,discounted_distance,20,weighted,5,5,5,100000,2.0,74.0,39.5437,127.31155031,39.47376574146594,39.61363425853406,0.06993425853406166,0.0,5.0,4.16731,0.6986373639000001,4.1621293771637395,4.17249062283626,0.005180622836260085,0.0,0.18,0.0940217,0.00082359180411,0.09384382616058934,0.09419957383941066,0.00017787383941066104,0.0,64.0,22.433982,62.534972023676,22.384968292883915,22.482995707116086,0.049013707116085214,0.0,320.0,112.16991,1563.3743005918998,111.92484146441957,112.41497853558043,0.24506853558042963,0.0,1.0,0.660584,0.03910877894400001,0.6593582745609587,0.6618097254390412,0.0012257254390412031,0.00109,0.000895086234512055,0.001314716554639453
T-discounted_distance_reverse-W-20-HS-greedy-D-1-C-5-H-1-RUNS-100000.csv,discounted_distance_reverse,20,greedy,1,5,1,100000,1.0,71.0,19.13284,121.0964935344,19.064634113922498,19.201045886077505,0.06820588607750366,0.0,1.0,0.68124,0.21715206239999998,0.6783517282625835,0.6841282717374164,0.002888271737416459,0.0,0.1725,0.0439929,0.0007510441245900001,0.04382304090813192,0.044162759091868085,0.00016985909186808396,0.0,70.0,17.73848,123.5556472896,17.66958505282477,17.807374947175227,0.06889494717522737,0.0,70.0,17.73848,123.5556472896,17.66958505282477,17.807374947175227,0.06889494717522737,0.0,1.0,0.28688,0.20457986560000005,0.2840765842054933,0.28968341579450674,0.002803415794506714,0.28688,0.28407784859874696,0.28969451708924365
T-discounted_distance_reverse-W-20-HS-greedy-D-1-C-5-H-2-RUNS-100000.csv,discounted_distance_reverse,20,greedy,1,5,2,100000,2.0,71.0,22.30407,147.3991914351,22.228820499415804,22.379319500584195,0.07524950058419577,0.0,1.0,0.7937,0.16374031000000003,0.7911919633676997,0.7962080366323002,0.002508036632300259,0.0,0.175,0.051134675,0.0009378302001443751,0.050944865398112354,0.05132448460188764,0.000189809601887643,0.0,70.0,20.65179,154.4782397959,20.574754708996462,20.728825291003535,0.07703529100353634,0.0,70.0,20.65179,154.4782397959,20.574754708996462,20.728825291003535,0.07703529100353634,0.0,1.0,0.290965,0.13153186877500003,0.2887171280572816,0.29321287194271833,0.00224787194271836,0.14142,0.13926571924143322,0.14359510096433323
T-discounted_distance_reverse-W-20-HS-greedy-D-1-C-5-H-3-RUNS-100000.csv,discounted_distance_reverse,20,greedy,1,5,3,100000,2.0,72.0,23.34574,167.9985438524,23.265404254153996,23.426075745846003,0.08033574584600345,0.0,1.0,0.82804,0.1423897584,0.8257011872758396,0.8303788127241604,0.0023388127241603662,0.0,0.1775,0.053443525,0.001065984573074375,0.053241161803347974,0.053645888196652024,0.00020236319665202507,0.0,71.0,21.59125,175.6572534375,21.5091034903477,21.673396509652296,0.08214650965229708,0.0,71.0,21.59125,175.6572534375,21.5091034903477,21.673396509652296,0.08214650965229708,0.0,1.0,0.2906433333333333,0.10505200834444443,0.2886344336463006,0.292652233020366,0.002008899687032717,0.07355,0.07193948949960118,0.07518529676259379
T-discounted_distance_reverse-W-20-HS-greedy-D-1-C-5-H-4-RUNS-100000.csv,discounted_distance_reverse,20,greedy,1,5,4,100000,2.0,73.0,23.86424,182.4544892224,23.780519204148742,23.947960795851255,0.08372079585125647,0.0,1.0,0.83477,0.1379290471,0.8324681133230775,0.8370718866769226,0.0023018866769225488,0.0,0.1775,0.05460049999999999,0.0011531447747499999,0.054390026225703055,0.054810973774296924,0.0002104737742969348,0.0,72.0,22.06321,190.0590744959,21.977762300172362,22.14865769982764,0.08544769982763967,0.0,72.0,22.06321,190.0590744959,21.977762300172362,22.14865769982764,0.08544769982763967,0.0,1.0,0.2922925,0.09359071944374998,0.29039635098735594,0.2941886490126441,0.001896149012644066,0.03374,0.03262944313937336,0.03487770610619855
T-discounted_distance_reverse-W-20-HS-greedy-D-1-C-5-H-5-RUNS-100000.csv,discounted_distance_reverse,20,greedy,1,5,5,100000,2.0,72.0,24.124,192.582564,24.037986909260134,24.210013090739864,0.08601309073986485,0.0,1.0,0.83605,0.1370703975,0.8337552894756941,0.8383447105243058,0.002294710524305854,0.0,0.175,0.055156575,0.001211305421769375,0.05494085873013912,0.05537229126986088,0.00021571626986088138,0.0,71.0,22.28802,199.71004447960001,22.20042969763308,22.37561030236692,0.08759030236691956,0.0,71.0,22.28802,199.71004447960001,22.20042969763308,22.37561030236692,0.08759030236691956,0.0,1.0,0.29423200000000005,0.08605793017600001,0.29241375869433095,0.29605024130566915,0.0018182413056690994,7e-05,2.8144079025196645e-05,0.00014422140092245166
T-discounted_distance_reverse-W-20-HS-greedy-D-10-C-5-H-1-RUNS-100000.csv,discounted_distance_reverse,20,greedy,10,5,1,100000,1.0,72.0,27.2481,184.19636638999998,27.16398051586441,27.332219484135592,0.08411948413559145,0.0,10.0,6.78369,4.667279983899999,6.770299771179643,6.797080228820357,0.013390228820356675,0.0025,0.1775,0.066592075,0.001073730609694375,0.06638897789243316,0.06679517210756684,0.00020309710756684363,0.2,54.0,17.717921999999998,54.610393601916,17.672119021050904,17.763724978949092,0.04580297894909435,2.0,540.0,177.17922,5461.0393601916,176.72119021050904,177.63724978949094,0.45802978949095063,0.0,1.0,0.768,0.17817600000000006,0.7653837413705828,0.7706162586294172,0.0026162586294171675,0.768,0.7653710381266978,0.7706134093060931
T-discounted_distance_reverse-W-20-HS-greedy-D-10-C-5-H-2-RUNS-100000.csv,discounted_distance_reverse,20,greedy,10,5,2,100000,2.0,71.0,35.58857,127.5400353551,35.51857301436346,35.65856698563653,0.06999698563653567,1.0,10.0,7.94756,2.0300700464,7.9387289654681625,7.956391034531838,0.008831034531837645,0.005,0.175,0.08638905,0.0007477156650975,0.08621956771481837,0.08655853228518162,0.0001694822851816269,0.8,50.6,20.645543999999997,45.245608544064,20.603852810309263,20.687235189690732,0.041691189690734376,8.0,506.0,206.45544,4524.560854406401,206.03852810309266,206.87235189690736,0.41691189690735087,0.0,1.0,0.76498,0.07445059960000003,0.7632888186867655,0.7666711813132345,0.0016911813132345355,0.55431,0.551222822341667,0.5573940271419189
T-discounted_distance_reverse-W-20-HS-greedy-D-10-C-5-H-3-RUNS-100000.csv,discounted_distance_reverse,20,greedy,10,5,3,100000,5.0,74.0,39.60524,98.7190845424,39.54365759706068,39.666822402939324,0.06158240293932238,1.0,10.0,8.26411,1.4930359079000002,8.256536594726422,8.27168340527358,0.00757340527357897,0.005,0.1825,0.095665225,0.000595946538199375,0.09551391775558829,0.09581653224441172,0.0001513072444117164,0.6,53.1,21.615782000000003,44.168425928476,21.574590080276977,21.65697391972303,0.04119191972302616,6.0,531.0,216.15782,4416.8425928476,215.7459008027697,216.56973919723026,0.4119191972302758,0.0,1.0,0.7617333333333333,0.04040455111111112,0.7604874676762561,0.7629791989904104,0.0012458656570771831,0.3598,0.3568244469764635,0.36278368662968247
T-discounted_distance_reverse-W-20-HS-greedy-D-10-C-5-H-4-RUNS-100000.csv,discounted_distance_reverse,20,greedy,10,5,4,100000,5.0,73.0,42.02353,86.36935633910001,41.965928218837234,42.08113178116277,0.057601781162766486,2.0,10.0,8.35371,1.3877192359000001,8.346408587659477,8.361011412340522,0.007301412340522617,0.0075,0.18,0.101123225,0.000539007303099375,0.10097932745118186,0.10126712254881813,0.00014389754881813377,0.8,52.9,22.082182000000003,43.933274118876,22.041099879088947,22.12326412091106,0.04108212091105656,8.0,529.0,220.82182,4393.3274118876,220.41099879088944,221.23264120911057,0.41082120911056563,0.0,1.0,0.7594175,0.02239943569375,0.7584898703747663,0.7603451296252336,0.000927629625233628,0.17644,0.17408178667901825,0.17881699523203576
T-discounted_distance_reverse-W-20-HS-greedy-D-10-C-5-H-5-RUNS-100000.csv,discounted_distance_reverse,20,greedy,10,5,5,100000,3.0,74.0,43.54985,81.76949497749999,43.49380308287643,43.605896917123566,0.056046917123566686,3.0,10.0,8.35889,1.3818679679000003,8.351603996990473,8.366176003009528,0.00728600300952742,0.0025,0.1825,0.104448575,0.000525555867969375,0.10430648434505073,0.10459066565494927,0.00014209065494927287,0.3,51.4,22.332124,44.533710648624,22.290762096897296,22.373485903102704,0.041361903102703934,3.0,514.0,223.32124,4453.3710648624,222.90762096897294,223.73485903102704,0.41361903102705355,0.0,1.0,0.7558260000000001,0.011877857724000003,0.7551505003461696,0.7565014996538306,0.0006754996538305136,0.0007,0.0005457237254928445,0.0008843263332245019
T-discounted_distance_reverse-W-20-HS-greedy-D-5-C-5-H-1-RUNS-100000.csv,discounted_distance_reverse,20,greedy,5,5,1,100000,1.0,72.0,26.09353,167.4740021391,26.0133197683199,26.173740231680103,0.08021023168010188,0.0,5.0,3.38644,1.6426641264,3.378496160558031,3.3943838394419688,0.007943839441968858,0.0,0.1725,0.0631491,0.0009781896691899998,0.06295524919569008,0.06334295080430992,0.00019385080430991963,0.0,54.0,17.773284,62.471263055344004,17.724295266177478,17.822272733822523,0.048988733822522335,0.0,270.0,88.86642,1561.7815763836,88.62147633088739,89.11136366911262,0.24494366911261523,0.0,1.0,0.6681,0.22174238999999998,0.6651813606501933,0.6710186393498068,0.0029186393498067398,0.6681,0.6651715710260898,0.6710186763523005
T-discounted_distance_reverse-W-20-HS-greedy-D-5-C-5-H-2-RUNS-100000.csv,discounted_distance_reverse,20,greedy,5,5,2,100000,2.0,72.0,33.36375,129.8696959375,33.29311662092796,33.434383379072045,0.07063337907204215,0.0,5.0,3.97468,0.9067188975999999,3.968778092412601,3.9805819075873994,0.005901907587399169,0.0,0.175,0.080111325,0.0007910410442443751,0.07993700164311489,0.0802856483568851,0.0001743233568851088,0.0,58.2,20.630132,57.489865662575994,20.58313699303869,20.67712700696131,0.04699500696131054,0.0,291.0,103.15066,1437.2466415644003,102.91568496519345,103.38563503480655,0.23497503480655269,0.0,1.0,0.664,0.10706900000000001,0.661971906633313,0.6660280933666871,0.002028093366687078,0.43193,0.4288568888188682,0.4350070599423088
T-discounted_distance_reverse-W-20-HS-greedy-D-5-C-5-H-3-RUNS-100000.csv,discounted_distance_reverse,20,greedy,5,5,3,100000,2.0,75.0,36.62395,119.4729963975,36.556202862572604,36.6916971374274,0.06774713742739635,0.0,5.0,4.13007,0.7352517950999998,4.124755356741929,4.135384643258071,0.005314643258071072,0.0,0.1825,0.08754744999999999,0.0007544148734974999,0.08737721016394426,0.08771768983605571,0.00017023983605572723,0.0,60.0,21.62557,58.5101337751,21.578159818613464,21.672980181386535,0.0474101813865353,0.0,300.0,108.12785,1462.7533443775,107.89079909306732,108.36490090693268,0.23705090693268005,0.0,1.0,0.6625966666666667,0.06961787954444446,0.6609612950084253,0.6642320383249082,0.001635371658241458,0.2631,0.26037284304418007,0.2658409032934629
T-discounted_distance_reverse-W-20-HS-greedy-D-5-C-5-H-4-RUNS-100000.csv,discounted_distance_reverse,20,greedy,5,5,4,100000,2.0,75.0,38.35516,121.69974137439999,38.286784439566176,38.42353556043382,0.06837556043382165,0.0,5.0,4.17253,0.6936833991000001,4.167367777468975,4.177692222531025,0.005162222531025051,0.0,0.18,0.09141735000000001,0.0007816847439775,0.0912440606433602,0.09159063935663982,0.00017328935663980805,0.0,58.0,22.064541999999996,60.053106730236,22.016510758623692,22.1125732413763,0.04803124137630377,0.0,290.0,110.32271,1501.3276682559,110.08255379311848,110.56286620688152,0.2401562068815224,0.0,1.0,0.660245,0.050691539975000005,0.6588495193660678,0.6616404806339321,0.0013954806339321335,0.12313,0.12109938851278747,0.12518249770639206
T-discounted_distance_reverse-W-20-HS-greedy-D-5-C-5-H-5-RUNS-100000.csv,discounted_distance_reverse,20,greedy,5,5,5,100000,2.0,76.0,39.45919,126.31899454389999,39.3895288882202,39.5288511117798,0.06966111177980139,0.0,5.0,4.1753,0.6940899100000001,4.170136265113064,4.180463734886936,0.005163734886935778,0.0,0.18,0.09380744999999999,0.0008173631994975,0.09363025004325085,0.09398464995674913,0.00017719995674914113,0.0,59.6,22.342924000000004,61.63888233022399,22.294262728915108,22.3915852710849,0.04866127108489593,0.0,298.0,111.71462,1540.9720582556004,111.4713136445755,111.95792635542449,0.24330635542449386,0.0,1.0,0.658602,0.039270205596,0.65737374749413,0.65983025250587,0.0012282525058699978,0.00028,0.00018606577626777116,0.0004046527315984905
T-discounted_distance_reverse-W-20-HS-random-D-1-C-5-H-1-RUNS-100000.csv,discounted_distance_reverse,20,random,1,5,1,100000,1.0,68.0,18.95982,120.8327655676,18.89168842492614,19.02795157507386,0.0681315750738598,0.0,1.0,0.67132,0.22064945759999996,0.6684085622858866,0.6742314377141134,0.0029114377141133962,0.0,0.165,0.043616425,0.000748626657719375,0.04344683950037533,0.04378601049962467,0.0001695854996246679,0.0,67.0,17.58482,123.2393655676,17.51601328907988,17.653626710920122,0.06880671092012136,0.0,67.0,17.58482,123.2393655676,17.51601328907988,17.653626710920122,0.06880671092012136,0.0,1.0,0.29632,0.20851445759999998,0.29348975417972895,0.299150245820271,0.0028302458202710268,0.29632,0.29349074577888995,0.2991610719156177
T-discounted_distance_reverse-W-20-HS-random-D-1-C-5-H-2-RUNS-100000.csv,discounted_distance_reverse,20,random,1,5,2,100000,2.0,69.0,22.18817,146.63548205109998,22.113115695136955,22.263224304863044,0.07505430486304476,0.0,1.0,0.79354,0.16383426839999998,0.7910312438829463,0.7960487561170537,0.002508756117053701,0.0,0.1675,0.050849225,0.0009316517543993751,0.050660041666175354,0.05103840833382464,0.00018918333382464403,0.0,68.0,20.53589,153.5400919079,20.45908898327018,20.612691016729816,0.0768010167298172,0.0,68.0,20.53589,153.5400919079,20.45908898327018,20.612691016729816,0.0768010167298172,0.0,1.0,0.293325,0.13125294437499996,0.29107951272301313,0.29557048727698687,0.0022454872769868683,0.14126,0.13910674482689825,0.14343408469903823
T-discounted_distance_reverse-W-20-HS-random-D-1-C-5-H-3-RUNS-100000.csv,discounted_distance_reverse,20,random,1,5,3,100000,2.0,74.0,23.3349,167.36456199,23.254715980311488,23.415084019688514,0.08018401968851308,0.0,1.0,0.82583,0.14383481110000002,0.8234793494297923,0.8281806505702076,0.0023506505702076685,0.0,0.1775,0.05342084999999999,0.0010610002852775,0.053218960458519454,0.05362273954148053,0.00020188954148053773,0.0,73.0,21.58447,174.98670481910003,21.50248043205181,21.666459567948188,0.08198956794818812,0.0,73.0,21.58447,174.98670481910003,21.50248043205181,21.666459567948188,0.08198956794818812,0.0,1.0,0.2947666666666666,0.10645483444444444,0.29274439840552574,0.2967889349278075,0.0020222682611408804,0.0754,0.07377085125810051,0.07705382633665835
T-discounted_distance_reverse-W-20-HS-random-D-1-C-5-H-4-RUNS-100000.csv,discounted_distance_reverse,20,random,1,5,4,100000,2.0,74.0,23.76951,182.45836435990003,23.685788315083546,23.853231684916455,0.08372168491645482,0.0,1.0,0.83781,0.1358844039,0.8355252384675371,0.840094761532463,0.002284761532462931,0.0,0.175,0.05435375,0.0011518568609374998,0.05414339379455368,0.05456410620544632,0.0002103562054463215,0.0,73.0,21.96421,189.9307890759,21.878791142637358,22.049628857362645,0.08541885736264376,0.0,73.0,21.96421,189.9307890759,21.878791142637358,22.049628857362645,0.08541885736264376,0.0,1.0,0.29179,0.0931285959,0.28989853809446386,0.2936814619055361,0.0018914619055361293,0.03251,0.031419367914843545,0.03362785583975
T-discounted_distance_reverse-W-20-HS-random-D-1-C-5-H-5-RUNS-100000.csv,discounted_distance_reverse,20,random,1,5,5,100000,2.0,72.0,24.16699,193.6722643399,24.080733906262328,24.25324609373767,0.08625609373767062,0.0,1.0,0.83412,0.13836382560000002,0.8318144881860529,0.8364255118139471,0.0023055118139471142,0.0,0.1775,0.055254525000000006,0.001217476404524375,0.055038259946058765,0.055470790053941246,0.00021626505394124057,0.0,71.0,22.33298,200.85312431960003,22.24513938511223,22.42082061488777,0.08784061488777084,0.0,71.0,22.33298,200.85312431960003,22.24513938511223,22.42082061488777,0.08784061488777084,0.0,1.0,0.294416,0.08670161894399998,0.29259097139930557,0.29624102860069446,0.001825028600694445,0.00011,5.491284166458405e-05,0.00019681184123233634
T-discounted_distance_reverse-W-20-HS-random-D-10-C-5-H-1-RUNS-100000.csv,discounted_distance_reverse,20,random,10,5,1,100000,1.0,73.0,27.40553,185.9318954191,27.32101515104184,27.490044848958156,0.08451484895815753,0.0,10.0,6.72078,5.1130761916,6.706764867643276,6.734795132356725,0.014015132356724358,0.0025,0.18,0.066943075,0.001082045897044375,0.06673919298710809,0.06714695701289192,0.0002038820128919122,0.2,48.9,17.647057,54.373257138751,17.601353575114743,17.692760424885257,0.04570342488525725,2.0,489.0,176.47057,5437.3257138751,176.01353575114746,176.92760424885256,0.4570342488525512,0.0,1.0,0.75714,0.1838790204,0.7544822008263065,0.7597977991736936,0.0026577991736935758,0.75714,0.7544698148985391,0.7597952633503149
T-discounted_distance_reverse-W-20-HS-random-D-10-C-5-H-2-RUNS-100000.csv,discounted_distance_reverse,20,random,10,5,2,100000,2.0,73.0,35.65701,129.62524785989999,35.586443127306175,35.727576872693824,0.07056687269382422,0.0,10.0,7.91086,2.2133140603999997,7.901639009112664,7.920080990887335,0.009220990887335745,0.005,0.18,0.086506875,0.000760036265234375,0.08633600208475231,0.08667774791524768,0.00017087291524768566,0.4,50.7,20.590538,45.238478870556,20.548850095227856,20.63222590477214,0.041687904772143014,4.0,507.0,205.90538,4523.8478870556,205.48850095227857,206.32225904772145,0.41687904772143725,0.0,1.0,0.75534,0.07641148440000001,0.753626692209581,0.757053307790419,0.0017133077904190053,0.53856,0.5354641731487984,0.5416535900046062
T-discounted_distance_reverse-W-20-HS-random-D-10-C-5-H-3-RUNS-100000.csv,discounted_distance_reverse,20,random,10,5,3,100000,3.0,74.0,39.62852,99.4152226096,39.566720847968845,39.69031915203116,0.06179915203115627,2.0,10.0,8.25484,1.5432965743999998,8.247140176547338,8.262539823452661,0.007699823452661292,0.0025,0.18,0.095684275,0.000599905330224375,0.09553246603068033,0.09583608396931967,0.00015180896931966947,0.3,54.0,21.578412,43.369422358256,21.53759436007172,21.61922963992828,0.04081763992828158,3.0,540.0,215.78412,4336.9422358256,215.3759436007172,216.1922963992828,0.4081763992828087,0.0,1.0,0.75499,0.04093565545555556,0.753735972831243,0.756244027168757,0.0012540271687569993,0.34468,0.3417338777053926,0.3476351332741766
T-discounted_distance_reverse-W-20-HS-random-D-10-C-5-H-4-RUNS-100000.csv,discounted_distance_reverse,20,random,10,5,4,100000,6.0,74.0,41.99193,86.91944487510001,41.934145076409834,42.04971492359017,0.05778492359016951,1.0,10.0,8.3477,1.3953847100000003,8.340378449684707,8.355021550315293,0.007321550315293024,0.0075,0.1825,0.101008175,0.000542439020669375,0.10086382009908551,0.1011525299009145,0.0001443549009144951,1.4,51.9,22.074203000000004,43.886968014791,22.033142535277157,22.11526346472285,0.041060464722846746,14.0,519.0,220.74203,4388.6968014791,220.33142535277153,221.15263464722847,0.41060464722846746,0.0,1.0,0.7552475,0.02271558874375,0.7543133468770165,0.7561816531229835,0.0009341531229835054,0.16568,0.1633803644793222,0.1679990433961246
T-discounted_distance_reverse-W-20-HS-random-D-10-C-5-H-5-RUNS-100000.csv,discounted_distance_reverse,20,random,10,5,5,100000,4.0,74.0,43.57509,80.73164149189999,43.51939990447528,43.63078009552473,0.05569009552472437,2.0,10.0,8.34969,1.3944269039000001,8.342370962908946,8.357009037091055,0.0073190370910545255,0.005,0.18,0.10450337500000001,0.000519621551109375,0.10436208883115317,0.10464466116884685,0.00014128616884684364,1.4,52.8,22.375358,44.176738771836,22.33416220413854,22.416553795861457,0.041195795861458606,14.0,528.0,223.75358,4417.6738771836,223.34162204138542,224.16553795861458,0.41195795861457896,0.0,1.0,0.755852,0.011879754096000004,0.755176446424514,0.756527553575486,0.0006755535754859876,0.00067,0.0005192773492587062,0.000850799356815345
T-discounted_distance_reverse-W-20-HS-random-D-5-C-5-H-1-RUNS-100000.csv,discounted_distance_reverse,20,random,5,5,1,100000,1.0,73.0,26.13846,169.0244888284,26.057879327609953,26.219040672390044,0.0805806723900453,0.0,5.0,3.36315,1.7485920774999997,3.354954030670553,3.371345969329447,0.008195969329447106,0.0,0.18,0.06322172499999999,0.0009854308005243751,0.06302715802018856,0.06341629197981143,0.00019456697981143356,0.0,56.0,17.648096000000002,61.81427157478401,17.599365546925803,17.696826453074202,0.04873045307419943,0.0,280.0,88.24048,1545.3567893695997,87.996827734629,88.48413226537102,0.24365226537101137,0.0,1.0,0.65833,0.2249316111,0.655390446841437,0.661269553158563,0.0029395531585629797,0.65833,0.6553809416284387,0.6612698727219247
T-discounted_distance_reverse-W-20-HS-random-D-5-C-5-H-2-RUNS-100000.csv,discounted_distance_reverse,20,random,5,5,2,100000,2.0,72.0,33.31545,131.0883412975,33.244485997017605,33.38641400298239,0.07096400298239303,0.0,5.0,3.95712,0.9433013055999999,3.951100210721634,3.963139789278366,0.0060197892783659945,0.0,0.1775,0.079999,0.0007970027489999999,0.0798240209795273,0.0801739790204727,0.00017497902047269864,0.0,60.4,20.545952,56.66350841369601,20.499295967815293,20.592608032184707,0.04665603218470693,0.0,302.0,102.72976,1416.5877103424,102.49647983907646,102.96304016092354,0.23328016092354176,0.0,1.0,0.659405,0.10873754597499999,0.6573611649855785,0.6614488350144215,0.0020438350144215134,0.4277,0.4246307283844655,0.4307734657712323
T-discounted_distance_reverse-W-20-HS-random-D-5-C-5-H-3-RUNS-100000.csv,discounted_distance_reverse,20,random,5,5,3,100000,2.0,73.0,36.55437,121.02636390309999,36.48618386654384,36.62255613345616,0.06818613345615887,0.0,5.0,4.12698,0.7435760796,4.12163535607604,4.132324643923959,0.005344643923959502,0.0,0.1775,0.08738164999999999,0.0007623563682775,0.08721051647831664,0.08755278352168334,0.00017113352168335316,0.0,58.0,21.58087,58.658756843099994,21.53339964290334,21.62834035709666,0.047470357096660365,0.0,290.0,107.90435,1466.4689210775,107.66699821451668,108.1417017854833,0.23735178548331248,0.0,1.0,0.65784,0.07087764551111111,0.6561898982970874,0.6594901017029126,0.0016501017029125764,0.25687,0.2541641531064206,0.2595899549991077
T-discounted_distance_reverse-W-20-HS-random-D-5-C-5-H-4-RUNS-100000.csv,discounted_distance_reverse,20,random,5,5,4,100000,2.0,73.0,38.35134,121.3901402044,38.283051467828834,38.41962853217117,0.0682885321711666,0.0,5.0,4.17828,0.6879762415999998,4.173139056964203,4.183420943035797,0.00514094303579693,0.0,0.18,0.09140362499999999,0.0007797361493593751,0.09123055176719437,0.0915766982328056,0.00017307323280561782,0.0,62.6,22.052706,59.895545677563995,22.00473780967819,22.10067419032181,0.047968190321810766,0.0,313.0,110.26353,1497.3886419391001,110.02368904839096,110.50337095160904,0.23984095160903962,0.0,1.0,0.658565,0.05096714077500001,0.6571657310194203,0.6599642689805796,0.0013992689805796266,0.11955,0.11754522463810384,0.12157687040054627
T-discounted_distance_reverse-W-20-HS-random-D-5-C-5-H-5-RUNS-100000.csv,discounted_distance_reverse,20,random,5,5,5,100000,2.0,79.0,39.42827,125.8079748071,39.35874993699521,39.497790063004786,0.06952006300478786,0.0,5.0,4.18045,0.6884677974999999,4.175307220701921,4.18559277929808,0.005142779298079603,0.0,0.195,0.09372782500000001,0.0008149440082693749,0.09355088747141527,0.09390476252858476,0.00017693752858474743,0.0,58.6,22.336634,61.458145150044004,22.28804412344033,22.38522387655967,0.04858987655967084,0.0,293.0,111.68317,1536.4536287511003,111.44022061720165,111.92611938279836,0.24294938279835776,0.0,1.0,0.65803,0.039396919100000004,0.6567997674837066,0.6592602325162934,0.0012302325162933947,0.00033,0.00022716736194051452,0.0004634117701232136
T-discounted_distance_reverse-W-20-HS-weighted-D-1-C-5-H-1-RUNS-100000.csv,discounted_distance_reverse,20,weighted,1,5,1,100000,1.0,71.0,19.02154,121.5767760284,18.95319899160894,19.089881008391064,0.06834100839106227,0.0,1.0,0.67223,0.22033682710000002,0.6693206255741356,0.6751393744258644,0.002909374425864364,0.0,0.1725,0.04375195,0.0007529773711975001,0.04358187243330785,0.04392202756669215,0.00017007756669214918,0.0,70.0,17.64341,124.0245335719,17.57438445051506,17.71243554948494,0.069025549484941,0.0,70.0,17.64341,124.0245335719,17.57438445051506,17.71243554948494,0.069025549484941,0.0,1.0,0.2941,0.20760519,0.29127593183881123,0.2969240681611887,0.002824068161188742,0.2941,0.2912769875951011,0.29693495896678046
T-discounted_distance_reverse-W-20-HS-weighted-D-1-C-5-H-2-RUNS-100000.csv,discounted_distance_reverse,20,weighted,1,5,2,100000,2.0,71.0,22.21991,146.9447495919,22.144776588655095,22.295043411344903,0.07513341134490403,0.0,1.0,0.79202,0.16472431960000003,0.7895044385394601,0.7945355614605398,0.0025155614605398835,0.0,0.175,0.050928775,0.000934388189499375,0.05073931403650671,0.0511182359634933,0.0001894609634932945,0.0,70.0,20.56968,153.9526446976,20.492775872680962,20.64658412731904,0.07690412731903962,0.0,70.0,20.56968,153.9526446976,20.492775872680962,20.64658412731904,0.07690412731903962,0.0,1.0,0.292595,0.131580665975,0.2903467111253009,0.29484328887469907,0.002248288874699078,0.14179,0.13963335116359538,0.14396744748951074
T-discounted_distance_reverse-W-20-HS-weighted-D-1-C-5-H-3-RUNS-100000.csv,discounted_distance_reverse,20,weighted,1,5,3,100000,2.0,73.0,23.32661,167.2632559079,23.2464502517534,23.406769748246596,0.08015974824659722,0.0,1.0,0.82745,0.14277649749999996,0.8251080132519675,0.8297919867480326,0.002341986748032543,0.0,0.18,0.05339635,0.0010609644316775,0.05319446386970046,0.05359823613029954,0.00020188613029954033,0.0,72.0,21.57485,174.84609747750002,21.492893379274793,21.65680662072521,0.08195662072520804,0.0,72.0,21.57485,174.84609747750002,21.492893379274793,21.65680662072521,0.08195662072520804,0.0,1.0,0.2944033333333333,0.10622334398888889,0.2923832650219445,0.2964234016447221,0.0020200683113887896,0.07569,0.07405795596087487,0.0773467046043926
T-discounted_distance_reverse-W-20-HS-weighted-D-1-C-5-H-4-RUNS-100000.csv,discounted_distance_reverse,20,weighted,1,5,4,100000,2.0,74.0,23.90695,182.46555169749996,23.823226666131767,23.99067333386823,0.08372333386823172,0.0,1.0,0.83544,0.1374800064,0.833141863379635,0.8377381366203649,0.0022981366203649323,0.0,0.18,0.054688575,0.001152306576969375,0.05447817773418874,0.054898972265811266,0.00021039726581126295,0.0,73.0,22.10385,189.96774517750003,22.0184228327829,22.189277167217103,0.08542716721710164,0.0,73.0,22.10385,189.96774517750003,22.0184228327829,22.189277167217103,0.08542716721710164,0.0,1.0,0.2947275,0.09318757574374999,0.29283543924257915,0.2966195607574208,0.0018920607574208215,0.03234,0.03125215429418378,0.03345507977253821
T-discounted_distance_reverse-W-20-HS-weighted-D-1-C-5-H-5-RUNS-100000.csv,discounted_distance_reverse,20,weighted,1,5,5,100000,2.0,72.0,24.17336,194.2104663104,24.086984139519306,24.259735860480692,0.08637586048069323,0.0,1.0,0.83452,0.13809636960000002,0.8322167175304463,0.8368232824695537,0.0023032824695536913,0.0,0.1775,0.05525530000000001,0.00122033919691,0.0550387808308983,0.05547181916910172,0.00021651916910171015,0.0,71.0,22.3389,201.40580678999999,22.25093861373509,22.426861386264907,0.08796138626490801,0.0,71.0,22.3389,201.40580678999999,22.25093861373509,22.426861386264907,0.08796138626490801,0.0,1.0,0.294504,0.08638659398399999,0.2926822899806804,0.29632571001931957,0.0018217100193195779,6e-05,2.2019250601344347e-05,0.00013059013062045175
T-discounted_distance_reverse-W-20-HS-weighted-D-10-C-5-H-1-RUNS-100000.csv,discounted_distance_reverse,20,weighted,10,5,1,100000,1.0,76.0,27.39498,185.9991307996,27.310449871591263,27.479510128408737,0.08453012840873697,0.0,10.0,6.72063,5.1249824031,6.706598559446817,6.734661440553182,0.014031440553182506,0.0025,0.185,0.06690910000000001,0.00108215896219,0.06670520733536617,0.06711299266463386,0.00020389266463384514,0.1,50.4,17.65465,54.414297177499996,17.608929330272066,17.700370669727935,0.04572066972793465,1.0,504.0,176.5465,5441.429717749999,176.08929330272068,177.00370669727934,0.4572066972793323,0.0,1.0,0.75608,0.18442303359999998,0.7534182721290903,0.7587417278709097,0.0026617278709096803,0.75608,0.7534059171642968,0.7587392226506514
T-discounted_distance_reverse-W-20-HS-weighted-D-10-C-5-H-2-RUNS-100000.csv,discounted_distance_reverse,20,weighted,10,5,2,100000,2.0,72.0,35.61826,128.1653145724,35.548091640145906,35.68842835985409,0.07016835985409386,1.0,10.0,7.92528,2.1668169215999997,7.916156380166831,7.934403619833168,0.009123619833168561,0.005,0.175,0.08641172500000001,0.000750704845024375,0.08624190427886605,0.08658154572113397,0.00016982072113395918,0.6,48.8,20.569063000000003,44.569547202030996,20.527684458153857,20.61044154184615,0.04137854184614653,6.0,488.0,205.69063,4456.954720203101,205.27684458153854,206.10441541846146,0.4137854184614582,0.0,1.0,0.755505,0.07664969497499999,0.753789023694173,0.757220976305827,0.0017159763058269828,0.53937,0.5362745420732854,0.5424631740916389
T-discounted_distance_reverse-W-20-HS-weighted-D-10-C-5-H-3-RUNS-100000.csv,discounted_distance_reverse,20,weighted,10,5,3,100000,4.0,74.0,39.62641,100.4313605119,39.564295821703695,39.688524178296305,0.062114178296305056,1.0,10.0,8.26693,1.5212783751,8.259285300525342,8.274574699474659,0.007644699474658623,0.005,0.1825,0.095689175,0.0006056352253193749,0.09553664276466639,0.09584170723533361,0.0001525322353336106,0.8,51.6,21.561955,43.664377077975,21.520998795221878,21.602911204778124,0.040956204778122896,8.0,516.0,215.61955,4366.4377077975,215.20998795221877,216.02911204778124,0.40956204778123606,0.0,1.0,0.7563533333333334,0.04068519071111112,0.7551031484324655,0.7576035182342014,0.0012501849008679233,0.34716,0.3442088268514847,0.35012004021590526
T-discounted_distance_reverse-W-20-HS-weighted-D-10-C-5-H-4-RUNS-100000.csv,discounted_distance_reverse,20,weighted,10,5,4,100000,4.0,73.0,41.9459,86.74377319,41.888173500098596,42.00362649990141,0.057726499901406214,2.0,10.0,8.35884,1.3976338543999998,8.35151255145698,8.366167448543022,0.007327448543021475,0.005,0.18,0.10089605,0.0005418264693975,0.10075177662876202,0.10104032337123799,0.00014427337123798512,0.8,53.1,22.051474,43.767045827324,22.01046967300269,22.09247832699731,0.04100432699731016,8.0,531.0,220.51474,4376.7045827324,220.10469673002686,220.92478326997312,0.41004326997313,0.0,1.0,0.7551625,0.022848973593750006,0.7542256082402019,0.756099391759798,0.0009368917597980531,0.16679,0.1644841645822557,0.16911517870785298
T-discounted_distance_reverse-W-20-HS-weighted-D-10-C-5-H-5-RUNS-100000.csv,discounted_distance_reverse,20,weighted,10,5,5,100000,4.0,74.0,43.62657,81.2893000351,43.57068789418653,43.682452105813475,0.05588210581347397,2.0,10.0,8.35311,1.3868033279,8.345810997558253,8.360409002441745,0.007299002441746083,0.005,0.18,0.10463065,0.0005218158305775,0.10448906583087271,0.1047722341691273,0.00014158416912729566,0.8,54.7,22.400281,44.677989821039,22.358852149461214,22.441709850538786,0.041428850538785866,8.0,547.0,224.00281,4467.7989821039,223.58852149461217,224.41709850538786,0.41428850538784445,0.0,1.0,0.7563,0.011688710000000005,0.7556299003929564,0.7569700996070435,0.0006700996070435616,0.00057,0.00043174013056200447,0.0007384388898892296
T-discounted_distance_reverse-W-20-HS-weighted-D-5-C-5-H-1-RUNS-100000.csv,discounted_distance_reverse,20,weighted,5,5,1,100000,1.0,70.0,26.13235,169.86789347750002,26.051568535567668,26.21313146443233,0.08078146443233081,0.0,5.0,3.36608,1.7459454336000002,3.35789023567023,3.3742697643297705,0.008189764329770366,0.0,0.1725,0.06323125,0.0009925766484375,0.06303597884358828,0.06342652115641173,0.00019527115641172765,0.0,56.0,17.640608,62.29213659033599,17.591689550318367,17.689526449681633,0.048918449681632836,0.0,280.0,88.20304,1557.3034147584,87.95844775159185,88.44763224840815,0.24459224840815352,0.0,1.0,0.65808,0.22501071359999997,0.6551399300053132,0.6610200699946868,0.002940069994686767,0.65808,0.6551304320689196,0.6610203967890264
T-discounted_distance_reverse-W-20-HS-weighted-D-5-C-5-H-2-RUNS-100000.csv,discounted_distance_reverse,20,weighted,5,5,2,100000,2.0,75.0,33.33708,129.8580170736,33.266449796942815,33.407710203057185,0.07063020305718481,0.0,5.0,3.96304,0.9385339584,3.9570354416860276,3.969044558313972,0.006004558313972286,0.0,0.1825,0.08002815,0.0007900528325775,0.07985393556427123,0.08020236443572878,0.00017421443572877837,0.0,63.6,20.572188,56.65171769265599,20.52553682223479,20.61883917776521,0.04665117776520944,0.0,318.0,102.86094,1416.2929423164,102.62768411117396,103.09419588882604,0.23325588882603654,0.0,1.0,0.65847,0.10901225910000001,0.6564235848550244,0.6605164151449756,0.0020464151449756107,0.42672,0.42365165056231163,0.4297926004463073
T-discounted_distance_reverse-W-20-HS-weighted-D-5-C-5-H-3-RUNS-100000.csv,discounted_distance_reverse,20,weighted,5,5,3,100000,2.0,76.0,36.64603,119.98807523910001,36.578136981961435,36.71392301803857,0.06789301803856773,0.0,5.0,4.12742,0.7426241436,4.122078778313855,4.1327612216861445,0.005341221686144593,0.0,0.185,0.08758842500000001,0.0007570777435193751,0.0874178849794915,0.08775896502050852,0.00017054002050850836,0.0,62.4,21.599137999999996,58.113349256956,21.551888847361507,21.646387152638486,0.04724915263848928,0.0,312.0,107.99569,1452.8337314239002,107.75944423680755,108.23193576319244,0.23624576319244284,0.0,1.0,0.6598333333333334,0.06903108333333334,0.6582048683821191,0.6614617982845477,0.0016284649512142702,0.2558,0.25309788519125703,0.25851628505047647
T-discounted_distance_reverse-W-20-HS-weighted-D-5-C-5-H-4-RUNS-100000.csv,discounted_distance_reverse,20,weighted,5,5,4,100000,2.0,73.0,38.40223,122.1692810271,38.33372266389695,38.470737336103056,0.06850733610305326,0.0,5.0,4.17373,0.6935878871000002,4.168568132869703,4.178891867130297,0.005161867130296649,0.0,0.18,0.09149299999999999,0.0007849488260000001,0.09131934921797004,0.09166665078202994,0.0001736507820299521,0.0,62.0,22.074154,60.551928784283994,22.02592368903089,22.12238431096911,0.048230310969110235,0.0,310.0,110.37077,1513.7982196070998,110.12961844515445,110.61192155484554,0.24115155484554407,0.0,1.0,0.6583325,0.05109019444375001,0.6569315428594168,0.6597334571405832,0.0014009571405831922,0.11943,0.11742610060287959,0.12145600143683347
T-discounted_distance_reverse-W-20-HS-weighted-D-5-C-5-H-5-RUNS-100000.csv,discounted_distance_reverse,20,weighted,5,5,5,100000,2.0,76.0,39.41551,127.3291614399,39.345570904596386,39.48544909540361,0.06993909540361187,0.0,5.0,4.17276,0.7047139824,4.167556895893039,4.177963104106961,0.005203104106961121,0.0,0.185,0.093697175,0.0008233239595193748,0.09351933008658132,0.09387501991341866,0.00017784491341867048,0.0,60.4,22.36711,62.2611682479,22.31820371165779,22.41601628834221,0.048906288342209336,0.0,302.0,111.83555,1556.5292061975,111.59101855828895,112.08008144171104,0.24453144171104668,0.0,1.0,0.65735,0.03976017750000001,0.6561141088321215,0.6585858911678785,0.0012358911678784779,0.00033,0.00022716736194051452,0.0004634117701232136
T-divide_over_risks-W-20-HS-greedy-D-1-C-5-H-1-RUNS-100000.csv,divide_over_risks,20,greedy,1,5,1,100000,1.0,40.0,19.71824,69.7830113024,19.666463710424626,19.770016289575377,0.0517762895753755,0.0,1.0,0.43825,0.24618693749999995,0.43517469230954037,0.4413253076904596,0.0030753076904596055,0.0,0.0975,0.047104349999999996,0.0004435597110775,0.04697381345392667,0.04723488654607332,0.000130536546073326,0.0,39.0,18.84174,70.9695537724,18.789525381570673,18.89395461842933,0.0522146184293284,0.0,39.0,18.84174,70.9695537724,18.789525381570673,18.89395461842933,0.0522146184293284,0.0,1.0,0.56175,0.24618693749999995,0.5586746923095404,0.5648253076904596,0.0030753076904596055,0.56175,0.5586679948145074,0.5648284230623155
T-divide_over_risks-W-20-HS-greedy-D-1-C-5-H-2-RUNS-100000.csv,divide_over_risks,20,greedy,1,5,2,100000,2.0,74.0,27.05254,136.9589595484,26.98000438536821,27.12507561463179,0.07253561463178926,0.0,1.0,0.65496,0.2259873984,0.6520135560590884,0.6579064439409116,0.0029464439409115917,0.0,0.18,0.064122125,0.000903581022984375,0.06393581351731853,0.06430843648268147,0.00018631148268147268,0.0,72.0,25.74262,145.3591155356,25.66789305852361,25.817346941476387,0.07472694147638848,0.0,72.0,25.74262,145.3591155356,25.66789305852361,25.817346941476387,0.07472694147638848,0.0,1.0,0.46009,0.1908821919,0.4573820616173867,0.4627979383826133,0.0027079383826132952,0.34504,0.3420931390193011,0.3479958510692451
T-divide_over_risks-W-20-HS-greedy-D-1-C-5-H-3-RUNS-100000.csv,divide_over_risks,20,greedy,1,5,3,100000,2.0,108.0,31.54031,243.7366151039,31.443545410372227,31.637074589627776,0.09676458962777446,0.0,1.0,0.78444,0.16909388640000006,0.7818912923392546,0.7869887076607455,0.0025487076607454417,0.0,0.2525,0.074070125,0.001543210269984375,0.07382664201141205,0.07431360798858795,0.0002434829885879508,0.0,106.0,29.97143,256.2793537551,29.872206879439037,30.070653120560966,0.09922312056096416,0.0,106.0,29.97143,256.2793537551,29.872206879439037,30.070653120560966,0.09922312056096416,0.0,1.0,0.38517333333333337,0.1542815032888889,0.3827388152639106,0.3876078514027561,0.002434518069422742,0.21556,0.2130146161089015,0.21812189160840117
T-divide_over_risks-W-20-HS-greedy-D-1-C-5-H-4-RUNS-100000.csv,divide_over_risks,20,greedy,1,5,4,100000,2.0,122.0,34.44445,361.19253419750004,34.32665538045509,34.56224461954492,0.11779461954491666,0.0,1.0,0.85998,0.1204143996,0.8578292234948667,0.8621307765051333,0.0021507765051332894,0.0,0.285,0.080334525,0.002191185530524375,0.08004439298980356,0.08062465701019644,0.0002901320101964394,0.0,122.0,32.72449,375.06782423989995,32.60445414895541,32.844525851044594,0.12003585104459091,0.0,122.0,32.72449,375.06782423989995,32.60445414895541,32.844525851044594,0.12003585104459091,0.0,1.0,0.3328375,0.12751357359374998,0.33062423059859913,0.3350507694014009,0.0022132694014008747,0.14002,0.1378747250500948,0.14218617670999248
T-divide_over_risks-W-20-HS-greedy-D-1-C-5-H-5-RUNS-100000.csv,divide_over_risks,20,greedy,1,5,5,100000,2.0,158.0,36.15894,477.1089180764,36.02355678022435,36.294323219775656,0.1353832197756546,0.0,1.0,0.9055,0.08556974999999999,0.9036869231908162,0.9073130768091837,0.0018130768091837446,0.0,0.34,0.083913575,0.002791981118219375,0.08358607424177567,0.08424107575822434,0.0003275007582243389,0.0,156.0,34.34794,490.57611775640004,34.21065936720815,34.48522063279185,0.13728063279184965,0.0,156.0,34.34794,490.57611775640004,34.21065936720815,34.48522063279185,0.13728063279184965,0.0,1.0,0.292752,0.106528266496,0.2907290343834582,0.2947749656165418,0.0020229656165418053,0.0945,0.09269373511893729,0.09632982315154405
T-divide_over_risks-W-20-HS-greedy-D-10-C-5-H-1-RUNS-100000.csv,divide_over_risks,20,greedy,10,5,1,100000,1.0,122.0,23.40096,163.4544710784,23.321718174169522,23.48020182583048,0.07924182583047923,0.0,10.0,3.59591,6.3795812719,3.580255032924298,3.6115649670757017,0.015654967075701798,0.0025,0.3775,0.14032775,0.0046185009549375,0.1399065323214953,0.1407489676785047,0.0004212176785046984,0.1,54.9,18.96971,54.7629969159,18.923843069761304,19.015576930238694,0.04586693023869515,1.0,549.0,189.6971,5476.29969159,189.23843069761307,190.15576930238694,0.45866930238693726,0.0,1.0,0.97398,0.025342959600000003,0.972993300888825,0.974966699111175,0.0009866991111749934,0.97398,0.9729744641005972,0.9749579154185289
T-divide_over_risks-W-20-HS-greedy-D-10-C-5-H-2-RUNS-100000.csv,divide_over_risks,20,greedy,10,5,2,100000,2.0,133.0,29.85877,176.5775440871,29.77640858346501,29.94113141653499,0.08236141653499018,0.0,10.0,4.73729,6.0225134559,4.722079448500404,4.752500551499596,0.015210551499595937,0.005,0.3875,0.176843125,0.0031635769527343753,0.17649451063968727,0.1771917393603127,0.0003486143603127212,0.7,56.3,22.672949,40.300332743399,22.633602112160293,22.712295887839705,0.03934688783970586,7.0,563.0,226.72949,4030.0332743399,226.33602112160293,227.12295887839707,0.3934688783970728,0.0,1.0,0.973305,0.015034876975,0.9725450132673055,0.9740649867326945,0.0007599867326945065,0.95141,0.9500592310799327,0.9527345090684206
T-divide_over_risks-W-20-HS-greedy-D-10-C-5-H-3-RUNS-100000.csv,divide_over_risks,20,greedy,10,5,3,100000,4.0,137.0,33.32106,186.13186047640002,33.2364997164618,33.405620283538205,0.08456028353820244,0.0,10.0,5.3267,5.6051071100000005,5.312026016398477,5.341373983601523,0.014673983601523055,0.0125,0.3975,0.192794275,0.002602783214724375,0.1924780653860145,0.19311048461398547,0.0003162096139854853,1.8,56.1,24.322302,35.152242220796005,24.2855540947923,24.3590499052077,0.03674790520770088,18.0,561.0,243.22302,3515.2242220796,242.855540947923,243.59049905207698,0.3674790520769875,0.0,1.0,0.97411,0.010628596788888892,0.9734710100358832,0.9747489899641169,0.0006389899641168206,0.93336,0.9317966389432316,0.9348981683847296
T-divide_over_risks-W-20-HS-greedy-D-10-C-5-H-4-RUNS-100000.csv,divide_over_risks,20,greedy,10,5,4,100000,8.0,127.0,35.70805,191.33723519749998,35.622315460709544,35.793784539290456,0.08573453929045627,0.0,10.0,5.69854,5.323021868399999,5.684240027688962,5.712839972311039,0.01429997231103819,0.025,0.3925,0.202193575,0.002318180791219375,0.20189515376537437,0.2024919962346256,0.00029842123462561765,2.0,55.0,25.329935,32.433605195775,25.294636708579578,25.36523329142042,0.03529829142042118,20.0,550.0,253.29935,3243.3605195775003,252.9463670857958,253.6523329142042,0.3529829142042047,0.0,1.0,0.9749175,0.00845024319375,0.9743477416805951,0.9754872583194049,0.0005697583194048672,0.91907,0.9173624661484578,0.9207531807826311
T-divide_over_risks-W-20-HS-greedy-D-10-C-5-H-5-RUNS-100000.csv,divide_over_risks,20,greedy,10,5,5,100000,6.0,153.0,37.32635,193.3449456775,37.24016682627597,37.41253317372403,0.08618317372403084,0.0,10.0,5.9256,5.06456464,5.9116515120815825,5.939548487918418,0.01394848791841774,0.01,0.405,0.20800264999999998,0.0021771547179775,0.20771344838235958,0.20829185161764038,0.0002892016176404,2.4,55.2,25.996675,30.950971444375003,25.96219293917111,26.03115706082889,0.03448206082888916,24.0,552.0,259.96675,3095.0971444374995,259.6219293917111,260.3115706082889,0.3448206082888987,0.0,1.0,0.97655,0.0068192975,0.9760381698203896,0.9770618301796105,0.0005118301796104285,0.91003,0.9082396123650824,0.911796564253728
T-divide_over_risks-W-20-HS-greedy-D-2-C-5-H-1-RUNS-100000.csv,divide_over_risks,20,greedy,2,5,1,100000,1.0,135.0,27.69516,311.71827257440003,27.585729797774025,27.804590202225977,0.1094302022259761,0.0,2.0,0.9828,0.7858041599999999,0.9773056890686311,0.9882943109313689,0.005494310931368873,0.0,0.32,0.08850717500000001,0.0022460866610193747,0.08821343078274677,0.08880091921725325,0.00029374421725324174,0.0,77.5,21.695365,113.97517001677502,21.629194990695446,21.761535009304552,0.06617000930455319,0.0,155.0,43.39073,455.9006800671001,43.25838998139089,43.523070018609104,0.13234001860910638,0.0,1.0,0.61555,0.23664819750000007,0.6125348586840482,0.6185651413159519,0.0030151413159518192,0.61555,0.6125265979450039,0.6185666987012979
T-divide_over_risks-W-20-HS-greedy-D-2-C-5-H-2-RUNS-100000.csv,divide_over_risks,20,greedy,2,5,2,100000,2.0,134.0,32.31897,258.4228081391,32.21933280515053,32.41860719484947,0.0996371948494712,0.0,2.0,1.21046,0.7009465884,1.205270822402348,1.2156491775976521,0.005189177597652028,0.0,0.345,0.1017485,0.00184765324775,0.10148208031760855,0.10201491968239146,0.00026641968239145275,0.0,81.0,25.085365,92.609325316775,25.02571871058172,25.145011289418278,0.05964628941827854,0.0,162.0,50.17073,370.4373012671,50.05143742116344,50.290022578836556,0.11929257883655708,0.0,1.0,0.672535,0.14503917377500003,0.6701745286700025,0.6748954713299975,0.0023604713299975044,0.52215,0.519048462310175,0.5252502527847275
T-divide_over_risks-W-20-HS-greedy-D-2-C-5-H-3-RUNS-100000.csv,divide_over_risks,20,greedy,2,5,3,100000,2.0,141.0,38.36283,270.72416439110003,38.2608489257791,38.464811074220904,0.10198107422090175,0.0,2.0,1.45884,0.5437858543999999,1.4542694335818598,1.46341056641814,0.004570566418140132,0.0,0.3325,0.11615664999999999,0.0021056640357775,0.11587223623521631,0.11644106376478366,0.0002844137647836781,0.0,76.5,28.98708,119.88421807360001,28.91921637114392,29.054943628856076,0.06786362885607744,0.0,153.0,57.97416,479.53687229440004,57.83843274228784,58.10988725771215,0.13572725771215488,0.0,1.0,0.6228533333333333,0.13715372515555557,0.6205579254163007,0.6251487412503658,0.0022954079170325326,0.39342,0.3903903749571728,0.39645580796697455
T-divide_over_risks-W-20-HS-greedy-D-2-C-5-H-4-RUNS-100000.csv,divide_over_risks,20,greedy,2,5,4,100000,2.0,141.0,43.37205,337.1928287975,43.25823611810906,43.48586388189094,0.1138138818909411,0.0,2.0,1.64414,0.3729036604,1.6403551001310568,1.647924899868943,0.003784899868943148,0.0,0.3325,0.127166275,0.002668163315124375,0.12684611853526156,0.12748643146473843,0.0003201564647384303,0.0,102.0,32.064695,172.615582056975,31.983262818398984,32.14612718160102,0.0814321816010164,0.0,204.0,64.12939,690.4623282279,63.96652563679797,64.29225436320203,0.1628643632020328,0.0,1.0,0.56201,0.1293360099,0.5597809705797548,0.5642390294202452,0.0022290294202451655,0.28402,0.28122635239739574,0.2868261793231619
T-divide_over_risks-W-20-HS-greedy-D-2-C-5-H-5-RUNS-100000.csv,divide_over_risks,20,greedy,2,5,5,100000,2.0,140.0,46.77036,435.5024054704,46.64101449212071,46.89970550787928,0.129345507879286,0.0,2.0,1.75639,0.25288416789999996,1.7532731428980386,1.7595068571019612,0.003116857101961301,0.0,0.3625,0.134222525,0.003314436595124375,0.1338656953540367,0.13457935464596332,0.00035682964596331357,0.0,118.0,34.025855,229.43169901897497,33.931972902933985,34.119737097066015,0.09388209706601458,0.0,236.0,68.05171,917.7267960758999,67.86394580586797,68.23947419413203,0.18776419413202916,0.0,1.0,0.508916,0.119165304944,0.5067764078999191,0.511055592100081,0.002139592100080967,0.2093,0.20678207648021787,0.2118347950144512
T-divide_over_risks-W-20-HS-greedy-D-3-C-5-H-1-RUNS-100000.csv,divide_over_risks,20,greedy,3,5,1,100000,1.0,139.0,30.90939,386.1705198279,30.787590465149865,31.03118953485013,0.12179953485013328,0.0,3.0,1.47743,1.5003505951,1.4698380655652619,1.4850219344347382,0.007591934434738157,0.0,0.355,0.11626682499999999,0.003410920466919375,0.11590483892201194,0.11662881107798805,0.00036198607798805515,0.0,81.0,22.323193333333336,109.09022606928889,22.258456866603385,22.387929800063286,0.06473646672995059,0.0,243.0,66.96958,981.8120346236001,66.77537059981015,67.16378940018984,0.19420940018984822,0.0,1.0,0.68239,0.21673388789999998,0.679504510606922,0.6852754893930781,0.002885489393078089,0.68239,0.6794943048443862,0.6852751131986058
T-divide_over_risks-W-20-HS-greedy-D-3-C-5-H-2-RUNS-100000.csv,divide_over_risks,20,greedy,3,5,2,100000,2.0,134.0,37.2961,353.28658479,37.179601684813505,37.4125983151865,0.11649831518649734,0.0,3.0,1.84172,1.3165874416,1.8346081772268634,1.8488318227731366,0.0071118227731366,0.0,0.37,0.138890575,0.002767309363669375,0.13856452445711634,0.13921662554288364,0.0003260505428836491,0.0,79.66666666666667,26.12603333333333,88.37298893222223,26.067767247633153,26.184299419033504,0.05826608570017555,0.0,239.0,78.3781,795.3569003900001,78.20330174289947,78.55289825710054,0.17479825710053376,0.0,1.0,0.72263,0.1313608831,0.720383589600013,0.724876410399987,0.0022464103999869645,0.58448,0.5814181652366789,0.5875369339993505
T-divide_over_risks-W-20-HS-greedy-D-3-C-5-H-3-RUNS-100000.csv,divide_over_risks,20,greedy,3,5,3,100000,2.0,131.0,40.20479,317.3577110559,40.0943743587714,40.31520564122861,0.11041564122860592,0.0,3.0,2.01566,1.1740947644,2.0089440470170503,2.0223759529829497,0.006715952982949691,0.0,0.36,0.146677425,0.002482106932869375,0.14636863280461107,0.14698621719538893,0.00030879219538892944,0.0,80.33333333333333,27.718533333333333,79.95041429333332,27.663113344922177,27.77395332174449,0.05541998841115614,0.0,241.0,83.1556,719.5537286399999,82.98934003476654,83.32185996523347,0.16625996523346487,0.0,1.0,0.74932,0.09778398204444444,0.7473818386408198,0.7512581613591802,0.001938161359180235,0.52911,0.5260104745860786,0.5322078367618406
T-divide_over_risks-W-20-HS-greedy-D-3-C-5-H-4-RUNS-100000.csv,divide_over_risks,20,greedy,3,5,4,100000,2.0,136.0,45.62938,313.5021608156,45.51963712319293,45.739122876807066,0.10974287680706851,0.0,3.0,2.2693,0.91571751,2.263368878363736,2.275231121636264,0.005931121636264081,0.0,0.37,0.15922109999999998,0.0026341333147900004,0.1589029917394644,0.15953920826053555,0.0003181082605355767,0.0,81.33333333333333,30.56049666666667,97.2070779311,30.49938768937363,30.621605643959708,0.061108977293038436,0.0,244.0,91.68149,874.8637013799,91.49816306812087,91.86481693187912,0.1833269318791224,0.0,1.0,0.718875,0.09727873437500001,0.7169418523440384,0.7208081476559617,0.0019331476559616423,0.43839,0.43531146501460355,0.44147210898693573
T-divide_over_risks-W-20-HS-greedy-D-3-C-5-H-5-RUNS-100000.csv,divide_over_risks,20,greedy,3,5,5,100000,2.0,143.0,50.51495,352.60593649749995,50.39856396279412,50.63133603720588,0.11638603720587781,0.0,3.0,2.48256,0.6411958463999999,2.4775969183327993,2.4875230816672005,0.004963081667200608,0.0,0.37,0.169706775,0.0031276754565993745,0.16936014438920413,0.17005340561079588,0.00034663061079587276,0.0,101.0,32.97628,130.86791291715556,32.90537568600836,33.04718431399164,0.07090431399164032,0.0,303.0,98.92884,1177.8112162544,98.71612705802507,99.14155294197492,0.21271294197492807,0.0,1.0,0.671856,0.09964471526399998,0.6698994848884862,0.6738125151115139,0.0019565151115138457,0.35114,0.34818090547533526,0.35410773063984163
T-divide_over_risks-W-20-HS-greedy-D-4-C-5-H-1-RUNS-100000.csv,divide_over_risks,20,greedy,4,5,1,100000,1.0,145.0,31.30805,367.6846351975,31.189201470578105,31.426898529421898,0.11884852942189639,0.0,4.0,1.89147,2.2838112391000003,1.882103309412537,1.900836690587463,0.009366690587462978,0.0,0.375,0.1369977,0.00427464644471,0.1365924657247715,0.1374029342752285,0.00040523427522851097,0.0,74.0,22.1743225,94.33903729099376,22.114121765315357,22.23452323468464,0.06020073468464204,0.0,296.0,88.69729,1509.4245966559001,88.45648706126143,88.93809293873856,0.24080293873856817,0.0,1.0,0.76367,0.18047813110000002,0.7610368938714253,0.7663031061285747,0.0026331061285747026,0.76367,0.7610243171658359,0.7663003817927807
T-divide_over_risks-W-20-HS-greedy-D-4-C-5-H-2-RUNS-100000.csv,divide_over_risks,20,greedy,4,5,2,100000,2.0,141.0,38.70862,347.70601769559994,38.59304545965571,38.824194540344294,0.11557454034429071,0.0,4.0,2.39849,2.0310957199,2.389656734851954,2.4073232651480456,0.008833265148045832,0.0,0.3775,0.16536014999999998,0.0031511812919775,0.16501221928777038,0.1657080807122296,0.0003479307122296049,0.0,78.0,26.1287575,74.82760463119375,26.07514241574648,26.182372584253518,0.053615084253518575,0.0,312.0,104.51503,1197.2416740991,104.30056966298592,104.72949033701407,0.2144603370140743,0.0,1.0,0.782645,0.11152930397499998,0.7805750942674838,0.7847149057325162,0.0020699057325161974,0.66548,0.6625459011704008,0.6684044982546653
T-divide_over_risks-W-20-HS-greedy-D-4-C-5-H-3-RUNS-100000.csv,divide_over_risks,20,greedy,4,5,3,100000,2.0,133.0,42.61723,333.1272171271,42.50410433901561,42.73035566098439,0.11312566098438737,0.0,4.0,2.64631,1.8319733838999999,2.637920894593826,2.6546991054061744,0.008389105406174213,0.0,0.3675,0.17738610000000002,0.0028279221517900003,0.17705649803188822,0.17771570196811182,0.00032960196811179787,0.0,79.0,27.9709275,68.60800791474375,27.91958896445356,28.022266035546437,0.051338535546438635,0.0,316.0,111.88371,1097.7281266359,111.67835585781424,112.08906414218575,0.20535414218575454,0.0,1.0,0.7981733333333333,0.08276155217777778,0.7963902551554449,0.7999564115112217,0.0017830781778883642,0.60408,0.6010409255471266,0.6071130365733675
T-divide_over_risks-W-20-HS-greedy-D-4-C-5-H-4-RUNS-100000.csv,divide_over_risks,20,greedy,4,5,4,100000,2.0,136.0,44.80246,313.0958579484,44.69278826034504,44.91213173965497,0.10967173965496357,0.0,4.0,2.78389,1.6691864679000004,2.7758822870087116,2.7918977129912883,0.00800771299128833,0.0,0.375,0.18305160000000004,0.0026446252374400002,0.1827328588462067,0.18337034115379336,0.0003187411537933227,0.0,79.25,28.98754,65.1599984984,28.937508145124184,29.037571854875814,0.050031854875815185,0.0,317.0,115.95016,1042.5599759744,115.75003258049674,116.15028741950326,0.20012741950326074,0.0,1.0,0.8130525,0.06744125724375,0.8114428965276267,0.8146621034723732,0.0016096034723732666,0.57096,0.5678853709153908,0.5740305126663933
T-divide_over_risks-W-20-HS-greedy-D-4-C-5-H-5-RUNS-100000.csv,divide_over_risks,20,greedy,4,5,5,100000,2.0,139.0,49.70598,316.4276722396,49.59572626783298,49.816233732167014,0.11025373216701695,0.0,4.0,3.04535,1.3465933775,3.0381575921145947,3.0525424078854053,0.007192407885405316,0.0,0.4025,0.19397630000000002,0.00284601216331,0.19364564549259733,0.1943069545074027,0.000330654507402689,0.0,81.25,31.154425,78.675706669375,31.099448587354114,31.209401412645885,0.054976412645885375,0.0,325.0,124.6177,1258.81130671,124.39779434941646,124.83760565058354,0.2199056505835415,0.0,1.0,0.78765,0.0710718775,0.7859976388875188,0.7893023611124811,0.0016523611124811266,0.49732,0.4942161847394092,0.5004239707250854
T-divide_over_risks-W-20-HS-greedy-D-5-C-5-H-1-RUNS-100000.csv,divide_over_risks,20,greedy,5,5,1,100000,1.0,133.0,28.91345,290.0312390975,28.807895084997575,29.019004915002427,0.10555491500242553,0.0,5.0,2.16806,2.9014758363999995,2.1575023915714238,2.1786176084285764,0.010557608428576337,0.0,0.39,0.1487332,0.00480841809276,0.14830340913288967,0.14916299086711035,0.0004297908671103412,0.0,69.0,21.203464,74.040455200704,21.150131663402114,21.256796336597887,0.05333233659788661,0.0,345.0,106.01732,1851.0113800176,105.75065831701056,106.28398168298943,0.2666616829894366,0.0,1.0,0.85216,0.1259833344,0.8499600509609743,0.8543599490390258,0.0021999490390257614,0.85216,0.8499448809516349,0.8543546727482144
T-divide_over_risks-W-20-HS-greedy-D-5-C-5-H-2-RUNS-100000.csv,divide_over_risks,20,greedy,5,5,2,100000,2.0,137.0,37.14229,298.1806835559,37.035262390760685,37.24931760923932,0.1070276092393172,0.0,5.0,2.83944,2.7130004864,2.8292310516366506,2.84964894836335,0.010208948363349624,0.0,0.395,0.18244950000000001,0.00341170207475,0.18208747245007653,0.1828115275499235,0.00036202754992348263,0.0,66.6,25.37342,59.03084070359999,25.325799324065386,25.421040675934613,0.04762067593461339,0.0,333.0,126.8671,1475.77101759,126.62899662032693,127.10520337967306,0.2381033796730634,0.0,1.0,0.849955,0.08265399797500002,0.8481730808137832,0.8517369191862169,0.0017819191862168404,0.7602,0.7575411910655315,0.7628437094500398
T-divide_over_risks-W-20-HS-greedy-D-5-C-5-H-3-RUNS-100000.csv,divide_over_risks,20,greedy,5,5,3,100000,2.0,144.0,41.67792,299.27850447360004,41.57069554836765,41.78514445163235,0.10722445163234795,0.0,5.0,3.17634,2.5058442044,3.166528552045889,3.1861514479541113,0.009811447954111152,0.0,0.405,0.1967478,0.0029685711951600003,0.19641010097567024,0.19708549902432976,0.0003376990243297573,0.0,66.0,27.342617999999998,54.357568506076,27.296921169128158,27.38831483087184,0.04569683087184018,0.0,330.0,136.71309,1358.9392126519,136.4846058456408,136.9415741543592,0.22848415435919378,0.0,1.0,0.8516566666666667,0.06491314434444445,0.8500775202665074,0.853235813066826,0.0015791464001593258,0.69655,0.6936898349250403,0.6993987612496879
T-divide_over_risks-W-20-HS-greedy-D-5-C-5-H-4-RUNS-100000.csv,divide_over_risks,20,greedy,5,5,4,100000,2.0,139.0,44.82334,303.1602912444,44.71542241223765,44.93125758776235,0.10791758776235127,0.0,5.0,3.37941,2.3331580519,3.369942656142202,3.388877343857798,0.009467343857798127,0.0,0.3975,0.20486400000000002,0.002841275379,0.2045336207709924,0.20519437922900763,0.0003303792290076102,0.0,67.0,28.623654,53.591918488283994,28.57828014033779,28.669027859662208,0.045373859662209526,0.0,335.0,143.11827,1339.7979622071,142.89140070168895,143.34513929831104,0.22686929831104408,0.0,1.0,0.8573175,0.05312857919375001,0.855888868662563,0.8587461313374369,0.0014286313374369808,0.65244,0.6494791766252056,0.6553919795189196
T-divide_over_risks-W-20-HS-greedy-D-5-C-5-H-5-RUNS-100000.csv,divide_over_risks,20,greedy,5,5,5,100000,2.0,133.0,46.73408,301.1961265536,46.62651257743311,46.841647422566886,0.10756742256688767,0.0,5.0,3.50852,2.1890874096,3.4993496138616087,3.517690386138391,0.009170386138391162,0.0,0.39,0.2090941,0.00277506284519,0.20876759301039516,0.20942060698960485,0.0003265069896048467,0.0,66.0,29.349646,53.336186474684,29.30438052817421,29.39491147182579,0.04526547182578966,0.0,330.0,146.74823,1333.4046618671,146.52190264087105,146.97455735912897,0.22632735912895896,0.0,1.0,0.8619239999999999,0.047145418223999994,0.8605782145837864,0.8632697854162135,0.0013457854162135519,0.6246,0.6215902121324101,0.62760255942637
T-divide_over_risks-W-20-HS-greedy-D-6-C-5-H-1-RUNS-100000.csv,divide_over_risks,20,greedy,6,5,1,100000,1.0,124.0,23.93201,185.72074735990003,23.84754315306833,24.016476846931667,0.08446684693166873,0.0,6.0,2.27298,2.8056219196,2.2625982481409275,2.2833617518590725,0.01038175185907253,0.0,0.3875,0.134197525,0.004260073096374375,0.13379298208747983,0.1346020679125202,0.00040454291252017827,0.0,61.166666666666664,19.134576666666668,57.79985745412223,19.087455128873874,19.18169820445946,0.047121537792794044,0.0,367.0,114.80746,2080.7948683484,114.52473077324325,115.09018922675676,0.28272922675675716,0.0,1.0,0.93082,0.06439412760000002,0.9292471793471976,0.9323928206528024,0.001572820652802398,0.93082,0.9292296764170024,0.9323852804032768
T-divide_over_risks-W-20-HS-greedy-D-6-C-5-H-2-RUNS-100000.csv,divide_over_risks,20,greedy,6,5,2,100000,2.0,142.0,32.77183,226.28504845109998,32.67859392103216,32.86506607896784,0.09323607896784125,0.0,6.0,3.13534,3.0223030844000007,3.124564806484786,3.1461151935152136,0.010775193515213832,0.0,0.395,0.17501652500000003,0.0032248620394243754,0.1746645501427921,0.17536849985720795,0.00035197485720792066,0.0,58.0,23.71956,47.90459951751111,23.676661245996364,23.76245875400364,0.04289875400363741,0.0,348.0,142.31736,1724.5655826303998,142.05996747597817,142.57475252402185,0.25739252402183865,0.0,1.0,0.91555,0.0490631975,0.9141771155200964,0.9169228844799036,0.00137288447990358,0.85904,0.8568678233297679,0.8611913296687547
T-divide_over_risks-W-20-HS-greedy-D-6-C-5-H-3-RUNS-100000.csv,divide_over_risks,20,greedy,6,5,3,100000,2.0,140.0,38.46523,254.80599104709998,38.366292509875855,38.56416749012414,0.09893749012414332,0.0,6.0,3.61725,3.0173324375000004,3.6064836708707655,3.628016329129234,0.010766329129234364,0.0,0.4,0.19363074999999996,0.0028213059044375002,0.19330153382842744,0.1939599661715725,0.00032921617157252725,0.0,67.66666666666667,26.06313833333333,46.83659549530833,26.020720475625193,26.10555619104147,0.042417857708137774,0.0,406.0,156.37883,1686.1174378311,156.12432285375118,156.6333371462488,0.25450714624881243,0.0,1.0,0.90404,0.042651678400000004,0.9027599582516908,0.9053200417483092,0.001280041748309202,0.78972,0.7871809042278519,0.7922422812296095
T-divide_over_risks-W-20-HS-greedy-D-6-C-5-H-4-RUNS-100000.csv,divide_over_risks,20,greedy,6,5,4,100000,2.0,139.0,42.46853,276.7754696391,42.36541546929916,42.571644530700844,0.10311453070084298,0.0,6.0,3.91096,2.9036118784000005,3.9003985060753408,3.9215214939246597,0.010561493924659437,0.0,0.415,0.20402620000000002,0.0026724468385600007,0.20370578664548725,0.2043466133545128,0.00032041335451277186,0.0,70.83333333333333,27.526195,47.01312187753055,27.483697281354793,27.56869271864521,0.04249771864520824,0.0,425.0,165.15717,1692.4723875911,164.90218368812876,165.41215631187126,0.2549863118712494,0.0,1.0,0.900515,0.037361484775,0.8993169687820777,0.9017130312179222,0.0011980312179222796,0.74002,0.7372894985852202,0.7427365739062398
T-divide_over_risks-W-20-HS-greedy-D-6-C-5-H-5-RUNS-100000.csv,divide_over_risks,20,greedy,6,5,5,100000,2.0,146.0,45.22139,286.8770164679,45.11641063314808,45.32636936685192,0.10497936685192144,0.0,6.0,4.0955,2.7700997500000004,4.085184179528705,4.105815820471296,0.010315820471295645,0.0,0.405,0.21038077500000002,0.0026109840728993756,0.21006406762063462,0.21069748237936542,0.0003167073793653996,0.0,74.5,28.50991,47.614257903011115,28.467141444592997,28.552678555407006,0.04276855540700453,0.0,447.0,171.05946,1714.1132845084,170.80284866755798,171.31607133244202,0.25661133244202006,0.0,1.0,0.9007160000000001,0.033257087344,0.8995856884202101,0.90184631157979,0.0011303115797899332,0.70478,0.7019419469661726,0.7076061714864292
T-divide_over_risks-W-20-HS-greedy-D-7-C-5-H-1-RUNS-100000.csv,divide_over_risks,20,greedy,7,5,1,100000,1.0,131.0,24.2897,209.97057391,24.199887809472617,24.379512190527382,0.08981219052738254,0.0,7.0,2.63794,3.745592556399999,2.6259445557128274,2.6499354442871725,0.011995444287172585,0.0025,0.3775,0.13683265,0.004436640768977499,0.13641980863605854,0.13724549136394146,0.00041284136394145743,0.14285714285714285,63.0,19.150071428571426,58.634739790816326,19.102610790524682,19.19753206661817,0.0474606380467435,1.0,441.0,134.0505,2873.1022497500003,133.7182755336728,134.3827244663272,0.3322244663272045,0.0,1.0,0.93841,0.0577966719,0.9369199272005333,0.9399000727994666,0.0014900727994666685,0.93841,0.9369021954482969,0.9398923142474448
T-divide_over_risks-W-20-HS-greedy-D-7-C-5-H-2-RUNS-100000.csv,divide_over_risks,20,greedy,7,5,2,100000,2.0,136.0,30.43799,201.07285475989997,30.350101350058974,30.525878649941024,0.08788864994102497,0.0,7.0,3.4557,3.4636175099999993,3.444164908744871,3.4672350912551293,0.011535091255129082,0.0,0.3725,0.1701484,0.00305798735244,0.16980565280142454,0.17049114719857547,0.000342747198575466,0.0,58.857142857142854,22.7493,42.09132257122449,22.709088307074982,22.78951169292502,0.040211692925019804,0.0,412.0,159.2451,2062.4748059900003,158.96361814952488,159.52658185047514,0.2814818504751315,0.0,1.0,0.94639,0.0299759679,0.945316893862264,0.9474631061377359,0.0010731061377359241,0.90487,0.9030347949593271,0.9066816836254886
T-divide_over_risks-W-20-HS-greedy-D-7-C-5-H-3-RUNS-100000.csv,divide_over_risks,20,greedy,7,5,3,100000,2.0,137.0,35.98336,226.55402311039998,35.890068524763464,36.07665147523653,0.09329147523653347,0.0,7.0,4.02593,3.4763576351000003,4.014373713619419,4.037486286380581,0.011556286380581149,0.0,0.3925,0.19102682499999998,0.002713464317919376,0.19070396211077734,0.19134968788922263,0.00032286288922264705,0.0,65.14285714285714,25.164082857142855,41.33572008129796,25.12423372888836,25.20393198539735,0.03984912825449527,0.0,456.0,176.14858,2025.4502839836002,175.86963610221855,176.42752389778147,0.2789438977814598,0.0,1.0,0.93965,0.02594343305555555,0.9386516799489831,0.9406483200510168,0.0009983200510168544,0.85676,0.8545734046779966,0.8589258811274494
T-divide_over_risks-W-20-HS-greedy-D-7-C-5-H-4-RUNS-100000.csv,divide_over_risks,20,greedy,7,5,4,100000,4.0,137.0,40.2777,251.40094270999998,40.17942579883231,40.37597420116769,0.09827420116769048,0.0,7.0,4.38032,3.4605766975999996,4.368789973355842,4.391850026644159,0.011530026644158475,0.005,0.3975,0.20313125,0.0025235231484375,0.202819892223045,0.20344260777695503,0.00031135777695501243,0.7142857142857143,66.14285714285714,26.78671,42.12473043712449,26.746482352237887,26.82693764776211,0.040227647762112184,5.0,463.0,187.50697,2064.1117914191,187.22537646566522,187.78856353433477,0.28159353433477463,0.0,1.0,0.9340525,0.023906552243749997,0.9330941711884765,0.9350108288115234,0.0009583288115234678,0.8119,0.8094638581068407,0.814318038061076
T-divide_over_risks-W-20-HS-greedy-D-7-C-5-H-5-RUNS-100000.csv,divide_over_risks,20,greedy,7,5,5,100000,2.0,145.0,43.61386,276.1747759004,43.51085742628949,43.716862573710515,0.10300257371051202,0.0,7.0,4.62234,3.4022329244000007,4.610907582056986,4.633772417943015,0.011432417943014528,0.0,0.41,0.21151870000000003,0.00249994430031,0.2112088002416253,0.21182859975837476,0.0003098997583747265,0.0,71.71428571428571,27.941152857142853,43.670086605614294,27.90019397474793,27.98211173953778,0.040958882394924956,0.0,502.0,195.58807,2139.8342436751004,195.30135782323552,195.87478217676446,0.2867121767644676,0.0,1.0,0.929514,0.023138523804,0.9285711906181764,0.9304568093818235,0.0009428093818235617,0.77447,0.7718667452050368,0.7770573263588618
T-divide_over_risks-W-20-HS-greedy-D-8-C-5-H-1-RUNS-100000.csv,divide_over_risks,20,greedy,8,5,1,100000,1.0,140.0,24.36364,212.77554595040002,24.27322990447284,24.454050095527162,0.09041009552716162,0.0,8.0,2.9855,4.75654975,2.9719823221226425,2.9990176778773576,0.013517677877357581,0.0025,0.3875,0.138692425,0.0045501029351193755,0.13827433798231642,0.1391105120176836,0.00041808701768358825,0.125,62.25,19.16579,58.82185117590001,19.118253695613003,19.213326304387,0.047536304386998296,1.0,498.0,153.32632,3764.5984752576005,152.94602956490402,153.706610435096,0.38029043509598637,0.0,1.0,0.94753,0.0497168991,0.9461479998567924,0.9489120001432075,0.0013820001432075513,0.94753,0.946129991214216,0.948903979233585
T-divide_over_risks-W-20-HS-greedy-D-8-C-5-H-2-RUNS-100000.csv,divide_over_risks,20,greedy,8,5,2,100000,2.0,133.0,30.6607,213.31143551,30.570176124107768,30.75122387589223,0.09052387589223088,0.0,8.0,3.90884,4.371889854400001,3.895880427451238,3.921799572548762,0.012959572548762122,0.005,0.3775,0.173285875,0.0031806860879843753,0.17293631922940536,0.17363543077059465,0.00034955577059464504,0.375,61.25,22.7996675,43.128481889443755,22.758963399957562,22.84037160004244,0.04070410004243996,3.0,490.0,182.39734,2760.2228409244003,182.0717071996605,182.72297280033953,0.3256328003395197,0.0,1.0,0.95344,0.026332166400000002,0.9524342284034522,0.9544457715965478,0.0010057715965477998,0.91732,0.9155959674741508,0.9190197820702996
T-divide_over_risks-W-20-HS-greedy-D-8-C-5-H-3-RUNS-100000.csv,divide_over_risks,20,greedy,8,5,3,100000,2.0,139.0,33.97589,208.81696870789997,33.88632486911815,34.06545513088185,0.08956513088185147,0.0,8.0,4.37117,4.015722831100001,4.358749532686749,4.383590467313251,0.01242046731325086,0.0,0.39,0.188492325,0.002586771603594375,0.1881770895040233,0.1888075604959767,0.0003152354959767012,0.0,61.875,24.43007875,36.99343242504844,24.392380743420862,24.467776756579138,0.03769800657913791,0.0,495.0,195.44063,2367.5796752031,195.1390459473669,195.7422140526331,0.3015840526331033,0.0,1.0,0.9587866666666667,0.017070350044444446,0.9579768675759612,0.9595964657573721,0.0008097990907054431,0.89705,0.8951499527617659,0.898926983025136
T-divide_over_risks-W-20-HS-greedy-D-8-C-5-H-4-RUNS-100000.csv,divide_over_risks,20,greedy,8,5,4,100000,2.0,147.0,38.02646,229.62021986840003,37.93253934004456,38.12038065995544,0.09392065995543675,0.0,8.0,4.79328,3.9902468415999994,4.780898993471172,4.805661006528829,0.012381006528828564,0.0,0.4025,0.20141694999999998,0.0024357313776975,0.20111105613506375,0.20172284386493622,0.00030589386493623527,0.0,69.75,26.03106875,37.43929270152344,25.99314424778281,26.06899325221719,0.03792450221719079,0.0,558.0,208.24855,2396.1147328975003,207.94515398226247,208.55194601773752,0.30339601773752634,0.0,1.0,0.9556025,0.015538236993750001,0.9548298960184209,0.9563751039815791,0.0007726039815790786,0.86466,0.8625241886275666,0.8667746369397926
T-divide_over_risks-W-20-HS-greedy-D-8-C-5-H-5-RUNS-100000.csv,divide_over_risks,20,greedy,8,5,5,100000,4.0,138.0,41.66107,256.5012764551,41.56180392807057,41.76033607192944,0.09926607192943493,0.0,8.0,5.10765,4.0106014775,5.095237455282673,5.120062544717326,0.012412544717326668,0.005,0.4125,0.21047475,0.0023723798624375003,0.21017286037646946,0.21077663962353052,0.0003018896235305324,1.0,67.125,27.255925,39.585769581875,27.216928501128216,27.294921498871787,0.03899649887178569,8.0,537.0,218.0474,2533.48925324,217.73542800902572,218.3593719909743,0.3119719909742855,0.0,1.0,0.95047,0.0156215791,0.9496953267897329,0.9512446732102672,0.0007746732102671405,0.82972,0.8273757696992398,0.8320450900595399
T-divide_over_risks-W-20-HS-greedy-D-9-C-5-H-1-RUNS-100000.csv,divide_over_risks,20,greedy,9,5,1,100000,1.0,134.0,24.1605,201.42411975,24.072534614851545,24.248465385148453,0.08796538514845409,0.0,9.0,3.30037,5.7660878631,3.285486786927923,3.315253213072077,0.014883213072077073,0.0025,0.375,0.14001555000000002,0.0046770757581975,0.13959166966036757,0.14043943033963247,0.00042388033963244864,0.1111111111111111,58.22222222222222,19.13256,58.48657846368395,19.085159362891826,19.179960637108177,0.04740063710817566,1.0,524.0,172.19304,4737.4128555584,171.76643426602644,172.61964573397356,0.4266057339735596,0.0,1.0,0.9595,0.038859750000000005,0.9582781832559668,0.9607218167440332,0.0012218167440332106,0.9595,0.9582598063389105,0.9607134512286731
T-divide_over_risks-W-20-HS-greedy-D-9-C-5-H-2-RUNS-100000.csv,divide_over_risks,20,greedy,9,5,2,100000,2.0,134.0,30.50198,205.4878160796,30.413131702647075,30.590828297352925,0.08884829735292499,0.0,9.0,4.32905,5.3069360975,4.314771650756422,4.343328349243577,0.014278349243577182,0.005,0.3825,0.17532775,0.0032096653299374996,0.17497660543815277,0.17567889456184724,0.0003511445618472331,1.1111111111111112,59.0,22.79211666666667,42.70453847033951,22.751613116823766,22.83262021650957,0.04050354984290294,10.0,531.0,205.12905,3459.0676160975,204.7645180514139,205.49358194858613,0.36453194858611937,0.0,1.0,0.962675,0.020959344375,0.961777685019901,0.9635723149800989,0.0008973149800989288,0.93273,0.9311598925963293,0.9342749518221487
T-divide_over_risks-W-20-HS-greedy-D-9-C-5-H-3-RUNS-100000.csv,divide_over_risks,20,greedy,9,5,3,100000,5.0,122.0,34.09734,208.2361249244,34.007899522725474,34.18678047727453,0.08944047727452897,0.0,9.0,4.8918,4.94243276,4.878020722192068,4.905579277807932,0.013779277807931756,0.0125,0.385,0.191647225,0.002600915337299375,0.19133112886968884,0.19196332113031117,0.00031609613031116646,1.2222222222222223,57.55555555555556,24.47143555555556,36.785782591032095,24.43384350022445,24.509027610886665,0.03759205533110688,11.0,518.0,220.24292,2979.6483898736,219.90459150202003,220.58124849797997,0.33832849797997255,0.0,1.0,0.9645466666666666,0.01453639448888889,0.9637993848385152,0.9652939484948179,0.0007472818281513138,0.91025,0.9084615613856967,0.9120146023533544
T-divide_over_risks-W-20-HS-greedy-D-9-C-5-H-4-RUNS-100000.csv,divide_over_risks,20,greedy,9,5,4,100000,6.0,139.0,36.31203,208.34380727909996,36.222566400137076,36.401493599862924,0.08946359986292407,0.0,9.0,5.18838,4.6256529755999996,5.175049617983319,5.201710382016682,0.013330382016681241,0.0125,0.385,0.20073032500000001,0.002328539312894375,0.20043123777819982,0.2010294122218002,0.00029908722180019276,1.6666666666666667,60.22222222222222,25.477933333333336,33.68755059308642,25.441959162827487,25.513907503839185,0.035974170505848946,15.0,542.0,229.3014,2728.6915980400004,228.97763246544736,229.62516753455265,0.32376753455264407,0.0,1.0,0.9683625,0.010667193593750002,0.9677223508696425,0.9690026491303575,0.0006401491303574813,0.89917,0.8972871829215718,0.9010296289641546
T-divide_over_risks-W-20-HS-greedy-D-9-C-5-H-5-RUNS-100000.csv,divide_over_risks,20,greedy,9,5,5,100000,4.0,132.0,39.42946,227.7361841084,39.3359254435585,39.522994556441496,0.09353455644149733,0.0,9.0,5.52944,4.5486532863999996,5.516221033903881,5.542658966096119,0.013218966096118834,0.005,0.41,0.2095598,0.00229295122396,0.20926300711898757,0.2098565928810124,0.00029679288101241985,1.1111111111111112,62.111111111111114,26.60071111111111,35.09564072888889,26.56399280322198,26.63742941900024,0.03671830788913155,10.0,559.0,239.4064,2842.7468990400002,239.07593522899782,239.73686477100216,0.33046477100216975,0.0,1.0,0.9662780000000002,0.010153626716,0.9656534507834272,0.9669025492165731,0.000624549216572956,0.87584,0.8737802336979867,0.8778779401512463
T-divide_over_risks-W-20-HS-random-D-1-C-5-H-1-RUNS-100000.csv,divide_over_risks,20,random,1,5,1,100000,1.0,151.0,29.2081,293.97257439,29.101830293979113,29.31436970602089,0.10626970602088903,0.0,1.0,0.70892,0.20635243359999997,0.7061044653990445,0.7117355346009555,0.002815534600955516,0.0,0.3575,0.06858162500000001,0.0017500686498593749,0.0683223362859128,0.06884091371408721,0.00025928871408720244,0.0,151.0,27.79026,298.64180913239994,27.68314966557969,27.89737033442031,0.10711033442030882,0.0,151.0,27.79026,298.64180913239994,27.68314966557969,27.89737033442031,0.10711033442030882,0.0,1.0,0.29108,0.20635243359999997,0.2882644653990445,0.2938955346009555,0.002815534600955516,0.29108,0.2882656084279111,0.29390651344407737
T-divide_over_risks-W-20-HS-random-D-1-C-5-H-2-RUNS-100000.csv,divide_over_risks,20,random,1,5,2,100000,2.0,150.0,33.42495,359.42280749750006,33.30744431259372,33.54245568740629,0.11750568740628609,0.0,1.0,0.83402,0.13843063960000002,0.8317139316031666,0.8363260683968333,0.0023060683968333384,0.0,0.3325,0.078029925,0.002151764366994375,0.07774241468727634,0.07831743531272366,0.00028751031272365724,0.0,150.0,31.75691,370.8449572519,31.637551800123372,31.87626819987663,0.1193581998766291,0.0,150.0,31.75691,370.8449572519,31.637551800123372,31.87626819987663,0.1193581998766291,0.0,1.0,0.291415,0.14377479777500005,0.28906483987113124,0.2937651601288687,0.002350160128868739,0.16598,0.16367868518075332,0.16830070523898957
T-divide_over_risks-W-20-HS-random-D-1-C-5-H-3-RUNS-100000.csv,divide_over_risks,20,random,1,5,3,100000,2.0,143.0,34.9319,416.5668223899999,34.80539770338474,35.058402296615256,0.12650229661525714,0.0,1.0,0.87682,0.10800668759999998,0.8747830451868435,0.8788569548131566,0.0020369548131565773,0.0,0.335,0.08126032500000001,0.002465302768394375,0.08095257986006985,0.08156807013993017,0.00030774513993016284,0.0,143.0,33.17826,429.52236337240004,33.049805606882,33.306714393118,0.12845439311799822,0.0,143.0,33.17826,429.52236337240004,33.049805606882,33.306714393118,0.12845439311799822,0.0,1.0,0.29116666666666663,0.1225086388888889,0.2889972677011567,0.29333606563217657,0.002169398965509939,0.12318,0.12114903168635373,0.1252328516167702
T-divide_over_risks-W-20-HS-random-D-1-C-5-H-4-RUNS-100000.csv,divide_over_risks,20,random,1,5,4,100000,2.0,142.0,35.86717,456.20954619109995,35.73478515975582,35.99955484024418,0.1323848402441783,0.0,1.0,0.89517,0.09384067110000002,0.8932713206639936,0.8970686793360064,0.0018986793360064036,0.0,0.3325,0.08330649999999999,0.0026811879327500003,0.08298556306597007,0.08362743693402991,0.00032093693402991674,0.0,140.0,34.07683,469.63040715110003,33.942512012667265,34.21114798733274,0.1343179873327358,0.0,140.0,34.07683,469.63040715110003,33.942512012667265,34.21114798733274,0.1343179873327358,0.0,1.0,0.29425,0.1129644375,0.29216681929948457,0.29633318070051545,0.0020831807005154412,0.10483,0.10293783535468459,0.1067451190115457
T-divide_over_risks-W-20-HS-random-D-1-C-5-H-5-RUNS-100000.csv,divide_over_risks,20,random,1,5,5,100000,2.0,141.0,36.16687,479.3953244031,36.031162775497144,36.30257722450286,0.135707224502859,0.0,1.0,0.90645,0.08479839749999997,0.9046451135109487,0.9082548864890513,0.001804886489051305,0.0,0.3175,0.08391837499999998,0.002805123274859375,0.0835901043559774,0.08424664564402255,0.0003282706440225769,0.0,141.0,34.35397,492.7776752391,34.2163816750157,34.4915583249843,0.13758832498429996,0.0,141.0,34.35397,492.7776752391,34.2163816750157,34.4915583249843,0.13758832498429996,0.0,1.0,0.29224,0.10596698240000002,0.2902223707982193,0.2942576292017807,0.002017629201780724,0.09355,0.09175195277104795,0.09537166108096516
T-divide_over_risks-W-20-HS-random-D-10-C-5-H-1-RUNS-100000.csv,divide_over_risks,20,random,10,5,1,100000,1.0,125.0,22.80132,149.1072662576,22.725635756325694,22.877004243674307,0.07568424367430637,0.0,10.0,3.4556,6.23112864,3.440128250330546,3.471071749669454,0.01547174966945386,0.0025,0.3725,0.138007075,0.0044869494374443755,0.13759189955565285,0.13842225044434717,0.00041517544434716003,0.2,55.0,18.676293,52.716072878150996,18.63129143718617,18.72129456281383,0.045001562813830276,2.0,550.0,186.76293,5271.6072878151,186.31291437186172,187.2129456281383,0.45001562813828855,0.0,1.0,0.97684,0.022623614400000006,0.975907739966109,0.9777722600338911,0.0009322600338910192,0.97684,0.9758888087573577,0.9777633933225496
T-divide_over_risks-W-20-HS-random-D-10-C-5-H-2-RUNS-100000.csv,divide_over_risks,20,random,10,5,2,100000,2.0,131.0,29.1518,159.72973675999998,29.073466242478915,29.230133757521088,0.07833375752108651,0.0,10.0,4.61432,5.935970937599999,4.59921913050388,4.62942086949612,0.015100869496119884,0.005,0.4075,0.1748505,0.00309909714975,0.17450545664605038,0.1751955433539496,0.00034504335394960894,0.8,60.9,22.387189000000003,38.526145578279,22.348717966630268,22.425660033369738,0.0384710333697349,8.0,609.0,223.87189,3852.6145578279,223.48717966630267,224.25660033369735,0.38471033369734187,0.0,1.0,0.977005,0.012703729974999996,0.976306411071717,0.977703588928283,0.000698588928283006,0.95748,0.9562110882532744,0.9587222901714056
T-divide_over_risks-W-20-HS-random-D-10-C-5-H-3-RUNS-100000.csv,divide_over_risks,20,random,10,5,3,100000,6.0,139.0,32.79903,173.28952105910003,32.71743900637321,32.88062099362679,0.08159099362679001,0.0,10.0,5.24592,5.5818233536,5.231276526165151,5.260563473834849,0.014643473834849097,0.01,0.39,0.19159610000000002,0.00253129346479,0.19128426323221379,0.19190793676778625,0.00031183676778623326,2.2,60.0,24.127656,33.760082345663996,24.091643122811544,24.16366887718846,0.03601287718845825,22.0,600.0,241.27656,3376.0082345664,240.91643122811539,241.6366887718846,0.3601287718846038,0.0,1.0,0.9766033333333333,0.00947148487777778,0.9760001280920889,0.9772065385745776,0.0006032052412443534,0.93901,0.937508979134403,0.940485495159004
T-divide_over_risks-W-20-HS-random-D-10-C-5-H-4-RUNS-100000.csv,divide_over_risks,20,random,10,5,4,100000,5.0,129.0,35.42328,185.7643340416,35.33880324191505,35.507756758084945,0.08447675808494637,0.0,10.0,5.65795,5.277211797499999,5.643711693625548,5.672188306374451,0.014238306374451781,0.0075,0.41,0.20169939999999997,0.0023140912896400002,0.20140124210394017,0.20199755789605978,0.00029815789605980303,2.6,59.7,25.243017000000002,32.162229837710996,25.207866691019206,25.278167308980798,0.035150308980796297,26.0,597.0,252.43017,3216.2229837711,252.07866691019203,252.78167308980798,0.3515030898079772,0.0,1.0,0.9765825,0.007850995693749998,0.9760333152855631,0.9771316847144369,0.0005491847144368789,0.92362,0.9219564753411601,0.9252589046069125
T-divide_over_risks-W-20-HS-random-D-10-C-5-H-5-RUNS-100000.csv,divide_over_risks,20,random,10,5,5,100000,2.0,133.0,37.24619,192.5140204839,37.160192217407015,37.33218778259298,0.08599778259298319,0.0,10.0,5.90603,5.0846196391,5.892053922293588,5.920006077706413,0.013976077706412404,0.0,0.405,0.20805372499999997,0.002197552326124375,0.20776317178600914,0.2083442782139908,0.000290553213990824,0.0,56.7,26.021922999999997,31.153995282071,25.98732803096177,26.056517969038225,0.034594969038227674,0.0,567.0,260.21923,3115.3995282071,259.8732803096177,260.56517969038225,0.34594969038226964,0.0,1.0,0.976912,0.0067317442559999986,0.9764034661394376,0.9774205338605624,0.0005085338605623768,0.91106,0.909278765082878,0.9128173512288472
T-divide_over_risks-W-20-HS-random-D-2-C-5-H-1-RUNS-100000.csv,divide_over_risks,20,random,2,5,1,100000,1.0,133.0,33.42585,322.28786177750004,33.314580010793364,33.53711998920663,0.11126998920663311,0.0,2.0,1.24743,0.6696083951,1.242358148651019,1.2525018513489812,0.005071851348981138,0.0,0.3325,0.1028361,0.0025849647867900003,0.1025209746166217,0.1031512253833783,0.00031512538337830076,0.0,108.5,25.95077,162.23459640709999,25.871824422191136,26.02971557780886,0.07894557780886302,0.0,217.0,51.90154,648.9383856283999,51.74364884438227,52.05943115561772,0.15789115561772604,0.0,1.0,0.51087,0.2498818431,0.5077717003236405,0.5139682996763596,0.0030982996763595505,0.51087,0.5077664796107503,0.5139728898296017
T-divide_over_risks-W-20-HS-random-D-2-C-5-H-2-RUNS-100000.csv,divide_over_risks,20,random,2,5,2,100000,2.0,144.0,40.96774,344.56629929240006,40.85268845088563,41.08279154911437,0.11505154911436932,0.0,2.0,1.54826,0.45927097240000003,1.5440596007718648,1.5524603992281352,0.004200399228135199,0.0,0.3475,0.12177117500000001,0.0026956015016193747,0.12144937657351813,0.12209297342648189,0.00032179842648187573,0.0,113.0,30.68701,178.5030772599,30.604200735928785,30.769819264071216,0.0828092640712157,0.0,226.0,61.37402,714.0123090396,61.20840147185757,61.53963852814243,0.1656185281424314,0.0,1.0,0.50839,0.16870460789999997,0.5058442277758829,0.5109357722241171,0.0025457722241171155,0.34594,0.3429913004803555,0.3488976373822878
T-divide_over_risks-W-20-HS-random-D-2-C-5-H-3-RUNS-100000.csv,divide_over_risks,20,random,2,5,3,100000,2.0,143.0,44.10217,378.1241912911001,43.981646064897305,44.2226939351027,0.1205239351026961,0.0,2.0,1.66661,0.34630110790000007,1.6629626032076168,1.670257396792383,0.0036473967923831285,0.0,0.34,0.128781375,0.002953088640609375,0.12844455775991623,0.12911819224008378,0.00033681724008377545,0.0,108.5,32.53024,199.11649054239996,32.4427799571194,32.6177000428806,0.0874600428806005,0.0,217.0,65.06048,796.4659621695998,64.8855599142388,65.2354000857612,0.174920085761201,0.0,1.0,0.50817,0.14111325109999998,0.5058416944671591,0.5104983055328409,0.002328305532840913,0.27136,0.2686056729413116,0.27412759378849005
T-divide_over_risks-W-20-HS-random-D-2-C-5-H-4-RUNS-100000.csv,divide_over_risks,20,random,2,5,4,100000,2.0,142.0,45.77125,410.9805234375,45.645598785169526,45.89690121483048,0.12565121483047648,0.0,2.0,1.72564,0.2862065904,1.7223241422864053,1.7289558577135948,0.003315857713594772,0.0,0.3875,0.132075325,0.003156606963644375,0.13172709488482418,0.1324235551151758,0.00034823011517581826,0.0,116.5,33.47684,217.4438236144,33.38544349061386,33.568236509386146,0.09139650938614352,0.0,233.0,66.95368,869.7752944576,66.77088698122772,67.13647301877229,0.18279301877228704,0.0,1.0,0.5069675,0.12740707894375003,0.504755155012277,0.5091798449877231,0.0022123449877230472,0.2308,0.22819136242527682,0.23342425985148849
T-divide_over_risks-W-20-HS-random-D-2-C-5-H-5-RUNS-100000.csv,divide_over_risks,20,random,2,5,5,100000,2.0,140.0,46.74831,437.31776214390004,46.61869518930878,46.87792481069121,0.1296148106912156,0.0,2.0,1.75564,0.2529081904,1.7525229948600611,1.758757005139939,0.0031170051399389553,0.0,0.35,0.134169925,0.003338845787994375,0.13381178382700867,0.13452806617299132,0.000358141172991322,0.0,114.0,34.03837,231.5623977431,33.94405297570587,34.13268702429413,0.0943170242941278,0.0,228.0,68.07674,926.2495909724,67.88810595141175,68.26537404858826,0.1886340485882556,0.0,1.0,0.50909,0.11976617190000001,0.5069450204523795,0.5112349795476205,0.002144979547620496,0.21023,0.20770794056921088,0.2127688768789813
T-divide_over_risks-W-20-HS-random-D-3-C-5-H-1-RUNS-100000.csv,divide_over_risks,20,random,3,5,1,100000,1.0,139.0,32.94472,329.4744441216,32.83221626563809,33.057223734361905,0.11250373436190841,0.0,3.0,1.63104,1.3455085184000002,1.6238504899163535,1.6382295100836466,0.007189510083646544,0.0,0.3575,0.12405002500000001,0.0033598376099993753,0.1236907597475392,0.12440929025246082,0.00035926525246081364,0.0,89.33333333333333,23.99618,113.6074542964889,23.930116818391376,24.062243181608622,0.06606318160862301,0.0,268.0,71.98854,1022.4670886684,71.79035045517413,72.18672954482587,0.19818954482586548,0.0,1.0,0.67412,0.21968222560000003,0.6712149505376588,0.6770250494623413,0.0029050494623412693,0.67412,0.6712049856272242,0.6770249123831247
T-divide_over_risks-W-20-HS-random-D-3-C-5-H-2-RUNS-100000.csv,divide_over_risks,20,random,3,5,2,100000,2.0,142.0,41.90109,326.7710268119,41.78904877648827,42.013131223511735,0.1120412235117314,0.0,3.0,2.09638,1.0565708956000002,2.090009032449826,2.1027509675501737,0.006370967550173745,0.0,0.3825,0.15046955,0.0028951928977975,0.1501360507790687,0.15080304922093132,0.0003334992209313159,0.0,86.66666666666667,28.81854666666667,109.3102013544889,28.75374496379372,28.88334836953962,0.0648017028729484,0.0,260.0,86.45564,983.7918121904,86.26123489138115,86.65004510861885,0.1944051086188523,0.0,1.0,0.67042,0.1451420236,0.6680586918924847,0.6727813081075154,0.0023613081075153364,0.51879,0.5156877064873712,0.521891203519547
T-divide_over_risks-W-20-HS-random-D-3-C-5-H-3-RUNS-100000.csv,divide_over_risks,20,random,3,5,3,100000,2.0,149.0,46.21987,328.7436071831,46.1074911122428,46.3322488877572,0.1123788877572025,0.0,3.0,2.29711,0.8553756479000001,2.291377626068571,2.302842373931429,0.005732373931429002,0.0,0.375,0.16076142499999999,0.002908433919469376,0.16042716402792825,0.16109568597207172,0.00033426097207173155,0.0,101.66666666666667,30.966973333333332,115.96011368373334,30.900229616570822,31.03371705009584,0.06674371676250956,0.0,305.0,92.90092,1043.6410231536001,92.70068884971246,93.10115115028754,0.2002311502875358,0.0,1.0,0.6713266666666667,0.12033383995555556,0.6691766097381803,0.6734767235951532,0.0021500569284864657,0.43765,0.43457205942393934,0.4407315575060792
T-divide_over_risks-W-20-HS-random-D-3-C-5-H-4-RUNS-100000.csv,divide_over_risks,20,random,3,5,4,100000,2.0,145.0,48.87363,341.8447806231,48.7590337125714,48.988226287428596,0.11459628742859707,0.0,3.0,2.41221,0.7242529159,2.4069352582985313,2.4174847417014687,0.005274741701468688,0.0,0.3725,0.166324225,0.003037373740649375,0.1659826349684991,0.16666581503150088,0.00034159003150088796,0.0,89.0,32.16649666666667,124.0931888599889,32.09745201485897,32.23554131847436,0.06904465180769392,0.0,267.0,96.49949,1116.8386997399,96.29235604457692,96.70662395542307,0.20713395542307467,0.0,1.0,0.67236,0.10711578039999999,0.6703314636261958,0.6743885363738041,0.0020285363738041795,0.38587,0.3828511831960529,0.388895437769788
T-divide_over_risks-W-20-HS-random-D-3-C-5-H-5-RUNS-100000.csv,divide_over_risks,20,random,3,5,5,100000,2.0,149.0,50.48216,359.05710173439996,50.36471410769112,50.59960589230888,0.11744589230887925,0.0,3.0,2.48391,0.6437411118999999,2.4789370774634274,2.4888829225365723,0.004972922536572444,0.0,0.3725,0.169517775,0.003159625896549375,0.1691693784035157,0.16986617159648432,0.0003483965964843072,0.0,94.33333333333333,32.91231666666667,132.28278163305555,32.84103009472486,32.98360323860848,0.07128657194181187,0.0,283.0,98.73695,1190.5450346975001,98.52309028417454,98.95080971582544,0.21385971582544983,0.0,1.0,0.6700780000000001,0.100397473916,0.668114108618595,0.6720418913814051,0.0019638913814050696,0.34957,0.34661400318665087,0.3525347240323581
T-divide_over_risks-W-20-HS-random-D-4-C-5-H-1-RUNS-100000.csv,divide_over_risks,20,random,4,5,1,100000,1.0,143.0,30.68059,309.1761472519,30.57160692391555,30.789573076084448,0.10898307608444924,0.0,4.0,1.88828,2.1092586416,1.8792783734816587,1.8972816265183412,0.009001626518341244,0.0,0.3725,0.13802015,0.0040739050689775,0.13762454522610335,0.13841575477389667,0.0003956047738966628,0.0,73.0,22.24366,86.5685248044,22.185991841984627,22.30132815801537,0.05766815801537106,0.0,292.0,88.97464,1385.0963968704,88.74396736793851,89.20531263206148,0.23067263206148425,0.0,1.0,0.78857,0.16672735510000003,0.7860391902336363,0.7911008097663637,0.002530809766363662,0.78857,0.7860258854538944,0.7910973668338185
T-divide_over_risks-W-20-HS-random-D-4-C-5-H-2-RUNS-100000.csv,divide_over_risks,20,random,4,5,2,100000,2.0,142.0,39.49088,308.15755682559995,39.382076596087195,39.5996834039128,0.10880340391280185,0.0,4.0,2.47275,1.8754774375000003,2.4642618705689063,2.4812381294310937,0.008488129431093672,0.0,0.3725,0.16871707500000005,0.003043403290944375,0.16837514608805354,0.16905900391194656,0.00034192891194650965,0.0,72.5,26.7330825,73.55904692319375,26.67992382858506,26.786241171414936,0.053158671414937686,0.0,290.0,106.93233,1176.9447507711,106.71969531434024,107.14496468565974,0.21263468565975074,0.0,1.0,0.787965,0.10673365877499996,0.7859400851288263,0.7899899148711738,0.002024914871173733,0.66728,0.6643497855684454,0.670200509397343
T-divide_over_risks-W-20-HS-random-D-4-C-5-H-3-RUNS-100000.csv,divide_over_risks,20,random,4,5,3,100000,2.0,129.0,44.27319,309.4159572239,44.164164666188476,44.38221533381152,0.10902533381152324,0.0,4.0,2.74886,1.6542887004,2.7408881021886526,2.7568318978113475,0.00797189781134744,0.0,0.375,0.18197049999999998,0.00283453787975,0.1816405127166261,0.18230048728337386,0.0003299872833738837,0.0,79.0,28.89731,73.5688272639,28.844147794739403,28.9504722052606,0.05316220526059823,0.0,316.0,115.58924,1177.1012362224,115.37659117895761,115.8018888210424,0.2126488210423929,0.0,1.0,0.7885366666666667,0.08713325865555556,0.7867071007988959,0.7903662325344374,0.0018295658677707216,0.59269,0.589637087419617,0.5957375355110666
T-divide_over_risks-W-20-HS-random-D-4-C-5-H-4-RUNS-100000.csv,divide_over_risks,20,random,4,5,4,100000,2.0,142.0,47.45352,311.8945196096,47.34405886596,47.562981134039994,0.10946113403999647,0.0,4.0,2.92968,1.4796550975999998,2.922140608099495,2.9372193919005047,0.007539391900504899,0.0,0.3825,0.189402775,0.0028134558847993747,0.18907401715405492,0.18973153284594507,0.00032875784594507684,0.0,81.0,30.2392425,75.85900240119375,30.18525917446105,30.29322582553895,0.05398332553895102,0.0,324.0,120.95697,1213.7440384191,120.7410366978442,121.1729033021558,0.21593330215580409,0.0,1.0,0.7882875,0.07647594234375,0.7865734697199065,0.7900015302800936,0.001714030280093537,0.53617,0.5330731324085674,0.5392647693893204
T-divide_over_risks-W-20-HS-random-D-4-C-5-H-5-RUNS-100000.csv,divide_over_risks,20,random,4,5,5,100000,2.0,138.0,49.60854,313.5596990684,49.498787052889625,49.71829294711037,0.10975294711037265,0.0,4.0,3.04436,1.3507921904,3.0371563875183067,3.0515636124816936,0.007203612481693433,0.0,0.3775,0.19394232499999997,0.0028441475110943747,0.19361177882956956,0.19427287117043038,0.0003305461704304069,0.0,82.0,31.104565,78.31253241077499,31.04971562219959,31.159414377800413,0.05484937780041221,0.0,328.0,124.41826,1253.0005185723999,124.19886248879835,124.63765751120165,0.21939751120164885,0.0,1.0,0.788486,0.070175827804,0.786844088126324,0.790127911873676,0.0016419118736760163,0.49655,0.4934462363276999,0.49965396380383653
T-divide_over_risks-W-20-HS-random-D-5-C-5-H-1-RUNS-100000.csv,divide_over_risks,20,random,5,5,1,100000,1.0,136.0,27.97399,270.9854734799,27.87195972042965,28.07602027957035,0.10203027957035005,0.0,5.0,2.09425,2.8699669374999996,2.083749873816425,2.1047501261835753,0.010500126183575098,0.0,0.39,0.145600175,0.0047202124774693745,0.14517434442038593,0.14602600557961407,0.0004258305796140671,0.0,67.6,20.725303999999998,71.137998107584,20.673027453295944,20.77758054670405,0.05227654670405357,0.0,338.0,103.62652,1778.4499526896,103.36513726647973,103.88790273352026,0.2613827335202643,0.0,1.0,0.86045,0.12007579750000001,0.8583022495869492,0.8625977504130509,0.0021477504130508196,0.86045,0.8582868355386978,0.8625922353203266
T-divide_over_risks-W-20-HS-random-D-5-C-5-H-2-RUNS-100000.csv,divide_over_risks,20,random,5,5,2,100000,2.0,128.0,36.4691,288.39036519,36.363844101024505,36.57435589897549,0.10525589897549281,0.0,5.0,2.77853,2.7365610391,2.768276818597232,2.788783181402768,0.010253181402767986,0.0,0.3875,0.1805247,0.00334181593991,0.18016639956580047,0.18088300043419955,0.00035830043419954327,0.0,66.6,25.055996,56.640470847984005,25.009349453202876,25.102642546797124,0.04664654679712399,0.0,333.0,125.27998,1416.0117711995997,125.04674726601438,125.51321273398561,0.2332327339856164,0.0,1.0,0.860865,0.074958951775,0.8591680547765504,0.8625619452234495,0.001696945223449542,0.77123,0.7686137623954872,0.7738304973985488
T-divide_over_risks-W-20-HS-random-D-5-C-5-H-3-RUNS-100000.csv,divide_over_risks,20,random,5,5,3,100000,2.0,134.0,41.05841,288.9267782719,40.95305625723738,41.163763742762626,0.10535374276262388,0.0,5.0,3.13403,2.5077059591,3.124214907941095,3.143845092058905,0.009815092058905073,0.0,0.41,0.195210225,0.0028953843679493754,0.1948767147514631,0.19554373524853688,0.0003335102485368946,0.0,66.6,27.104537999999998,52.493581006556006,27.0596315037222,27.149444496277795,0.04490649627779675,0.0,333.0,135.52269,1312.3395251639,135.29815751861102,135.747222481389,0.22453248138899085,0.0,1.0,0.8620933333333333,0.05886841795555556,0.860589508495069,0.8635971581715975,0.0015038248382642783,0.70874,0.7059129789692656,0.7115549096079403
T-divide_over_risks-W-20-HS-random-D-5-C-5-H-4-RUNS-100000.csv,divide_over_risks,20,random,5,5,4,100000,2.0,143.0,44.46643,298.8900530551,44.3592751574675,44.573584842532505,0.10715484253250196,0.0,5.0,3.35554,2.3314713084,3.346076078942452,3.3650039210575478,0.009463921057547786,0.0,0.405,0.2039639,0.0027853099967900005,0.2036367907386871,0.2042910092613129,0.00032710926131290785,0.0,68.2,28.432746,52.053333699484,28.388028208603295,28.47746379139671,0.04471779139670673,0.0,341.0,142.16373,1301.3333424871,141.94014104301647,142.3873189569835,0.22358895698351944,0.0,1.0,0.86273,0.051044447099999994,0.8613296702246279,0.8641303297753721,0.0014003297753720778,0.66225,0.6593090505411702,0.6651815363276793
T-divide_over_risks-W-20-HS-random-D-5-C-5-H-5-RUNS-100000.csv,divide_over_risks,20,random,5,5,5,100000,2.0,146.0,46.65991,296.0265087919,46.55326969635382,46.766550303646184,0.10664030364618071,0.0,5.0,3.50341,2.1991283719,3.4942186064421707,3.5126013935578295,0.009191393557829386,0.0,0.4075,0.209300625,0.002762960562109375,0.20897483075058176,0.20962641924941822,0.00032579424941822643,0.0,68.4,29.345218,52.414134532476005,29.300345498485157,29.39009050151484,0.0448725015148419,0.0,342.0,146.72609,1310.3533633119,146.50172749242577,146.95045250757423,0.22436250757422727,0.0,1.0,0.8626459999999999,0.04652467868399999,0.861309103573075,0.8639828964269248,0.0013368964269249162,0.62464,0.6216302747753978,0.6276424944629173
T-divide_over_risks-W-20-HS-random-D-6-C-5-H-1-RUNS-100000.csv,divide_over_risks,20,random,6,5,1,100000,1.0,130.0,26.83349,248.37842441990003,26.735808345875416,26.931171654124586,0.0976816541245853,0.0,6.0,2.43701,3.5846722598999996,2.425275062013955,2.448744937986045,0.011734937986044969,0.0,0.3925,0.144357325,0.004689162781344375,0.1439328972942501,0.14478175270574992,0.00042442770574990796,0.0,59.5,20.232653333333335,66.22059520426666,20.18221594258632,20.28309072408035,0.05043739074701392,0.0,357.0,121.39592,2383.9414273536,121.0932956555179,121.6985443444821,0.30262434448209774,0.0,1.0,0.90102,0.0891829596,0.8991690400933587,0.9028709599066413,0.001850959906641303,0.90102,0.8991524268591398,0.9028642768785131
T-divide_over_risks-W-20-HS-random-D-6-C-5-H-2-RUNS-100000.csv,divide_over_risks,20,random,6,5,2,100000,2.0,138.0,35.05493,266.0740126951,34.953828569388484,35.15603143061151,0.10110143061151433,0.0,6.0,3.24346,3.3991472284,3.2320327676173877,3.254887232382612,0.011427232382612118,0.0,0.3875,0.1804171,0.00325512990259,0.18006347722027857,0.18077072277972142,0.0003536227797214242,0.0,63.5,24.455945,51.82376387919722,24.41132592657637,24.50056407342363,0.04461907342362892,0.0,381.0,146.73567,1865.6554996511,146.46795555945823,147.00338444054177,0.2677144405417664,0.0,1.0,0.90067,0.054353551099999994,0.899224992726988,0.902115007273012,0.001445007273012,0.83045,0.828109725018054,0.8327710922706669
T-divide_over_risks-W-20-HS-random-D-6-C-5-H-3-RUNS-100000.csv,divide_over_risks,20,random,6,5,3,100000,2.0,140.0,39.61212,277.8596691056,39.508803703858675,39.71543629614132,0.10331629614132254,0.0,6.0,3.65033,3.1431608911000004,3.639341475586208,3.6613185244137916,0.010988524413791723,0.0,0.4175,0.195924075,0.002836534272894375,0.19559397153042188,0.19625417846957813,0.00033010346957812464,0.0,76.33333333333333,26.40652333333333,48.473997668344445,26.363370383324934,26.449676283341724,0.0431529500083947,0.0,458.0,158.43914,1745.0639160603996,158.18022229994963,158.69805770005038,0.2589177000503753,0.0,1.0,0.9013,0.04224942111111112,0.9000260087278932,0.9025739912721068,0.0012739912721068114,0.77897,0.7763851472792656,0.7815386628368454
T-divide_over_risks-W-20-HS-random-D-6-C-5-H-4-RUNS-100000.csv,divide_over_risks,20,random,6,5,4,100000,2.0,138.0,42.85304,285.0413227584,42.748397047752434,42.957682952247566,0.10464295224756626,0.0,6.0,3.90534,2.9244994844,3.8947405862335356,3.915939413766464,0.010599413766464227,0.0,0.3925,0.20508197500000003,0.002647737092599375,0.204763046374522,0.20540090362547805,0.0003189286254780266,0.0,64.5,27.67122166666667,46.975007863086105,27.628741178179975,27.713702155153367,0.04248048848669583,0.0,387.0,166.02733,1691.1002830711002,165.77244706907982,166.2822129309202,0.2548829309201892,0.0,1.0,0.90226,0.0361181424,0.9010820719213642,0.9034379280786357,0.0011779280786357038,0.7407,0.7379717893118974,0.7434142436926373
T-divide_over_risks-W-20-HS-random-D-6-C-5-H-5-RUNS-100000.csv,divide_over_risks,20,random,6,5,5,100000,2.0,147.0,45.29342,287.8672247036,45.188259611525,45.398580388475,0.10516038847499942,0.0,6.0,4.09227,2.7623762471,4.081968570686134,4.102571429313866,0.01030142931386635,0.0,0.3975,0.210744525,0.0026122722450243746,0.21042773950385968,0.2110613104961403,0.0003167854961403094,0.0,65.5,28.55857166666667,47.40270741541944,28.515898227526254,28.601245105807084,0.042673439140415326,0.0,393.0,171.35143,1706.4974669551,171.0953893651575,171.60747063484249,0.25604063484249195,0.0,1.0,0.901384,0.033094884543999996,0.900256448189819,0.902511551810181,0.0011275518101809823,0.70669,0.7038572358093197,0.7095107717700282
T-divide_over_risks-W-20-HS-random-D-7-C-5-H-1-RUNS-100000.csv,divide_over_risks,20,random,7,5,1,100000,1.0,129.0,25.8373,228.34206871,25.743641103404087,25.93095889659591,0.09365889659591176,0.0,7.0,2.74282,4.3375584476,2.7299114119547103,2.7557285880452898,0.012908588045289715,0.0025,0.385,0.143125875,0.004702599592984375,0.1427008396297494,0.14355091037025064,0.000425035370250626,0.14285714285714285,65.0,19.817467142857144,63.56637583769592,19.76805089154059,19.866883394173698,0.04941625131655414,1.0,455.0,138.72227,3114.7524160471,138.37635624078413,139.06818375921588,0.3459137592158754,0.0,1.0,0.92965,0.06540087750000001,0.9280649321433957,0.9312350678566043,0.001585067856604283,0.92965,0.928047464381298,0.9312275612576834
T-divide_over_risks-W-20-HS-random-D-7-C-5-H-2-RUNS-100000.csv,divide_over_risks,20,random,7,5,2,100000,2.0,137.0,33.56677,247.8643617671,33.469189482878775,33.66435051712122,0.09758051712122295,0.0,7.0,3.64673,4.1249303071000005,3.634141778414821,3.6593182215851785,0.012588221585178694,0.0,0.3775,0.179421875,0.003267125208984375,0.1790676012611647,0.17977614873883532,0.00035427373883531454,0.0,64.85714285714286,23.860877142857145,49.08429625919184,23.817453389851526,23.904300895862765,0.0434237530056194,0.0,454.0,167.02614,2405.1305167004,166.72217372896066,167.33010627103934,0.30396627103934293,0.0,1.0,0.928545,0.039421682975000004,0.9273143808984223,0.9297756191015776,0.0012306191015776236,0.87469,0.8726221724116531,0.8767360684984866
T-divide_over_risks-W-20-HS-random-D-7-C-5-H-3-RUNS-100000.csv,divide_over_risks,20,random,7,5,3,100000,2.0,147.0,37.97923,258.33479860709997,37.879609773021286,38.078850226978716,0.09962022697871475,0.0,7.0,4.11364,3.805885950399999,4.101548394867903,4.125731605132097,0.012091605132097172,0.0,0.39,0.195383725,0.0027606738176243757,0.19505806559912564,0.19570938440087438,0.0003256594008743674,0.0,69.14285714285714,25.788017142857147,44.873994288685715,25.746497516599266,25.829536769115027,0.041519626257880304,0.0,484.0,180.51612,2198.8257201456,180.22548261619482,180.80675738380518,0.29063738380517634,0.0,1.0,0.9302433333333333,0.030061785233333336,0.9291686922111331,0.9313179744555335,0.0010746411222002372,0.83708,0.8347763736298859,0.839364057891892
T-divide_over_risks-W-20-HS-random-D-7-C-5-H-4-RUNS-100000.csv,divide_over_risks,20,random,7,5,4,100000,2.0,140.0,41.25593,270.49380983509997,41.153992321987275,41.357867678012724,0.10193767801272458,0.0,7.0,4.4208,3.5784273599999996,4.409075288256773,4.432524711743227,0.01172471174322709,0.0,0.395,0.2052061,0.0025729267727899996,0.20489170923215924,0.20552049076784076,0.0003143907678407609,0.0,72.14285714285714,27.040474285714286,43.97481081178776,26.999372748855603,27.08157582257297,0.04110153685868312,0.0,505.0,189.28332,2154.7657297776,188.99560924198923,189.57103075801078,0.2877107580107747,0.0,1.0,0.92922,0.0259776916,0.9282210210209891,0.930218978979011,0.0009989789790109116,0.80151,0.7990241377308235,0.8039783624761403
T-divide_over_risks-W-20-HS-random-D-7-C-5-H-5-RUNS-100000.csv,divide_over_risks,20,random,7,5,5,100000,2.0,133.0,43.57903,273.9492542591,43.476443282772,43.681616717228,0.10258671722800017,0.0,7.0,4.62173,3.3912418070999997,4.610316063551012,4.633143936448989,0.011413936448988693,0.0,0.4,0.211180725,0.002498456950974375,0.21087091744323513,0.2114905325567649,0.0003098075567648795,0.0,66.28571428571429,27.912131428571428,43.75253258354286,27.871133900698037,27.953128956444818,0.04099752787339028,0.0,464.0,195.38492,2143.8740965936,195.09793730488627,195.67190269511372,0.2869826951137213,0.0,1.0,0.9304180000000001,0.022745945275999997,0.9294832228962353,0.9313527771037649,0.0009347771037647723,0.77591,0.7733125866629755,0.7784914012398989
T-divide_over_risks-W-20-HS-random-D-8-C-5-H-1-RUNS-100000.csv,divide_over_risks,20,random,8,5,1,100000,1.0,130.0,24.81939,203.54311002789996,24.73096312560747,24.907816874392527,0.08842687439252828,0.0,8.0,3.01079,5.024773575899999,2.996896415088546,3.024683584911454,0.013893584911453871,0.0025,0.3725,0.14182740000000002,0.00467867035924,0.14140344740769686,0.14225135259230318,0.0004239525923031562,0.125,58.125,19.45193125,59.87513142652344,19.403971234894904,19.4998912651051,0.0479600151050974,1.0,465.0,155.61545,3832.0084112975,155.23176987915923,155.9991301208408,0.3836801208407792,0.0,1.0,0.9508,0.04677936,0.94945944940649,0.95214055059351,0.0013405505935100148,0.9508,0.9494413408118852,0.9521324355854128
T-divide_over_risks-W-20-HS-random-D-8-C-5-H-2-RUNS-100000.csv,divide_over_risks,20,random,8,5,2,100000,2.0,138.0,31.98332,219.64094177759998,31.891462902183182,32.07517709781682,0.0918570978168205,0.0,8.0,3.99444,4.7488090864000005,3.9809333257289907,4.007946674271009,0.013506674271009267,0.0075,0.42,0.1779828,0.0032403337791599993,0.17762998182804707,0.17833561817195293,0.00035281817195292886,1.125,60.75,23.3233525,45.707796285743754,23.28144891182293,23.365256088177066,0.04190358817706752,9.0,486.0,186.58682,2925.2989622876003,186.25159129458345,186.92204870541653,0.33522870541654015,0.0,1.0,0.951655,0.026730260975,0.9506416542023497,0.9526683457976504,0.0010133457976503335,0.9131,0.9113371042273777,0.9148388926107048
T-divide_over_risks-W-20-HS-random-D-8-C-5-H-3-RUNS-100000.csv,divide_over_risks,20,random,8,5,3,100000,5.0,139.0,36.22853,236.13588403910003,36.13328612291991,36.323773877080086,0.09524387708008675,0.0,8.0,4.51746,4.4442551484,4.504393611601482,4.530526388398518,0.013066388398518036,0.0125,0.4,0.194455175,0.002686429103219375,0.1941339245362972,0.19477642546370283,0.0003212504637028213,0.75,61.25,25.210955,41.482049237975005,25.17103540075945,25.250874599240547,0.03991959924054811,6.0,490.0,201.68764,2654.8511512304003,201.3682832060756,202.00699679392437,0.3193567939243849,0.0,1.0,0.95128,0.020590806044444448,0.9503906089695734,0.9521693910304266,0.0008893910304266228,0.8812,0.8791785713775623,0.8831992898289687
T-divide_over_risks-W-20-HS-random-D-8-C-5-H-4-RUNS-100000.csv,divide_over_risks,20,random,8,5,4,100000,2.0,132.0,39.30942,247.7341192636,39.211865123516915,39.40697487648309,0.09755487648308758,0.0,8.0,4.86946,4.2027993084,4.856753515898114,4.882166484101886,0.01270648410188624,0.0,0.3975,0.20404667499999998,0.0024881693589443752,0.20373750592959802,0.20435584407040194,0.00030916907040196007,0.0,66.625,26.40573375,39.953832467860934,26.366556378622054,26.444911121377945,0.03917737137794575,0.0,533.0,211.24587,2557.0452779431,210.93245102897643,211.55928897102356,0.313418971023566,0.0,1.0,0.951135,0.017219711775,0.9503216658450867,0.9519483341549132,0.0008133341549132478,0.8533,0.8510918804229665,0.8554876068917626
T-divide_over_risks-W-20-HS-random-D-8-C-5-H-5-RUNS-100000.csv,divide_over_risks,20,random,8,5,5,100000,4.0,142.0,41.66939,255.6933470279,41.57028038583758,41.76849961416242,0.09910961416242259,0.0,8.0,5.10759,4.0113343919,5.095176321173833,5.120003678826167,0.012413678826167285,0.005,0.415,0.210703675,0.002380030653994375,0.2104012989797804,0.2110060510202196,0.00030237602021959686,1.5,64.5,27.26063375,39.59757082961094,27.221631438773738,27.299636061226263,0.03900231122626252,12.0,516.0,218.08507,2534.2445330951,217.7730515101899,218.3970884898101,0.31201848981010016,0.0,1.0,0.9505460000000001,0.015614701884000002,0.9497714973288777,0.9513205026711226,0.0007745026711224456,0.82998,0.8276371766562876,0.832303667976759
T-divide_over_risks-W-20-HS-random-D-9-C-5-H-1-RUNS-100000.csv,divide_over_risks,20,random,9,5,1,100000,1.0,136.0,23.73938,176.61327721560002,23.657010250349327,23.821749749650674,0.0823697496506739,0.0,9.0,3.24208,5.622377273599999,3.22738342742873,3.2567765725712703,0.014696572571270217,0.0025,0.385,0.139782925,0.004613544815944375,0.13936193338767344,0.14020391661232656,0.00042099161232656,0.2222222222222222,59.77777777777778,19.03308111111111,56.36848255366791,18.986546697761614,19.079615524460603,0.046534413349494486,2.0,538.0,171.29773,4565.8470868471,170.87892027985455,171.71653972014545,0.4188097201454468,0.0,1.0,0.96564,0.0331793904,0.9645110095387444,0.9667689904612558,0.0011289904612556967,0.96564,0.9644924403351561,0.9667604479108175
T-divide_over_risks-W-20-HS-random-D-9-C-5-H-2-RUNS-100000.csv,divide_over_risks,20,random,9,5,2,100000,2.0,142.0,30.52206,190.96163335640006,30.43640965203212,30.60771034796788,0.0856503479678814,0.0,9.0,4.32172,5.3564762416,4.30737516151024,4.33606483848976,0.01434483848975976,0.0025,0.4025,0.17635235000000002,0.0031742741494774998,0.17600314674152964,0.1767015532584704,0.00034920325847037637,0.2222222222222222,60.111111111111114,22.82636444444444,41.789143039525925,22.786297354220586,22.866431534668294,0.040067090223853796,2.0,541.0,205.43728,3384.9205862015997,205.0766761879853,205.79788381201467,0.3606038120146877,0.0,1.0,0.96665,0.018282777500000003,0.9658119360522968,0.9674880639477033,0.0008380639477032492,0.93874,0.9372359214731856,0.9402185687522208
T-divide_over_risks-W-20-HS-random-D-9-C-5-H-3-RUNS-100000.csv,divide_over_risks,20,random,9,5,3,100000,3.0,130.0,34.52599,205.15312451990002,34.437214088675155,34.614765911324845,0.08877591132484497,0.0,9.0,4.90273,5.0521285471,4.8887986479383585,4.916661352061642,0.013931352061641533,0.0025,0.385,0.19343787499999998,0.0026028769529843755,0.1931216596919805,0.19375409030801946,0.0003162153080194796,0.2222222222222222,58.44444444444444,24.66211,37.0109966441963,24.624403045109908,24.69981695489009,0.03770695489009057,2.0,526.0,221.95899,2997.8907281799,221.61962740598918,222.29835259401082,0.33936259401082225,0.0,1.0,0.9656566666666666,0.01400164656666667,0.9649232586939086,0.9663900746394246,0.0007334079727580045,0.9124,0.9106307793320875,0.9141452585067632
T-divide_over_risks-W-20-HS-random-D-9-C-5-H-4-RUNS-100000.csv,divide_over_risks,20,random,9,5,4,100000,2.0,146.0,37.22711,214.98021104789999,37.136232721279654,37.31798727872035,0.0908772787203489,0.0,9.0,5.25889,4.7580459679,5.245370196232828,5.2724098037671725,0.013519803767172434,0.0,0.3925,0.2030704,0.00237906976884,0.20276808502478416,0.20337271497521586,0.0003023149752158505,0.0,58.44444444444444,25.792665555555555,35.77403847752963,25.75559406432371,25.8297370467874,0.0370714912318455,0.0,526.0,232.13399,2897.6971166799,231.8003465789134,232.46763342108662,0.33364342108660594,0.0,1.0,0.9661025,0.01159158449375,0.9654351902444053,0.9667698097555947,0.0006673097555947027,0.89361,0.8916825194406538,0.8955146173248698
T-divide_over_risks-W-20-HS-random-D-9-C-5-H-5-RUNS-100000.csv,divide_over_risks,20,random,9,5,5,100000,6.0,130.0,39.45985,224.31534797749995,39.36702059513331,39.552679404866694,0.09282940486669133,0.0,9.0,5.53473,4.5574738271,5.521498223303658,5.547961776696342,0.013231776696342124,0.01,0.4125,0.20974152500000004,0.002279790003174375,0.2094455851196832,0.21003746488031688,0.00029593988031684226,0.8888888888888888,65.44444444444444,26.636727777777775,35.05616576169753,26.600030125756135,26.673425429799416,0.03669765202164044,8.0,589.0,239.73055,2839.5494266975,239.40027113180523,240.06082886819476,0.3302788681947675,0.0,1.0,0.9656680000000001,0.010492513775999999,0.965033113861217,0.9663028861387831,0.0006348861387830418,0.8748,0.8727329410384479,0.8768452934574286
T-divide_over_risks-W-20-HS-weighted-D-1-C-5-H-1-RUNS-100000.csv,divide_over_risks,20,weighted,1,5,1,100000,1.0,127.0,28.47844,276.3087351664,28.375412448489968,28.58146755151003,0.1030275515100314,0.0,1.0,0.68939,0.2141314279,0.6865218868686527,0.6922581131313472,0.002868113131347272,0.0,0.3125,0.066980575,0.001650878260169375,0.06672874144535991,0.06723240855464009,0.0002518335546400907,0.0,127.0,27.09966,280.39590788439995,26.995873251340612,27.20344674865939,0.1037867486593882,0.0,127.0,27.09966,280.39590788439995,26.995873251340612,27.20344674865939,0.1037867486593882,0.0,1.0,0.31061,0.2141314279,0.3077418868686528,0.3134781131313472,0.0028681131313472163,0.31061,0.30774246542983613,0.31348852280741524
T-divide_over_risks-W-20-HS-weighted-D-1-C-5-H-2-RUNS-100000.csv,divide_over_risks,20,weighted,1,5,2,100000,2.0,132.0,33.20132,352.00523025760003,33.085033143797006,33.317606856203,0.11628685620299706,0.0,1.0,0.82177,0.14646406709999998,0.8193979621415935,0.8241420378584065,0.0023720378584064505,0.0,0.32,0.07755547500000001,0.002108986485024375,0.07727083694068837,0.07784011305931166,0.00028463805931164265,0.0,132.0,31.55778,363.4417214715999,31.439619189355977,31.675940810644025,0.1181608106440244,0.0,132.0,31.55778,363.4417214715999,31.439619189355977,31.675940810644025,0.1181608106440244,0.0,1.0,0.30755,0.1483029975,0.3051631175244767,0.30993688247552326,0.0023868824755232665,0.17823,0.175862362599392,0.1806163152000088
T-divide_over_risks-W-20-HS-weighted-D-1-C-5-H-3-RUNS-100000.csv,divide_over_risks,20,weighted,1,5,3,100000,2.0,144.0,34.83555,407.1775661974999,34.71048148524491,34.96061851475508,0.1250685147550854,0.0,1.0,0.87248,0.1112586496,0.8704126073708573,0.8745473926291427,0.0020673926291426836,0.0,0.3225,0.081088375,0.002418405377359375,0.0807835710286075,0.0813931789713925,0.0003048039713925005,0.0,144.0,33.09059,420.10776345190004,32.96355118765996,33.21762881234004,0.12703881234003944,0.0,144.0,33.09059,420.10776345190004,32.96355118765996,33.21762881234004,0.12703881234003944,0.0,1.0,0.30134666666666665,0.12461685315555554,0.29915868105637944,0.30353465227695386,0.002187985610287213,0.12752,0.1254584689109114,0.1296031613215182
T-divide_over_risks-W-20-HS-weighted-D-1-C-5-H-4-RUNS-100000.csv,divide_over_risks,20,weighted,1,5,4,100000,2.0,142.0,35.79717,446.9293899911,35.666138555507096,35.928201444492906,0.13103144449290482,0.0,1.0,0.89433,0.09450385110000001,0.8924246234115384,0.8962353765884615,0.0019053765884615714,0.0,0.345,0.08319150000000002,0.0026327225777499994,0.08287347693393901,0.08350952306606102,0.0003180230660610045,0.0,142.0,34.00851,460.21653757990003,33.87554504782211,34.141474952177894,0.13296495217789328,0.0,142.0,34.00851,460.21653757990003,33.87554504782211,34.141474952177894,0.13296495217789328,0.0,1.0,0.2982175,0.11313194769375001,0.29613277534129734,0.3003022246587027,0.0020847246587026858,0.10567,0.10377111392872727,0.10759179136454318
T-divide_over_risks-W-20-HS-weighted-D-1-C-5-H-5-RUNS-100000.csv,divide_over_risks,20,weighted,1,5,5,100000,2.0,140.0,36.30478,478.4367291516,36.16920852295897,36.440351477041034,0.135571477041033,0.0,1.0,0.90732,0.0840904176,0.9055226637814472,0.9091173362185528,0.0017973362185528252,0.0,0.345,0.08423095000000001,0.0027977075620975,0.08390311355647133,0.0845587864435287,0.000327836443528684,0.0,140.0,34.49014,491.68486278040007,34.352704321631634,34.62757567836836,0.13743567836836235,0.0,140.0,34.49014,491.68486278040007,34.352704321631634,34.62757567836836,0.13743567836836235,0.0,1.0,0.29296200000000006,0.10587926655599998,0.2909452060333254,0.2949787939666747,0.002016793966674646,0.09268,0.09088952807173421,0.09449413668848257
T-divide_over_risks-W-20-HS-weighted-D-10-C-5-H-1-RUNS-100000.csv,divide_over_risks,20,weighted,10,5,1,100000,1.0,126.0,22.90208,154.4442516736,22.82505318407014,22.979106815929864,0.07702681592986238,0.0,10.0,3.47938,6.2782148156,3.4638499034015853,3.4949100965984146,0.015530096598414644,0.0025,0.3775,0.13827912500000003,0.0045391255267343755,0.13786154261742742,0.13869670738257264,0.00041758238257261215,0.1,58.2,18.692655,53.286007550975,18.64741082616426,18.737899173835736,0.0452441738357372,1.0,582.0,186.92655,5328.600755097499,186.47410826164264,187.37899173835734,0.4524417383573507,0.0,1.0,0.97602,0.0234049596,0.9750717780175541,0.9769682219824459,0.0009482219824459293,0.97602,0.9750528740666831,0.9769593790981144
T-divide_over_risks-W-20-HS-weighted-D-10-C-5-H-2-RUNS-100000.csv,divide_over_risks,20,weighted,10,5,2,100000,2.0,148.0,29.21675,161.4289094375,29.138000695336714,29.295499304663288,0.07874930466328678,0.0,10.0,4.63028,5.961147121600001,4.61514714079153,4.64541285920847,0.015132859208470073,0.005,0.3875,0.174881775,0.0030977928353493746,0.17453680426274423,0.17522674573725575,0.00034497073725575644,1.3,60.3,22.401104,38.873152781184,22.362460099611425,22.439747900388575,0.03864390038857479,13.0,603.0,224.01104,3887.3152781183994,223.62460099611428,224.39747900388573,0.3864390038857266,0.0,1.0,0.97632,0.0130992576,0.9756106192278038,0.9770293807721961,0.0007093807721961776,0.95628,0.9549943958706881,0.9575390542260263
T-divide_over_risks-W-20-HS-weighted-D-10-C-5-H-3-RUNS-100000.csv,divide_over_risks,20,weighted,10,5,3,100000,5.0,142.0,32.83963,174.88469146309998,32.75766433458303,32.921595665416966,0.08196566541696626,0.0,10.0,5.24602,5.5680941596,5.231394545981912,5.260645454018087,0.01462545401808768,0.0125,0.38,0.19172032500000002,0.002535783794394375,0.19140821176694917,0.19203243823305088,0.00031211323305085914,2.1,56.1,24.165285999999995,34.259077738204006,24.129007952500288,24.2015640474997,0.036278047499706645,21.0,561.0,241.65286,3425.9077738204,241.29007952500297,242.01564047499704,0.362780474997038,0.0,1.0,0.9765933333333333,0.009454350177777779,0.9759906739631834,0.9771959927034832,0.0006026593701499161,0.93903,0.9375292059546821,0.9405052671581876
T-divide_over_risks-W-20-HS-weighted-D-10-C-5-H-4-RUNS-100000.csv,divide_over_risks,20,weighted,10,5,4,100000,3.0,134.0,35.3654,183.76118284000003,35.28137994525126,35.44942005474874,0.0840200547487413,0.0,10.0,5.64045,5.2467737974999995,5.626252814990121,5.65464718500988,0.014197185009879654,0.0025,0.39,0.201772025,0.002291451364899375,0.20147532920354516,0.20206872079645483,0.00029669579645483224,0.4,57.4,25.269202000000003,31.949902083195997,25.234167910338247,25.30423608966176,0.035034089661756695,4.0,574.0,252.69202,3194.9902083196002,252.34167910338243,253.0423608966176,0.35034089661758117,0.0,1.0,0.977175,0.007542769375,0.9766367035869431,0.9777132964130569,0.0005382964130569157,0.92494,0.9232895572009208,0.9265657452370678
T-divide_over_risks-W-20-HS-weighted-D-10-C-5-H-5-RUNS-100000.csv,divide_over_risks,20,weighted,10,5,5,100000,2.0,138.0,37.34651,193.9106608199,37.26020083509814,37.432819164901865,0.0863091649018628,0.0,10.0,5.92898,5.0553761596,5.915044170977398,5.942915829022602,0.013935829022601709,0.0,0.4075,0.208022025,0.002181260677399375,0.2077325508039428,0.2083114991960572,0.00028947419605721003,0.0,57.7,26.007929,30.981660430958996,25.9734298483131,26.042428151686902,0.03449915168690154,0.0,577.0,260.07929,3098.1660430959,259.734298483131,260.42428151686903,0.3449915168690154,0.0,1.0,0.976834,0.006743736443999998,0.9763250133801045,0.9773429866198955,0.0005089866198955129,0.9109,0.9091173386550648,0.9126587870258969
T-divide_over_risks-W-20-HS-weighted-D-2-C-5-H-1-RUNS-100000.csv,divide_over_risks,20,weighted,2,5,1,100000,1.0,136.0,32.56068,313.67713793760004,32.45090650169093,32.670453498309065,0.10977349830906746,0.0,2.0,1.21914,0.6809176604,1.214025497791385,1.2242545022086149,0.005114502208614979,0.0,0.33,0.10062104999999999,0.0025041847968975,0.10031088752135756,0.10093121247864242,0.00031016247864243396,0.0,110.0,25.3559,155.46589019,25.278618840345533,25.433181159654463,0.07728115965446491,0.0,220.0,50.7118,621.86356076,50.55723768069107,50.86636231930893,0.15456231930892983,0.0,1.0,0.52596,0.24932607839999996,0.5228651477211643,0.5290548522788356,0.003094852278835658,0.52596,0.5228594891774321,0.5290590049009772
T-divide_over_risks-W-20-HS-weighted-D-2-C-5-H-2-RUNS-100000.csv,divide_over_risks,20,weighted,2,5,2,100000,2.0,137.0,40.39894,339.30860687640006,40.284769603479,40.51311039652101,0.11417039652100414,0.0,2.0,1.52705,0.4809482975000001,1.5227516154433602,1.5313483845566398,0.004298384556639778,0.0,0.365,0.12050154999999999,0.0026432091975974997,0.12018289419111694,0.12082020580888303,0.0003186558088830449,0.0,110.5,30.34688,173.4238142656,30.265257397439022,30.428502602560975,0.08162260256097653,0.0,221.0,60.69376,693.6952570624,60.530514794878044,60.85700520512195,0.16324520512195306,0.0,1.0,0.52128,0.1674621616,0.5187436194291815,0.5238163805708185,0.0025363805708185083,0.35711,0.3541394460365316,0.3600888436585882
T-divide_over_risks-W-20-HS-weighted-D-2-C-5-H-3-RUNS-100000.csv,divide_over_risks,20,weighted,2,5,3,100000,2.0,143.0,43.77378,374.22688451159996,43.653878790684175,43.89368120931583,0.11990120931582737,0.0,2.0,1.65428,0.3618976815999999,1.6505513727276186,1.6580086272723813,0.003728627272381324,0.0,0.3475,0.12800835,0.0029253714552775,0.12767311714089166,0.12834358285910832,0.0003352328591083309,0.0,110.0,32.353845,197.471266215975,32.266747031235205,32.440942968764794,0.08709796876479459,0.0,220.0,64.70769,789.8850648639,64.53349406247041,64.88188593752959,0.17419593752958917,0.0,1.0,0.5167333333333333,0.14063777333333333,0.5144089536955861,0.5190577129710804,0.0023243796377471204,0.27787,0.2750951083510208,0.28065778041241174
T-divide_over_risks-W-20-HS-weighted-D-2-C-5-H-4-RUNS-100000.csv,divide_over_risks,20,weighted,2,5,4,100000,2.0,141.0,45.78037,404.2679726631,45.65574914124102,45.90499085875898,0.12462085875898055,0.0,2.0,1.71959,0.2923202319,1.7162389144999461,1.7229410855000538,0.0033510855000538076,0.0,0.355,0.132339025,0.0031112327745493754,0.13199330673570508,0.1326847432642949,0.00034571826429491415,0.0,122.0,33.53042,213.97652962360002,33.43975510954057,33.62108489045943,0.09066489045942916,0.0,244.0,67.06084,855.9061184944001,66.87951021908114,67.24216978091886,0.18132978091885832,0.0,1.0,0.513495,0.126960384975,0.5112865366996032,0.5157034633003968,0.0022084633003968124,0.23514,0.23251424463647077,0.2377811255297791
T-divide_over_risks-W-20-HS-weighted-D-2-C-5-H-5-RUNS-100000.csv,divide_over_risks,20,weighted,2,5,5,100000,2.0,146.0,46.7786,436.70214203999996,46.64907645199189,46.908123548008106,0.12952354800810895,0.0,2.0,1.75222,0.2566450716,1.7490800514223024,1.7553599485776978,0.0031399485776977265,0.0,0.3525,0.13423657500000002,0.003310248994769375,0.13387997084216804,0.134593179157832,0.0003566041578319801,0.0,111.0,34.07299,231.3674274599,33.97871269046425,34.167267309535745,0.09427730953574809,0.0,222.0,68.14598,925.4697098396,67.9574253809285,68.33453461907149,0.18855461907149618,0.0,1.0,0.5094160000000001,0.120289738944,0.507266337093572,0.5115656629064281,0.0021496629064280404,0.21265,0.21011727090389395,0.21519940591189296
T-divide_over_risks-W-20-HS-weighted-D-3-C-5-H-1-RUNS-100000.csv,divide_over_risks,20,weighted,3,5,1,100000,1.0,139.0,32.37357,328.3420154551,32.26125977399309,32.48588022600691,0.11231022600691176,0.0,3.0,1.59793,1.3619497151,1.5906966978318833,1.6051633021681169,0.007233302168116795,0.0,0.36,0.12244192500000001,0.0033222784397943747,0.12208467347999885,0.12279917652000116,0.0003572515200011561,0.0,90.33333333333333,23.67363666666667,111.65768586354444,23.60814283749068,23.739130495842662,0.06549382917599189,0.0,271.0,71.02091,1004.9191727719,70.82442851247202,71.21739148752798,0.19648148752797567,0.0,1.0,0.68173,0.2169742071,0.6788429113037605,0.6846170886962394,0.002887088696239437,0.68173,0.6788327247650405,0.6846167315835363
T-divide_over_risks-W-20-HS-weighted-D-3-C-5-H-2-RUNS-100000.csv,divide_over_risks,20,weighted,3,5,2,100000,2.0,139.0,41.35845,327.10624359750005,41.24635132269272,41.47054867730728,0.11209867730728007,0.0,3.0,2.06156,1.0944903664000003,2.0550757157746116,2.0680442842253886,0.0064842842253884925,0.0,0.355,0.1489842,0.00285843190036,0.1486528248049654,0.14931557519503463,0.0003313751950346222,0.0,90.0,28.564,107.83697733333332,28.49963645969,28.62836354031,0.06436354031000135,0.0,270.0,85.692,970.532796,85.49890937906999,85.88509062093,0.19309062093000762,0.0,1.0,0.67911,0.1429896079,0.6767662660609433,0.6814537339390567,0.0023437339390567358,0.52925,0.5261505212503816,0.5323477819761663
T-divide_over_risks-W-20-HS-weighted-D-3-C-5-H-3-RUNS-100000.csv,divide_over_risks,20,weighted,3,5,3,100000,2.0,142.0,46.15689,334.3483355279,46.043557190727306,46.27022280927269,0.11333280927269129,0.0,3.0,2.28648,0.8691492096000001,2.280701658020159,2.2922583419798412,0.005778341979841173,0.0,0.3675,0.160507425,0.0029110745823693754,0.16017301231908568,0.16084183768091434,0.0003344126809143311,0.0,92.33333333333333,30.85529333333333,114.24793998062223,30.789044190981933,30.921542475684724,0.06624914235139556,0.0,277.0,92.56588,1028.2314598256,92.36713257294582,92.7646274270542,0.1987474270541867,0.0,1.0,0.67715,0.11811121083333335,0.675019891956878,0.6792801080431221,0.002130108043122081,0.442,0.43891866477534924,0.4450846998034209
T-divide_over_risks-W-20-HS-weighted-D-3-C-5-H-4-RUNS-100000.csv,divide_over_risks,20,weighted,3,5,4,100000,2.0,137.0,48.78241,340.77122459189997,48.66799379763371,48.896826202366285,0.1144162023662858,0.0,3.0,2.41044,0.7315590064,2.4051387198913976,2.4157412801086022,0.005301280108602313,0.0,0.3775,0.1661021,0.0030034916255899996,0.1657624205418506,0.1664417794581494,0.00033967945814938894,0.0,87.66666666666667,32.15175,123.36839749305555,32.08290727810368,32.22059272189632,0.06884272189631702,0.0,263.0,96.45525,1110.3155774375,96.24872183431107,96.66177816568894,0.20652816568893684,0.0,1.0,0.6735025,0.10651250749375,0.6714796840202629,0.6755253159797371,0.0020228159797370804,0.385,0.38198247768975857,0.38802419375327807
T-divide_over_risks-W-20-HS-weighted-D-3-C-5-H-5-RUNS-100000.csv,divide_over_risks,20,weighted,3,5,5,100000,2.0,146.0,50.54938,357.21116161559996,50.432236395886825,50.66652360411317,0.11714360411317415,0.0,3.0,2.47971,0.6451483159000001,2.4747316450805896,2.48468835491941,0.004978354919410233,0.0,0.3825,0.169896625,0.003138621126109375,0.16954938838156725,0.17024386161843275,0.0003472366184327502,0.0,91.33333333333333,32.96067,130.76586092887777,32.88979333731443,33.03154666268557,0.07087666268557058,0.0,274.0,98.88201,1176.8927483599002,98.66938001194329,99.0946399880567,0.21262998805670463,0.0,1.0,0.673094,0.099850467164,0.6711354659700244,0.6750525340299756,0.0019585340299755893,0.35263,0.3496679980906758,0.35560055156366527
T-divide_over_risks-W-20-HS-weighted-D-4-C-5-H-1-RUNS-100000.csv,divide_over_risks,20,weighted,4,5,1,100000,1.0,128.0,30.23746,305.32557274839996,30.12915770453632,30.34576229546368,0.10830229546368031,0.0,4.0,1.86285,2.1110198774999995,1.8538446160762552,1.8718553839237446,0.009005383923744725,0.0,0.3925,0.13655185,0.004037741136577499,0.1361580050260537,0.1369456949739463,0.00039384497394628903,0.0,80.75,22.007385,85.231011711775,21.950164072482877,22.06460592751712,0.05722092751712182,0.0,323.0,88.02954,1363.6961873884,87.80065628993151,88.25842371006848,0.2288837100684873,0.0,1.0,0.7923,0.16456071000000003,0.789785688118916,0.794814311881084,0.002514311881083975,0.7923,0.789772274184075,0.7948107613359889
T-divide_over_risks-W-20-HS-weighted-D-4-C-5-H-2-RUNS-100000.csv,divide_over_risks,20,weighted,4,5,2,100000,2.0,136.0,39.25356,310.5221673264,39.14433994881886,39.36278005118114,0.10922005118113987,0.0,4.0,2.44927,1.9033264671,2.4407190825310896,2.45782091746891,0.008550917468910235,0.0,0.3675,0.16796215,0.0030476369173775,0.1676199833449648,0.1683043166550352,0.0003421666550351976,0.0,77.0,26.5980775,73.68590392899375,26.54487301066558,26.651281989334418,0.053204489334419236,0.0,308.0,106.39231,1178.9744628639,106.17949204266232,106.60512795733767,0.21281795733767694,0.0,1.0,0.791095,0.10520120097499999,0.7890846743207491,0.7931053256792508,0.0020103256792508573,0.67097,0.6680478988245777,0.6738821819963043
T-divide_over_risks-W-20-HS-weighted-D-4-C-5-H-3-RUNS-100000.csv,divide_over_risks,20,weighted,4,5,3,100000,2.0,143.0,44.15713,311.03760016309997,44.04781933973365,44.266440660266355,0.1093106602663525,0.0,4.0,2.74915,1.6734642775,2.7411320324467834,2.757167967553217,0.00801796755321682,0.0,0.3825,0.181431175,0.002827691925619375,0.18110158644890242,0.18176076355109758,0.000329588551097576,0.0,72.5,28.7907575,72.45786695119375,28.73799822198374,28.843516778016262,0.05275927801626068,0.0,290.0,115.16303,1159.3258712191,114.95199288793496,115.37406711206505,0.21103711206504272,0.0,1.0,0.7879566666666665,0.08656095812222221,0.7861331190892167,0.7897802142441164,0.0018235475774498466,0.58963,0.5865736594795168,0.5926811409788387
T-divide_over_risks-W-20-HS-weighted-D-4-C-5-H-4-RUNS-100000.csv,divide_over_risks,20,weighted,4,5,4,100000,2.0,142.0,47.34177,312.5266032670999,47.23219800544341,47.451341994556586,0.10957199455658895,0.0,4.0,2.91718,1.4945408476000002,2.909602778794215,2.9247572212057853,0.0075772212057851895,0.0,0.38,0.1890525,0.00280690111875,0.18872412534601785,0.18938087465398218,0.00032837465398216636,0.0,84.0,30.1931925,75.40734228294374,30.13937012118652,30.247014878813477,0.05382237881347862,0.0,336.0,120.77277,1206.5174765271,120.55748048474608,120.98805951525391,0.2152895152539145,0.0,1.0,0.7884575,0.07681914569375,0.7867396279730519,0.7901753720269482,0.001717872026948175,0.53884,0.5357442997501269,0.5419334471603904
T-divide_over_risks-W-20-HS-weighted-D-4-C-5-H-5-RUNS-100000.csv,divide_over_risks,20,weighted,4,5,5,100000,2.0,141.0,49.6726,316.65328924000005,49.562306968672345,49.78289303132766,0.11029303132765733,0.0,4.0,3.03738,1.3588427356,3.030154953112207,3.0446050468877934,0.0072250468877932406,0.0,0.3875,0.194165475,0.0028535467555243746,0.193834383091068,0.194496566908932,0.0003310919089319908,0.0,80.5,31.17817,78.8099217011,31.123146714455885,31.233193285544118,0.05502328554411662,0.0,322.0,124.71268,1260.9587472176,124.49258685782354,124.93277314217647,0.22009314217646647,0.0,1.0,0.7893539999999999,0.07051986268400001,0.7877080683352979,0.7909999316647018,0.0016459316647019495,0.49983,0.49672606760169363,0.5029339422602793
T-divide_over_risks-W-20-HS-weighted-D-5-C-5-H-1-RUNS-100000.csv,divide_over_risks,20,weighted,5,5,1,100000,1.0,132.0,27.99635,270.8665766775,27.894342106140538,28.09835789385946,0.10200789385946152,0.0,5.0,2.09728,2.8585566016,2.0868007676613662,2.107759232338634,0.010479232338633793,0.0,0.3825,0.14577942500000002,0.004734202809169375,0.1453529638234352,0.14620588617656483,0.0004264611765648074,0.0,65.6,20.736272000000003,71.147262742016,20.683992049297107,20.7885519507029,0.05227995070289637,0.0,328.0,103.68136,1778.6815685504002,103.41996024648552,103.94275975351448,0.26139975351448186,0.0,1.0,0.86083,0.11980171109999997,0.8586847022272845,0.8629752977727154,0.0021452977727154376,0.86083,0.858669276986733,0.8629697717348996
T-divide_over_risks-W-20-HS-weighted-D-5-C-5-H-2-RUNS-100000.csv,divide_over_risks,20,weighted,5,5,2,100000,2.0,131.0,36.40659,285.8769145719,36.30179378084018,36.511386219159824,0.10479621915982307,0.0,5.0,2.77158,2.7215643036,2.7613549516242175,2.781805048375783,0.010225048375782642,0.0,0.3925,0.18085620000000002,0.0033557775465600003,0.18049715188312898,0.18121524811687106,0.0003590481168710413,0.0,73.0,25.080906000000002,56.414643419164,25.034352536739032,25.127459463260973,0.04655346326097032,0.0,365.0,125.40453,1410.3660854791,125.17176268369514,125.63729731630485,0.2327673163048587,0.0,1.0,0.86307,0.07320017509999999,0.8613930808228655,0.8647469191771345,0.0016769191771345282,0.77311,0.7705012686905613,0.7757028818842616
T-divide_over_risks-W-20-HS-weighted-D-5-C-5-H-3-RUNS-100000.csv,divide_over_risks,20,weighted,5,5,3,100000,2.0,138.0,41.19303,295.3536094191,41.08651096761872,41.29954903238128,0.10651903238127858,0.0,5.0,3.13039,2.5176084479,3.1205555480002936,3.140224451999706,0.009834451999706229,0.0,0.4,0.1956334,0.0029507954294399996,0.19529671356246894,0.19597008643753108,0.00033668643753106964,0.0,72.6,27.158194000000005,53.451282258363996,27.112879714622906,27.203508285377104,0.04531428537709914,0.0,363.0,135.79097,1336.2820564591,135.5643985731145,136.0175414268855,0.22657142688549925,0.0,1.0,0.8617733333333334,0.05880449973333334,0.8602703251291789,0.8632763415374879,0.001503008204154499,0.70777,0.7049402528470262,0.7105876920387689
T-divide_over_risks-W-20-HS-weighted-D-5-C-5-H-4-RUNS-100000.csv,divide_over_risks,20,weighted,5,5,4,100000,2.0,141.0,44.45028,296.4845679216,44.34355722285624,44.55700277714376,0.10672277714375866,0.0,5.0,3.35759,2.3309393919,3.3481271585832144,3.3670528414167857,0.009462841416785661,0.0,0.4225,0.20390552499999998,0.0027914096869743753,0.2035780577580737,0.20423299224192626,0.0003274672419262825,0.0,69.6,28.468842000000002,52.215604379036,28.42405456138352,28.513629438616483,0.04478743861648127,0.0,348.0,142.34421,1305.3901094759,142.1202728069176,142.5681471930824,0.22393719308240634,0.0,1.0,0.86186,0.05129984039999999,0.860456171424708,0.8632638285752919,0.0014038285752919766,0.65964,0.6566936265722451,0.6625771117582762
T-divide_over_risks-W-20-HS-weighted-D-5-C-5-H-5-RUNS-100000.csv,divide_over_risks,20,weighted,5,5,5,100000,2.0,139.0,46.76717,297.5560601911,46.66025454925362,46.87408545074638,0.10691545074637787,0.0,5.0,3.50558,2.1896888636000003,3.4964083541616535,3.5147516458383468,0.00917164583834662,0.0,0.4025,0.20942904999999998,0.0027603142660974998,0.2091034118068371,0.20975468819316287,0.00032563819316289155,0.0,68.2,29.379597999999998,52.700028158395995,29.334603286068994,29.424592713931002,0.04499471393100407,0.0,341.0,146.89799,1317.5007039599,146.67301643034497,147.122963569655,0.22497356965502036,0.0,1.0,0.8629620000000001,0.046270586556,0.8616287592666233,0.8642952407333769,0.001333240733376817,0.62486,0.6218506196999919,0.627862136773582
T-divide_over_risks-W-20-HS-weighted-D-6-C-5-H-1-RUNS-100000.csv,divide_over_risks,20,weighted,6,5,1,100000,1.0,134.0,26.69801,246.1327720399,26.600770930842152,26.795249069157848,0.09723906915784752,0.0,6.0,2.42807,3.5608260751,2.41637415909389,2.43976584090611,0.011695840906110089,0.0,0.3975,0.143648825,0.004699816638619375,0.14322391541433596,0.14407373458566405,0.00042490958566404613,0.0,67.0,20.163216666666667,66.44590865305555,20.1126935429824,20.213739790350935,0.050523123684268256,0.0,402.0,120.9793,2392.05271151,120.67616125789439,121.2824387421056,0.30313874210560243,0.0,1.0,0.90255,0.08795349750000002,0.9007118428902947,0.9043881571097052,0.0018381571097052518,0.90255,0.9006951842174027,0.9043814300582934
T-divide_over_risks-W-20-HS-weighted-D-6-C-5-H-2-RUNS-100000.csv,divide_over_risks,20,weighted,6,5,2,100000,2.0,136.0,34.78544,266.2598440064,34.684303269939406,34.8865767300606,0.10113673006059543,0.0,6.0,3.21896,3.3971565184,3.2075361142858108,3.2303838857141893,0.011423885714189286,0.0,0.41,0.17971805,0.0032904570041975,0.17936251350922408,0.1800735864907759,0.00035553649077590954,0.0,63.833333333333336,24.334426666666666,51.690907693511114,24.289864823011428,24.378988510321904,0.044561843655237965,0.0,383.0,146.00656,1860.8726769664001,145.73918893806857,146.27393106193145,0.267371061931442,0.0,1.0,0.901725,0.054199524375,0.9002820416054542,0.9031679583945458,0.0014429583945457791,0.83289,0.8305630594093162,0.8351976159194232
T-divide_over_risks-W-20-HS-weighted-D-6-C-5-H-3-RUNS-100000.csv,divide_over_risks,20,weighted,6,5,3,100000,2.0,136.0,39.39514,273.0964843804,39.29271307705511,39.497566922944884,0.1024269229448862,0.0,6.0,3.6421,3.1300275899999996,3.6311344566984833,3.653065543301517,0.010965543301516778,0.0,0.4025,0.19551665000000001,0.0028392050727775006,0.19518639115897404,0.19584690884102599,0.00033025884102597103,0.0,65.83333333333333,26.34803,48.326955119100006,26.30494255046008,26.391117449539923,0.04308744953992161,0.0,395.0,158.08818,1739.7703842875999,157.82965530276047,158.34670469723952,0.25852469723952254,0.0,1.0,0.90122,0.042435844933333335,0.8999432011047315,0.9024967988952686,0.0012767988952685494,0.77941,0.7768269700100814,0.7819768145412199
T-divide_over_risks-W-20-HS-weighted-D-6-C-5-H-4-RUNS-100000.csv,divide_over_risks,20,weighted,6,5,4,100000,2.0,130.0,42.8043,284.25594151,42.699801309821375,42.90879869017862,0.10449869017862312,0.0,6.0,3.90922,2.9168789916000004,3.898634404913218,3.919805595086782,0.010585595086781918,0.0,0.4225,0.2048233,0.00264947690211,0.20450426660884563,0.2051423333911544,0.000319033391154383,0.0,72.33333333333333,27.660936666666665,47.403439944877775,27.618262897804254,27.703610435529075,0.04267376886241081,0.0,434.0,165.96562,1706.5238380156,165.70957738682554,166.22166261317446,0.25604261317445776,0.0,1.0,0.90118,0.0368208576,0.8999906682272967,0.9023693317727033,0.001189331772703306,0.73931,0.7365771158568871,0.7420289978626867
T-divide_over_risks-W-20-HS-weighted-D-6-C-5-H-5-RUNS-100000.csv,divide_over_risks,20,weighted,6,5,5,100000,2.0,143.0,45.23387,288.73005482310003,45.128552129787565,45.33918787021244,0.10531787021243844,0.0,6.0,4.09429,2.7773393958999995,4.083960708144655,4.104619291855345,0.010329291855344813,0.0,0.3925,0.21068494999999998,0.0026019308434975007,0.21036879216713197,0.211001107832868,0.00031615783286800814,0.0,73.0,28.513941666666664,47.452622574375,28.471245765823408,28.55663756750992,0.04269590084325614,0.0,438.0,171.08365,1708.2944126775003,170.82747459494047,171.33982540505954,0.25617540505953684,0.0,1.0,0.90041,0.0335030319,0.8992755166490995,0.9015444833509005,0.0011344833509004948,0.70491,0.7020723050469405,0.7077358058591461
T-divide_over_risks-W-20-HS-weighted-D-7-C-5-H-1-RUNS-100000.csv,divide_over_risks,20,weighted,7,5,1,100000,1.0,141.0,25.71442,223.8603440636,25.621684791057834,25.807155208942167,0.09273520894216603,0.0,7.0,2.73259,4.2754218919,2.719774204769144,2.745405795230856,0.012815795230856075,0.0,0.405,0.14285235000000002,0.0046492788494775,0.1424297311453786,0.14327496885462143,0.0004226188546214149,0.0,60.142857142857146,19.808034285714285,62.44282508290613,19.75905670340988,19.85701186801869,0.0489775823044063,0.0,421.0,138.65624,3059.6984290624,138.31339692386916,138.99908307613083,0.3428430761308334,0.0,1.0,0.93057,0.06460947509999998,0.9289945516208261,0.9321454483791739,0.0015754483791738938,0.93057,0.9289770562073155,0.9321379153199355
T-divide_over_risks-W-20-HS-weighted-D-7-C-5-H-2-RUNS-100000.csv,divide_over_risks,20,weighted,7,5,2,100000,2.0,142.0,33.36043,245.47902021509998,33.26332015477006,33.457539845229945,0.09710984522994437,0.0,7.0,3.64055,4.0560256975,3.628067360727989,3.6530326392720114,0.012482639272011209,0.0,0.3925,0.178658825,0.003274515562119375,0.1783041507976193,0.1790134992023807,0.0003546742023806948,0.0,61.857142857142854,23.781098571428572,48.760132164569384,23.737818446229653,23.82437869662749,0.043280125198918995,0.0,433.0,166.46769,2389.2464760639,166.16472912360757,166.77065087639244,0.30296087639243297,0.0,1.0,0.93138,0.0378712956,0.9301738226947212,0.9325861773052788,0.0012061773052788327,0.8793,0.8772648350347594,0.8813131370122412
T-divide_over_risks-W-20-HS-weighted-D-7-C-5-H-3-RUNS-100000.csv,divide_over_risks,20,weighted,7,5,3,100000,4.0,140.0,37.92966,256.99639228440003,37.830298169270094,38.0290218307299,0.09936183072990445,0.0,7.0,4.11752,3.7756690495999994,4.105476491283292,4.129563508716708,0.012043508716708118,0.0075,0.3975,0.19532847500000003,0.002738880166674375,0.1950041035763466,0.19565284642365346,0.00032437142365343563,1.4285714285714286,62.142857142857146,25.78513285714286,44.97676047826734,25.743565715906865,25.826699998378853,0.04156714123599414,10.0,435.0,180.49593,2203.8612634351,180.20496001134802,180.78689998865195,0.2909699886519661,0.0,1.0,0.9302233333333333,0.02991677234444445,0.9291512872865684,0.9312953793800982,0.0010720460467649184,0.83662,0.8343137879796144,0.8389066703106252
T-divide_over_risks-W-20-HS-weighted-D-7-C-5-H-4-RUNS-100000.csv,divide_over_risks,20,weighted,7,5,4,100000,2.0,135.0,41.14282,268.0580424476,41.04134232876802,41.24429767123198,0.10147767123198292,0.0,7.0,4.41778,3.5689198716000003,4.40607087425179,4.429489125748209,0.011709125748209814,0.0,0.4,0.20478267500000003,0.0025763252073443756,0.20446807667011677,0.20509727332988328,0.00031459832988325886,0.0,62.142857142857146,27.02818,43.92789731617143,26.987100393097084,27.069259606902914,0.041079606902915344,0.0,435.0,189.19726,2152.4669684924,188.9097027516796,189.4848172483204,0.28755724832041096,0.0,1.0,0.9298925,0.02535431344375,0.9289055798891221,0.9308794201108779,0.0009869201108778647,0.80147,0.7989839515113597,0.8039385510207254
T-divide_over_risks-W-20-HS-weighted-D-7-C-5-H-5-RUNS-100000.csv,divide_over_risks,20,weighted,7,5,5,100000,3.0,138.0,43.52548,273.2193107696,43.423030046156555,43.62792995384345,0.1024499538434469,0.0,7.0,4.6239,3.400448790000001,4.612470580035862,4.635329419964138,0.011429419964137821,0.0025,0.3925,0.21096485,0.0024745335644775004,0.21065652925562336,0.21127317074437665,0.0003083207443766445,0.14285714285714285,68.14285714285714,27.894914285714282,43.08106515591837,27.85423256747341,27.935596003955155,0.0406817182408723,1.0,477.0,195.2644,2110.97219264,194.9796279723139,195.5491720276861,0.28477202768610255,0.0,1.0,0.929292,0.023263578736,0.928346646288037,0.930237353711963,0.0009453537119630262,0.77404,0.7714350094279293,0.7766290871177504
T-divide_over_risks-W-20-HS-weighted-D-8-C-5-H-1-RUNS-100000.csv,divide_over_risks,20,weighted,8,5,1,100000,1.0,134.0,24.64857,201.6571869551,24.56055373733186,24.73658626266814,0.08801626266814111,0.0,8.0,3.00891,4.9636706119000005,2.99510114884479,3.0227188511552106,0.013808851155210355,0.0,0.3975,0.140795625,0.004634973418359375,0.14037365682721953,0.1412175931727805,0.00042196817278047916,0.0,60.375,19.34547625,59.58724725443593,19.297631671513756,19.393320828486246,0.047844578486245126,0.0,483.0,154.76381,3813.5838242838995,154.38105337211005,155.14656662788997,0.382756627889961,0.0,1.0,0.95125,0.04637343749999999,0.9499152783155279,0.9525847216844722,0.0013347216844721288,0.95125,0.9498971559326819,0.9525765937255894
T-divide_over_risks-W-20-HS-weighted-D-8-C-5-H-2-RUNS-100000.csv,divide_over_risks,20,weighted,8,5,2,100000,2.0,138.0,31.9695,220.76596975,31.87740795097341,32.06159204902659,0.09209204902659351,0.0,8.0,4.00068,4.747479537599999,3.987175216628304,4.014184783371697,0.013504783371696583,0.0025,0.3925,0.17781577499999998,0.0032211042236493744,0.17746400527439002,0.17816754472560994,0.0003517697256099628,0.5,59.25,23.31287625,45.333260795935935,23.27114469662924,23.354607803370758,0.0417315533707594,4.0,474.0,186.50301,2901.3286909399,186.1691575730339,186.83686242696606,0.3338524269660752,0.0,1.0,0.951175,0.026728619375,0.9501616853194047,0.9521883146805953,0.0010133146805952897,0.91175,0.9099749363056865,0.9135011396009147
T-divide_over_risks-W-20-HS-weighted-D-8-C-5-H-3-RUNS-100000.csv,divide_over_risks,20,weighted,8,5,3,100000,4.0,146.0,36.2149,236.36449799000002,36.119610029096535,36.310189970903465,0.09528997090346536,0.0,8.0,4.52926,4.4328238524,4.516210426784228,4.542309573215772,0.01304957321577227,0.01,0.39,0.194228525,0.0026885623888243753,0.19390714700957584,0.19454990299042418,0.0003213779904241709,1.0,65.25,25.19605125,41.13073156362344,25.15630105272064,25.23580144727936,0.03975019727936058,8.0,522.0,201.56841,2632.3668200719003,201.25040842176512,201.88641157823488,0.3180015782348846,0.0,1.0,0.9509433333333335,0.020583443455555562,0.9500541013254814,0.9518325653411855,0.0008892320078520699,0.87981,0.8777785061370981,0.8818194361594562
T-divide_over_risks-W-20-HS-weighted-D-8-C-5-H-4-RUNS-100000.csv,divide_over_risks,20,weighted,8,5,4,100000,3.0,136.0,39.23982,247.43918636759997,39.142323211419566,39.33731678858044,0.09749678858043609,0.0,8.0,4.86964,4.1395462704,4.857029496063849,4.8822505039361515,0.01261050393615104,0.0025,0.3925,0.2039712,0.0024754969455600003,0.20366281924401702,0.20427958075598296,0.00030838075598296766,1.0,65.0,26.3700475,39.75946609774375,26.330965539332563,26.409129460667433,0.039081960667434856,8.0,520.0,210.96038,2544.6058302556,210.6477243146605,211.27303568533947,0.31265568533947885,0.0,1.0,0.95157,0.0172670351,0.9507555490067526,0.9523844509932474,0.0008144509932473953,0.85568,0.8534866404095052,0.8578527082986533
T-divide_over_risks-W-20-HS-weighted-D-8-C-5-H-5-RUNS-100000.csv,divide_over_risks,20,weighted,8,5,5,100000,4.0,146.0,41.61661,256.2382421079,41.517394838311795,41.71582516168821,0.09921516168820688,0.0,8.0,5.10914,3.9908884604,5.0967579980982585,5.121522001901742,0.012382001901741546,0.005,0.39,0.210463275,0.002382818563774375,0.21016072193366955,0.21076582806633046,0.0003025530663304521,2.0,70.375,27.24182375,39.26376705518594,27.202986179592052,27.280661320407944,0.038837570407945776,16.0,563.0,217.93459,2512.8810915319,217.62388943673642,218.24529056326355,0.3107005632635662,0.0,1.0,0.95106,0.015450476399999998,0.9502895809572821,0.9518304190427179,0.000770419042717907,0.8311,0.8287632600280451,0.83341751944465
T-divide_over_risks-W-20-HS-weighted-D-9-C-5-H-1-RUNS-100000.csv,divide_over_risks,20,weighted,9,5,1,100000,1.0,125.0,23.63779,173.1876339159,23.55622299598175,23.71935700401825,0.08156700401825034,0.0,9.0,3.23077,5.5241352071,3.216202392848654,3.2453376071513462,0.014567607151346085,0.0,0.3775,0.13945157500000002,0.004607630917519375,0.13903085329943368,0.13987229670056636,0.00042072170056633995,0.0,60.55555555555556,19.007134444444446,56.34713539599877,18.960608843391125,19.053660045497768,0.04652560105332171,0.0,545.0,171.06421,4564.1179670759,170.64547959052013,171.48294040947988,0.4187304094798776,0.0,1.0,0.96797,0.031004079099999995,0.9668786463897042,0.9690613536102958,0.0010913536102957755,0.96797,0.9668600033273593,0.9690527437917202
T-divide_over_risks-W-20-HS-weighted-D-9-C-5-H-2-RUNS-100000.csv,divide_over_risks,20,weighted,9,5,2,100000,2.0,131.0,30.49334,191.79763564439997,30.40750237438678,30.57917762561322,0.08583762561321961,0.0,9.0,4.32128,5.344739161600001,4.306950886292864,4.335609113707136,0.014329113707136187,0.0,0.4075,0.17624232499999998,0.003183364816094375,0.1758926220649607,0.17659202793503925,0.0003497029350392755,0.0,57.0,22.81612333333333,41.96103270478889,22.77597392446611,22.85627274220055,0.04014940886721874,0.0,513.0,205.34511,3398.8436490879,204.98376532019503,205.70645467980498,0.3613446798049722,0.0,1.0,0.96624,0.018775262399999996,0.9653907235548077,0.9670892764451923,0.0008492764451922818,0.93855,0.9370437746979857,0.940030726737966
T-divide_over_risks-W-20-HS-weighted-D-9-C-5-H-3-RUNS-100000.csv,divide_over_risks,20,weighted,9,5,3,100000,3.0,135.0,34.4064,202.96345904,34.31809912660409,34.49470087339591,0.08830087339590875,0.0,9.0,4.8857,4.96467551,4.8718897511104196,4.89951024888958,0.013810248889580379,0.0025,0.41,0.19329692499999998,0.0026135887230443753,0.19298005969046853,0.19361379030953144,0.00031686530953145553,0.6666666666666666,59.22222222222222,24.66061111111111,37.386550490740746,24.62271333118072,24.6985088910415,0.037897779930389675,6.0,533.0,221.9455,3028.3105897500004,221.6044199806265,222.28658001937353,0.3410800193735213,0.0,1.0,0.9669033333333333,0.013690166211111111,0.9661781289309983,0.9676285377356684,0.0007252044023350335,0.91636,0.9146270136842894,0.9180687921344524
T-divide_over_risks-W-20-HS-weighted-D-9-C-5-H-4-RUNS-100000.csv,divide_over_risks,20,weighted,9,5,4,100000,6.0,147.0,37.20352,215.9132596096,37.11244572382301,37.29459427617699,0.0910742761769896,0.0,9.0,5.26259,4.7416164919,5.249093558278093,5.276086441721907,0.013496441721907004,0.01,0.4075,0.20290337500000002,0.0023841867261093753,0.20260073508645554,0.2032060149135445,0.0003026399135444835,1.3333333333333333,62.333333333333336,25.79929555555555,35.492245380301235,25.762370359570564,25.836220751540534,0.03692519598498478,12.0,561.0,232.19366,2874.8718758043997,231.86133323613512,232.52598676386486,0.33232676386487014,0.0,1.0,0.966365,0.011402436775000002,0.9657031571099208,0.9670268428900792,0.0006618428900792006,0.89339,0.8914607865518727,0.895296363064288
T-divide_over_risks-W-20-HS-weighted-D-9-C-5-H-5-RUNS-100000.csv,divide_over_risks,20,weighted,9,5,5,100000,4.0,148.0,39.35367,225.7354275311,39.26054721984372,39.44679278015628,0.0931227801562784,0.0,9.0,5.52031,4.5380875039,5.507106395584924,5.533513604415076,0.013203604415076065,0.005,0.4,0.209428525,0.002283837728824375,0.20913232251825734,0.20972472748174267,0.00029620248174266894,1.0,63.888888888888886,26.59161111111111,35.20930370061728,26.55483339216386,26.62838883005836,0.03677771894724913,9.0,575.0,239.3245,2851.9535997499997,238.99350052947474,239.65549947052526,0.33099947052525636,0.0,1.0,0.966326,0.010244861724,0.9656986511273707,0.9669533488726293,0.0006273488726292742,0.87674,0.8746865823533676,0.8787715390089647
T-horizontal_scan_traversal-W-20-HS-greedy-D-1-C-5-H-1-RUNS-100000.csv,horizontal_scan_traversal,20,greedy,1,5,1,100000,1.0,401.0,129.88826,9720.423494172399,129.27717916332443,130.49934083667557,0.6110808366755691,0.0,1.0,0.69725,0.2110924375,0.6944023119765326,0.7000976880234675,0.002847688023467465,0.0,0.9975,0.31875349999999997,0.060881603987750006,0.31722417737256214,0.3202828226274378,0.0015293226274378235,0.0,400.0,128.49324,9743.137814302401,127.88144560457434,129.10503439542563,0.6117943954256475,0.0,400.0,128.49324,9743.137814302401,127.88144560457434,129.10503439542563,0.6117943954256475,0.0,1.0,0.30223,0.2108870271,0.29938369783173435,0.30507630216826565,0.0028463021682656464,0.30223,0.29938451862142645,0.3050869560184965
T-horizontal_scan_traversal-W-20-HS-greedy-D-1-C-5-H-2-RUNS-100000.csv,horizontal_scan_traversal,20,greedy,1,5,2,100000,2.0,401.0,153.18569,11335.2462292239,152.52579999466437,153.84558000533562,0.659890005335626,0.0,1.0,0.82208,0.1462644736,0.8197095789365985,0.8244504210634016,0.002370421063401573,0.0,0.9975,0.3763710249999999,0.07121114810294937,0.3747170457179281,0.37802500428207175,0.001653979282071838,0.0,400.0,151.54065,11396.1216875775,150.87899041172975,152.20230958827025,0.6616595882702541,0.0,400.0,151.54065,11396.1216875775,150.87899041172975,152.20230958827025,0.6616595882702541,0.0,1.0,0.306675,0.147807944375,0.30429210470412354,0.3090578952958764,0.0023828952958764305,0.17704,0.17467861783604444,0.17942012917665245
T-horizontal_scan_traversal-W-20-HS-greedy-D-1-C-5-H-3-RUNS-100000.csv,horizontal_scan_traversal,20,greedy,1,5,3,100000,2.0,401.0,161.39228,12535.544936401599,160.69833079848968,162.08622920151032,0.6939492015103212,0.0,1.0,0.86501,0.1167676999,0.8628920415586327,0.8671279584413671,0.002117958441367196,0.0,0.9975,0.39667,0.07876621310000001,0.39493049350606285,0.3984095064939372,0.0017395064939371707,0.0,400.0,159.66092,12604.8420247536,158.96505534992576,160.35678465007425,0.6958646500742418,0.0,400.0,159.66092,12604.8420247536,158.96505534992576,160.35678465007425,0.6958646500742418,0.0,1.0,0.30896666666666667,0.1263795988888889,0.3067632605146113,0.31117007281872205,0.002203406152055387,0.13365,0.13154663323580829,0.13577463968100853
T-horizontal_scan_traversal-W-20-HS-greedy-D-1-C-5-H-4-RUNS-100000.csv,horizontal_scan_traversal,20,greedy,1,5,4,100000,2.0,401.0,164.46087,13291.131128843102,163.7463127290653,165.1754272709347,0.714557270934705,0.0,1.0,0.88339,0.1030121079,0.8814007003400477,0.8853792996599523,0.001989299659952315,0.0,0.9975,0.40425012499999996,0.08350001712498437,0.4024591094618559,0.406041140538144,0.0017910155381440362,0.0,400.0,162.69248,13362.4527114496,161.9760081000883,163.40895189991167,0.7164718999116815,0.0,400.0,162.69248,13362.4527114496,161.9760081000883,163.40895189991167,0.7164718999116815,0.0,1.0,0.3113575,0.11697088219375003,0.30923769967677256,0.31347730032322746,0.00211980032322745,0.115,0.11302890349770074,0.11699345703128856
T-horizontal_scan_traversal-W-20-HS-greedy-D-1-C-5-H-5-RUNS-100000.csv,horizontal_scan_traversal,20,greedy,1,5,5,100000,2.0,401.0,167.62873,13804.137448587098,166.90051317499186,168.35694682500812,0.7282168250081327,0.0,1.0,0.89109,0.09704861190000003,0.8891591402239546,0.8930208597760455,0.0019308597760454571,0.0,0.9975,0.412128575,0.08671176923096939,0.4103034395730311,0.4139537104269689,0.0018251354269688824,0.0,400.0,165.8444,13876.202448639999,165.11428480822067,166.57451519177934,0.7301151917793334,0.0,400.0,165.8444,13876.202448639999,165.11428480822067,166.57451519177934,0.7301151917793334,0.0,1.0,0.31788200000000005,0.11215063407599998,0.3158063365497597,0.3199576634502404,0.0020756634502403504,0.10676,0.10485244812210337,0.10869039350025135
T-horizontal_scan_traversal-W-20-HS-greedy-D-10-C-5-H-1-RUNS-100000.csv,horizontal_scan_traversal,20,greedy,10,5,1,100000,1.0,401.0,198.82757,12910.7132778951,198.12331297214467,199.53182702785534,0.7042570278553342,0.0,10.0,6.98575,4.9111469375,6.972014403152721,6.99948559684728,0.013735596847279652,0.0025,0.9975,0.49401247499999995,0.08048580248187438,0.49225408295379874,0.49577086704620116,0.001758392046201207,0.2,386.0,128.581595,4940.017492555975,128.1459624576044,129.01722754239557,0.4356325423955809,2.0,3860.0,1285.81595,494001.74925559753,1281.4596245760442,1290.1722754239556,4.356325423955695,0.0,1.0,0.88628,0.10078776159999997,0.8843122950806521,0.8882477049193478,0.0019677049193478346,0.88628,0.8842961186734756,0.8882414460902586
T-horizontal_scan_traversal-W-20-HS-greedy-D-10-C-5-H-2-RUNS-100000.csv,horizontal_scan_traversal,20,greedy,10,5,2,100000,3.0,401.0,262.22548,8931.8172587696,261.6397115373692,262.81124846263083,0.5857684626308242,0.0,10.0,8.23264,2.0649986304,8.223733317823934,8.241546682176066,0.008906682176066383,0.0025,0.9975,0.65207435,0.055754998822077496,0.6506108323080164,0.6535378676919836,0.0014635176919836068,0.1,371.3,151.546168,4076.245469115776,151.15044960777954,151.94188639222045,0.39571839222045924,1.0,3713.0,1515.46168,407624.5469115776,1511.5044960777952,1519.4188639222045,3.957183922204649,0.0,1.0,0.88719,0.056388903899999995,0.8857181861081569,0.8886618138918432,0.0014718138918431434,0.7998,0.7973062115925097,0.8022763880134892
T-horizontal_scan_traversal-W-20-HS-greedy-D-10-C-5-H-3-RUNS-100000.csv,horizontal_scan_traversal,20,greedy,10,5,3,100000,3.0,401.0,292.8029,6576.243251589999,292.3002739354619,293.3055260645381,0.5026260645381058,2.0,10.0,8.64508,1.3249917935999997,8.63794551440236,8.652214485597641,0.0071344855976409605,0.0025,0.9975,0.72822215,0.0411688399993775,0.7269645562033327,0.7294797437966674,0.0012575937966673445,0.1,376.4,159.396425,3795.672912119375,159.01456825907223,159.77828174092775,0.3818567409277591,1.0,3764.0,1593.96425,379567.29121193755,1590.1456825907223,1597.7828174092776,3.818567409277648,0.0,1.0,0.8885366666666665,0.04241481421111112,0.8872601841941139,0.8898131491392192,0.0012764824725526314,0.73985,0.7371189272309636,0.7425671551320958
T-horizontal_scan_traversal-W-20-HS-greedy-D-10-C-5-H-4-RUNS-100000.csv,horizontal_scan_traversal,20,greedy,10,5,4,100000,3.0,401.0,309.65317,5429.7776189511005,309.19645308876323,310.10988691123674,0.45671691123675373,2.0,10.0,8.83233,1.0727967711000002,8.825910299013305,8.838749700986696,0.006419700986695531,0.0025,0.9975,0.7701304000000001,0.03411248474584,0.7689856444741361,0.7712751555258641,0.0011447555258640163,0.2,391.7,163.171906,3738.3538899271643,162.79294346486566,163.55086853513436,0.37896253513434885,2.0,3917.0,1631.71906,373835.3889927164,1627.9294346486565,1635.5086853513433,3.789625351343375,0.0,1.0,0.8883925,0.03619939094375,0.8872132477782531,0.889571752221747,0.0011792522217469736,0.69534,0.6924766756135808,0.6981919907948463
T-horizontal_scan_traversal-W-20-HS-greedy-D-10-C-5-H-5-RUNS-100000.csv,horizontal_scan_traversal,20,greedy,10,5,5,100000,3.0,401.0,321.34294,4772.8023721563995,320.9147438114033,321.7711361885967,0.4281961885967007,3.0,10.0,8.92316,0.9615756144000002,8.91708218058817,8.929237819411828,0.0060778194118285,0.0025,0.9975,0.7992280749999999,0.03006719944429438,0.7981533371092321,0.8003028128907678,0.0010747378907678407,0.2,381.9,165.547551,3668.9377930023993,165.17212335816208,165.92297864183791,0.3754276418379163,2.0,3819.0,1655.47551,366893.77930023987,1651.7212335816207,1659.2297864183793,3.754276418379277,0.0,1.0,0.89059,0.032100251899999994,0.889479521149688,0.891700478850312,0.0011104788503120133,0.66885,0.6659232128024951,0.6717669910506366
T-horizontal_scan_traversal-W-20-HS-greedy-D-5-C-5-H-1-RUNS-100000.csv,horizontal_scan_traversal,20,greedy,5,5,1,100000,1.0,401.0,189.04016,12187.432247174402,188.35591413979515,189.72440586020483,0.6842458602048396,0.0,5.0,3.48569,1.6805352239,3.4776551110050393,3.4937248889949606,0.008034888994960632,0.0,0.9975,0.468803775,0.07593716923324938,0.46709579306412813,0.4705117569358718,0.0017079819358718495,0.0,391.8,128.900442,5487.915106204636,128.4412865288141,129.3595974711859,0.45915547118590894,0.0,1959.0,644.50221,137197.87765511588,642.2064326440704,646.7979873559295,2.2957773559295447,0.0,1.0,0.73848,0.19312728959999997,0.7357561832004935,0.7412038167995065,0.0027238167995065066,0.73848,0.7357443421155407,0.741201819801039
T-horizontal_scan_traversal-W-20-HS-greedy-D-5-C-5-H-2-RUNS-100000.csv,horizontal_scan_traversal,20,greedy,5,5,2,100000,2.0,401.0,243.51535,9627.500284377502,242.90719701684145,244.12350298315857,0.6081529831585613,0.0,5.0,4.10728,0.8716310016000001,4.1014934140845,4.113066585915501,0.0057865859155006305,0.0,0.9975,0.60423885,0.0602702171506775,0.6027172256501487,0.6057604743498513,0.0015216243498512583,0.0,392.2,151.495498,4894.544488531996,151.0618750980778,151.9291209019222,0.433622901922206,0.0,1961.0,757.47749,122363.6122132999,755.3093754903889,759.6456045096111,2.1681145096110868,0.0,1.0,0.7395,0.11684475,0.7373813428979659,0.7416186571020342,0.0021186571020341827,0.58791,0.5848517862046062,0.5909631140399408
T-horizontal_scan_traversal-W-20-HS-greedy-D-5-C-5-H-3-RUNS-100000.csv,horizontal_scan_traversal,20,greedy,5,5,3,100000,2.0,401.0,268.22044,8558.7130262064,267.64703654725946,268.79384345274053,0.5734034527405356,0.0,5.0,4.31764,0.6232248304,4.312746963612986,4.322533036387014,0.004893036387014327,0.0,0.9975,0.6655911249999998,0.05380769150873437,0.6641533919660191,0.6670288580339806,0.0014377330339807592,0.0,399.6,159.56368600000002,4767.709876893404,159.13571831123048,159.99165368876956,0.4279676887695416,0.0,1998.0,797.81843,119192.74692233509,795.6785915561524,799.9582684438477,2.1398384438476796,0.0,1.0,0.7420866666666666,0.09160960137777777,0.740210693733352,0.7439626395999811,0.0018759729333145403,0.50528,0.5021760821370789,0.5083836115746437
T-horizontal_scan_traversal-W-20-HS-greedy-D-5-C-5-H-4-RUNS-100000.csv,horizontal_scan_traversal,20,greedy,5,5,4,100000,2.0,401.0,281.00588,8345.1559454256,280.4396755220952,281.5720844779048,0.5662044779048188,0.0,5.0,4.41253,0.5267689991000001,4.408031516047664,4.417028483952336,0.004498483952335874,0.0,0.9975,0.69731275,0.052586084062437505,0.6958914312442867,0.6987340687557134,0.0014213187557133855,0.0,396.4,163.298882,4786.8109195500765,162.87005787721137,163.72770612278862,0.428824122788626,0.0,1982.0,816.49441,119670.27298875191,814.3502893860568,818.6385306139432,2.144120613943187,0.0,1.0,0.7437025,0.07963721649375,0.7419534021442973,0.7454515978557028,0.0017490978557027637,0.4562,0.45310924589780427,0.4592932949231407
T-horizontal_scan_traversal-W-20-HS-greedy-D-5-C-5-H-5-RUNS-100000.csv,horizontal_scan_traversal,20,greedy,5,5,5,100000,2.0,401.0,288.43185,8426.9847155775,287.8628763232507,289.0008236767493,0.5689736767492946,1.0,5.0,4.46455,0.47802329750000006,4.460264706194815,4.468835293805185,0.004285293805184942,0.0,0.9975,0.71572705,0.053173891273297504,0.7142978095698571,0.717156290430143,0.0014292404301429196,0.0,395.4,165.06944199999998,4826.495617408636,164.63884397905892,165.50004002094104,0.43059802094106203,0.0,1977.0,825.34721,120662.39043521592,823.1942198952946,827.5002001047054,2.1529901047053954,0.0,1.0,0.744158,0.07322687103599998,0.7424807750664508,0.7458352249335491,0.0016772249335491596,0.42538,0.4223129314072304,0.42845139733922527
T-horizontal_scan_traversal-W-20-HS-random-D-1-C-5-H-1-RUNS-100000.csv,horizontal_scan_traversal,20,random,1,5,1,100000,1.0,401.0,128.84755,9626.1994689975,128.23943810338804,129.45566189661199,0.6081118966119732,0.0,1.0,0.68447,0.21597081910000002,0.6815895946489173,0.6873504053510827,0.0028804053510826932,0.0,0.9975,0.316215525,0.060308650936474376,0.31469341556425773,0.31773763443574227,0.0015221094357422693,0.0,400.0,127.47808,9651.4416795136,126.8691713175523,128.0869886824477,0.6089086824476908,0.0,400.0,127.47808,9651.4416795136,126.8691713175523,128.0869886824477,0.6089086824476908,0.0,1.0,0.315,0.21577500000000008,0.31212090076586446,0.31787909923413554,0.0028790992341355404,0.315,0.3121213524170588,0.3178893810220073
T-horizontal_scan_traversal-W-20-HS-random-D-1-C-5-H-2-RUNS-100000.csv,horizontal_scan_traversal,20,random,1,5,2,100000,2.0,401.0,152.36579,11299.3285076759,151.7069463129612,153.0246336870388,0.6588436870387966,0.0,1.0,0.81443,0.15113377509999998,0.8120204450402114,0.8168395549597885,0.0024095549597885624,0.0,0.9975,0.374357675,0.07099502448109438,0.3727062075130461,0.3760091424869539,0.0016514674869538837,0.0,400.0,150.73591,11361.349486471901,150.07526062107627,151.3965593789237,0.660649378923722,0.0,400.0,150.73591,11361.349486471901,150.07526062107627,151.3965593789237,0.660649378923722,0.0,1.0,0.315205,0.15052330797500002,0.31280031636193706,0.31760968363806297,0.0024046836380629544,0.18455,0.18214979030450829,0.18696851995110997
T-horizontal_scan_traversal-W-20-HS-random-D-1-C-5-H-3-RUNS-100000.csv,horizontal_scan_traversal,20,random,1,5,3,100000,2.0,401.0,160.53297,12453.097712979099,159.84130664131905,161.22463335868096,0.6916633586809553,0.0,1.0,0.8592,0.12097536,0.8570442195311767,0.8613557804688232,0.002155780468823254,0.0,0.9975,0.394551975,0.07826303008609937,0.39281803366195317,0.39628591633804683,0.0017339413380468294,0.0,400.0,158.81329,12524.452969375901,158.11964788386837,159.50693211613162,0.6936421161316275,0.0,400.0,158.81329,12524.452969375901,158.11964788386837,159.50693211613162,0.6936421161316275,0.0,1.0,0.31651333333333326,0.12900153204444448,0.31428718804269756,0.31873947862396895,0.002226145290635695,0.13952,0.13737795897750926,0.1416829719107132
T-horizontal_scan_traversal-W-20-HS-random-D-1-C-5-H-4-RUNS-100000.csv,horizontal_scan_traversal,20,random,1,5,4,100000,2.0,401.0,164.96889,13277.067942167901,164.25471086136156,165.68306913863842,0.7141791386384284,0.0,1.0,0.88113,0.10473992309999998,0.8791240865208565,0.8831359134791434,0.002005913479143473,0.0,0.9975,0.40553157500000003,0.08341360236551938,0.4037414864690961,0.407321663530904,0.001790088530903955,0.0,400.0,163.20507,13348.6302162951,162.48896876526487,163.92117123473514,0.7161012347351345,0.0,400.0,163.20507,13348.6302162951,162.48896876526487,163.92117123473514,0.7161012347351345,0.0,1.0,0.3170575,0.11772516669375,0.31493087591387026,0.31918412408612973,0.002126624086129736,0.11731,0.11532168464569975,0.11932054108260971
T-horizontal_scan_traversal-W-20-HS-random-D-1-C-5-H-5-RUNS-100000.csv,horizontal_scan_traversal,20,random,1,5,5,100000,2.0,401.0,166.623,13731.456790999999,165.89670278529857,167.3492972147014,0.7262972147014182,0.0,1.0,0.89392,0.0948270336,0.8920113682066,0.8958286317934001,0.0019086317934000618,0.0,0.9975,0.40960025,0.08625074994993749,0.40777997287547285,0.41142052712452715,0.0018202771245271476,0.0,400.0,164.83302,13802.441217679601,164.10484791744096,165.56119208255905,0.7281720825590412,0.0,400.0,164.83302,13802.441217679601,164.10484791744096,165.56119208255905,0.7281720825590412,0.0,1.0,0.31425,0.1107817375,0.31218704308629575,0.3163129569137042,0.002062956913704228,0.10394,0.10205499837126229,0.10584800799410418
T-horizontal_scan_traversal-W-20-HS-random-D-10-C-5-H-1-RUNS-100000.csv,horizontal_scan_traversal,20,random,10,5,1,100000,1.0,401.0,197.03219,12877.2158738039,196.32884717817836,197.73553282182166,0.70334282182165,0.0,10.0,6.82786,5.5191878204,6.813298917646395,6.842421082353606,0.014561082353605315,0.0025,0.9975,0.4895408500000001,0.08028762143127749,0.4877846241418304,0.4912970758581698,0.0017562258581697021,0.2,378.4,126.357851,4863.4375235618,125.92560822573402,126.79009377426597,0.4322427742659727,2.0,3784.0,1263.57851,486343.7523561799,1259.2560822573403,1267.9009377426598,4.322427742659784,0.0,1.0,0.88991,0.0979701919,0.8879699941000011,0.8918500058999989,0.0019400058999988756,0.88991,0.8879537102590371,0.8918436425895843
T-horizontal_scan_traversal-W-20-HS-random-D-10-C-5-H-2-RUNS-100000.csv,horizontal_scan_traversal,20,random,10,5,2,100000,3.0,401.0,261.12178,8907.7566296316,260.5368010442384,261.7067589557616,0.584978955761585,0.0,10.0,8.14416,2.3057178944,8.134748493285809,8.15357150671419,0.009411506714190665,0.0025,0.9975,0.649351825,0.055618363556669374,0.6478901016833655,0.6508135483166345,0.0014617233166345223,0.2,376.7,150.429117,4033.3033667003106,150.03548851762713,150.82274548237285,0.3936284823728613,2.0,3767.0,1504.29117,403330.33667003113,1500.3548851762714,1508.2274548237285,3.936284823728556,0.0,1.0,0.88957,0.057185215100000006,0.8880878302312887,0.8910521697687113,0.0014821697687112945,0.80747,0.8050123260137309,0.8099098277186818
T-horizontal_scan_traversal-W-20-HS-random-D-10-C-5-H-3-RUNS-100000.csv,horizontal_scan_traversal,20,random,10,5,3,100000,3.0,401.0,292.00756,6582.5490228464,291.5046930163337,292.5104269836663,0.5028669836663084,1.0,10.0,8.6008,1.4324993599999998,8.59338171883697,8.60821828116303,0.007418281163030116,0.0025,0.9975,0.7262569750000001,0.04121430207634938,0.7249986870247873,0.7275152629752129,0.0012582879752127685,0.2,378.9,159.095924,3778.6600303862238,158.7149239951085,159.4769240048915,0.3810000048914901,2.0,3789.0,1590.95924,377866.0030386224,1587.149239951085,1594.7692400489148,3.8100000489148442,0.0,1.0,0.8885666666666666,0.043724834444444444,0.8872706214359676,0.8898627118973657,0.0012960452306990389,0.74427,0.7415539557832016,0.746971869910252
T-horizontal_scan_traversal-W-20-HS-random-D-10-C-5-H-4-RUNS-100000.csv,horizontal_scan_traversal,20,random,10,5,4,100000,3.0,401.0,309.55828,5376.4985034416,309.1038093557245,310.01275064427557,0.4544706442755455,3.0,10.0,8.80327,1.1134473070999997,8.79672980185701,8.809810198142989,0.00654019814298934,0.0025,0.9975,0.7699371249999999,0.03377641310923437,0.7687980224207717,0.7710762275792281,0.0011391025792282239,0.3,377.2,163.09039299999998,3727.8140888055514,162.7119650596526,163.46882094034734,0.3784279403473647,3.0,3772.0,1630.90393,372781.40888055513,1627.1196505965263,1634.6882094034736,3.784279403473647,0.0,1.0,0.8908,0.036224110000000004,0.8896203452158534,0.8919796547841466,0.001179654784146611,0.70417,0.7013302704232277,0.7069978834387701
T-horizontal_scan_traversal-W-20-HS-random-D-10-C-5-H-5-RUNS-100000.csv,horizontal_scan_traversal,20,random,10,5,5,100000,3.0,401.0,320.79601,4811.9074580799,320.3660632161888,321.2259567838112,0.42994678381120366,3.0,10.0,8.92651,0.9632292199,8.920426956870802,8.932593043129199,0.006083043129198273,0.0025,0.9975,0.79785505,0.0303212584394975,0.7967757810510295,0.7989343189489705,0.0010792689489704799,0.2,383.3,165.54534399999997,3675.852536721664,165.16956274574332,165.92112525425662,0.3757812542566512,2.0,3833.0,1655.45344,367585.25367216644,1651.6956274574336,1659.2112525425664,3.7578125425663984,0.0,1.0,0.889588,0.032485190256,0.8884708826969049,0.8907051173030952,0.0011171173030951609,0.66748,0.6645502201269176,0.6704000632321775
T-horizontal_scan_traversal-W-20-HS-random-D-5-C-5-H-1-RUNS-100000.csv,horizontal_scan_traversal,20,random,5,5,1,100000,1.0,401.0,187.28422,12112.276738991599,186.60208715135167,187.96635284864834,0.6821328486483367,0.0,5.0,3.42063,1.8114004031000002,3.4122881322304,3.4289718677696,0.008341867769599887,0.0,0.9975,0.46444095,0.07548326508809751,0.4627380803304057,0.46614381966959434,0.0017028696695943202,0.0,395.8,126.74885399999998,5359.1915156866835,126.29511541748069,127.20259258251927,0.4537385825192928,0.0,1979.0,633.74427,133979.78789216708,631.4755770874035,636.0129629125965,2.2686929125965207,0.0,1.0,0.74374,0.1905908124,0.7410341292253401,0.7464458707746598,0.002705870774659891,0.74374,0.7410221346025047,0.746443721868613
T-horizontal_scan_traversal-W-20-HS-random-D-5-C-5-H-2-RUNS-100000.csv,horizontal_scan_traversal,20,random,5,5,2,100000,2.0,401.0,242.73633,9581.2659081311,242.12963904809223,243.3430209519078,0.6066909519077797,0.0,5.0,4.06788,0.9387723056000001,4.0618746792848395,4.07388532071516,0.006005320715160245,0.0,0.9975,0.6023421250000001,0.05999084476298438,0.6008240313624352,0.6038602186375649,0.0015180936375648324,0.0,400.0,151.061074,4840.126488766524,150.6298683655372,151.4922796344628,0.431205634462799,0.0,2000.0,755.30537,121003.16221916309,753.1493418276862,757.4613981723139,2.1560281723138814,0.0,1.0,0.74374,0.11785081239999999,0.7416122413649198,0.7458677586350801,0.0021277586350801903,0.59826,0.5952136414434809,0.6013006583368121
T-horizontal_scan_traversal-W-20-HS-random-D-5-C-5-H-3-RUNS-100000.csv,horizontal_scan_traversal,20,random,5,5,3,100000,2.0,401.0,267.4119,8597.81209839,266.83718829003425,267.98661170996576,0.5747117099657544,0.0,5.0,4.30087,0.6485672431,4.295878471255123,4.3058615287448765,0.004991528744876739,0.0,0.9975,0.6635980749999999,0.054051938918794375,0.6621570825345428,0.665039067465457,0.001440992465457147,0.0,394.2,159.201906,4791.147768767164,158.7728876639292,159.63092433607082,0.4290183360708113,0.0,1971.0,796.00953,119778.6942191791,793.8644383196461,798.154621680354,2.1450916803539712,0.0,1.0,0.7432933333333333,0.0928816872888889,0.7414043804755599,0.7451822861911066,0.0018889528577733516,0.51098,0.5078764913201997,0.514082871739137
T-horizontal_scan_traversal-W-20-HS-random-D-5-C-5-H-4-RUNS-100000.csv,horizontal_scan_traversal,20,random,5,5,4,100000,2.0,401.0,280.73704,8358.8164120384,280.17037229200446,281.3037077079955,0.5666677079955207,0.0,5.0,4.40134,0.5411662044,4.396780456063571,4.40589954393643,0.004559543936429655,0.0,0.9975,0.6966641,0.05267756627119001,0.6952415454717397,0.6980866545282604,0.0014225545282603447,0.0,399.2,163.359282,4774.1997920444755,162.93102313061004,163.78754086938997,0.42825886938996405,0.0,1996.0,816.79641,119354.99480111191,814.6551156530502,818.9377043469499,2.1412943469498487,0.0,1.0,0.7439675,0.08087048394375,0.742204910850146,0.7457300891498541,0.0017625891498540547,0.46073,0.45763677411672443,0.46382550391692456
T-horizontal_scan_traversal-W-20-HS-random-D-5-C-5-H-5-RUNS-100000.csv,horizontal_scan_traversal,20,random,5,5,5,100000,2.0,401.0,288.27856,8497.9775043264,287.7071947019584,288.8499252980417,0.5713652980416555,1.0,5.0,4.46869,0.4742996839,4.464421429202098,4.472958570797902,0.004268570797901994,0.0,0.9975,0.7153300750000001,0.05361917086299438,0.713894862796919,0.7167652872030812,0.001435212203081071,0.0,391.4,165.19241599999998,4847.325897682944,164.76088978795096,165.623942212049,0.43152621204902175,0.0,1957.0,825.96208,121183.14744207359,823.8044489397548,828.1197110602452,2.157631060245194,0.0,1.0,0.742692,0.073462993136,0.7410120731134027,0.7443719268865974,0.0016799268865973493,0.42262,0.41955564214196656,0.4256888467215531
T-horizontal_scan_traversal-W-20-HS-weighted-D-1-C-5-H-1-RUNS-100000.csv,horizontal_scan_traversal,20,weighted,1,5,1,100000,1.0,401.0,128.29694,9578.0817266364,127.69034986851874,128.9035301314813,0.6065901314812834,0.0,1.0,0.68347,0.21633875910000006,0.6805871420830042,0.6863528579169959,0.002882857916995829,0.0,0.9975,0.3148455,0.060000229879750004,0.31332728761990936,0.31636371238009064,0.0015182123800906444,0.0,400.0,126.92953,9602.220483979101,126.32217598287939,127.53688401712061,0.6073540171206133,0.0,400.0,126.92953,9602.220483979101,126.32217598287939,127.53688401712061,0.6073540171206133,0.0,1.0,0.31606,0.21616607639999993,0.3131782928686311,0.31894170713136893,0.002881707131368927,0.31606,0.3131787138748826,0.3189519580423008
T-horizontal_scan_traversal-W-20-HS-weighted-D-1-C-5-H-2-RUNS-100000.csv,horizontal_scan_traversal,20,weighted,1,5,2,100000,2.0,401.0,152.82669,11325.709673643902,152.16707764200277,153.48630235799726,0.659612357997247,0.0,1.0,0.81463,0.1510079631,0.8122214481715251,0.8170385518284748,0.002408551828474881,0.0,0.9975,0.37550940000000005,0.07116024288664,0.3738560119963139,0.3771627880036862,0.0016533880036861404,0.0,400.0,151.19653,11387.812385959101,150.53511167502026,151.85794832497973,0.661418324979735,0.0,400.0,151.19653,11387.812385959101,150.53511167502026,151.85794832497973,0.661418324979735,0.0,1.0,0.31513,0.1504930831,0.31272555780265576,0.3175344421973443,0.0024044421973442587,0.18447,0.18207019589639922,0.18688811901095884
T-horizontal_scan_traversal-W-20-HS-weighted-D-1-C-5-H-3-RUNS-100000.csv,horizontal_scan_traversal,20,weighted,1,5,3,100000,2.0,401.0,161.12589,12466.7861017079,160.43384660910374,161.81793339089626,0.6920433908962593,0.0,1.0,0.86063,0.1199460031,0.8584834106924962,0.8627765893075038,0.0021465893075037767,0.0,0.9975,0.39602524999999994,0.0783438473624375,0.39429041362723294,0.39776008637276694,0.0017348363727670013,0.0,400.0,159.40322,12537.1965336316,158.70922508500712,160.0972149149929,0.693994914992885,0.0,400.0,159.40322,12537.1965336316,158.70922508500712,160.0972149149929,0.693994914992885,0.0,1.0,0.31461666666666666,0.12841968638888887,0.3123955474280134,0.3168377859053199,0.0022211192386532574,0.13796,0.13582810887575306,0.14011291289755662
T-horizontal_scan_traversal-W-20-HS-weighted-D-1-C-5-H-4-RUNS-100000.csv,horizontal_scan_traversal,20,weighted,1,5,4,100000,2.0,401.0,165.01242,13202.987625743599,164.30023605421732,165.72460394578266,0.7121839457826695,0.0,1.0,0.88044,0.1052654064,0.8784290609526237,0.8824509390473763,0.002010939047376259,0.0,0.9975,0.40564265,0.0829531172509775,0.4038575094026482,0.4074277905973518,0.0017851405973517975,0.0,400.0,163.2499,13274.82368999,162.53578122355265,163.96401877644735,0.71411877644735,0.0,400.0,163.2499,13274.82368999,162.53578122355265,163.96401877644735,0.71411877644735,0.0,1.0,0.31622,0.11799991160000002,0.3140908958212371,0.3183491041787629,0.002129104178762886,0.11792,0.11592717935485071,0.1199350107818456
T-horizontal_scan_traversal-W-20-HS-weighted-D-1-C-5-H-5-RUNS-100000.csv,horizontal_scan_traversal,20,weighted,1,5,5,100000,2.0,401.0,167.21379,13784.5880638359,166.48608900710502,167.94149099289496,0.7277009928949667,0.0,1.0,0.89376,0.0949530624,0.8918501003049484,0.8956698996950516,0.00190989969505162,0.0,0.9975,0.4110787,0.08658135528130999,0.4092549375855154,0.41290246241448464,0.0018237624144846198,0.0,400.0,165.42397,13855.487759439102,164.69439997747534,166.15354002252465,0.7295700225246549,0.0,400.0,165.42397,13855.487759439102,164.69439997747534,166.15354002252465,0.7295700225246549,0.0,1.0,0.316316,0.111255388144,0.31424863767303846,0.3183833623269615,0.0020673623269615304,0.10394,0.10205499837126229,0.10584800799410418
T-horizontal_scan_traversal-W-20-HS-weighted-D-10-C-5-H-1-RUNS-100000.csv,horizontal_scan_traversal,20,weighted,10,5,1,100000,1.0,401.0,197.69675,12901.998669437498,196.99273069565876,198.40076930434125,0.7040193043412444,0.0,10.0,6.84772,5.449890801599999,6.833250618360335,6.862189381639665,0.014469381639664824,0.0025,0.9975,0.49119684999999996,0.0804418136750775,0.48943893853631876,0.49295476146368117,0.0017579114636812054,0.1,384.8,127.03607199999999,4929.3902184108165,126.60090828985119,127.47123571014879,0.4351637101487995,1.0,3848.0,1270.36072,492939.02184108156,1266.009082898512,1274.712357101488,4.351637101487995,0.0,1.0,0.88859,0.09899781190000001,0.8866398461747979,0.8905401538252021,0.0019501538252021389,0.88859,0.8866236014105989,0.8905338285072016
T-horizontal_scan_traversal-W-20-HS-weighted-D-10-C-5-H-2-RUNS-100000.csv,horizontal_scan_traversal,20,weighted,10,5,2,100000,3.0,401.0,261.27718,8903.852031247601,260.69232926722077,261.8620307327792,0.5848507327792163,0.0,10.0,8.1568,2.2646337599999997,8.147472719017626,8.166127280982375,0.00932728098237412,0.0025,0.9975,0.64973225,0.055587978309937496,0.6482709260199208,0.6511935739800793,0.0014613239800792543,0.3,376.6,150.612079,4032.8142057977593,150.21847438807336,151.00568361192663,0.39360461192663365,3.0,3766.0,1506.12079,403281.4205797759,1502.1847438807335,1510.0568361192663,3.9360461192663934,0.0,1.0,0.888965,0.05709872877499999,0.8874839514644616,0.8904460485355384,0.0014810485355384317,0.80575,0.8032841003423244,0.8081981533848283
T-horizontal_scan_traversal-W-20-HS-weighted-D-10-C-5-H-3-RUNS-100000.csv,horizontal_scan_traversal,20,weighted,10,5,3,100000,3.0,401.0,292.29281,6591.793432303901,291.7895900317004,292.79602996829954,0.5032199682995611,2.0,10.0,8.60671,1.4093529759,8.59935189535803,8.61406810464197,0.007358104641969732,0.0025,0.9975,0.7269725750000001,0.041271340010369376,0.7257134166311527,0.7282317333688475,0.0012591583688473795,0.3,380.0,158.899511,3764.417140260879,158.51922972402093,159.27979227597905,0.38028127597905836,3.0,3800.0,1588.99511,376441.71402608795,1585.1922972402094,1592.7979227597907,3.8028127597906405,0.0,1.0,0.88906,0.04338787195555557,0.8877689583705222,0.8903510416294778,0.001291041629477796,0.74474,0.742025575177125,0.7474402232227687
T-horizontal_scan_traversal-W-20-HS-weighted-D-10-C-5-H-4-RUNS-100000.csv,horizontal_scan_traversal,20,weighted,10,5,4,100000,3.0,401.0,309.36783,5425.0405510911,308.91131235761287,309.8243476423872,0.45651764238715486,3.0,10.0,8.80801,1.1148898399,8.80146556663342,8.81455443336658,0.006544433366579838,0.0025,0.9975,0.7694405000000002,0.03407793333475,0.7682963243635755,0.7705846756364249,0.0011441756364246602,0.2,387.6,162.790504,3684.138337025984,162.41429945675898,163.16670854324101,0.37620454324101615,2.0,3876.0,1627.90504,368413.8337025984,1624.1429945675898,1631.6670854324104,3.762045432410332,0.0,1.0,0.889345,0.036511720974999995,0.8881606713830295,0.8905293286169707,0.001184328616970598,0.69984,0.6969885433789004,0.702679861826838
T-horizontal_scan_traversal-W-20-HS-weighted-D-10-C-5-H-5-RUNS-100000.csv,horizontal_scan_traversal,20,weighted,10,5,5,100000,3.0,401.0,320.71536,4760.824640070399,320.28770144534104,321.1430185546589,0.4276585546589331,4.0,10.0,8.92828,0.9619962415999997,8.922200851406874,8.934359148593128,0.00607914859312686,0.0025,0.9975,0.7976515750000001,0.029993346962519377,0.7965781578318347,0.7987249921681654,0.001073417168165336,0.2,386.1,164.963937,3641.544329760031,164.58991351548056,165.3379604845194,0.3740234845194266,2.0,3861.0,1649.63937,364154.4329760031,1645.8991351548057,1653.3796048451945,3.7402348451944363,0.0,1.0,0.8900039999999999,0.03218007998399999,0.8888921412173008,0.891115858782699,0.0011118587826991488,0.66744,0.6645101331678168,0.6703601525126143
T-horizontal_scan_traversal-W-20-HS-weighted-D-5-C-5-H-1-RUNS-100000.csv,horizontal_scan_traversal,20,weighted,5,5,1,100000,1.0,401.0,187.2814,12110.943294039998,186.59930470051182,187.96349529948816,0.6820952994881679,0.0,5.0,3.41977,1.8087231471,3.411434299164498,3.4281057008355025,0.00833570083550228,0.0,0.9975,0.4644344,0.07547241209664,0.46273165275419265,0.4661371472458074,0.001702747245807379,0.0,387.6,127.02711599999999,5397.156960722544,126.5717730723036,127.48245892769638,0.4553429276963925,0.0,1938.0,635.13558,134928.9240180636,632.858865361518,637.412294638482,2.2767146384819625,0.0,1.0,0.74389,0.19051766790000002,0.7411846485015721,0.746595351498428,0.002705351498427988,0.74389,0.7411726494997661,0.7465931982606447
T-horizontal_scan_traversal-W-20-HS-weighted-D-5-C-5-H-2-RUNS-100000.csv,horizontal_scan_traversal,20,weighted,5,5,2,100000,2.0,401.0,242.72532,9621.984690897601,242.11734124717594,243.33329875282408,0.6079787528240672,0.0,5.0,4.07626,0.9291244124000001,4.070285617736807,4.082234382263194,0.005974382263193689,0.0,0.9975,0.60229765,0.0602491649294775,0.6007762914229609,0.6038190085770392,0.0015213585770391669,0.0,398.6,150.506254,4838.426201687484,150.0751241112611,150.93738388873894,0.4311298887389228,0.0,1993.0,752.53127,120960.65504218709,750.3756205563054,754.6869194436945,2.1556494436945286,0.0,1.0,0.742565,0.117294720775,0.7404422673288207,0.7446877326711794,0.0021227326711793504,0.59483,0.5917795573951544,0.5978749413813765
T-horizontal_scan_traversal-W-20-HS-weighted-D-5-C-5-H-3-RUNS-100000.csv,horizontal_scan_traversal,20,weighted,5,5,3,100000,2.0,401.0,267.33582,8630.2608049276,266.76002481151534,267.9116151884847,0.5757951884846761,0.0,5.0,4.30485,0.6429564775,4.299880109051535,4.309819890948465,0.004969890948465228,0.0,0.9975,0.66339725,0.05426073744243749,0.661953476995131,0.6648410230048691,0.0014437730048690867,0.0,396.8,159.214648,4779.207135836095,158.7861646032035,159.64313139679652,0.4284833967965085,0.0,1984.0,796.07324,119480.1783959024,793.9308230160175,798.2156569839826,2.142416983982571,0.0,1.0,0.74258,0.09268383248888891,0.740693060120488,0.7444669398795121,0.0018869398795120507,0.50881,0.5057062880472635,0.5119132008918578
T-horizontal_scan_traversal-W-20-HS-weighted-D-5-C-5-H-4-RUNS-100000.csv,horizontal_scan_traversal,20,weighted,5,5,4,100000,2.0,401.0,280.33017,8313.5380777711,279.76503914896136,280.89530085103866,0.5651308510386457,0.0,5.0,4.40409,0.5367812719,4.399548966049311,4.408631033950689,0.004541033950689055,0.0,0.9975,0.695643525,0.052394467188074376,0.6942247981582518,0.6970622518417483,0.0014187268417482635,0.0,399.4,162.90427,4728.5242217671,162.47806466626588,163.3304753337341,0.4262053337341172,0.0,1997.0,814.52135,118213.1055441775,812.3903233313295,816.6523766686705,2.131026668670529,0.0,1.0,0.744225,0.08050414937500001,0.7424664075507981,0.745983592449202,0.0017585924492019567,0.46036,0.4572669663700808,0.4634553331276435
T-horizontal_scan_traversal-W-20-HS-weighted-D-5-C-5-H-5-RUNS-100000.csv,horizontal_scan_traversal,20,weighted,5,5,5,100000,2.0,401.0,288.39021,8435.0843261559,287.82096295391756,288.9594570460825,0.5692470460824666,0.0,5.0,4.46626,0.4776416124,4.46197641736604,4.47054358263396,0.0042835826339597816,0.0,0.9975,0.7156149249999999,0.05322220230474437,0.7141850354505105,0.7170448145494893,0.001429889549489416,0.0,391.8,165.42966399999997,4810.739031247104,164.99976941917302,165.85955858082693,0.42989458082695364,0.0,1959.0,827.14832,120268.47578117759,824.9988470958652,829.2977929041348,2.149472904134768,0.0,1.0,0.7426779999999998,0.073634588316,0.7409961122674958,0.7443598877325038,0.001681887732503995,0.42358,0.42051468818422394,0.4266497449865205
T-lidbetter-W-20-HS-greedy-D-1-C-5-H-1-RUNS-100000.csv,lidbetter,20,greedy,1,5,1,100000,1.0,144.0,32.18214,325.7060450204,32.07028150266741,32.29399849733258,0.1118584973325838,0.0,1.0,0.68517,0.21571207110000004,0.6822913206285907,0.6880486793714092,0.0028786793714092873,0.0,0.2925,0.072758575,0.0015566305764693749,0.07251403559576083,0.07300311440423918,0.00024453940423917186,0.0,144.0,30.8118,329.30064075999996,30.69932594336721,30.924274056632793,0.11247405663279153,0.0,144.0,30.8118,329.30064075999996,30.69932594336721,30.924274056632793,0.11247405663279153,0.0,1.0,0.31483,0.21571207110000007,0.31195132062859066,0.31770867937140934,0.002878679371409343,0.31483,0.31195177719417677,0.31771896611135086
T-lidbetter-W-20-HS-greedy-D-1-C-5-H-2-RUNS-100000.csv,lidbetter,20,greedy,1,5,2,100000,2.0,134.0,37.22553,391.1980262191001,37.102940182416184,37.348119817583814,0.12258981758381537,0.0,1.0,0.81769,0.1490730639,0.8152969285796737,0.8200830714203263,0.002393071420326298,0.0,0.2825,0.082732425,0.0018535800411193747,0.08246557835703884,0.08299927164296116,0.0002668466429611577,0.0,134.0,35.59015,402.84857297749994,35.465748107813816,35.714551892186186,0.12440189218618514,0.0,134.0,35.59015,402.84857297749994,35.465748107813816,35.714551892186186,0.12440189218618514,0.0,1.0,0.315235,0.14939939477500003,0.3128393107151226,0.31763068928487737,0.002395689284877378,0.18231,0.17992121140472464,0.1847172291116534
T-lidbetter-W-20-HS-greedy-D-1-C-5-H-3-RUNS-100000.csv,lidbetter,20,greedy,1,5,3,100000,2.0,138.0,39.21733,458.0602176711001,39.0846769136354,39.349983086364595,0.1326530863645985,0.0,1.0,0.85993,0.12045039509999998,0.8577789020528666,0.8620810979471334,0.002151097947133418,0.0,0.3025,0.086577875,0.002146131372984375,0.08629074126317242,0.08686500873682758,0.00028713373682758003,0.0,136.0,37.49747,471.8558535991,37.36283414121096,37.63210585878904,0.13463585878903928,0.0,136.0,37.49747,471.8558535991,37.36283414121096,37.63210585878904,0.13463585878903928,0.0,1.0,0.31736333333333333,0.12929940354444444,0.31513461937982484,0.3195920472868418,0.0022287139535084877,0.14007,0.13792440216792587,0.14223649667953728
T-lidbetter-W-20-HS-greedy-D-1-C-5-H-4-RUNS-100000.csv,lidbetter,20,greedy,1,5,4,100000,2.0,140.0,39.78503,495.21113789910004,39.64710237015909,39.92295762984091,0.13792762984090956,0.0,1.0,0.88189,0.10416002789999998,0.8798896471231789,0.883890352876821,0.0020003528768210987,0.0,0.305,0.08758939999999998,0.00231253388264,0.08729134245247686,0.08788745754752311,0.0002980575475231284,0.0,138.0,38.02125,509.3664984375,37.88136496361664,38.161135036383364,0.1398850363833617,0.0,138.0,38.02125,509.3664984375,37.88136496361664,38.161135036383364,0.1398850363833617,0.0,1.0,0.3159175,0.11803925819375,0.31378804088023016,0.3180469591197699,0.002129459119769861,0.11811,0.11611577958338384,0.1201263994672036
T-lidbetter-W-20-HS-greedy-D-1-C-5-H-5-RUNS-100000.csv,lidbetter,20,greedy,1,5,5,100000,2.0,144.0,40.75125,522.2735934375,40.60960374214087,40.89289625785913,0.14164625785912932,0.0,1.0,0.89337,0.0952600431,0.8914570154690302,0.8952829845309698,0.0019129845309697746,0.0,0.3025,0.0896517,0.00241477168711,0.08934712510094885,0.08995627489905116,0.00030457489905115487,0.0,142.0,38.96451,536.6090104599,38.82093294143622,39.108087058563775,0.14357705856377834,0.0,142.0,38.96451,536.6090104599,38.82093294143622,39.108087058563775,0.14357705856377834,0.0,1.0,0.316778,0.11177129871600001,0.3147058498578834,0.3188501501421166,0.002072150142116591,0.10663,0.1047234783587537,0.10855937085687742
T-lidbetter-W-20-HS-greedy-D-10-C-5-H-1-RUNS-100000.csv,lidbetter,20,greedy,10,5,1,100000,1.0,137.0,44.79739,513.4173191878999,44.65694983575229,44.93783016424771,0.1404401642477069,0.0,10.0,6.83179,5.210375395900001,6.817642145703009,6.845937854296991,0.014147854296990836,0.0025,0.31,0.10163944999999999,0.0022588644536975,0.10134487142499284,0.10193402857500715,0.0002945785750071567,0.2,104.9,30.821487,161.55148040883103,30.74270780432382,30.90026619567618,0.07877919567618008,2.0,1049.0,308.21487,16155.148040883098,307.4270780432382,309.0026619567618,0.7877919567617937,0.0,1.0,0.89544,0.0936272064,0.893543481410304,0.897336518589696,0.0018965185896959724,0.89544,0.8935270337302476,0.8973299961290563
T-lidbetter-W-20-HS-greedy-D-10-C-5-H-2-RUNS-100000.csv,lidbetter,20,greedy,10,5,2,100000,2.0,148.0,58.01738,398.4980579356,57.89365166293184,58.14110833706817,0.12372833706816522,1.0,10.0,8.14082,2.2097497276,8.131606436870815,8.150033563129185,0.009213563129184976,0.005,0.33,0.12853367500000001,0.001727954453494375,0.12827602970451524,0.1287913202954848,0.0002576452954847763,0.7,96.8,35.908698,143.035014144796,35.83457085852411,35.98282514147589,0.07412714147589128,7.0,968.0,359.08698,14303.501414479599,358.3457085852411,359.8282514147589,0.7412714147588986,0.0,1.0,0.896745,0.052010904974999994,0.8953314757074887,0.8981585242925113,0.0014135242925112923,0.81558,0.8131621316627287,0.8179795505221208
T-lidbetter-W-20-HS-greedy-D-10-C-5-H-3-RUNS-100000.csv,lidbetter,20,greedy,10,5,3,100000,8.0,149.0,63.97348,339.8801566896,63.85921348653526,64.08774651346474,0.11426651346473449,2.0,10.0,8.60755,1.3712729975,8.600291982125128,8.614808017874871,0.00725801787487157,0.015,0.32,0.140274025,0.0014960815977993753,0.14003428874771207,0.14051376125228793,0.00023973625228793094,3.1,102.3,37.172143999999996,147.19612824326398,37.09694635068439,37.2473416493156,0.07519764931560502,31.0,1023.0,371.72144,14719.6128243264,370.9694635068439,372.47341649315604,0.7519764931560644,0.0,1.0,0.89589,0.039593330122222214,0.8946567046704154,0.8971232953295846,0.001233295329584605,0.75405,0.7513685139106407,0.7567167438062409
T-lidbetter-W-20-HS-greedy-D-10-C-5-H-4-RUNS-100000.csv,lidbetter,20,greedy,10,5,4,100000,9.0,149.0,68.06402,310.8718014396,67.95473847766387,68.17330152233613,0.10928152233613275,3.0,10.0,8.81141,1.0849638119000002,8.80495399738244,8.817866002617562,0.006456002617561296,0.0175,0.315,0.14812057499999998,0.0013857624491693749,0.14788984691274729,0.14835130308725267,0.00023072808725269067,2.2,104.6,38.089505,140.389612954975,38.01606654024438,38.162943459755624,0.07343845975562147,22.0,1046.0,380.89505,14038.961295497498,380.1606654024438,381.62943459755627,0.7343845975562431,0.0,1.0,0.8939025,0.03489644549374999,0.8927446650160373,0.8950603349839628,0.0011578349839627133,0.71068,0.7078584778915823,0.7134892980673337
T-lidbetter-W-20-HS-greedy-D-10-C-5-H-5-RUNS-100000.csv,lidbetter,20,greedy,10,5,5,100000,8.0,150.0,72.30123,305.14057048710004,72.19296052066333,72.40949947933667,0.10826947933666986,3.0,10.0,8.93549,0.9527084599000002,8.929440268750142,8.941539731249858,0.00604973124985797,0.015,0.335,0.15655270000000002,0.00139065662271,0.15632156483431114,0.1567838351656889,0.0002311351656888727,0.6,98.2,40.204066,141.622097467644,40.13030588546432,40.27782611453568,0.07376011453568054,6.0,982.0,402.04066,14162.2097467644,401.30305885464315,402.77826114535685,0.7376011453568481,0.0,1.0,0.89169,0.0320173439,0.8905809561400637,0.8927990438599362,0.001109043859936265,0.67508,0.672167175049944,0.6779826672456393
T-lidbetter-W-20-HS-greedy-D-2-C-5-H-1-RUNS-100000.csv,lidbetter,20,greedy,2,5,1,100000,1.0,136.0,37.58019,395.10336956389995,37.45698979283635,37.70339020716365,0.12320020716364866,0.0,2.0,1.3671,0.49915759,1.3627210003451198,1.3714789996548802,0.0043789996548802,0.0,0.3175,0.08503585,0.0018152782147775003,0.08477177476848653,0.08529992523151346,0.0002640752315134637,0.0,126.5,30.8233,237.50463211,30.727780483946276,30.918819516053723,0.09551951605372366,0.0,253.0,61.6466,950.01852844,61.45556096789255,61.83763903210745,0.19103903210744733,0.0,1.0,0.49949,0.2499997399,0.4963909695051519,0.502589030494848,0.003099030494848054,0.49949,0.4963860788961775,0.5025939506884805
T-lidbetter-W-20-HS-greedy-D-2-C-5-H-2-RUNS-100000.csv,lidbetter,20,greedy,2,5,2,100000,2.0,136.0,45.42845,417.30962059750004,45.301834967776834,45.55506503222316,0.12661503222316384,0.0,2.0,1.62605,0.3177513974999999,1.6225561857968174,1.6295438142031826,0.0034938142031826214,0.0,0.305,0.10058987500000001,0.0019215817349843751,0.1003181775875516,0.10086157241244842,0.00027169741244841006,0.0,130.5,35.565705,260.090990352975,35.465746731280504,35.6656632687195,0.09995826871949731,0.0,261.0,71.13141,1040.3639614119,70.93149346256101,71.331326537439,0.19991653743899462,0.0,1.0,0.50271,0.16470265589999997,0.5001946039617876,0.5052253960382124,0.0025153960382123808,0.33213,0.3292108084949028,0.33505893077901494
T-lidbetter-W-20-HS-greedy-D-2-C-5-H-3-RUNS-100000.csv,lidbetter,20,greedy,2,5,3,100000,2.0,144.0,48.6687,461.67808031000004,48.535524082007335,48.80187591799267,0.13317591799266637,0.0,2.0,1.72092,0.2454143536,1.7178495215669383,1.7239904784330617,0.0030704784330617407,0.0,0.32,0.10686572500000001,0.002120884132724375,0.10658028519050816,0.10715116480949186,0.000285439809491847,0.0,134.5,37.478445,288.35847288197505,37.37319492116757,37.583695078832434,0.10525007883243376,0.0,269.0,74.95689,1153.4338915279002,74.74638984233513,75.16739015766487,0.21050015766486752,0.0,1.0,0.49857666666666667,0.13669352967777776,0.4962851129064198,0.5008682204269135,0.0022915537602468117,0.25697,0.2542638054013085,0.25969029689679124
T-lidbetter-W-20-HS-greedy-D-2-C-5-H-4-RUNS-100000.csv,lidbetter,20,greedy,2,5,4,100000,2.0,150.0,50.77136,494.1317837504,50.63358276456339,50.90913723543661,0.1377772354366087,0.0,2.0,1.76479,0.20790625589999995,1.7619638848702408,1.7676161151297594,0.002826115129759277,0.0,0.3175,0.11087525,0.0022541974374375,0.1105809758951987,0.11116952410480128,0.0002942741048012898,0.0,137.0,38.833335,298.02668027777503,38.726335032946025,38.94033496705397,0.10699996705397297,0.0,274.0,77.66667,1192.1067211111001,77.45267006589205,77.88066993410794,0.21399993410794593,0.0,1.0,0.494515,0.12357866477499999,0.4923361475529544,0.49669385244704556,0.002178852447045576,0.2212,0.21863062417398996,0.22378555583239626
T-lidbetter-W-20-HS-greedy-D-2-C-5-H-5-RUNS-100000.csv,lidbetter,20,greedy,2,5,5,100000,2.0,146.0,51.19835,529.3435472775,51.05574824085162,51.340951759148375,0.14260175914837703,0.0,2.0,1.78549,0.1910954599,1.7827805492830615,1.7881994507169385,0.0027094507169385107,0.0,0.3125,0.11184395,0.0024113543483974998,0.11153959069153706,0.11214830930846294,0.0003043593084629398,0.0,143.0,38.793965,310.76280707877504,38.684702636870064,38.903227363129936,0.10926236312993609,0.0,286.0,77.58793,1243.0512283151002,77.36940527374013,77.80645472625987,0.21852472625987218,0.0,1.0,0.497244,0.11596840446399997,0.4951333029052256,0.4993546970947744,0.0021106970947744053,0.20321,0.20071965654141755,0.2057175688972758
T-lidbetter-W-20-HS-greedy-D-3-C-5-H-1-RUNS-100000.csv,lidbetter,20,greedy,3,5,1,100000,1.0,150.0,40.35834,425.32783244440003,40.23051436090054,40.486165639099454,0.12782563909945566,0.0,3.0,2.04783,0.8494022911,2.042117676618494,2.0535423233815058,0.005712323381505957,0.0,0.3175,0.09137685000000001,0.0019182041590775,0.09110539147466856,0.09164830852533146,0.0002714585253314472,0.0,133.33333333333334,30.80515666666667,204.62352829767778,30.71649541547381,30.89381791785953,0.08866125119286039,0.0,400.0,92.41547,1841.6117546791,92.14948624642142,92.68145375357858,0.2659837535785812,0.0,1.0,0.6165,0.23642774999999994,0.6134862633751438,0.6195137366248563,0.003013736624856267,0.6165,0.6134779750151027,0.6195152665123455
T-lidbetter-W-20-HS-greedy-D-3-C-5-H-2-RUNS-100000.csv,lidbetter,20,greedy,3,5,2,100000,2.0,140.0,50.18115,403.81105467749995,50.05659958660651,50.305700413393495,0.12455041339349293,0.0,3.0,2.44428,0.4983952816000001,2.439904345404634,2.448655654595366,0.00437565459536593,0.0,0.3125,0.11086905000000001,0.0018190173770975,0.11060470293351624,0.11113339706648379,0.00026434706648377493,0.0,125.0,35.76220666666667,207.04646766395555,35.67302204298199,35.85139129035135,0.08918462368468028,0.0,375.0,107.28662,1863.4182089756,107.01906612894595,107.55417387105405,0.26755387105404793,0.0,1.0,0.617375,0.14817060937499998,0.6149891831315564,0.6197608168684436,0.0023858168684436354,0.44127,0.4381892177170912,0.44435418921020065
T-lidbetter-W-20-HS-greedy-D-3-C-5-H-3-RUNS-100000.csv,lidbetter,20,greedy,3,5,3,100000,2.0,148.0,54.30268,422.94122481759996,54.17521349423244,54.43014650576757,0.1274665057675648,0.0,3.0,2.57861,0.3726404679,2.5748264360432462,2.5823935639567535,0.0037835639567536106,0.0,0.3125,0.11914447500000001,0.001940437764474375,0.11887144779044015,0.11941750220955988,0.0002730272095598646,0.0,122.33333333333333,37.60777333333333,223.01976268640001,37.51521239554983,37.70033427111682,0.09256093778349594,0.0,367.0,112.82332,2007.1778641775998,112.5456371866495,113.10100281335049,0.27768281335049494,0.0,1.0,0.6158033333333333,0.12188736576666666,0.6136394421523141,0.6179672245143524,0.0021638911810191175,0.36063,0.3576529250130784,0.3636151604321555
T-lidbetter-W-20-HS-greedy-D-3-C-5-H-4-RUNS-100000.csv,lidbetter,20,greedy,3,5,4,100000,2.0,143.0,55.8857,455.72437551,55.7533855729348,56.0180144270652,0.13231442706519658,0.0,3.0,2.64366,0.3144018044,2.640184649698544,2.6471353503014563,0.0034753503014561815,0.0,0.3,0.12159772499999999,0.002065404712324375,0.12131604328701767,0.12187940671298231,0.0002816817129823179,0.0,119.0,37.83332,235.36677111093334,37.738231357781295,37.928408642218706,0.09508864221870539,0.0,357.0,113.49996,2118.3009399984003,113.21469407334388,113.78522592665612,0.28526592665612327,0.0,1.0,0.6107875,0.10978550484374999,0.6087338398640287,0.6128411601359713,0.0020536601359713025,0.31553,0.31265003097770316,0.3184206717003584
T-lidbetter-W-20-HS-greedy-D-3-C-5-H-5-RUNS-100000.csv,lidbetter,20,greedy,3,5,5,100000,2.0,148.0,57.02694,472.7629542364,56.89217479065447,57.161705209345534,0.13476520934553093,0.0,3.0,2.68049,0.28482335989999996,2.677182164726907,2.6837978352730927,0.003307835273092863,0.0,0.34,0.12431482499999998,0.002175173347719375,0.12402575500964126,0.12460389499035869,0.0002890699903587146,0.0,130.0,38.34069333333333,237.56914805262224,38.24516084466277,38.436225822003884,0.09553248867055686,0.0,390.0,115.02208,2138.1223324735997,114.73548253398835,115.30867746601166,0.28659746601165637,0.0,1.0,0.6105860000000001,0.101530736604,0.6086110557533493,0.6125609442466509,0.0019749442466507894,0.28706,0.2842573179889041,0.2898750372495584
T-lidbetter-W-20-HS-greedy-D-4-C-5-H-1-RUNS-100000.csv,lidbetter,20,greedy,4,5,1,100000,1.0,148.0,42.08319,455.98154942389993,41.95083824442922,42.21554175557078,0.13235175557078094,0.0,4.0,2.74131,1.2601894839,2.734352167060535,2.7482678329394647,0.006957832939464836,0.0,0.3025,0.09524012500000001,0.0020213162774843753,0.0949614659141696,0.09551878408583042,0.00027865908583041277,0.0,113.5,30.86708,191.5201835236,30.78130448268741,30.952855517312592,0.08577551731259092,0.0,454.0,123.46832,3064.3229363776,123.12521793074964,123.81142206925037,0.3431020692503637,0.0,1.0,0.69218,0.21306684760000003,0.6893190253378609,0.6950409746621391,0.002860974662139082,0.69218,0.68930853437499,0.6950403154503497
T-lidbetter-W-20-HS-greedy-D-4-C-5-H-2-RUNS-100000.csv,lidbetter,20,greedy,4,5,2,100000,2.0,138.0,52.37944,389.53794528640003,52.257110568929136,52.50176943107087,0.12232943107086669,0.0,4.0,3.25969,0.6939911038999999,3.2545266326639077,3.264853367336092,0.005163367336092239,0.0,0.3,0.11614807499999999,0.0017431732362943751,0.11588929759943054,0.11640685240056944,0.0002587774005694543,0.0,118.0,35.292265,182.58268241977498,35.208514798043005,35.376015201956996,0.08375020195699534,0.0,472.0,141.16906,2921.3229187163997,140.83405919217202,141.50406080782798,0.33500080782798136,0.0,1.0,0.69638,0.1285798956,0.6941574957211808,0.6986025042788192,0.002222504278819204,0.53067,0.5275710083612037,0.533767212491365
T-lidbetter-W-20-HS-greedy-D-4-C-5-H-3-RUNS-100000.csv,lidbetter,20,greedy,4,5,3,100000,2.0,145.0,58.12164,393.8336237104,57.99863791673123,58.24464208326877,0.12300208326877282,0.0,4.0,3.44152,0.5061800896,3.4371103045091442,3.445929695490856,0.004409695490855903,0.0,0.325,0.12726632499999999,0.001792519583494375,0.12700391038089595,0.12752873961910402,0.0002624146191040344,0.0,118.5,38.045425,194.833750319375,37.958910646553484,38.13193935344652,0.08651435344651759,0.0,474.0,152.1817,3117.34000511,151.83564258621394,152.52775741378608,0.34605741378607036,0.0,1.0,0.6934466666666665,0.10428283160000003,0.6914451349385279,0.6954481983948052,0.0020015317281386613,0.44266,0.43957817065809535,0.4457451556329941
T-lidbetter-W-20-HS-greedy-D-4-C-5-H-4-RUNS-100000.csv,lidbetter,20,greedy,4,5,4,100000,2.0,158.0,60.10189,415.77302842789993,59.97550828985139,60.228271710148604,0.12638171014860689,0.0,4.0,3.52373,0.4257568870999999,3.5196857600745215,3.5277742399254786,0.004044239925478532,0.0,0.35,0.13061975,0.0018806031599375,0.1303509652329611,0.1308885347670389,0.00026878476703889875,0.0,133.5,38.294675,205.67116789437503,38.20578707289046,38.38356292710954,0.08888792710953908,0.0,534.0,153.1787,3290.7386863100005,152.82314829156184,153.53425170843815,0.3555517084381563,0.0,1.0,0.69059,0.0932967019,0.6886968317295628,0.6924831682704373,0.0018931682704372843,0.39542,0.39238763910038504,0.3984584277879568
T-lidbetter-W-20-HS-greedy-D-4-C-5-H-5-RUNS-100000.csv,lidbetter,20,greedy,4,5,5,100000,2.0,162.0,62.23328,432.60954044159996,62.10436480265847,62.36219519734153,0.12891519734152723,0.0,4.0,3.57603,0.3767994391,3.572225380800597,3.579834619199403,0.003804619199403003,0.0,0.34,0.134886325,0.0019555591404943748,0.1346122360364476,0.1351604139635524,0.0002740889635524102,0.0,123.75,39.213405,201.338383305975,39.12545833813565,39.30135166186435,0.08794666186435052,0.0,495.0,156.85362,3221.4141328956,156.5018333525426,157.2054066474574,0.35178664745740207,0.0,1.0,0.6879839999999999,0.08671721574400003,0.686158807254008,0.6898091927459918,0.0018251927459919104,0.36225,0.35926998219294753,0.3652380092519768
T-lidbetter-W-20-HS-greedy-D-5-C-5-H-1-RUNS-100000.csv,lidbetter,20,greedy,5,5,1,100000,1.0,161.0,43.02231,470.27783226390005,42.88789946021888,43.15672053978111,0.13441053978111484,0.0,5.0,3.42583,1.7523788110999998,3.4176251609152146,3.4340348390847852,0.00820483908478531,0.0,0.3025,0.09739107500000001,0.002082096697844375,0.0971082573436481,0.09767389265635192,0.00028281765635190803,0.0,108.0,30.821376,181.20096306662398,30.737943295398225,30.904808704601777,0.08343270460177621,0.0,540.0,154.10688,4530.0240766656,153.6897164769911,154.52404352300888,0.41716352300889525,0.0,1.0,0.74867,0.18816323109999997,0.7459814169743268,0.751358583025673,0.002688583025673097,0.74867,0.7459692784140974,0.7513562917567441
T-lidbetter-W-20-HS-greedy-D-5-C-5-H-2-RUNS-100000.csv,lidbetter,20,greedy,5,5,2,100000,2.0,139.0,54.16243,386.01552649509995,54.04065491032302,54.28420508967698,0.12177508967698003,0.0,5.0,4.07894,0.9046284764000002,4.073044899699803,4.0848351003001975,0.005895100300197242,0.0,0.305,0.11994115000000001,0.0017082151616774999,0.11968498053723951,0.12019731946276051,0.0002561694627604971,0.0,107.2,35.277434,166.81479797564398,35.19738178404671,35.35748621595329,0.08005221595328749,0.0,536.0,176.38717,4170.369949391101,175.98690892023353,176.78743107976646,0.40026107976646585,0.0,1.0,0.75281,0.11032210389999998,0.7507513271402618,0.7548686728597381,0.002058672859738153,0.60128,0.5982373653645451,0.6043167592046789
T-lidbetter-W-20-HS-greedy-D-5-C-5-H-3-RUNS-100000.csv,lidbetter,20,greedy,5,5,3,100000,2.0,145.0,59.59153,374.5554622591,59.47157616455425,59.71148383544575,0.11995383544574878,0.0,5.0,4.30079,0.6371953759000002,4.295842425082874,4.305737574917126,0.004947574917125941,0.0,0.3225,0.130403225,0.001679408222099375,0.13014922471208645,0.13065722528791357,0.00025400028791355833,0.0,124.0,37.12456400000001,175.60067660990399,37.04243072055345,37.206697279446566,0.08213327944655902,0.0,620.0,185.62282,4390.0169152476,185.21215360276722,186.03348639723276,0.41066639723277376,0.0,1.0,0.7521,0.08870114555555556,0.7502540468024183,0.7539459531975817,0.00184595319758174,0.51862,0.5155176719741729,0.52172124789407
T-lidbetter-W-20-HS-greedy-D-5-C-5-H-4-RUNS-100000.csv,lidbetter,20,greedy,5,5,4,100000,2.0,155.0,61.79845,382.11470759750006,61.677291762116376,61.91960823788363,0.1211582378836269,0.0,5.0,4.40832,0.5302147776000001,4.403806826959191,4.412833173040808,0.00451317304080856,0.0,0.335,0.134442425,0.0017287425476193749,0.13418472095713427,0.13470012904286574,0.0002577040428657362,0.0,120.2,37.436764000000004,184.944250008304,37.352473915717695,37.52105408428231,0.08429008428230844,0.0,601.0,187.18382,4623.6062502076,186.76236957858845,187.60527042141155,0.4214504214115493,0.0,1.0,0.7464225,0.07969407649375,0.7446727778384601,0.7481722221615399,0.0017497221615399017,0.46429,0.46119501180798317,0.4673870597094538
T-lidbetter-W-20-HS-greedy-D-5-C-5-H-5-RUNS-100000.csv,lidbetter,20,greedy,5,5,5,100000,2.0,151.0,64.5494,393.00815964000003,64.42652688878063,64.67227311121938,0.12287311121937705,1.0,5.0,4.46569,0.4803028239,4.4613945008109726,4.469985499189028,0.004295499189027829,0.0,0.3225,0.1399537,0.00178935673131,0.139691516994849,0.14021588300515098,0.0002621830051509899,0.0,112.2,38.660054,180.33859471708402,38.576820067889045,38.74328793211096,0.0832339321109572,0.0,561.0,193.30027,4508.4648679271,192.8841003394452,193.7164396605548,0.4161696605548002,0.0,1.0,0.746922,0.07264952591599999,0.7452514000516015,0.7485925999483984,0.0016705999483984657,0.43085,0.42777784741592584,0.4339261639993904
T-lidbetter-W-20-HS-greedy-D-6-C-5-H-1-RUNS-100000.csv,lidbetter,20,greedy,6,5,1,100000,1.0,147.0,43.72535,482.1182973775001,43.589257911647834,43.86144208835216,0.13609208835216435,0.0,6.0,4.10233,2.3189585711000005,4.092891508994158,4.111768491005843,0.009438491005842486,0.0,0.3425,0.099052575,0.0021234438233693753,0.09876696299409242,0.09933818700590759,0.0002856120059075845,0.0,120.66666666666667,30.914368333333336,173.83910638433053,30.832648059772485,30.996088606894187,0.0817202735608511,0.0,724.0,185.48621,6258.2078298359,184.9958883586349,185.9765316413651,0.4903216413651137,0.0,1.0,0.79048,0.16562136959999998,0.7879575982606742,0.7930024017393257,0.002522401739325719,0.79048,0.7879442375894244,0.7929989037011613
T-lidbetter-W-20-HS-greedy-D-6-C-5-H-2-RUNS-100000.csv,lidbetter,20,greedy,6,5,2,100000,2.0,151.0,55.70406,391.58985951639994,55.58140880333571,55.826711196664284,0.12265119666428603,0.0,6.0,4.8908,1.1464353600000001,4.884163625930543,4.897436374069456,0.006636374069456608,0.0,0.33,0.12314399999999999,0.001711069139,0.1228876166307191,0.12340038336928089,0.00025638336928089644,0.0,124.5,35.71324166666667,163.0944393804861,35.634087159636174,35.79239617369716,0.07915450703049487,0.0,747.0,214.27945,5871.399817697501,213.80452295781703,214.75437704218297,0.4749270421829692,0.0,1.0,0.79574,0.0944778524,0.793834885521078,0.7976451144789221,0.0019051144789220542,0.65962,0.6566735853930274,0.6625571540978162
T-lidbetter-W-20-HS-greedy-D-6-C-5-H-3-RUNS-100000.csv,lidbetter,20,greedy,6,5,3,100000,2.0,152.0,60.92607,354.9115643550999,60.809304068940186,61.04283593105982,0.11676593105981681,1.0,6.0,5.16235,0.7789124774999998,5.156879835310008,5.167820164689992,0.005470164689992174,0.0,0.31,0.133273725,0.0015893130371243752,0.13302663179970067,0.13352081820029935,0.00024709320029933646,0.0,123.5,37.08716,164.9042320232889,37.007567531905295,37.1667524680947,0.07959246809470244,0.0,741.0,222.52296,5936.552352838399,222.04540519143177,223.00051480856825,0.47755480856824306,0.0,1.0,0.79446,0.07533775284444445,0.7927587724686944,0.7961612275313057,0.001701227531305638,0.57855,0.5754822640564403,0.5816131792033721
T-lidbetter-W-20-HS-greedy-D-6-C-5-H-4-RUNS-100000.csv,lidbetter,20,greedy,6,5,4,100000,3.0,155.0,65.14169,360.0372339439,65.02408391861307,65.25929608138692,0.11760608138692419,0.0,6.0,5.29281,0.6338723038999999,5.287875343129799,5.297744656870202,0.004934656870201337,0.0025,0.3275,0.141571475,0.001633965153824375,0.14132093477299182,0.14182201522700819,0.00025054022700818357,0.3333333333333333,111.83333333333333,38.69967833333333,168.24371717430833,38.61928398876253,38.78007267790413,0.08039434457079864,2.0,671.0,232.19807,6056.7738182751,231.71570393257522,232.68043606742478,0.4823660674247776,0.0,1.0,0.7906625,0.06720593609375,0.7890557071567942,0.7922692928432059,0.001606792843205862,0.52615,0.5230495451137744,0.5292489379429053
T-lidbetter-W-20-HS-greedy-D-6-C-5-H-5-RUNS-100000.csv,lidbetter,20,greedy,6,5,5,100000,2.0,159.0,66.07796,367.00438223839996,65.95922146224554,66.19669853775447,0.11873853775446719,1.0,6.0,5.36065,0.5750815775,5.355949751721319,5.365350248278681,0.004700248278680874,0.0,0.3475,0.1435939,0.0016769761327899999,0.14334008369808607,0.14384771630191392,0.00025381630191392834,0.0,112.0,38.24575166666667,171.2654758405528,38.16463856957446,38.326864763758884,0.08111309709221359,0.0,672.0,229.47451,6165.5571302599,228.98783141744673,229.9611885825533,0.48667858255328156,0.0,1.0,0.789434,0.061673559643999995,0.7878947626994891,0.7909732373005108,0.001539237300510865,0.49053,0.4874268930388104,0.49363365630793754
T-lidbetter-W-20-HS-greedy-D-7-C-5-H-1-RUNS-100000.csv,lidbetter,20,greedy,7,5,1,100000,1.0,146.0,44.13103,497.0540011391,43.992845968694795,44.26921403130521,0.13818403130520807,0.0,7.0,4.78819,2.9396665239,4.777563136437211,4.79881686356279,0.010626863562789524,0.0025,0.305,0.100015975,0.002190153432299375,0.09972591132723967,0.10030603867276032,0.00029006367276032674,0.14285714285714285,112.42857142857143,30.817494285714286,169.9436418683347,30.73669481204017,30.8982937593884,0.08079947367411577,1.0,787.0,215.72246,8327.2384515484,215.1568636842812,216.28805631571882,0.5655963157188069,0.0,1.0,0.82646,0.1434238684,0.824112709790321,0.8288072902096789,0.0023472902096789428,0.82646,0.8240982948579849,0.8288027545451907
T-lidbetter-W-20-HS-greedy-D-7-C-5-H-2-RUNS-100000.csv,lidbetter,20,greedy,7,5,2,100000,2.0,147.0,56.67902,395.6280918396001,56.55573801114473,56.80230198885527,0.12328198885526831,0.0,7.0,5.70677,1.3787061671,5.699492337180432,5.714047662819567,0.007277662819567432,0.0,0.3425,0.12554197499999997,0.001732657325599375,0.1252839793337181,0.12579997066628185,0.00025799566628187387,0.0,102.71428571428571,35.87443142857143,157.95438314611428,35.79653421692081,35.95232864022204,0.07789721165061536,0.0,719.0,251.12102,7739.764774159601,250.57573951844566,251.66630048155432,0.5452804815543288,0.0,1.0,0.82932,0.0817733376,0.8275475992165309,0.831092400783469,0.0017724007834690747,0.70977,0.7069458907345827,0.7125819380505658
T-lidbetter-W-20-HS-greedy-D-7-C-5-H-3-RUNS-100000.csv,lidbetter,20,greedy,7,5,3,100000,3.0,150.0,62.40517,347.01816727109997,62.28970983408168,62.52063016591832,0.11546016591832142,0.0,7.0,6.01741,0.9227468919,6.011456157156992,6.023363842843008,0.005953842843007706,0.0025,0.3125,0.136701175,0.001541317691119375,0.13645784135986358,0.13694450864013644,0.00024333364013642833,1.0,115.71428571428571,37.37809428571428,155.89647613968162,37.30070617921605,37.45548239221252,0.07738810649823336,7.0,810.0,261.64666,7638.9273308444,261.10494325451236,262.18837674548763,0.5417167454876335,0.0,1.0,0.8301466666666666,0.06395651182222221,0.828579199487373,0.8317141338459602,0.001567467179293569,0.63646,0.6334697484387186,0.6394423349680235
T-lidbetter-W-20-HS-greedy-D-7-C-5-H-4-RUNS-100000.csv,lidbetter,20,greedy,7,5,4,100000,5.0,153.0,65.56084,338.1905384944,65.44685786224674,65.67482213775325,0.11398213775325416,1.0,7.0,6.17205,0.7514287975,6.166677208483035,6.177422791516964,0.005372791516964348,0.0075,0.3225,0.1425717,0.00152019098411,0.14233003979052072,0.14281336020947927,0.00024166020947927191,0.7142857142857143,110.14285714285714,37.89438428571429,156.55701940252857,37.816832403355654,37.97193616807292,0.07755188235863386,5.0,771.0,265.26069,7671.293950723901,264.7178268234896,265.80355317651043,0.5428631765104228,0.0,1.0,0.8242125,0.05727312984375,0.822729191348344,0.825695808651656,0.0014833086516560234,0.57936,0.5762930433759437,0.5824223528931166
T-lidbetter-W-20-HS-greedy-D-7-C-5-H-5-RUNS-100000.csv,lidbetter,20,greedy,7,5,5,100000,2.0,156.0,68.15588,347.80400142560006,68.0402891763211,68.2714708236789,0.11559082367890028,2.0,7.0,6.2509,0.6693091900000002,6.245829281920375,6.255970718079625,0.005070718079625003,0.0,0.34,0.1475645,0.00158240183975,0.14731794463283912,0.14781105536716085,0.0002465553671608667,0.0,128.14285714285714,38.78677285714286,167.02470826718164,38.706670290437465,38.86687542384825,0.08010256670539206,0.0,897.0,271.50741,8184.210705091901,270.9466920330622,272.06812796693777,0.5607179669377729,0.0,1.0,0.824056,0.05249330886399999,0.8226359355812783,0.8254760644187217,0.0014200644187216671,0.54731,0.5442185935888985,0.550398661972376
T-lidbetter-W-20-HS-greedy-D-8-C-5-H-1-RUNS-100000.csv,lidbetter,20,greedy,8,5,1,100000,1.0,142.0,44.5549,501.82314598999994,44.41605462565735,44.693745374342654,0.13884537434265098,0.0,8.0,5.47876,3.6104088624000004,5.466983011129412,5.490536988870589,0.011776988870588312,0.0025,0.305,0.10099892499999998,0.002210769711344375,0.10070749931610955,0.1012903506838904,0.00029142568389042833,0.125,107.375,30.90321,166.4986920084,30.82323366754974,30.983186332450263,0.07997633245026137,1.0,859.0,247.22568,10655.9162885376,246.58586934039792,247.8654906596021,0.6398106596020909,0.0,1.0,0.85336,0.12513671040000002,0.8511674553900259,0.8555525446099741,0.0021925446099740897,0.85336,0.8511522500718158,0.8555472337489161
T-lidbetter-W-20-HS-greedy-D-8-C-5-H-2-RUNS-100000.csv,lidbetter,20,greedy,8,5,2,100000,2.0,150.0,57.26517,395.8877748711,57.14184755776239,57.388492442237606,0.12332244223760824,0.0,8.0,6.51835,1.6396832775000003,6.51041337144699,6.5262866285530095,0.007936628553009584,0.0,0.315,0.12666982499999999,0.001714739246969375,0.12641316681697912,0.12692648318302086,0.0002566581830208692,0.0,118.125,35.82323375,150.97113916161095,35.747077940753215,35.899389559246785,0.07615580924678511,0.0,945.0,286.58587,9662.1529063431,285.9766235260257,287.1951164739743,0.6092464739742809,0.0,1.0,0.85649,0.06983487990000001,0.8548520815813239,0.8581279184186761,0.0016379184186761098,0.75033,0.7476351543646597,0.753010319400914
T-lidbetter-W-20-HS-greedy-D-8-C-5-H-3-RUNS-100000.csv,lidbetter,20,greedy,8,5,3,100000,3.0,160.0,63.24815,345.80333157749993,63.13289211182795,63.363407888172055,0.11525788817205296,1.0,8.0,6.88199,1.0664036398999999,6.8755894560988615,6.888390543901139,0.0064005439011385334,0.0025,0.3375,0.1384477,0.00151589298971,0.13820638165197668,0.13868901834802333,0.00024131834802332275,0.375,105.875,37.3705725,151.67486508474374,37.2942394035274,37.446905596472604,0.07633309647260234,3.0,847.0,298.96458,9707.1913654236,298.3539152282192,299.57524477178083,0.6106647717808187,0.0,1.0,0.8557366666666666,0.05479364621111113,0.8542858211501329,0.8571875121832003,0.0014508455165337386,0.6807,0.6778002722224885,0.6835892439055904
T-lidbetter-W-20-HS-greedy-D-8-C-5-H-4-RUNS-100000.csv,lidbetter,20,greedy,8,5,4,100000,7.0,148.0,66.06421,321.2470670759,65.95311982343705,66.17530017656296,0.1110901765629535,2.0,8.0,7.05266,0.8628869244000001,7.046902512345845,7.058417487654156,0.005757487654155291,0.0125,0.3225,0.14394035,0.0014497215168775,0.14370435741157322,0.14417634258842676,0.00023599258842676996,0.625,103.625,37.54887875,147.96190571154844,37.473485749198765,37.624271750801235,0.07539300080123468,5.0,829.0,300.39103,9469.5619655391,299.7878859935901,300.9941740064099,0.6031440064098774,0.0,1.0,0.8527,0.048385210000000005,0.8513366342283305,0.8540633657716695,0.0013633657716695113,0.62901,0.6260072502906797,0.6320052653909722
T-lidbetter-W-20-HS-greedy-D-8-C-5-H-5-RUNS-100000.csv,lidbetter,20,greedy,8,5,5,100000,2.0,150.0,67.7345,324.67172975,67.62281925335996,67.84618074664003,0.11168074664003314,1.0,8.0,7.14154,0.7645664284000001,7.136120444306641,7.146959555693359,0.005419555693358724,0.0,0.32,0.14710747500000002,0.0014735523616243751,0.1468695506684907,0.14734539933150934,0.00023792433150932046,0.0,101.875,37.3993725,155.03909504374374,37.32219749190022,37.47654750809978,0.07717500809977906,0.0,815.0,299.19498,9922.5020827996,298.57757993520175,299.8123800647982,0.6174000647982325,0.0,1.0,0.852788,0.043958227056000006,0.8514885003845389,0.854087499615461,0.0012994996154610527,0.5977,0.5946529641098722,0.6007413681597095
T-lidbetter-W-20-HS-greedy-D-9-C-5-H-1-RUNS-100000.csv,lidbetter,20,greedy,9,5,1,100000,1.0,142.0,44.69459,512.7088547318999,44.55424676587957,44.83493323412043,0.14034323412042937,0.0,9.0,6.15757,4.341021695099999,6.144656259665032,6.1704837403349675,0.012913740334967727,0.0025,0.315,0.101409675,0.002262877128894375,0.10111483489454688,0.10170451510545313,0.000294840105453123,0.1111111111111111,98.66666666666667,30.85908111111111,165.67105161984074,30.779303801561163,30.938858420661056,0.07977730954994655,1.0,888.0,277.73173,13419.355181207098,277.01373421405054,278.4497257859495,0.7179957859494834,0.0,1.0,0.87692,0.1079313136,0.8748837560698046,0.8789562439301954,0.002036243930195414,0.87692,0.8748678563130904,0.8789502545514785
T-lidbetter-W-20-HS-greedy-D-9-C-5-H-2-RUNS-100000.csv,lidbetter,20,greedy,9,5,2,100000,3.0,150.0,57.2654,388.76242284,57.143192401071694,57.387607598928305,0.12220759892830557,0.0,9.0,7.33039,1.9166524479000002,7.321809200477897,7.338970799522103,0.008580799522103,0.0075,0.315,0.127081175,0.001691931273119375,0.12682622945328825,0.12733612054671173,0.00025494554671173786,0.6666666666666666,106.55555555555556,35.43557111111111,141.066393362721,35.361955850686236,35.50918637153598,0.07361526042487299,6.0,959.0,318.92014,11426.3778623804,318.2576026561761,319.5826773438239,0.6625373438238853,0.0,1.0,0.879585,0.05952772777499998,0.8780727774005773,0.8810972225994226,0.0015122225994226302,0.78681,0.7842582627678698,0.7893450917962352
T-lidbetter-W-20-HS-greedy-D-9-C-5-H-3-RUNS-100000.csv,lidbetter,20,greedy,9,5,3,100000,4.0,151.0,63.42121,333.5461921359,63.30801322214351,63.534406777856496,0.11319677785649418,1.0,9.0,7.74312,1.2251126656,7.736259684543573,7.749980315456427,0.0068603154564268465,0.005,0.315,0.1390406,0.00147303017664,0.13880271782902914,0.13927848217097083,0.0002378821709708434,1.1111111111111112,108.55555555555556,37.01476666666667,142.2899528097531,36.94083283931315,37.08870049402018,0.07393382735351395,10.0,977.0,333.1329,11525.48617759,332.46749555381837,333.79830444618165,0.6654044461816397,0.0,1.0,0.8771466666666667,0.04687816960000001,0.8758047010324743,0.8784886323008592,0.0013419656341924213,0.71871,0.7159119083639175,0.7214954014260411
T-lidbetter-W-20-HS-greedy-D-9-C-5-H-4-RUNS-100000.csv,lidbetter,20,greedy,9,5,4,100000,7.0,158.0,67.8148,322.17882096,67.70354883557464,67.92605116442537,0.11125116442536864,3.0,9.0,7.92994,0.9793315964,7.923806322260886,7.936073677739114,0.006133677739113885,0.0125,0.3225,0.147558125,0.0014537789339843748,0.1473218023994559,0.14779444760054414,0.00023632260054412546,1.8888888888888888,102.22222222222223,38.50619777777778,152.91491763693332,38.42955327715353,38.582842278402026,0.07664450062424777,17.0,920.0,346.55578,12386.108328591601,345.8659794943818,347.24558050561825,0.6898005056182228,0.0,1.0,0.8753025,0.04109865849375,0.8740459785856596,0.8765590214143404,0.0012565214143404058,0.67235,0.6694309852118936,0.6752590155212849
T-lidbetter-W-20-HS-greedy-D-9-C-5-H-5-RUNS-100000.csv,lidbetter,20,greedy,9,5,5,100000,4.0,164.0,68.97201,317.1720865599,68.86162665489175,69.08239334510824,0.11038334510824654,3.0,9.0,8.03846,0.8611408283999998,8.032708340581728,8.044211659418274,0.005751659418272936,0.005,0.3275,0.149766,0.0014306959940000002,0.14953156105847043,0.1500004389415296,0.00023443894152958,0.4444444444444444,106.11111111111111,37.58890666666667,147.783345728079,37.513559171622106,37.66425416171123,0.07534749504456073,4.0,955.0,338.30016,11970.4510039744,337.622032544599,338.978287455401,0.678127455401011,0.0,1.0,0.8734360000000001,0.037676753904,0.8722329246997899,0.8746390753002103,0.0012030753002102434,0.63725,0.6342611188829951,0.6402309186844014
T-lidbetter-W-20-HS-random-D-1-C-5-H-1-RUNS-100000.csv,lidbetter,20,random,1,5,1,100000,1.0,132.0,32.50821,325.6271325959,32.39636505408913,32.620054945910866,0.11184494591086747,0.0,1.0,0.6828,0.21658416,0.6799155074812785,0.6856844925187214,0.002884492518721471,0.0,0.3025,0.073466925,0.001563576993544375,0.07322184057825108,0.07371200942174892,0.0002450844217489201,0.0,132.0,31.14261,330.6138123879,31.029911906774366,31.255308093225636,0.11269809322563518,0.0,132.0,31.14261,330.6138123879,31.029911906774366,31.255308093225636,0.11269809322563518,0.0,1.0,0.3172,0.21658416,0.3143155074812785,0.32008449251872145,0.002884492518721471,0.3172,0.31431589552912775,0.3200947102236996
T-lidbetter-W-20-HS-random-D-1-C-5-H-2-RUNS-100000.csv,lidbetter,20,random,1,5,2,100000,2.0,138.0,37.12796,397.86846623839995,37.004329441483854,37.25159055851615,0.12363055851614746,0.0,1.0,0.81354,0.15169266839999998,0.8111259938796154,0.8159540061203847,0.0024140061203846708,0.0,0.3175,0.08250532500000002,0.0018923974091443752,0.08223569870515901,0.08277495129484103,0.00026962629484100775,0.0,136.0,35.50088,410.51483922560004,35.375299993375975,35.62646000662403,0.1255800066240269,0.0,136.0,35.50088,410.51483922560004,35.375299993375975,35.62646000662403,0.1255800066240269,0.0,1.0,0.31541,0.15145153190000002,0.3129979133412188,0.31782208665878126,0.0024120866587812317,0.18646,0.18405015704205632,0.1888880421496669
T-lidbetter-W-20-HS-random-D-1-C-5-H-3-RUNS-100000.csv,lidbetter,20,random,1,5,3,100000,2.0,140.0,39.24283,453.6665435911,39.11081464506507,39.374845354934926,0.13201535493492855,0.0,1.0,0.86055,0.12000369750000002,0.8584028944965,0.8626971055035001,0.0021471055035000575,0.0,0.2875,0.08667782500000001,0.002131252465769375,0.08639168832859107,0.08696396167140896,0.0002861366714089486,0.0,140.0,37.52173,467.9586678071,37.38765129109184,37.655808708908154,0.13407870890815587,0.0,140.0,37.52173,467.9586678071,37.38765129109184,37.655808708908154,0.13407870890815587,0.0,1.0,0.31419,0.1288146439,0.31196546783343954,0.3164145321665605,0.002224532166560489,0.13945,0.1373084124695226,0.1416125224966731
T-lidbetter-W-20-HS-random-D-1-C-5-H-4-RUNS-100000.csv,lidbetter,20,random,1,5,4,100000,2.0,144.0,40.44373,490.2461536871,40.306495542810694,40.58096445718931,0.13723445718930805,0.0,1.0,0.88128,0.10462556159999999,0.8792751819098916,0.8832848180901083,0.002004818090108329,0.0,0.335,0.08912595000000001,0.0022839820365974997,0.08882973816040218,0.08942216183959784,0.0002962118395978264,0.0,144.0,38.68117,504.5512174311,38.54194773321472,38.820392266785284,0.13922226678528205,0.0,144.0,38.68117,504.5512174311,38.54194773321472,38.820392266785284,0.13922226678528205,0.0,1.0,0.3165225,0.11859288199374998,0.31438805296278594,0.31865694703721403,0.002134447037214049,0.11872,0.11672129680975624,0.12074084665117449
T-lidbetter-W-20-HS-random-D-1-C-5-H-5-RUNS-100000.csv,lidbetter,20,random,1,5,5,100000,2.0,152.0,39.98728,511.2066182016,39.84714251948592,40.127417480514076,0.1401374805140776,0.0,1.0,0.8931,0.09547239000000002,0.8911848845115138,0.8950151154884862,0.0019151154884862187,0.0,0.305,0.0880109,0.00238050635619,0.08770849376299522,0.08831330623700478,0.000302406237004782,0.0,150.0,38.20108,525.6448668336,38.05897731457752,38.34318268542248,0.14210268542247917,0.0,150.0,38.20108,525.6448668336,38.05897731457752,38.34318268542248,0.14210268542247917,0.0,1.0,0.318132,0.111771230576,0.31605985048951396,0.3202041495104861,0.0020721495104860654,0.1069,0.1049913396306601,0.10883149381398549
T-lidbetter-W-20-HS-random-D-10-C-5-H-1-RUNS-100000.csv,lidbetter,20,random,10,5,1,100000,1.0,148.0,45.92012,507.35367918559996,45.78051162296053,46.05972837703946,0.13960837703946538,0.0,10.0,6.82923,5.479727607100001,6.814721064279061,6.843738935720939,0.014508935720939142,0.0,0.3025,0.10400735000000001,0.0022378575209775,0.103714144381831,0.10430055561816902,0.0002932056181690068,0.0,99.5,31.041742999999997,156.75814122195098,30.964141319907473,31.11934468009252,0.0776016800925241,0.0,995.0,310.41743,15675.814122195101,309.6414131990748,311.19344680092524,0.7760168009252197,0.0,1.0,0.89206,0.09628895639999999,0.890136712047284,0.893983287952716,0.001923287952716013,0.89206,0.8901203645333099,0.8939768627640156
T-lidbetter-W-20-HS-random-D-10-C-5-H-2-RUNS-100000.csv,lidbetter,20,random,10,5,2,100000,2.0,158.0,58.30073,382.16493146709996,58.17956380006272,58.42189619993728,0.12116619993727795,0.0,10.0,8.14169,2.3131539439,8.132263329224543,8.151116670775458,0.00942667077545778,0.005,0.32,0.1292663,0.0016684225593100001,0.1290131318324938,0.1295194681675062,0.0002531681675062014,0.7,100.6,35.369533,135.858225261911,35.29728945647076,35.44177654352924,0.07224354352923967,7.0,1006.0,353.69533,13585.8225261911,352.9728945647076,354.41776543529244,0.7224354352924252,0.0,1.0,0.891575,0.05654151937500001,0.8901011957360931,0.8930488042639069,0.0014738042639068638,0.81132,0.8088810103128493,0.8137409195781058
T-lidbetter-W-20-HS-random-D-10-C-5-H-3-RUNS-100000.csv,lidbetter,20,random,10,5,3,100000,6.0,155.0,64.57533,328.9415853911,64.46291727854738,64.68774272145261,0.11241272145261405,1.0,10.0,8.60475,1.4167274374999999,8.597372669775657,8.612127330224341,0.00737733022434206,0.01,0.34,0.141624425,0.001451087055919375,0.14138832129325188,0.14186052870674812,0.00023610370674811976,1.6,98.9,37.070862999999996,140.12019533523102,36.99749504088978,37.14423095911021,0.07336795911021454,16.0,989.0,370.70863,14012.0195335231,369.9749504088979,371.4423095911022,0.7336795911021454,0.0,1.0,0.8905766666666666,0.04333653412222223,0.8892863890628776,0.8918669442704555,0.0012902776037889696,0.74991,0.7472136627161544,0.7525918354413108
T-lidbetter-W-20-HS-random-D-10-C-5-H-4-RUNS-100000.csv,lidbetter,20,random,10,5,4,100000,9.0,161.0,68.72996,308.38699839839995,68.62111609833127,68.83880390166874,0.10884390166873459,3.0,10.0,8.81697,1.0890900191000001,8.810501732676075,8.823438267323924,0.006468267323924692,0.0175,0.335,0.149581525,0.0013911534411743748,0.14935034855094828,0.1498127014490517,0.00023117644905171209,2.6,114.4,38.533693,139.967644081751,38.46036499024217,38.60702100975783,0.07332800975783016,26.0,1144.0,385.33693,13996.764408175099,384.6036499024217,386.0702100975783,0.7332800975783016,0.0,1.0,0.8909175,0.03685163319375,0.8897276712977192,0.8921073287022808,0.001189828702280793,0.70908,0.7062539381940053,0.711893930646121
T-lidbetter-W-20-HS-random-D-10-C-5-H-5-RUNS-100000.csv,lidbetter,20,random,10,5,5,100000,6.0,161.0,71.3716,300.31933344,71.26418925792348,71.47901074207653,0.10741074207652446,4.0,10.0,8.93798,0.9522535196,8.93193171336584,8.94402828663416,0.006048286634159794,0.01,0.335,0.1544597,0.0013689208259100001,0.15423037825561417,0.15468902174438584,0.0002293217443858353,1.0,101.3,39.429967999999995,140.566703118976,39.356483236497496,39.503452763502494,0.0734847635024991,10.0,1013.0,394.29968,14056.6703118976,393.564832364975,395.03452763502503,0.7348476350250053,0.0,1.0,0.891348,0.032121142896,0.8902371598560131,0.8924588401439869,0.0011108401439868798,0.6737,0.6707840321173941,0.6766058902678526
T-lidbetter-W-20-HS-random-D-2-C-5-H-1-RUNS-100000.csv,lidbetter,20,random,2,5,1,100000,1.0,135.0,38.04043,390.3925354151,37.91796645587153,38.16289354412847,0.12246354412847182,0.0,2.0,1.3685,0.50632775,1.364089661368557,1.3729103386314432,0.004410338631443134,0.0,0.305,0.08593622500000002,0.0017929677952493752,0.08567377757512734,0.0861986724248727,0.0002624474248726777,0.0,131.0,31.021565,233.030712450775,30.926949420682906,31.116180579317092,0.09461557931709308,0.0,262.0,62.04313,932.1228498031,61.85389884136581,62.232361158634184,0.18923115863418616,0.0,1.0,0.49469,0.24997180389999993,0.49159114265920123,0.4977888573407988,0.0030988573407987885,0.49469,0.49158639126464465,0.49779391676391105
T-lidbetter-W-20-HS-random-D-2-C-5-H-2-RUNS-100000.csv,lidbetter,20,random,2,5,2,100000,2.0,140.0,45.75984,419.54392317440005,45.63288646774245,45.88679353225754,0.12695353225754502,0.0,2.0,1.62935,0.31978857749999995,1.625845003852607,1.632854996147393,0.003504996147392969,0.0,0.2925,0.101243675,0.0019403424599943747,0.10097065449537966,0.10151669550462035,0.00027302050462034433,0.0,135.0,35.793345,262.24502621097497,35.692973664814495,35.89371633518551,0.1003713351855069,0.0,270.0,71.58669,1048.9801048438999,71.38594732962899,71.78743267037102,0.2007426703710138,0.0,1.0,0.49371,0.16680043590000002,0.4911786356355644,0.49624136436443556,0.0025313643644355732,0.32739,0.3244815842535399,0.33030843010277594
T-lidbetter-W-20-HS-random-D-2-C-5-H-3-RUNS-100000.csv,lidbetter,20,random,2,5,3,100000,2.0,143.0,48.04895,462.10575389749994,47.91571241280432,48.18218758719568,0.1332375871956799,0.0,2.0,1.72108,0.24458363359999996,1.718014722709382,1.7241452772906178,0.003065277290617896,0.0,0.3125,0.10590015,0.0021583262299775,0.10561220163579069,0.10618809836420931,0.0002879483642093117,0.0,123.5,36.70407,282.30192543510003,36.59993109868299,36.808208901317016,0.10413890131701464,0.0,247.0,73.40814,1129.2077017404001,73.19986219736597,73.61641780263403,0.20827780263402929,0.0,1.0,0.4947366666666667,0.1381411862111111,0.4924330104836641,0.4970403228496693,0.0023036561830026003,0.25719,0.25448304110490344,0.2599110484181464
T-lidbetter-W-20-HS-random-D-2-C-5-H-4-RUNS-100000.csv,lidbetter,20,random,2,5,4,100000,2.0,163.0,50.31894,505.85731727639995,50.179537651739686,50.45834234826031,0.13940234826031173,0.0,2.0,1.76263,0.21104548310000001,1.759782628707251,1.7654773712927487,0.0028473712927488126,0.0,0.345,0.1099652,0.00231233703896,0.10966715513812735,0.11026324486187265,0.0002980448618726539,0.0,128.0,38.332415,310.631092767775,38.223175794310066,38.44165420568993,0.1092392056899314,0.0,256.0,76.66483,1242.5243710711,76.44635158862013,76.88330841137986,0.2184784113798628,0.0,1.0,0.4955925,0.12397619894374999,0.4934101458448219,0.4977748541551781,0.00218235415517809,0.22236,0.2197857757614161,0.2249503368481152
T-lidbetter-W-20-HS-random-D-2-C-5-H-5-RUNS-100000.csv,lidbetter,20,random,2,5,5,100000,2.0,143.0,50.98572,538.4846560816,50.84189223304233,51.12954776695767,0.14382776695767063,0.0,2.0,1.79061,0.18724582790000005,1.7879279791714817,1.7932920208285184,0.0026820208285183167,0.0,0.325,0.11127137499999999,0.002450365918109375,0.11096456356424492,0.11157818643575507,0.00030681143575507497,0.0,136.5,38.49307,316.9228669751,38.382730030552324,38.60340996944768,0.11033996944767921,0.0,273.0,76.98614,1267.6914679004,76.76546006110465,77.20681993889536,0.22067993889535842,0.0,1.0,0.494854,0.11515271868400001,0.49275073899837313,0.4969572610016269,0.0021032610016268882,0.19854,0.19607140184941185,0.201026095037432
T-lidbetter-W-20-HS-random-D-3-C-5-H-1-RUNS-100000.csv,lidbetter,20,random,3,5,1,100000,1.0,140.0,41.05068,419.38127153759996,40.923751079231764,41.177608920768236,0.12692892076823625,0.0,3.0,2.05828,0.8620234416000001,2.0525253937986596,2.06403460620134,0.005754606201340273,0.0,0.3,0.09275762500000001,0.001887089816859375,0.09248837708003689,0.09302687291996313,0.0002692479199631198,0.0,115.33333333333333,31.03242666666667,199.5801774001778,30.944864847961224,31.119988485372115,0.08756181870544566,0.0,346.0,93.09728,1796.2215966016001,92.83459454388367,93.35996545611633,0.2626854561163299,0.0,1.0,0.60748,0.23844804960000007,0.6044534144199389,0.6105065855800611,0.003026585580061081,0.60748,0.604445388288593,0.6105083765707587
T-lidbetter-W-20-HS-random-D-3-C-5-H-2-RUNS-100000.csv,lidbetter,20,random,3,5,2,100000,2.0,141.0,50.1781,401.19598039,50.053953534957046,50.302246465042955,0.1241464650429549,0.0,3.0,2.44535,0.5072733775,2.4409355448728025,2.4497644551271973,0.004414455127197403,0.0,0.3125,0.11083157500000002,0.0018151216705193753,0.11056751115526796,0.11109563884473207,0.000264063844732057,0.0,128.66666666666666,35.57674,208.39334652795554,35.4872657646011,35.666214235398904,0.08947423539890309,0.0,386.0,106.73022,1875.5401187515997,106.4617972938033,106.9986427061967,0.26842270619670217,0.0,1.0,0.60764,0.1529936304,0.6052156643579226,0.6100643356420773,0.0024243356420773354,0.4368,0.43372275076818345,0.4398809154725668
T-lidbetter-W-20-HS-random-D-3-C-5-H-3-RUNS-100000.csv,lidbetter,20,random,3,5,3,100000,2.0,144.0,54.62832,433.1109339776,54.49933011807245,54.757309881927554,0.12898988192755212,0.0,3.0,2.58091,0.37719357189999997,2.57710339150186,2.5847166084981397,0.003806608498139852,0.0,0.3225,0.11955125,0.0019770717484375,0.11927565756852196,0.11982684243147804,0.0002755924314780389,0.0,129.0,37.75092,228.9684369313778,37.65713273288364,37.84470726711636,0.09378726711636176,0.0,387.0,113.25276,2060.7159323824,112.9713981986509,113.53412180134909,0.2813618013490924,0.0,1.0,0.6078066666666666,0.12494216706666668,0.6056158270353761,0.6099975062979571,0.00219083963129052,0.35631,0.3533409523862578,0.35928738372979696
T-lidbetter-W-20-HS-random-D-3-C-5-H-4-RUNS-100000.csv,lidbetter,20,random,3,5,4,100000,2.0,156.0,56.55776,451.67930378240004,56.42603410226495,56.689485897735054,0.13172589773505194,0.0,3.0,2.64237,0.31915078309999995,2.638868500823423,2.645871499176577,0.0035014991765769388,0.0,0.3275,0.123329525,0.002057171325774375,0.12304840528590838,0.12361064471409161,0.0002811197140916155,0.0,135.33333333333334,38.49523333333333,229.2068772788889,38.40139724540579,38.589069421260874,0.09383608792754217,0.0,406.0,115.4857,2062.86189551,115.20419173621737,115.76720826378262,0.2815082637826265,0.0,1.0,0.6101425,0.11040425469375,0.6080830607927605,0.6122019392072395,0.0020594392072394996,0.31489,0.3120116272220131,0.31777911260142394
T-lidbetter-W-20-HS-random-D-3-C-5-H-5-RUNS-100000.csv,lidbetter,20,random,3,5,5,100000,2.0,151.0,57.7686,487.43511404,57.631759555171136,57.90544044482886,0.13684044482886293,0.0,3.0,2.68305,0.2838326975,2.6797479223347778,2.6863520776652225,0.0033020776652223915,0.0,0.33,0.12561699999999998,0.002224003311,0.12532470338490603,0.12590929661509392,0.00029229661509394544,0.0,130.0,38.84326333333333,246.00365472843333,38.746049772550656,38.94047689411601,0.09721356078267718,0.0,390.0,116.52979,2214.0328925559,116.23814931765197,116.82143068234804,0.29164068234803153,0.0,1.0,0.608984,0.101297687744,0.6070113236524017,0.6109566763475982,0.0019726763475982345,0.28445,0.2816550650570468,0.28725744170017137
T-lidbetter-W-20-HS-random-D-4-C-5-H-1-RUNS-100000.csv,lidbetter,20,random,4,5,1,100000,1.0,138.0,42.83833,444.15569281110004,42.707705786719956,42.96895421328004,0.13062421328004348,0.0,4.0,2.74185,1.2974085775,2.7347901665803476,2.7489098334196522,0.007059833419652328,0.0,0.2925,0.09678997500000001,0.0019739400519993753,0.09651460092526239,0.09706534907473764,0.00027537407473762765,0.0,112.0,31.098795,185.828313297975,31.014303695810426,31.183286304189572,0.08449130418957296,0.0,448.0,124.39518,2973.2530127676,124.0572147832417,124.73314521675829,0.33796521675829183,0.0,1.0,0.68487,0.2158230831,0.6819905799958378,0.6877494200041622,0.002879420004162192,0.68487,0.6819803019947979,0.6877489721112785
T-lidbetter-W-20-HS-random-D-4-C-5-H-2-RUNS-100000.csv,lidbetter,20,random,4,5,2,100000,2.0,142.0,52.7843,384.34387351000004,52.662788871930346,52.90581112806966,0.12151112806965614,0.0,4.0,3.25827,0.7102866071000001,3.2530463642643888,3.2634936357356112,0.005223635735611243,0.0,0.32,0.11686267500000001,0.001726950504344375,0.1166051045619158,0.11712024543808422,0.00025757043808420643,0.0,110.5,35.3072825,179.41010559019372,35.22426311300905,35.39030188699095,0.08301938699094791,0.0,442.0,141.22913,2870.5616894430996,140.8970524520362,141.5612075479638,0.33207754796379163,0.0,1.0,0.686485,0.13544084477499996,0.684203970519069,0.688766029480931,0.002281029480931007,0.52692,0.5238197764035774,0.5300186619855546
T-lidbetter-W-20-HS-random-D-4-C-5-H-3-RUNS-100000.csv,lidbetter,20,random,4,5,3,100000,2.0,142.0,57.90129,399.2923063359,57.77743842253649,58.025141577463515,0.12385157746351183,0.0,4.0,3.44308,0.5085601136000001,3.4386599496242627,3.4475000503757376,0.00442005037573745,0.0,0.31,0.126734075,0.001802492796394375,0.12647093138281296,0.12699721861718705,0.00026314361718704493,0.0,118.0,37.4788975,194.63752030949374,37.39242672470448,37.565368275295526,0.08647077529552405,0.0,472.0,149.91559,3114.2003249519,149.5697068988179,150.2614731011821,0.3458831011820962,0.0,1.0,0.6870066666666668,0.10780183995555558,0.6849716444349129,0.6890416888984207,0.0020350222317538913,0.44025,0.43717000161756986,0.4433334644817908
T-lidbetter-W-20-HS-random-D-4-C-5-H-4-RUNS-100000.csv,lidbetter,20,random,4,5,4,100000,2.0,147.0,60.2963,418.00914630999995,60.16957889140067,60.423021108599336,0.12672110859933383,0.0,4.0,3.52763,0.4222365831,3.5236025143605008,3.531657485639499,0.004027485639499062,0.0,0.31,0.131216375,0.0018961028693593753,0.13094648485970342,0.13148626514029657,0.00026989014029657477,0.0,124.5,38.26647,201.69157748909998,38.178446232523136,38.35449376747686,0.08802376747686225,0.0,498.0,153.06588,3227.0652398255997,152.71378493009254,153.41797506990744,0.352095069907449,0.0,1.0,0.6872725,0.09505963574374998,0.6853615287896643,0.6891834712103356,0.0019109712103356769,0.39305,0.390020886913607,0.3960853174768788
T-lidbetter-W-20-HS-random-D-4-C-5-H-5-RUNS-100000.csv,lidbetter,20,random,4,5,5,100000,2.0,151.0,61.42551,439.9796112399,61.29550132049978,61.555518679500224,0.13000867950022155,0.0,4.0,3.57275,0.3826674375000001,3.5689158700753625,3.5765841299246377,0.003834129924637608,0.0,0.36,0.133666625,0.0019821116736093753,0.1333906815238072,0.13394256847619282,0.0002759434761928081,0.0,124.25,38.549905,211.462416990975,38.4597743159289,38.64003568407111,0.0901306840711058,0.0,497.0,154.19962,3383.3986718556,153.8390972637156,154.56014273628443,0.3605227362844232,0.0,1.0,0.6885680000000001,0.08674370937600001,0.6867425284610852,0.690393471538915,0.0018254715389148801,0.36318,0.360198309348769,0.366169628133086
T-lidbetter-W-20-HS-random-D-5-C-5-H-1-RUNS-100000.csv,lidbetter,20,random,5,5,1,100000,1.0,150.0,43.86046,460.26798858840004,43.727487615462415,43.99343238453759,0.13297238453758808,0.0,5.0,3.42198,1.8151728796000002,3.413629450237097,3.430330549762903,0.008350549762902837,0.0,0.325,0.099169325,0.002039737541544375,0.09888939901443244,0.09944925098556756,0.00027992598556755843,0.0,122.4,31.018373999999998,176.348795596124,30.93606594856139,31.100682051438607,0.0823080514386092,0.0,612.0,155.09187,4408.719889903099,154.68032974280695,155.50341025719305,0.4115402571930531,0.0,1.0,0.74429,0.19032239590000005,0.7415860352885264,0.7469939647114736,0.0027039647114736054,0.74429,0.7415740246090665,0.7469917999224696
T-lidbetter-W-20-HS-random-D-5-C-5-H-2-RUNS-100000.csv,lidbetter,20,random,5,5,2,100000,2.0,146.0,55.60841,393.2419672719,55.48550034450167,55.731319655498325,0.12290965549832578,0.0,5.0,4.07236,0.9284840304,4.066387676958516,4.078332323041484,0.0059723230414840955,0.0,0.3075,0.1226701,0.00173998131599,0.12241155963132411,0.1229286403686759,0.0002585403686758969,0.0,112.4,36.290286,174.08142483820401,36.20850879035952,36.37206320964049,0.08177720964048518,0.0,562.0,181.45143,4352.0356209551,181.04254395179754,181.86031604820244,0.4088860482024472,0.0,1.0,0.745415,0.11762897777499999,0.7432892448847047,0.7475407551152954,0.002125755115295336,0.60113,0.5980871775641114,0.6041669557074735
T-lidbetter-W-20-HS-random-D-5-C-5-H-3-RUNS-100000.csv,lidbetter,20,random,5,5,3,100000,2.0,145.0,59.63079,376.08189397589996,59.51059198820705,59.75098801179295,0.12019801179295087,0.0,5.0,4.30344,0.6513241664000001,4.298437873534543,4.308442126465457,0.005002126465456946,0.0,0.3175,0.130498425,0.001687402385019375,0.13024382089551048,0.13075302910448952,0.00025460410448951976,0.0,110.8,36.900732000000005,178.391169064176,36.817948697633106,36.983515302366904,0.08278330236689868,0.0,554.0,184.50366,4459.779226604401,184.0897434881655,184.91757651183448,0.4139165118344863,0.0,1.0,0.7427166666666666,0.09357084194444447,0.7408207190238932,0.7446126143094399,0.0018959476427733435,0.51147,0.5083665453040132,0.5145727893308388
T-lidbetter-W-20-HS-random-D-5-C-5-H-4-RUNS-100000.csv,lidbetter,20,random,5,5,4,100000,2.0,152.0,62.74686,378.4684601404,62.62628121096663,62.867438789033365,0.12057878903336672,0.0,5.0,4.4068,0.5334537600000001,4.402273062884889,4.41132693711511,0.004526937115110208,0.0,0.305,0.136392075,0.0017224844396943751,0.1361348378288227,0.1366493121711773,0.00025723717117728806,0.0,117.6,38.33619,183.0823758839,38.25232527230143,38.42005472769858,0.08386472769857534,0.0,588.0,191.68095,4577.0593970975,191.26162636150713,192.10027363849287,0.4193236384928696,0.0,1.0,0.7444775,0.08120012699375001,0.7427113221837561,0.7462436778162439,0.0017661778162438857,0.46476,0.46166479097888075,0.46785725327401445
T-lidbetter-W-20-HS-random-D-5-C-5-H-5-RUNS-100000.csv,lidbetter,20,random,5,5,5,100000,2.0,149.0,64.74074,388.56404425240004,64.61856358523839,64.86291641476161,0.12217641476161134,1.0,5.0,4.47023,0.4735337471,4.465964877208263,4.474495122791737,0.004265122791736964,0.0,0.3175,0.140214425,0.001764269459419375,0.13995408642131246,0.14047476357868754,0.0002603385786875412,0.0,110.6,38.949754000000006,179.332578939484,38.86675255210577,39.03275544789424,0.08300144789423314,0.0,553.0,194.74877,4483.3144734871,194.33376276052883,195.1637772394712,0.4150072394711799,0.0,1.0,0.74497,0.0730544991,0.7432947502761005,0.7466452497238996,0.0016752497238995412,0.42834,0.42527013277987563,0.431414024247943
T-lidbetter-W-20-HS-random-D-6-C-5-H-1-RUNS-100000.csv,lidbetter,20,random,6,5,1,100000,1.0,136.0,44.59302,472.03172727960003,44.45835905230108,44.72768094769893,0.13466094769892578,0.0,6.0,4.10878,2.3882069115999998,4.0992016203501835,4.118358379649817,0.009578379649816782,0.0,0.2975,0.10089842499999999,0.002085356895019375,0.10061538600890678,0.10118146399109319,0.00028303899109320685,0.0,101.5,31.02958833333333,168.66645203053056,30.949093051352303,31.110083615314355,0.08049528198102607,0.0,609.0,186.17753,6071.9922730991,185.69455830811384,186.66050169188614,0.4829716918861493,0.0,1.0,0.78883,0.1665772311,0.7863003298812024,0.7913596701187977,0.0025296701187976778,0.78883,0.7862870174935745,0.7913562196848348
T-lidbetter-W-20-HS-random-D-6-C-5-H-2-RUNS-100000.csv,lidbetter,20,random,6,5,2,100000,2.0,137.0,56.19591,382.06810927189997,56.07475914987591,56.317060850124086,0.12115085012408855,0.0,6.0,4.88856,1.1673411264,4.881863390655579,4.895256609344421,0.006696609344420956,0.0,0.31,0.124355375,0.0016831487711093751,0.12410109200176588,0.12460965799823413,0.0002542829982341288,0.0,110.66666666666667,35.617125,158.7229464565972,35.53903850493794,35.69521149506206,0.07808649506205967,0.0,664.0,213.70275,5714.026072437499,213.23423102962767,214.17126897037235,0.4685189703723438,0.0,1.0,0.788515,0.10182659477499999,0.7865371803760514,0.7904928196239486,0.0019778196239486068,0.65865,0.6557015951892636,0.6615892005913415
T-lidbetter-W-20-HS-random-D-6-C-5-H-3-RUNS-100000.csv,lidbetter,20,random,6,5,3,100000,2.0,152.0,62.38292,359.85237227359994,62.26534411500115,62.50049588499885,0.11757588499884974,0.0,6.0,5.1632,0.78324576,5.157714640475214,5.168685359524786,0.005485359524786126,0.0,0.315,0.136357175,0.0016083555135193751,0.13610860592427382,0.13660574407572618,0.00024856907572617937,0.0,111.33333333333333,37.90521666666667,160.8455138975,37.82660978871132,37.98382354462201,0.0786068779553446,0.0,668.0,227.4313,5790.438500309999,226.95965873226794,227.90294126773205,0.4716412677320534,0.0,1.0,0.78918,0.07967937204444445,0.7874304392675705,0.7909295607324295,0.0017495607324294893,0.57876,0.5756924652912804,0.581822965785809
T-lidbetter-W-20-HS-random-D-6-C-5-H-4-RUNS-100000.csv,lidbetter,20,random,6,5,4,100000,2.0,151.0,64.78652,355.4640462896,64.66966322098286,64.90337677901714,0.11685677901714087,0.0,6.0,5.28735,0.6391799775,5.282394726242109,5.292305273757891,0.0049552737578908435,0.0,0.32,0.14096080000000002,0.00160863461336,0.1407122093579661,0.14120939064203394,0.000248590642033919,0.0,110.33333333333333,38.219785,164.535662053775,38.14028152841883,38.29928847158117,0.07950347158116955,0.0,662.0,229.31871,5923.2838339359,228.841689170513,229.795730829487,0.4770208294870031,0.0,1.0,0.7900275,0.06842592424375,0.7884061887079441,0.7916488112920559,0.0016213112920558936,0.52843,0.5253302514045658,0.5315280993898678
T-lidbetter-W-20-HS-random-D-6-C-5-H-5-RUNS-100000.csv,lidbetter,20,random,6,5,5,100000,2.0,146.0,67.11284,369.77004713439993,66.99365490810209,67.23202509189792,0.11918509189791848,1.0,6.0,5.35828,0.5732354416,5.353587302191222,5.362972697808777,0.004692697808777346,0.0,0.325,0.14537475,0.0016763838124375,0.14512097852694086,0.14562852147305913,0.0002537714730591334,0.0,109.66666666666667,39.161535,171.4534533882195,39.08037740106212,39.24269259893788,0.0811575989378781,0.0,658.0,234.96921,6172.3243219759,234.48226440637274,235.45615559362727,0.48694559362726864,0.0,1.0,0.791018,0.061478923676000004,0.7894811934630744,0.7925548065369256,0.0015368065369255612,0.49309,0.4899865588604759,0.49619384198275257
T-lidbetter-W-20-HS-random-D-7-C-5-H-1-RUNS-100000.csv,lidbetter,20,random,7,5,1,100000,1.0,138.0,45.24263,481.7386806831,45.106591501194984,45.37866849880501,0.13603849880501429,0.0,7.0,4.79028,3.0445175215999996,4.779465279240323,4.801094720759677,0.01081472075967671,0.0,0.3075,0.102351275,0.002127459443374375,0.10206539306287093,0.10263715693712908,0.0002858819371290705,0.0,94.0,31.131991428571432,164.99985132400815,31.052375888075478,31.211606969067386,0.0796155404959542,0.0,658.0,217.92394,8084.9927148764,217.3666312165283,218.48124878347167,0.557308783471683,0.0,1.0,0.82316,0.1455676144,0.8207952324691864,0.8255247675308136,0.002364767530813605,0.82316,0.8207809143550936,0.8255203269993799
T-lidbetter-W-20-HS-random-D-7-C-5-H-2-RUNS-100000.csv,lidbetter,20,random,7,5,2,100000,2.0,151.0,57.46242,385.9611677436,57.34065348481607,57.58418651518393,0.12176651518392845,0.0,7.0,5.69741,1.4243692919,5.6900127998054915,5.704807200194508,0.00739720019450818,0.0,0.32,0.127017825,0.0016873418197693752,0.12676322546475247,0.12727242453524754,0.000254599535247535,0.0,102.14285714285714,35.96067857142857,152.69282341709186,35.88408975041408,36.03726739244307,0.07658882101449649,0.0,715.0,251.72475,7481.948347437501,251.1886282528985,252.2608717471015,0.5361217471015038,0.0,1.0,0.82401,0.0874475199,0.8221771377780972,0.8258428622219028,0.0018328622219028201,0.70887,0.7060433455059518,0.7116845355246507
T-lidbetter-W-20-HS-random-D-7-C-5-H-3-RUNS-100000.csv,lidbetter,20,random,7,5,3,100000,3.0,148.0,62.70948,350.0516181296,62.59351628601124,62.82544371398876,0.11596371398876215,1.0,7.0,6.01913,0.9374040430999998,6.013129057264085,6.025130942735914,0.00600094273591445,0.0025,0.3075,0.1374004,0.0015666994548399998,0.1371550709836625,0.1376457290163375,0.00024532901633750326,1.0,108.42857142857143,37.24147714285714,158.52177980988571,37.16344014718729,37.319514138527,0.078036995669855,7.0,759.0,260.69034,7767.5672106843995,260.14408103031104,261.23659896968894,0.5462589696889495,0.0,1.0,0.82263,0.06898988310000001,0.8210020210845439,0.824257978915456,0.0016279789154560742,0.63242,0.62942287566022,0.6354094421629992
T-lidbetter-W-20-HS-random-D-7-C-5-H-4-RUNS-100000.csv,lidbetter,20,random,7,5,4,100000,3.0,156.0,65.29819,339.8747327239,65.183924398298,65.412455601702,0.11426560170200162,1.0,7.0,6.17165,0.7545662774999998,6.166266003518162,6.177033996481837,0.005383996481837627,0.0025,0.32,0.14209175,0.0015315660819375,0.14184918734293236,0.1423343126570676,0.00024256265706762425,0.2857142857142857,107.57142857142857,37.31591,156.23273740251224,37.238438477231604,37.3933815227684,0.07747152276839842,2.0,753.0,261.21137,7655.4041327231,260.6690693406212,261.75367065937877,0.5423006593787818,0.0,1.0,0.8235225,0.05806131699375001,0.822029019650738,0.825015980349262,0.0014934803492619997,0.57978,0.5767134507931908,0.5828419211096627
T-lidbetter-W-20-HS-random-D-7-C-5-H-5-RUNS-100000.csv,lidbetter,20,random,7,5,5,100000,6.0,154.0,67.10737,337.82970168310004,66.99344868584036,67.22129131415964,0.11392131415964002,1.0,7.0,6.2546,0.6615588399999999,6.249558725915263,6.2596412740847365,0.005041274084736536,0.01,0.325,0.14501640000000002,0.0015216624810399997,0.14477462285907963,0.1452581771409204,0.00024177714092038505,1.1428571428571428,112.71428571428571,37.77231571428571,153.87525680481428,37.69543091822424,37.84920051034718,0.0768847960614707,8.0,789.0,264.40621,7539.8875834359005,263.8680164275697,264.94440357243025,0.5381935724302593,0.0,1.0,0.8238019999999999,0.05249946479599999,0.8223818523176785,0.8252221476823214,0.0014201476823214598,0.54706,0.5439684539634884,0.5501488161005088
T-lidbetter-W-20-HS-random-D-8-C-5-H-1-RUNS-100000.csv,lidbetter,20,random,8,5,1,100000,1.0,144.0,45.51697,491.18877201910004,45.379603672736415,45.654336327263586,0.13736632726358522,0.0,8.0,5.47289,3.7664850478999994,5.460861147619156,5.484918852380843,0.012028852380843169,0.0025,0.3025,0.10300535,0.0021620657463775,0.10271715229405347,0.10329354770594652,0.0002881977059465274,0.25,95.625,31.0878925,160.72651178344375,31.00931470621147,31.166470293788528,0.07857779378852925,2.0,765.0,248.70314,10286.4967541404,248.07451764969176,249.33176235030822,0.628622350308234,0.0,1.0,0.85035,0.1272548775,0.8481389768490494,0.8525610231509507,0.002211023150950675,0.85035,0.8481238600880573,0.8525557990057482
T-lidbetter-W-20-HS-random-D-8-C-5-H-2-RUNS-100000.csv,lidbetter,20,random,8,5,2,100000,2.0,138.0,57.83286,380.7885842204,57.711912183767495,57.9538078162325,0.12094781623250128,0.0,8.0,6.51168,1.6971435776,6.5036055051131925,6.519754494886808,0.00807449488680767,0.0,0.3,0.12798302500000003,0.001661114374349375,0.12773041191679765,0.1282356380832024,0.0002526130832023743,0.0,103.75,35.70660625,144.54454151371093,35.63208898282795,35.78112351717205,0.07451726717204821,0.0,830.0,285.65285,9250.8506568775,285.0567118626236,286.2489881373764,0.5961381373763857,0.0,1.0,0.851585,0.07514048777499999,0.8498860011835306,0.8532839988164694,0.0016989988164693992,0.74909,0.7463907601436107,0.7517747856352861
T-lidbetter-W-20-HS-random-D-8-C-5-H-3-RUNS-100000.csv,lidbetter,20,random,8,5,3,100000,4.0,144.0,63.90219,340.2784832039,63.78785654815514,64.01652345184486,0.11433345184486399,0.0,8.0,6.88086,1.0936256603999999,6.874378277746623,6.887341722253377,0.006481722253377065,0.005,0.315,0.1400296,0.0015146509988399998,0.1397883805298666,0.1402708194701334,0.0002412194701333914,1.25,109.5,37.52630375,149.96947576898594,37.45040100050341,37.60220649949658,0.07590274949658493,10.0,876.0,300.21043,9598.0464492151,299.6032080040273,300.81765199597265,0.6072219959726795,0.0,1.0,0.8510566666666666,0.058372550122222235,0.8495591888252628,0.8525541445080703,0.0014974778414037493,0.67835,0.6754447372781455,0.6812449152387895
T-lidbetter-W-20-HS-random-D-8-C-5-H-4-RUNS-100000.csv,lidbetter,20,random,8,5,4,100000,3.0,155.0,66.39554,327.02118810839994,66.2834558978161,66.5076241021839,0.11208410218389986,0.0,8.0,7.0522,0.87181516,7.0464128028211785,7.0579871971788215,0.005787197178821479,0.0025,0.3275,0.14450747500000002,0.001464100981624375,0.14427031492049658,0.14474463507950347,0.00023716007950344564,1.0,116.875,37.4990525,153.92103566474375,37.42215626793303,37.57594873206696,0.07689623206696439,8.0,935.0,299.99242,9850.9462825436,299.37725014346427,300.6075898565357,0.6151698565357151,0.0,1.0,0.8498975,0.05011611449375,0.8485099623773058,0.8512850376226941,0.0013875376226941682,0.62761,0.6246049870860876,0.6306076098269942
T-lidbetter-W-20-HS-random-D-8-C-5-H-5-RUNS-100000.csv,lidbetter,20,random,8,5,5,100000,2.0,169.0,69.4184,321.79996144,69.30721426656861,69.5295857334314,0.11118573343139815,2.0,8.0,7.14636,0.7636387503999998,7.140943733182775,7.151776266817224,0.005416266817224624,0.0,0.325,0.15029782500000002,0.001460227862769375,0.15006097881874275,0.1505346711812573,0.00023684618125727197,0.0,113.875,38.88754125,148.30417724829843,38.81206109848206,38.963021401517935,0.07548015151793663,0.0,911.0,311.10033,9491.4673438911,310.4964887878565,311.7041712121435,0.6038412121434931,0.0,1.0,0.8513,0.04440591000000001,0.8499938999125028,0.852606100087497,0.0013061000874970974,0.5947,0.5916494056404781,0.5977451006781557
T-lidbetter-W-20-HS-random-D-9-C-5-H-1-RUNS-100000.csv,lidbetter,20,random,9,5,1,100000,1.0,140.0,45.7122,498.03533115999994,45.573879628102574,45.85052037189743,0.13832037189742863,0.0,9.0,6.14918,4.577605327600001,6.13591903147334,6.162440968526661,0.013260968526660477,0.0025,0.3075,0.10346525,0.0021890200424375,0.10317526138996456,0.10375523861003542,0.00028998861003542986,0.1111111111111111,100.88888888888889,31.05191555555556,158.04287489854818,30.97399652654401,31.12983458456711,0.07791902901155012,1.0,908.0,279.46724,12801.472866782398,278.76596873889605,280.16851126110396,0.7012712611039547,0.0,1.0,0.87354,0.11046786840000003,0.8714799675651935,0.8756000324348064,0.002060032434806458,0.87354,0.8714641675917766,0.8755941403736404
T-lidbetter-W-20-HS-random-D-9-C-5-H-2-RUNS-100000.csv,lidbetter,20,random,9,5,2,100000,2.0,148.0,58.47536,385.0967128703999,58.353729924271875,58.59699007572813,0.12163007572812745,0.0,9.0,7.33881,1.9830177838999998,7.33008190678405,7.347538093215949,0.00872809321594925,0.005,0.305,0.1294228,0.0016791725901600001,0.12916881753166098,0.12967678246833902,0.00025398246833902016,0.8888888888888888,105.33333333333333,35.87577666666667,143.23286399555434,35.80159827558643,35.949955057746905,0.07417839108023827,8.0,948.0,322.88199,11601.861983639901,322.21438448027783,323.5495955197221,0.6676055197221444,0.0,1.0,0.872245,0.06559615997499998,0.8706575674560475,0.8738324325439526,0.0015874325439525494,0.78057,0.777991795583336,0.7831319215684125
T-lidbetter-W-20-HS-random-D-9-C-5-H-3-RUNS-100000.csv,lidbetter,20,random,9,5,3,100000,7.0,147.0,64.35317,329.9426609511,64.24058635437109,64.46575364562892,0.11258364562891643,1.0,9.0,7.74208,1.2404972736,7.735176744010062,7.748983255989938,0.0069032559899380175,0.0125,0.3325,0.14090595,0.0014605466295975,0.1406690779684669,0.1411428220315331,0.00023687203153310854,1.8888888888888888,98.11111111111111,37.23152111111111,139.69958525906048,37.15826335201822,37.304778870204,0.07325775909288978,17.0,883.0,335.08369,11315.6664059839,334.424370168164,335.743009831836,0.659319831836001,0.0,1.0,0.8740466666666665,0.0496135356,0.8726661038888076,0.8754272294445254,0.001380562777858918,0.71844,0.7156411028402382,0.7212262226246705
T-lidbetter-W-20-HS-random-D-9-C-5-H-4-RUNS-100000.csv,lidbetter,20,random,9,5,4,100000,7.0,150.0,68.33686,318.4654853404,68.22625181727902,68.44746818272098,0.11060818272098061,3.0,9.0,7.93175,0.9757919375,7.925627416960873,7.937872583039127,0.006122583039126717,0.0125,0.34,0.148746175,0.001437527860369375,0.1485111769781276,0.14898117302187242,0.00023499802187240681,0.5555555555555556,108.88888888888889,38.77794111111111,152.2835576276432,38.701455000281605,38.85442722194062,0.07648611082950652,5.0,980.0,349.00147,12334.9681678391,348.31309500253445,349.6898449974655,0.6883749974655302,0.0,1.0,0.8744525,0.04190595024375,0.8731836978150381,0.8757213021849618,0.001268802184961837,0.67294,0.6700223134576468,0.6758476530344508
T-lidbetter-W-20-HS-random-D-9-C-5-H-5-RUNS-100000.csv,lidbetter,20,random,9,5,5,100000,4.0,147.0,69.62056,311.9610852864,69.51108718578404,69.73003281421596,0.10947281421596244,3.0,9.0,8.04663,0.8466556431,8.040926919851051,8.05233308014895,0.005703080148949269,0.005,0.33,0.151109025,0.0014165663760493748,0.1508757465957224,0.15134230340427762,0.00023327840427761481,1.0,112.55555555555556,38.10706111111111,141.15680693083334,38.03342226338075,38.180699958841466,0.07363884773035778,9.0,1013.0,342.96355,11433.7013613975,342.30080037042677,343.6262996295732,0.6627496295732271,0.0,1.0,0.87348,0.0375254896,0.8722793421767742,0.8746806578232259,0.0012006578232258702,0.63612,0.6331291613022938,0.6391029418327173
T-lidbetter-W-20-HS-weighted-D-1-C-5-H-1-RUNS-100000.csv,lidbetter,20,weighted,1,5,1,100000,1.0,148.0,32.40368,326.3297224576,32.291714457899175,32.51564554210083,0.1119655421008261,0.0,1.0,0.68348,0.2163350896,0.6805971665323725,0.6863628334676275,0.0028828334676275214,0.0,0.3125,0.073227675,0.001561261676594375,0.07298277210379817,0.07347257789620185,0.00024490289620184014,0.0,148.0,31.03672,331.1139316416,30.923936699826864,31.149503300173134,0.11278330017313465,0.0,148.0,31.03672,331.1139316416,30.923936699826864,31.149503300173134,0.11278330017313465,0.0,1.0,0.31652,0.2163350896,0.31363716653237245,0.3194028334676276,0.002882833467627577,0.31652,0.31363757423970745,0.31941307097945226
T-lidbetter-W-20-HS-weighted-D-1-C-5-H-2-RUNS-100000.csv,lidbetter,20,weighted,1,5,2,100000,2.0,143.0,37.25093,397.81776413509994,37.127307319123815,37.37455268087618,0.12362268087618133,0.0,1.0,0.81543,0.15050391509999997,0.8130254712722694,0.8178345287277305,0.0024045287277305594,0.0,0.29,0.082901425,0.0018977759204693752,0.08263141581541408,0.08317143418458592,0.0002700091845859176,0.0,143.0,35.62007,410.22688319509996,35.49453404521085,35.74560595478915,0.12553595478915014,0.0,143.0,35.62007,410.22688319509996,35.49453404521085,35.74560595478915,0.12553595478915014,0.0,1.0,0.31486,0.1505781804,0.3124548780949302,0.3172651219050697,0.0024051219050697514,0.18457,0.18216968893303806,0.18698862015956466
T-lidbetter-W-20-HS-weighted-D-1-C-5-H-3-RUNS-100000.csv,lidbetter,20,weighted,1,5,3,100000,2.0,142.0,38.84169,456.55780794389995,38.709254639351975,38.974125360648024,0.1324353606480244,0.0,1.0,0.85969,0.12062310389999999,0.8575373604204553,0.8618426395795447,0.0021526395795447018,0.0,0.285,0.08568637500000001,0.002142881326859375,0.08539945875951747,0.08597329124048254,0.00028691624048253483,0.0,140.0,37.12231,470.64095026390004,36.98784757868706,37.25677242131294,0.13446242131293928,0.0,140.0,37.12231,470.64095026390004,36.98784757868706,37.25677242131294,0.13446242131293928,0.0,1.0,0.3165633333333333,0.12922210043333332,0.3143352857103578,0.3187913809563088,0.0022280476229755153,0.14031,0.1381628536226799,0.1424780312434882
T-lidbetter-W-20-HS-weighted-D-1-C-5-H-4-RUNS-100000.csv,lidbetter,20,weighted,1,5,4,100000,2.0,143.0,39.44689,493.63507932790003,39.30918202925226,39.584597970747744,0.13770797074774066,0.0,1.0,0.88217,0.10394609110000001,0.880171702465673,0.884168297534327,0.0019982975343270093,0.0,0.3,0.086729825,0.0022994197679693748,0.08643261377913794,0.08702703622086205,0.0002972112208620564,0.0,143.0,37.68255,508.0097554975,37.54285138595107,37.82224861404893,0.1396986140489318,0.0,143.0,37.68255,508.0097554975,37.54285138595107,37.82224861404893,0.1396986140489318,0.0,1.0,0.3149875,0.11785474984375,0.3128597058205744,0.3171152941794256,0.0021277941794256017,0.11783,0.11583784298627181,0.1198443524011731
T-lidbetter-W-20-HS-weighted-D-1-C-5-H-5-RUNS-100000.csv,lidbetter,20,weighted,1,5,5,100000,2.0,138.0,41.18883,523.5321932311,41.04701317189006,41.33064682810995,0.14181682810994545,0.0,1.0,0.89396,0.0947955184,0.892051685394162,0.8958683146058379,0.0019083146058379574,0.0,0.2975,0.090586825,0.002407181198919375,0.09028272917145629,0.0908909208285437,0.0003040958285437101,0.0,136.0,39.40091,537.8598811718999,39.257165695086385,39.54465430491362,0.14374430491361778,0.0,136.0,39.40091,537.8598811718999,39.257165695086385,39.54465430491362,0.14374430491361778,0.0,1.0,0.318434,0.111775387644,0.3163618119555089,0.3205061880444911,0.002072188044491108,0.10604,0.1041381652633647,0.10796471841597458
T-lidbetter-W-20-HS-weighted-D-10-C-5-H-1-RUNS-100000.csv,lidbetter,20,weighted,10,5,1,100000,1.0,141.0,45.79371,506.4091744359,45.65423163305684,45.933188366943156,0.13947836694315896,0.0,10.0,6.83637,5.4523952231,6.821897294140673,6.850842705859327,0.014472705859327029,0.0025,0.3025,0.103735975,0.002229708803299375,0.10344330369394567,0.10402864630605432,0.000292671306054329,0.2,98.9,31.008876,156.938236416624,30.93122975546634,31.08652224453366,0.07764624453366054,2.0,989.0,310.08876,15693.8236416624,309.31229755466336,310.8652224453366,0.7764624453366196,0.0,1.0,0.89131,0.09687648390000002,0.8893808532960135,0.8932391467039866,0.001929146703986584,0.89131,0.889364527997106,0.8932327431002364
T-lidbetter-W-20-HS-weighted-D-10-C-5-H-2-RUNS-100000.csv,lidbetter,20,weighted,10,5,2,100000,3.0,144.0,58.91055,391.2806686975,58.78794723425354,59.033152765746465,0.12260276574646412,0.0,10.0,8.149,2.2847589999999998,8.139631366068416,8.158368633931582,0.009368633931583048,0.0075,0.315,0.130484075,0.001698085608894375,0.1302286661968015,0.1307394838031985,0.00025540880319849246,2.1,109.0,35.950537000000004,142.426677511631,35.87656766011322,36.02450633988679,0.07396933988678711,21.0,1090.0,359.50537,14242.6677511631,358.76567660113216,360.2450633988679,0.7396933988678711,0.0,1.0,0.89226,0.05562209239999999,0.8907982276847476,0.8937217723152525,0.001461772315252463,0.81124,0.8088006181975123,0.8136613163450443
T-lidbetter-W-20-HS-weighted-D-10-C-5-H-3-RUNS-100000.csv,lidbetter,20,weighted,10,5,3,100000,9.0,151.0,64.73062,330.9762144156,64.6178601567357,64.8433798432643,0.11275984326429978,2.0,10.0,8.59915,1.4111492775,8.591787207686995,8.606512792313005,0.007362792313005073,0.0125,0.3375,0.141885125,0.0014664514912343747,0.14164777462505346,0.14212247537494654,0.00023735037494654332,1.5,99.3,37.361823,141.052559416671,37.28821134927438,37.435434650725625,0.07361165072562414,15.0,993.0,373.61823,14105.2559416671,372.88211349274377,374.3543465072562,0.736116507256213,0.0,1.0,0.8924666666666665,0.04246769333333335,0.8911893887379864,0.8937439445953467,0.0012772779286801539,0.75321,0.7505254739181356,0.7558798325849346
T-lidbetter-W-20-HS-weighted-D-10-C-5-H-4-RUNS-100000.csv,lidbetter,20,weighted,10,5,4,100000,7.0,156.0,68.641,312.041659,68.53151304930658,68.75048695069343,0.10948695069342307,3.0,10.0,8.81321,1.0958594959,8.806721661353281,8.819698338646718,0.0064883386467187165,0.0125,0.325,0.14967814999999998,0.0013933487875775,0.1494467912158063,0.14990950878419365,0.0002313587841936693,1.6,110.3,38.410036,142.676261278704,38.33600187777732,38.484070122222676,0.07403412222267747,16.0,1103.0,384.10036,14267.626127870397,383.36001877777323,384.8407012222268,0.7403412222267889,0.0,1.0,0.89214,0.036056220400000005,0.8909630820916962,0.8933169179083039,0.001176917908303876,0.70924,0.7064143902552273,0.7120534692967739
T-lidbetter-W-20-HS-weighted-D-10-C-5-H-5-RUNS-100000.csv,lidbetter,20,weighted,10,5,5,100000,10.0,151.0,70.74163,298.56639494309997,70.63453319039236,70.84872680960764,0.1070968096076399,2.0,10.0,8.93401,0.9544153199000001,8.927954851865621,8.94006514813438,0.006055148134379351,0.0175,0.3075,0.1535146,0.00135579783684,0.15328638008478654,0.15374281991521346,0.0002282199152134623,1.8,99.8,38.886312000000004,142.504568838656,38.81232243643523,38.96030156356478,0.07398956356477271,18.0,998.0,388.86312,14250.4568838656,388.1232243643522,389.60301563564775,0.7398956356477697,0.0,1.0,0.892526,0.031696939323999994,0.8914225193154972,0.8936294806845029,0.0011034806845028333,0.67616,0.6732496547678123,0.6790601248490951
T-lidbetter-W-20-HS-weighted-D-2-C-5-H-1-RUNS-100000.csv,lidbetter,20,weighted,2,5,1,100000,1.0,139.0,37.97043,388.7324356151,37.848227114409724,38.09263288559028,0.12220288559027637,0.0,2.0,1.36882,0.5018918076000001,1.3644290233796157,1.3732109766203842,0.004390976620384235,0.0,0.2825,0.08587735,0.0017898671319775,0.08561512960464135,0.08613957039535866,0.00026222039535865604,0.0,126.0,31.00035,232.2595848775,30.90589109775858,31.09480890224142,0.09445890224142062,0.0,252.0,62.0007,929.03833951,61.81178219551716,62.18961780448284,0.18891780448284123,0.0,1.0,0.49663,0.24998864309999996,0.4935310382846299,0.4997289617153701,0.0030989617153701077,0.49663,0.49352623062554685,0.4997339648650662
T-lidbetter-W-20-HS-weighted-D-2-C-5-H-2-RUNS-100000.csv,lidbetter,20,weighted,2,5,2,100000,2.0,143.0,45.43689,417.76627712789997,45.310205710121004,45.56357428987899,0.1266842898789946,0.0,2.0,1.63154,0.31735722839999997,1.6280483534992478,1.6350316465007522,0.003491646500752177,0.0,0.31,0.1007075,0.0019441454437499998,0.1004342120724088,0.10098078792759121,0.00027328792759120923,0.0,142.5,35.47524,259.5521019424,35.37538533787439,35.57509466212561,0.09985466212560823,0.0,285.0,70.95048,1038.2084077696,70.75077067574878,71.15018932425122,0.19970932425121646,0.0,1.0,0.4938,0.16612655999999998,0.4912737541827922,0.49632624581720786,0.0025262458172078395,0.32613,0.3232245052230288,0.32904558225775177
T-lidbetter-W-20-HS-weighted-D-2-C-5-H-3-RUNS-100000.csv,lidbetter,20,weighted,2,5,3,100000,2.0,143.0,49.02135,464.83743417750003,48.88771918442454,49.154980815575456,0.13363081557545797,0.0,2.0,1.71982,0.2450591676,1.7167517443094615,1.7228882556905383,0.0030682556905383684,0.0,0.3025,0.107322625,0.0021324604756093753,0.10703640724787584,0.10760884275212416,0.0002862177521241599,0.0,142.5,37.694815,284.214984615775,37.59032383841683,37.79930616158317,0.1044911615831694,0.0,285.0,75.38963,1136.8599384631,75.18064767683366,75.59861232316634,0.2089823231663388,0.0,1.0,0.4949433333333333,0.1382722079,0.49263858494388024,0.49724808172278634,0.0023047483894530485,0.25849,0.25577854311327286,0.26121547091816383
T-lidbetter-W-20-HS-weighted-D-2-C-5-H-4-RUNS-100000.csv,lidbetter,20,weighted,2,5,4,100000,2.0,150.0,50.25875,493.4353984375,50.121069884273815,50.39643011572618,0.13768011572618377,0.0,2.0,1.76431,0.20964022389999998,1.76147212423786,1.7671478757621402,0.0028378757621401185,0.0,0.3125,0.10997639999999999,0.00225806281804,0.10968187370029515,0.11027092629970482,0.0002945262997048337,0.0,138.5,38.295055,295.19417504697503,38.18856472143616,38.40154527856384,0.10649027856383952,0.0,277.0,76.59011,1180.7767001879001,76.37712944287232,76.80309055712767,0.21298055712767905,0.0,1.0,0.4947075,0.12388886444375001,0.49252591465524015,0.4968890853447599,0.002181585344759873,0.22094,0.2183717148818191,0.22352448023136065
T-lidbetter-W-20-HS-weighted-D-2-C-5-H-5-RUNS-100000.csv,lidbetter,20,weighted,2,5,5,100000,2.0,144.0,51.14372,534.8628245616001,51.0003767397177,51.2870632602823,0.14334326028230038,0.0,2.0,1.78548,0.1907811696,1.7827727782855196,1.7881872217144803,0.0027072217144803457,0.0,0.3,0.11150154999999999,0.0024328838475975,0.11119583499237147,0.11180726500762851,0.0003057150076285209,0.0,141.0,38.720275,317.752696424375,38.60979066814322,38.83075933185678,0.11048433185678164,0.0,282.0,77.44055,1271.0107856975,77.21958133628644,77.66151866371357,0.22096866371356327,0.0,1.0,0.497454,0.11585991788399999,0.4953442903978434,0.4995637096021566,0.0021097096021566175,0.20338,0.2008888748222397,0.20588834073570306
T-lidbetter-W-20-HS-weighted-D-3-C-5-H-1-RUNS-100000.csv,lidbetter,20,weighted,3,5,1,100000,1.0,139.0,40.9961,422.47952479,40.868703087069065,41.12349691293093,0.12739691293093358,0.0,3.0,2.05819,0.8603639238999999,2.0524409356847797,2.0639390643152207,0.005749064315220487,0.0,0.3075,0.092663325,0.001902305262444375,0.09239299379765357,0.09293365620234643,0.00027033120234642993,0.0,131.0,31.02849333333333,202.93005035217777,30.940199727594695,31.116786939071964,0.08829360573863454,0.0,393.0,93.08548,1826.3704531695998,92.82059918278411,93.3503608172159,0.2648808172158965,0.0,1.0,0.60835,0.2382602775,0.605324606336286,0.6113753936637139,0.0030253936637139045,0.60835,0.6053165549149523,0.6113771594686246
T-lidbetter-W-20-HS-weighted-D-3-C-5-H-2-RUNS-100000.csv,lidbetter,20,weighted,3,5,2,100000,2.0,147.0,50.575,407.997395,50.449805639398896,50.70019436060111,0.12519436060110678,0.0,3.0,2.44286,0.5053550204,2.4384538998577328,2.4472661001422673,0.004406100142267277,0.0,0.315,0.11168760000000003,0.00184416813124,0.11142143170186947,0.11195376829813058,0.0002661682981305591,0.0,121.33333333333333,35.933413333333334,210.04173732693334,35.84358592448085,36.02324074218582,0.08982740885248575,0.0,364.0,107.80024,1890.3756359423999,107.53075777344255,108.06972222655746,0.26948222655745724,0.0,1.0,0.60877,0.1535590871,0.6063411883790558,0.6111988116209442,0.0024288116209442157,0.43955,0.43647054721278167,0.44263295949488213
T-lidbetter-W-20-HS-weighted-D-3-C-5-H-3-RUNS-100000.csv,lidbetter,20,weighted,3,5,3,100000,2.0,148.0,54.59286,432.06367702039995,54.464026160437506,54.7216938395625,0.12883383956249617,0.0,3.0,2.57962,0.3763806556000001,2.57581749565871,2.5834225043412897,0.003802504341289925,0.0,0.3325,0.11943129999999999,0.00196176945531,0.11915677616607079,0.11970582383392919,0.0002745238339292022,0.0,131.33333333333334,37.70427333333333,230.04662129417778,37.610265509171526,37.79828115749514,0.09400782416180675,0.0,394.0,113.11282,2070.4195916476,112.83079652751458,113.39484347248542,0.28202347248542026,0.0,1.0,0.6106866666666666,0.12393290626666666,0.6085046935854531,0.6128686397478801,0.002181973081213484,0.35784,0.35486807935880765,0.3608201679772527
T-lidbetter-W-20-HS-weighted-D-3-C-5-H-4-RUNS-100000.csv,lidbetter,20,weighted,3,5,4,100000,2.0,156.0,55.85118,457.1936926075999,55.7186524447701,55.9837075552299,0.132527555229899,0.0,3.0,2.64521,0.3153740559,2.6417292802854218,2.6486907197145784,0.0034807197145783064,0.0,0.33,0.12153655,0.0020717803890975,0.12125443386180941,0.12181866613819058,0.0002821161381905829,0.0,129.33333333333334,37.80417333333333,233.60242302773335,37.70944176160018,37.89890490506648,0.09473157173314917,0.0,388.0,113.41252,2102.4218072496,113.12832528480054,113.69671471519946,0.2841947151994617,0.0,1.0,0.6087475,0.11042460624375,0.6066878709864493,0.6108071290135507,0.0020596290135507234,0.31342,0.3105453175940743,0.3163055075483544
T-lidbetter-W-20-HS-weighted-D-3-C-5-H-5-RUNS-100000.csv,lidbetter,20,weighted,3,5,5,100000,2.0,146.0,57.36805,477.85274919750003,57.23256128750641,57.50353871249359,0.13548871249358996,0.0,3.0,2.68144,0.2848395264,2.678132070852303,2.6847479291476968,0.003307929147696953,0.0,0.32,0.12510605,0.0021769943783975,0.12481685903188287,0.1253952409681171,0.000289190968117109,0.0,132.0,38.51636,239.84302790595555,38.420371408177665,38.61234859182233,0.09598859182233355,0.0,396.0,115.54908,2158.5872511536,115.26111422453299,115.83704577546702,0.28796577546701485,0.0,1.0,0.611518,0.10095173567599999,0.6095486950775136,0.6134873049224864,0.00196930492248637,0.28592,0.28312068768788834,0.28873173373078953
T-lidbetter-W-20-HS-weighted-D-4-C-5-H-1-RUNS-100000.csv,lidbetter,20,weighted,4,5,1,100000,1.0,150.0,42.60992,441.7340975936,42.47965236360034,42.74018763639967,0.13026763639966532,0.0,4.0,2.73395,1.2951073974999998,2.726896430280889,2.741003569719111,0.007053569719110975,0.0,0.3325,0.09636512500000001,0.001969547371234375,0.09609005749589722,0.0966401925041028,0.00027506750410279113,0.0,117.75,30.96821,185.3851243959,30.88381950919213,31.05260049080787,0.08439049080786987,0.0,471.0,123.87284,2966.1619903344,123.53527803676852,124.21040196323148,0.33756196323147947,0.0,1.0,0.68923,0.21419200709999994,0.6863614811932369,0.6920985188067631,0.0028685188067630873,0.68923,0.6863510761787969,0.6920979448708855
T-lidbetter-W-20-HS-weighted-D-4-C-5-H-2-RUNS-100000.csv,lidbetter,20,weighted,4,5,2,100000,2.0,148.0,52.84712,388.83630770559995,52.724900788757175,52.96933921124282,0.12221921124282176,0.0,4.0,3.25864,0.7078253503999998,3.253425422484902,3.263854577515098,0.005214577515098018,0.0,0.2975,0.117313475,0.001757053145924375,0.11705366939256662,0.11757328060743338,0.0002598056074333832,0.0,111.75,35.3337825,182.5804423676938,35.25003281179761,35.41753218820239,0.08374968820238848,0.0,447.0,141.33513,2921.2870778831007,141.00013124719044,141.67012875280955,0.33499875280955393,0.0,1.0,0.688875,0.134183734375,0.6866045810210999,0.6911454189789001,0.002270418978900124,0.52859,0.5254903033996547,0.531688038113028
T-lidbetter-W-20-HS-weighted-D-4-C-5-H-3-RUNS-100000.csv,lidbetter,20,weighted,4,5,3,100000,2.0,151.0,57.86711,404.38529024790006,57.74247106021726,57.99174893978273,0.12463893978273433,0.0,4.0,3.43957,0.5107882151,3.4351402776530255,3.443999722346974,0.004429722346974252,0.0,0.3225,0.12630662499999998,0.001816261793609375,0.12604247823575082,0.12657077176424913,0.00026414676424915684,0.0,119.0,37.5193175,200.51907245919372,37.431549962222114,37.607085037777885,0.0877675377778857,0.0,476.0,150.07727,3208.3051593470996,149.72619984888846,150.42834015111154,0.3510701511115428,0.0,1.0,0.6875633333333334,0.10820666265555555,0.6855244936749552,0.6896021729917117,0.0020388396583782553,0.443,0.4399179182625247,0.4460853883046263
T-lidbetter-W-20-HS-weighted-D-4-C-5-H-4-RUNS-100000.csv,lidbetter,20,weighted,4,5,4,100000,2.0,161.0,59.84497,413.44019569910006,59.718943341875715,59.97099665812429,0.12602665812428882,0.0,4.0,3.52651,0.42799721990000006,3.5224551336397263,3.530564866360274,0.004054866360273746,0.0,0.3225,0.130603475,0.001887343380424375,0.13033420899155782,0.13087274100844218,0.0002692660084421816,0.0,121.5,38.0311475,201.18139295824375,37.943235132315564,38.11905986768444,0.08791236768443866,0.0,486.0,152.12459,3218.9022873319,151.77294052926226,152.47623947073777,0.35164947073775465,0.0,1.0,0.686415,0.095025697775,0.6845043699453519,0.6883256300546481,0.001910630054648088,0.39216,0.3891321258354252,0.39519413019165417
T-lidbetter-W-20-HS-weighted-D-4-C-5-H-5-RUNS-100000.csv,lidbetter,20,weighted,4,5,5,100000,2.0,155.0,61.34715,435.0590368775,61.217870349781236,61.47642965021876,0.12927965021876275,0.0,4.0,3.57272,0.3826718016,3.5688858482124117,3.576554151787588,0.003834151787588169,0.0,0.335,0.13295322499999998,0.001966413149599375,0.1326783764461471,0.13322807355385285,0.00027484855385287443,0.0,122.25,38.3495475,207.4551509202437,38.26027490018487,38.43882009981513,0.08927259981513203,0.0,489.0,153.39819,3319.2824147238994,153.04109960073947,153.75528039926053,0.3570903992605281,0.0,1.0,0.68909,0.0862961719,0.6872692436352684,0.6909107563647315,0.0018207563647315572,0.36343,0.36044786171507326,0.3664200612608681
T-lidbetter-W-20-HS-weighted-D-5-C-5-H-1-RUNS-100000.csv,lidbetter,20,weighted,5,5,1,100000,1.0,145.0,43.8749,463.07126998999996,43.74152329323328,44.008276706766715,0.1333767067667182,0.0,5.0,3.41727,1.8092357471000002,3.4089331180612534,3.425606881938746,0.008336881938746377,0.0,0.3025,0.09917012500000001,0.0020501081199843746,0.09888948830685865,0.09945076169314138,0.0002806366931413645,0.0,109.4,31.070687999999997,176.47583680665602,30.98835030664656,31.153025693353435,0.08233769335343766,0.0,547.0,155.35344,4411.8959201664,154.94175153323283,155.76512846676718,0.4116884667671741,0.0,1.0,0.74559,0.1896855519,0.742890562991698,0.748289437008302,0.002699437008301997,0.74559,0.7428785143595661,0.7482872346784976
T-lidbetter-W-20-HS-weighted-D-5-C-5-H-2-RUNS-100000.csv,lidbetter,20,weighted,5,5,2,100000,2.0,154.0,55.11882,386.93638180759996,54.99689974719711,55.24074025280289,0.12192025280288732,0.0,5.0,4.0761,0.9289887899999999,4.0701260537869315,4.082073946213069,0.005973946213068793,0.0,0.325,0.12209224999999999,0.0017306277399375,0.12183440548239792,0.12235009451760205,0.0002578445176020655,0.0,112.0,35.716494,168.29195754796402,35.63608813055527,35.79689986944472,0.08040586944472494,0.0,560.0,178.58247,4207.2989386991,178.18044065277635,178.98449934722365,0.402029347223646,0.0,1.0,0.744135,0.11741060177499996,0.7420112190136955,0.7462587809863045,0.002123780986304502,0.59816,0.5951135201886878,0.6012007853932703
T-lidbetter-W-20-HS-weighted-D-5-C-5-H-3-RUNS-100000.csv,lidbetter,20,weighted,5,5,3,100000,2.0,148.0,59.91084,376.64975049439994,59.79055127727425,60.031128722725754,0.12028872272575342,0.0,5.0,4.30106,0.6491428764,4.296066256640577,4.306053743359422,0.004993743359422709,0.0,0.3125,0.131074775,0.001693608421199375,0.13081970312560223,0.13132984687439778,0.000255071874397772,0.0,127.8,37.241186,179.15124971340398,37.158226525501966,37.32414547449803,0.08295947449803265,0.0,639.0,186.20593,4478.7812428351,185.79113262750982,186.62072737249017,0.41479737249017035,0.0,1.0,0.7446766666666665,0.09270888434444445,0.7427894717904081,0.746563861542925,0.0018871948762584356,0.51429,0.5111869138898161,0.5173922571588837
T-lidbetter-W-20-HS-weighted-D-5-C-5-H-4-RUNS-100000.csv,lidbetter,20,weighted,5,5,4,100000,2.0,148.0,62.75026,385.3605699324,62.62858826271264,62.871931737287355,0.12167173728735747,0.0,5.0,4.40999,0.5335581999,4.405462619763333,4.414517380236666,0.004527380236666545,0.0,0.3075,0.136437125,0.001747266359234375,0.136178043961604,0.136696206038396,0.00025908103839600294,0.0,128.6,38.137858,182.88089877183597,38.05403943041534,38.221676569584666,0.08381856958466471,0.0,643.0,190.68929,4572.0224692959,190.2701971520767,191.1083828479233,0.41909284792330936,0.0,1.0,0.743545,0.080915832975,0.7417819167235868,0.7453080832764132,0.0017630832764131688,0.46186,0.4587661975676117,0.4649560149147055
T-lidbetter-W-20-HS-weighted-D-5-C-5-H-5-RUNS-100000.csv,lidbetter,20,weighted,5,5,5,100000,2.0,154.0,64.1661,408.67241078999996,64.04080211760406,64.29139788239594,0.12529788239594097,1.0,5.0,4.47027,0.4741161271,4.466002255263178,4.474537744736822,0.00426774473682201,0.0,0.32,0.13883755,0.0018395605849975,0.13857171441277877,0.13910338558722124,0.0002658355872212359,0.0,122.4,38.347828,193.709114082416,38.26156370074133,38.43409229925867,0.08626429925867285,0.0,612.0,191.73914,4842.7278520604,191.3078185037066,192.17046149629337,0.43132149629337846,0.0,1.0,0.7451239999999999,0.073137424624,0.743447799742168,0.7468002002578318,0.0016762002578318835,0.42869,0.4256198092738262,0.4317643274492736
T-lidbetter-W-20-HS-weighted-D-6-C-5-H-1-RUNS-100000.csv,lidbetter,20,weighted,6,5,1,100000,1.0,143.0,44.5193,469.51040751,44.38499917418383,44.65360082581617,0.13430082581616887,0.0,6.0,4.10307,2.3802865751,4.09350751658464,4.11263248341536,0.009562483415360035,0.0,0.295,0.10075715,0.0020738237238775,0.10047489477475789,0.10103940522524212,0.0002822552252421118,0.0,113.5,31.072173333333335,169.31026989884444,30.99152456813241,31.152822098534262,0.08064876520092668,0.0,681.0,186.43304,6095.1697163583995,185.94914740879446,186.91693259120555,0.48389259120554584,0.0,1.0,0.78945,0.1662186975,0.786923053723729,0.791976946276271,0.002526946276271036,0.78945,0.7869097231936838,0.7919734779544797
T-lidbetter-W-20-HS-weighted-D-6-C-5-H-2-RUNS-100000.csv,lidbetter,20,weighted,6,5,2,100000,2.0,137.0,56.21766,384.94354412440003,56.096054115310636,56.33926588468937,0.12160588468936595,0.0,6.0,4.88805,1.1704771975000001,4.881344401442141,4.894755598557858,0.006705598557858572,0.0,0.3025,0.124426725,0.001694186543274375,0.12417160959425894,0.12468184040574107,0.00025511540574106595,0.0,123.83333333333333,35.64237833333333,161.3946997990861,35.56363737329676,35.72111929336991,0.07874096003657627,0.0,743.0,213.85427,5810.2091927671,213.38182423978057,214.32671576021946,0.4724457602194434,0.0,1.0,0.78901,0.10084821990000001,0.7870417049978018,0.7909782950021982,0.001968295002198195,0.65776,0.6548097811566297,0.6607010662709936
T-lidbetter-W-20-HS-weighted-D-6-C-5-H-3-RUNS-100000.csv,lidbetter,20,weighted,6,5,3,100000,2.0,143.0,60.92644,363.00672892639994,60.808349922099964,61.044530077900035,0.11809007790003534,0.0,6.0,5.16268,0.7932952176,5.157159562600724,5.168200437399276,0.005520437399275657,0.0,0.3175,0.1334323,0.0016199976917100002,0.1331828329053267,0.1336817670946733,0.0002494670946733002,0.0,108.5,36.68280166666666,166.85266493955277,36.60274036530129,36.76286296803204,0.08006130136537593,0.0,651.0,220.09681,6006.695937823899,219.61644219180775,220.57717780819226,0.48036780819225555,0.0,1.0,0.7884466666666665,0.0795607427111111,0.7866984088218422,0.7901949245114909,0.0017482578448243524,0.57639,0.5733202271332701,0.5794553414361808
T-lidbetter-W-20-HS-weighted-D-6-C-5-H-4-RUNS-100000.csv,lidbetter,20,weighted,6,5,4,100000,4.0,145.0,64.06222,359.49972867159994,63.944701739390645,64.17973826060935,0.11751826060935855,1.0,6.0,5.2933,0.64227511,5.288332743148803,5.298267256851197,0.004967256851196922,0.005,0.335,0.13942255,0.0016257263014975002,0.13917264221381012,0.1396724577861899,0.00024990778618988463,0.3333333333333333,111.16666666666667,37.729735,172.1930521075528,37.64840254467149,37.811067455328505,0.08133245532850708,2.0,667.0,226.37841,6198.949875871899,225.89041526802896,226.86640473197104,0.4879947319710425,0.0,1.0,0.78806,0.06858893640000001,0.7864367586190765,0.7896832413809235,0.0016232413809235124,0.5231,0.5199987014566606,0.5261999585291933
T-lidbetter-W-20-HS-weighted-D-6-C-5-H-5-RUNS-100000.csv,lidbetter,20,weighted,6,5,5,100000,2.0,151.0,66.62051,378.59655733989996,66.49991080702273,66.74110919297726,0.12059919297726651,1.0,6.0,5.36139,0.5725672678999999,5.3567000379357985,5.366079962064202,0.0046899620642015805,0.0,0.325,0.14418025,0.0017260585099375001,0.14392274608989813,0.14443775391010188,0.000257503910101875,0.0,110.16666666666667,38.83694833333333,181.13245665399722,38.75353140186963,38.920365264797034,0.08341693146370233,0.0,661.0,233.02169,6520.7684395439,232.5211884112178,233.52219158878222,0.500501588782214,0.0,1.0,0.7886160000000001,0.06219120454399999,0.7870703165544776,0.7901616834455226,0.0015456834455225277,0.49004,0.48693696626932575,0.49314361150166247
T-lidbetter-W-20-HS-weighted-D-7-C-5-H-1-RUNS-100000.csv,lidbetter,20,weighted,7,5,1,100000,1.0,148.0,45.10718,482.1817124476,44.97107896155654,45.243281038443456,0.13610103844345645,0.0,7.0,4.78972,3.0122623216,4.778962720169737,4.800477279830263,0.010757279830262867,0.0025,0.3075,0.10206630000000001,0.00212185440431,0.10178079490583185,0.10235180509416818,0.0002855050941681647,0.14285714285714285,102.42857142857143,31.09440285714286,165.02039667199182,31.014782360042233,31.174023354243488,0.07962049710062757,1.0,717.0,217.66082,8085.9994369276,217.1034765202956,218.2181634797044,0.5573434797044001,0.0,1.0,0.82362,0.14527009559999998,0.8212576503238154,0.8259823496761847,0.0023623496761846496,0.82362,0.821243318715578,0.8259778958829528
T-lidbetter-W-20-HS-weighted-D-7-C-5-H-2-RUNS-100000.csv,lidbetter,20,weighted,7,5,2,100000,2.0,156.0,57.25452,386.1836795696,57.13271838985323,57.37632161014677,0.12180161014676827,0.0,7.0,5.70668,1.4110233775999999,5.6993175361410815,5.714042463858919,0.007362463858918922,0.0,0.3275,0.12683905,0.0017055152700974998,0.12658308305952515,0.12709501694047487,0.000255966940474861,0.0,114.0,35.745227142857146,155.72941426065103,35.66788051281913,35.82257377289516,0.07734663003801501,0.0,798.0,250.21659,7630.741298771901,249.6751635897339,250.7580164102661,0.541426410266098,0.0,1.0,0.82351,0.08693627990000002,0.8216825033163809,0.825337496683619,0.0018274966836190343,0.7067,0.7038672636569192,0.7095207433419122
T-lidbetter-W-20-HS-weighted-D-7-C-5-H-3-RUNS-100000.csv,lidbetter,20,weighted,7,5,3,100000,3.0,160.0,62.9815,342.5957577500001,62.86677790696764,63.09622209303235,0.11472209303235559,1.0,7.0,6.0219,0.9379403899999998,6.015897340754112,6.027902659245887,0.00600265924588772,0.0025,0.31,0.137887475,0.001532331425624375,0.1376448517446291,0.13813009825537093,0.00024262325537091622,0.42857142857142855,112.42857142857143,37.467461428571426,150.19180654749184,37.39150243673814,37.54342042040471,0.07595899183328214,3.0,787.0,262.27223,7359.398520827101,261.74051705716704,262.8039429428329,0.5317129428329395,0.0,1.0,0.8238666666666667,0.06774593777777778,0.8222534314247782,0.8254799019085552,0.0016132352418884999,0.63119,0.6281908280825332,0.6341815611094562
T-lidbetter-W-20-HS-weighted-D-7-C-5-H-4-RUNS-100000.csv,lidbetter,20,weighted,7,5,4,100000,2.0,154.0,66.06715,341.67910087750005,65.9525814862656,66.1817185137344,0.11456851373439747,1.0,7.0,6.16725,0.7553574375000003,6.16186318170726,6.17263681829274,0.005386818292739903,0.0,0.315,0.1436848,0.0015450702489600001,0.14344117032470563,0.14392842967529437,0.00024362967529437118,0.0,100.0,38.24008857142857,160.73554931460407,38.16150856848591,38.31866857437124,0.07858000294266532,0.0,700.0,267.68062,7876.041916415599,267.1305599794013,268.23068002059864,0.5500600205986643,0.0,1.0,0.824675,0.058244894375,0.8231791604824348,0.8261708395175653,0.0014958395175652672,0.58366,0.5805973221609035,0.5867178246465901
T-lidbetter-W-20-HS-weighted-D-7-C-5-H-5-RUNS-100000.csv,lidbetter,20,weighted,7,5,5,100000,4.0,157.0,67.98889,346.81238656790003,67.8734640729195,68.10431592708049,0.11542592708049426,2.0,7.0,6.25269,0.6674177639,6.2476264517561315,6.257753548243869,0.005063548243868787,0.005,0.315,0.1471515,0.0015761027977500002,0.1469054358517005,0.1473975641482995,0.00024606414829950185,0.5714285714285714,114.42857142857143,38.779292857142856,164.09930407137756,38.699894879428015,38.8586908348577,0.0793979777148408,4.0,801.0,271.45505,8040.865899497499,270.89926415599615,272.0108358440039,0.5557858440038785,0.0,1.0,0.823378,0.052469069116,0.8219582634895305,0.8247977365104696,0.0014197365104695603,0.545,0.5419073333273797,0.5480900562387196
T-lidbetter-W-20-HS-weighted-D-8-C-5-H-1-RUNS-100000.csv,lidbetter,20,weighted,8,5,1,100000,1.0,139.0,45.43994,491.8100527964,45.30248682619806,45.57739317380194,0.1374531738019371,0.0,8.0,5.47521,3.7699854559,5.46317555937013,5.487244440629869,0.012034440629869358,0.0025,0.3,0.102864725,0.0021682135381743753,0.10257611784263465,0.10315333215736536,0.00028860715736535314,0.125,100.0,31.055945,160.497340781975,30.97742324604939,31.134466753950612,0.07852175395061067,1.0,800.0,248.44756,10271.8298100464,247.81938596839512,249.0757340316049,0.6281740316048854,0.0,1.0,0.85047,0.1271707791,0.8482597075646182,0.8526802924353817,0.0022102924353817333,0.85047,0.8482445872740197,0.8526750648332836
T-lidbetter-W-20-HS-weighted-D-8-C-5-H-2-RUNS-100000.csv,lidbetter,20,weighted,8,5,2,100000,2.0,151.0,58.12226,388.10929249239996,58.00015510009673,58.24436489990327,0.12210489990327034,0.0,8.0,6.51581,1.6959100438999999,6.507738440036371,6.5238815599636295,0.008071559963629404,0.0,0.3375,0.1284612,0.00169371934456,0.12820611977273685,0.12871628022726314,0.0002550802272631436,0.0,124.875,36.0841725,149.06479686524375,36.00849903545413,36.15984596454587,0.0756734645458721,0.0,999.0,288.67338,9540.1469993756,288.06799228363303,289.278767716367,0.6053877163669767,0.0,1.0,0.85041,0.0758628319,0.8487028542680045,0.8521171457319955,0.0017071457319954852,0.74771,0.7450059041693353,0.7503997217531085
T-lidbetter-W-20-HS-weighted-D-8-C-5-H-3-RUNS-100000.csv,lidbetter,20,weighted,8,5,3,100000,6.0,144.0,63.58823,335.68773546709997,63.474670411916456,63.70178958808355,0.11355958808354671,0.0,8.0,6.87758,1.0977933436,6.871085938937172,6.884074061062828,0.006494061062827683,0.01,0.335,0.13932105,0.0014985137768975,0.13908111895729544,0.13956098104270456,0.0002399310427045609,2.25,101.125,37.19438625,143.30623882956095,37.12018886142819,37.26858363857181,0.07419738857181102,18.0,809.0,297.55509,9171.599285091901,296.9615108914255,298.1486691085745,0.5935791085744881,0.0,1.0,0.8510466666666666,0.05818623782222223,0.8495515805446728,0.8525417527886604,0.0014950861219937828,0.67779,0.6748834307178947,0.6806862542993601
T-lidbetter-W-20-HS-weighted-D-8-C-5-H-4-RUNS-100000.csv,lidbetter,20,weighted,8,5,4,100000,2.0,155.0,67.02973,329.92148612709997,66.91714996708538,67.14231003291462,0.1125800329146216,1.0,8.0,7.05323,0.8571565671,7.047491661679396,7.0589683383206046,0.005738338320604441,0.0,0.3325,0.145835625,0.001488158418359375,0.14559652440652585,0.14607472559347415,0.0002391005934741508,0.0,101.625,38.26941875,157.48786588089845,38.19163665787282,38.34720084212718,0.07778209212717968,0.0,813.0,306.15535,10079.223416377501,305.53309326298256,306.77760673701744,0.6222567370174374,0.0,1.0,0.8522875,0.04915039234375,0.8509133961202742,0.8536616038797258,0.0013741038797258076,0.63082,0.6278202162298614,0.6338121944304552
T-lidbetter-W-20-HS-weighted-D-8-C-5-H-5-RUNS-100000.csv,lidbetter,20,weighted,8,5,5,100000,4.0,150.0,68.41228,325.7896252016,68.30040715145422,68.52415284854577,0.11187284854577229,2.0,8.0,7.1485,0.76254775,7.143087603639422,7.153912396360578,0.005412396360577887,0.005,0.3125,0.148423325,0.001473582283444375,0.14818539825286803,0.14866125174713196,0.00023792674713196682,0.75,105.875,37.903675,154.477676181875,37.82663984952826,37.98071015047174,0.07703515047173681,6.0,847.0,303.2294,9886.57127564,302.6131187962261,303.8456812037739,0.6162812037738945,0.0,1.0,0.8506819999999999,0.04432533487600001,0.8493770854186589,0.851986914581341,0.0013049145813410767,0.59216,0.5891064849452543,0.5952081687337959
T-lidbetter-W-20-HS-weighted-D-9-C-5-H-1-RUNS-100000.csv,lidbetter,20,weighted,9,5,1,100000,1.0,143.0,45.76284,500.24051513439997,45.624213741198126,45.90146625880187,0.13862625880187096,0.0,9.0,6.16827,4.5371952071,6.155067693721325,6.181472306278675,0.013202306278675024,0.0,0.3175,0.10361557499999999,0.002203909429919375,0.10332460183171847,0.1039065481682815,0.00029097316828151365,0.0,95.33333333333333,31.07695111111111,160.29659334131358,30.998478479386414,31.155423742835808,0.0784726317246971,0.0,858.0,279.69256,12984.024060646401,278.98630631447776,280.39881368552227,0.7062536855222561,0.0,1.0,0.87271,0.11108725590000001,0.8706442003914575,0.8747757996085425,0.0020657996085424735,0.87271,0.8706284249121046,0.8747699314456095
T-lidbetter-W-20-HS-weighted-D-9-C-5-H-2-RUNS-100000.csv,lidbetter,20,weighted,9,5,2,100000,2.0,159.0,58.20074,387.4489634524,58.07873901893843,58.32274098106158,0.12200098106157498,0.0,9.0,7.32613,1.9838492231,7.317400077219436,7.334859922780564,0.008729922780563726,0.005,0.345,0.12900375,0.0016913384859375,0.12874884911872303,0.12925865088127697,0.0002549008812769704,0.7777777777777778,94.44444444444444,35.65165222222222,144.65950506028517,35.57710532727417,35.72619911717027,0.07454689494804967,7.0,850.0,320.86487,11717.419909883098,320.1939479454675,321.53579205453246,0.6709220545324683,0.0,1.0,0.874395,0.064205883975,0.8728244799463925,0.8759655200536076,0.0015705200536075825,0.78315,0.7805826340258694,0.7857009332150021
T-lidbetter-W-20-HS-weighted-D-9-C-5-H-3-RUNS-100000.csv,lidbetter,20,weighted,9,5,3,100000,7.0,147.0,64.22588,333.85561822560004,64.1126307287893,64.33912927121071,0.11324927121070516,1.0,9.0,7.7403,1.2513759100000001,7.73336654076535,7.747233459234651,0.006933459234650385,0.0125,0.32,0.140505,0.0014718419749999998,0.14026721379074555,0.14074278620925443,0.00023778620925443694,2.5555555555555554,102.11111111111111,37.263507777777775,144.27242846586543,37.18906068507467,37.33795487048088,0.07444709270310312,23.0,919.0,335.37157,11686.066705735102,334.7015461656721,336.04159383432795,0.6700238343279352,0.0,1.0,0.87331,0.049930755011111126,0.8719250307279558,0.8746949692720443,0.0013849692720442341,0.71766,0.7148587827420927,0.7204485880058897
T-lidbetter-W-20-HS-weighted-D-9-C-5-H-4-RUNS-100000.csv,lidbetter,20,weighted,9,5,4,100000,2.0,155.0,67.44385,306.44910717749997,67.33534862258325,67.55235137741674,0.1085013774167436,3.0,9.0,7.93923,0.9784570070999997,7.933099061704376,7.945360938295624,0.0061309382956240555,0.0,0.3075,0.147233075,0.001389707688544375,0.14700201870693894,0.14746413129306105,0.0002310562930610549,0.0,103.55555555555556,37.76224777777778,136.24201400428518,37.689902265062834,37.83459329049273,0.07234551271494638,0.0,932.0,339.86023,11035.6031343471,339.2091203855655,340.5113396144345,0.6511096144345174,0.0,1.0,0.872265,0.042506269775,0.8709871420815769,0.873542857918423,0.0012778579184230532,0.66864,0.6657127522628445,0.6715574637773658
T-lidbetter-W-20-HS-weighted-D-9-C-5-H-5-RUNS-100000.csv,lidbetter,20,weighted,9,5,5,100000,6.0,159.0,70.29161,311.18789360790004,70.1822729334542,70.40094706654581,0.10933706654580533,3.0,9.0,8.04067,0.8567359511000001,8.034933069784506,8.046406930215495,0.005736930215494596,0.01,0.32,0.152365375,0.0014159035636093751,0.15213215117767556,0.15259859882232443,0.0002332238223244354,3.111111111111111,100.55555555555556,39.21957888888889,149.13864646957902,39.143886681609835,39.295271096167944,0.07569220727905446,28.0,905.0,352.97621,12080.2303640359,352.29498013448847,353.6574398655115,0.6812298655115114,0.0,1.0,0.8733,0.037816709999999996,0.8720946922669459,0.874505307733054,0.0012053077330540507,0.63766,0.6346718335549804,0.6406401802223324
T-partitioned_horizontal_scan_traversal-W-20-HS-greedy-D-1-C-5-H-1-RUNS-100000.csv,partitioned_horizontal_scan_traversal,20,greedy,1,5,1,100000,1.0,402.0,129.81423,9649.3616595071,129.20538693523568,130.42307306476434,0.6088430647643293,0.0,1.0,0.69669,0.21131304390000002,0.693840824348261,0.6995391756517391,0.002849175651739033,0.0,1.0,0.31857294999999997,0.0604381162782975,0.3170492076743599,0.32009669232564003,0.001523742325640065,0.0,401.0,128.42085,9672.2225752775,127.81128613751153,129.03041386248847,0.6095638624884714,0.0,401.0,128.42085,9672.2225752775,127.81128613751153,129.03041386248847,0.6095638624884714,0.0,1.0,0.30331,0.21131304390000002,0.300460824348261,0.30615917565173906,0.002849175651739033,0.30331,0.3004616139220434,0.3061697980294296
T-partitioned_horizontal_scan_traversal-W-20-HS-greedy-D-1-C-5-H-2-RUNS-100000.csv,partitioned_horizontal_scan_traversal,20,greedy,1,5,2,100000,2.0,402.0,152.95951,11329.2933305599,152.29979329368828,153.6192267063117,0.6597167063117126,0.0,1.0,0.82331,0.1454706439,0.8209460202504966,0.8256739797495034,0.00236397974950342,0.0,1.0,0.375801325,0.07116877419074438,0.37414783788807215,0.3774548121119279,0.001653487111927865,0.0,401.0,151.31289,11389.301709847898,150.6514284255412,151.9743515744588,0.6614615744587979,0.0,401.0,151.31289,11389.301709847898,150.6514284255412,151.9743515744588,0.6614615744587979,0.0,1.0,0.30592,0.1477179536,0.3035378302106068,0.30830216978939323,0.002382169789393207,0.17669,0.17433046510629344,0.17906830226418938
T-partitioned_horizontal_scan_traversal-W-20-HS-greedy-D-1-C-5-H-3-RUNS-100000.csv,partitioned_horizontal_scan_traversal,20,greedy,1,5,3,100000,2.0,402.0,160.72607,12512.869912355101,160.03274871044295,161.41939128955704,0.6933212895570477,0.0,1.0,0.86599,0.11605131990000002,0.8638785484837964,0.8681014515162037,0.002111451516203622,0.0,1.0,0.395005025,0.07861981116224936,0.39326713585922923,0.3967429141407708,0.0017378891407707764,0.0,401.0,158.99409,12581.6739550719,158.29886515388327,159.68931484611673,0.6952248461167301,0.0,401.0,158.99409,12581.6739550719,158.29886515388327,159.68931484611673,0.6952248461167301,0.0,1.0,0.30829,0.12656060923333332,0.30608501647074005,0.31049498352925997,0.002204983529259963,0.13401,0.13190422313395625,0.13613702880310138
T-partitioned_horizontal_scan_traversal-W-20-HS-greedy-D-1-C-5-H-4-RUNS-100000.csv,partitioned_horizontal_scan_traversal,20,greedy,1,5,4,100000,2.0,402.0,165.27609,13350.4876843119,164.55993894409033,165.9922410559097,0.7161510559096769,0.0,1.0,0.88243,0.10374729510000001,0.8804336142435487,0.8844263857564514,0.0019963857564513354,0.0,1.0,0.406296425,0.08387912021971937,0.40450134832131446,0.4080915016786856,0.0017950766786855588,0.0,401.0,163.51123,13423.0459538871,162.79313548437932,164.2293245156207,0.7180945156206917,0.0,401.0,163.51123,13423.0459538871,162.79313548437932,164.2293245156207,0.7180945156206917,0.0,1.0,0.3134675,0.11771875144374999,0.31134093385819694,0.3155940661418031,0.0021265661418030657,0.11757,0.11557976224877382,0.11958244830892693
T-partitioned_horizontal_scan_traversal-W-20-HS-greedy-D-1-C-5-H-5-RUNS-100000.csv,partitioned_horizontal_scan_traversal,20,greedy,1,5,5,100000,2.0,402.0,166.60319,13802.168651823902,165.87502510732222,167.3313548926778,0.7281648926777962,0.0,1.0,0.89412,0.0946694256,0.8922129549942779,0.8960270450057222,0.001907045005722141,0.0,1.0,0.409555075,0.08669852560424439,0.4077300789562748,0.4113800710437252,0.0018249960437252133,0.0,401.0,164.81495,13874.0853464975,164.08489050744407,165.54500949255595,0.730059492555938,0.0,401.0,164.81495,13874.0853464975,164.08489050744407,165.54500949255595,0.730059492555938,0.0,1.0,0.315742,0.11131378943600001,0.3136740951339645,0.31780990486603555,0.0020679048660355304,0.10588,0.10397943946768251,0.10780345355775432
T-partitioned_horizontal_scan_traversal-W-20-HS-greedy-D-10-C-5-H-1-RUNS-100000.csv,partitioned_horizontal_scan_traversal,20,greedy,10,5,1,100000,1.0,402.0,80.8656,7173.0104566400005,80.34066346126195,81.39053653873805,0.5249365387380465,0.0,10.0,2.54333,6.0707025111,2.528058716240394,2.5586012837596064,0.015271283759606291,0.0025,1.0,0.6526528500000001,0.0938424268868775,0.6507541529016492,0.654551547098351,0.0018986970983508877,0.2,201.1,51.200509000000004,1220.894051240919,50.9839406138665,51.417077386133506,0.2165683861335026,2.0,2011.0,512.00509,122089.4051240919,509.8394061386649,514.1707738613351,2.165683861335083,0.0,1.0,0.87628,0.1084133616,0.874239213950649,0.8783207860493509,0.0020407860493509844,0.87628,0.8742233330924261,0.8783148150970619
T-partitioned_horizontal_scan_traversal-W-20-HS-greedy-D-10-C-5-H-2-RUNS-100000.csv,partitioned_horizontal_scan_traversal,20,greedy,10,5,2,100000,2.0,402.0,117.13364,8901.210440350398,116.5488760302853,117.7184039697147,0.5847639697147002,0.0,10.0,3.40685,6.962863077499999,3.390495020697499,3.423204979302501,0.01635497930250107,0.0025,1.0,0.8185389,0.04014212481179,0.8172970868631836,0.8197807131368163,0.001241813136816372,0.4,217.5,68.66059200000001,1208.397921809536,68.44513477787869,68.87604922212132,0.2154572221213158,4.0,2175.0,686.60592,120839.79218095359,684.4513477787868,688.7604922212131,2.1545722212131295,0.0,1.0,0.879275,0.05928297437500001,0.8777658894196946,0.8807841105803055,0.0015091105803054505,0.78554,0.7829828057369291,0.7880806226264141
T-partitioned_horizontal_scan_traversal-W-20-HS-greedy-D-10-C-5-H-3-RUNS-100000.csv,partitioned_horizontal_scan_traversal,20,greedy,10,5,3,100000,7.0,402.0,140.45322,9514.6923516316,139.8486404590128,141.05779954098716,0.6045795409871744,0.0,10.0,3.90016,7.1665919744,3.8835674776694877,3.9167525223305124,0.016592522330512338,0.0175,1.0,0.8817819,0.01849847483239,0.8809389068747843,0.8826248931252157,0.0008429931252157408,1.0,215.5,78.46466099999999,1122.4327294550792,78.25700894550799,78.672313054492,0.20765205449200153,10.0,2155.0,784.64661,112243.2729455079,782.57008945508,786.72313054492,2.0765205449199584,0.0,1.0,0.8825033333333333,0.04258008887777778,0.881224366291409,0.8837823003752576,0.001278967041924317,0.71799,0.7151897630592552,0.7207775885305557
T-partitioned_horizontal_scan_traversal-W-20-HS-greedy-D-10-C-5-H-4-RUNS-100000.csv,partitioned_horizontal_scan_traversal,20,greedy,10,5,4,100000,13.0,402.0,155.00666,9574.740055644399,154.40017569354382,155.6131443064562,0.6064843064561956,0.0,10.0,4.18727,7.1996799471,4.170639218152841,4.2039007818471585,0.016630781847158715,0.1025,1.0,0.9110642749999999,0.010192537631224375,0.910438530223241,0.9116900197767588,0.0006257447767589186,4.5,221.6,84.358028,1043.335490551216,84.15782616133458,84.55822983866543,0.2002018386654214,45.0,2216.0,843.58028,104333.5490551216,841.5782616133458,845.5822983866542,2.0020183866541856,0.0,1.0,0.8873075,0.033811025443750004,0.8861678139232898,0.8884471860767102,0.0011396860767102224,0.67267,0.6697517049685396,0.6755782771930363
T-partitioned_horizontal_scan_traversal-W-20-HS-greedy-D-10-C-5-H-5-RUNS-100000.csv,partitioned_horizontal_scan_traversal,20,greedy,10,5,5,100000,2.0,402.0,166.76407,9524.5221470351,166.15917823877285,167.36896176122715,0.6048917612271509,0.0,10.0,4.4187,7.135970309999999,4.402142964171418,4.435257035828583,0.016557035828582478,0.0,1.0,0.9272141749999999,0.0064099017415693745,0.9267179464384437,0.9277104035615561,0.0004962285615561779,0.0,212.7,88.74201399999998,972.466110023804,88.54873115522923,88.93529684477073,0.1932828447707493,0.0,2127.0,887.42014,97246.61100238039,885.4873115522925,889.3529684477074,1.932828447707493,0.0,1.0,0.8898360000000001,0.028858293103999996,0.8887830896581935,0.8908889103418066,0.0010529103418065455,0.63207,0.6290722908891652,0.6350600472424948
T-partitioned_horizontal_scan_traversal-W-20-HS-greedy-D-5-C-5-H-1-RUNS-100000.csv,partitioned_horizontal_scan_traversal,20,greedy,5,5,1,100000,1.0,402.0,115.93086,8231.5320196604,115.36852332676298,116.49319667323701,0.562336673237013,0.0,5.0,1.84231,2.5452638639,1.8324216808002782,1.8521983191997216,0.009888319199721662,0.0,1.0,0.6128188999999999,0.08002702192779,0.6110655266585869,0.614572273341413,0.0017533733414130115,0.0,239.6,71.670974,1720.973855891324,71.4138496494458,71.92809835055421,0.2571243505542071,0.0,1198.0,358.35487,43024.34639728311,357.069248247229,359.640491752771,1.2856217527710214,0.0,1.0,0.72868,0.19770545760000005,0.7259240876539408,0.7314359123460592,0.0027559123460592083,0.72868,0.7259125325380186,0.7314341984104129
T-partitioned_horizontal_scan_traversal-W-20-HS-greedy-D-5-C-5-H-2-RUNS-100000.csv,partitioned_horizontal_scan_traversal,20,greedy,5,5,2,100000,2.0,402.0,159.53192,7930.417261113601,158.97996446782108,160.08387553217895,0.5519555321789369,0.0,5.0,2.38896,2.5221301184000002,2.37911672053488,2.39880327946512,0.00984327946511998,0.0,1.0,0.7630422,0.03751030664416,0.7618417850967094,0.7642426149032906,0.001200414903290592,0.0,244.0,93.036564,1378.0539894739038,92.8064785331412,93.2666494668588,0.23008546685879594,0.0,1220.0,465.18282,34451.3497368476,464.032392665706,466.33324733429396,1.1504273342939655,0.0,1.0,0.73489,0.11539668789999998,0.7327845121319831,0.7369954878680169,0.0021054878680168976,0.57603,0.5729598934749738,0.5790956959794727
T-partitioned_horizontal_scan_traversal-W-20-HS-greedy-D-5-C-5-H-3-RUNS-100000.csv,partitioned_horizontal_scan_traversal,20,greedy,5,5,3,100000,2.0,402.0,181.83598,7205.817557439599,181.30984438317998,182.36211561682003,0.526135616820028,0.0,5.0,2.64622,2.3936797116000004,2.636630651753074,2.655809348246926,0.009589348246926033,0.0,1.0,0.81789955,0.022189640859797497,0.8169762747196692,0.8188228252803309,0.0009232752803308708,0.0,248.2,102.984008,1173.099236255936,102.77172097670369,103.19629502329632,0.21228702329631233,0.0,1241.0,514.92004,29327.480906398403,513.8586048835184,515.9814751164815,1.0614351164815616,0.0,1.0,0.73941,0.0880628519,0.7375707005359131,0.7412492994640869,0.0018392994640868965,0.48282,0.4797183906251251,0.48592260597306564
T-partitioned_horizontal_scan_traversal-W-20-HS-greedy-D-5-C-5-H-4-RUNS-100000.csv,partitioned_horizontal_scan_traversal,20,greedy,5,5,4,100000,2.0,402.0,195.23597,6725.6127281591,194.72766778815654,195.74427221184348,0.5083022118434712,0.0,5.0,2.79156,2.2862327664,2.7821883449725235,2.8009316550274765,0.0093716550274765,0.0,1.0,0.84463205,0.0164347734877975,0.8438374694450483,0.8454266305549516,0.0007945805549516294,0.0,245.2,108.68739600000002,1072.205389939184,108.48444319203742,108.89034880796262,0.2029528079626033,0.0,1226.0,543.43698,26805.134748479606,542.4222159601869,544.451744039813,1.0147640398130306,0.0,1.0,0.7452175,0.07370650269375001,0.7435347911697257,0.7469002088302743,0.0016827088302743265,0.4223,0.41923596275998704,0.42536854466827534
T-partitioned_horizontal_scan_traversal-W-20-HS-greedy-D-5-C-5-H-5-RUNS-100000.csv,partitioned_horizontal_scan_traversal,20,greedy,5,5,5,100000,2.0,402.0,203.58069,6347.0684291239,203.0868995780868,204.07448042191322,0.49379042191321787,0.0,5.0,2.88497,2.2140980990999997,2.8757473760471854,2.8941926239528146,0.00922262395281459,0.0,1.0,0.857584025,0.014862555002299375,0.856828406106001,0.858339643893999,0.0007556188939989994,0.0,247.2,112.099666,1021.3964118884439,111.9015802494799,112.29775175052009,0.19808575052009303,0.0,1236.0,560.49833,25534.910297211103,559.5079012473996,561.4887587526005,0.9904287526004509,0.0,1.0,0.7493120000000001,0.06567552665599999,0.7477236074062069,0.7509003925937933,0.0015883925937931753,0.38324,0.3802251275746853,0.38626164598318435
T-partitioned_horizontal_scan_traversal-W-20-HS-random-D-1-C-5-H-1-RUNS-100000.csv,partitioned_horizontal_scan_traversal,20,random,1,5,1,100000,1.0,402.0,128.23982,9539.4114463676,127.63445562202286,128.84518437797715,0.6053643779771392,0.0,1.0,0.68441,0.21599295190000004,0.6815294470599916,0.6872905529400083,0.0028805529400083296,0.0,1.0,0.3146985,0.059761420472749995,0.3131833119823332,0.3162136880176668,0.001515188017666813,0.0,401.0,126.871,9563.942599000002,126.26485775688937,127.47714224311062,0.6061422431106251,0.0,401.0,126.871,9563.942599000002,126.26485775688937,127.47714224311062,0.6061422431106251,0.0,1.0,0.31559,0.21599295189999998,0.3127094470599917,0.31847055294000826,0.002880552940008274,0.31559,0.31270988165416547,0.31848081754154567
T-partitioned_horizontal_scan_traversal-W-20-HS-random-D-1-C-5-H-2-RUNS-100000.csv,partitioned_horizontal_scan_traversal,20,random,1,5,2,100000,2.0,402.0,152.11248,11246.5488682496,151.45517685736132,152.7697831426387,0.657303142638682,0.0,1.0,0.81331,0.15183684390000002,0.8108948469623516,0.8157251530376484,0.0024151530376483876,0.0,1.0,0.37373177500000004,0.07067289416784939,0.372084058427785,0.37537949157221506,0.0016477165722150189,0.0,401.0,150.48586,11309.712660060399,149.8267136417844,151.1450063582156,0.6591463582155939,0.0,401.0,150.48586,11309.712660060399,149.8267136417844,151.1450063582156,0.6591463582155939,0.0,1.0,0.31747,0.15129279909999999,0.31505917769833075,0.3198808223016692,0.0024108223016692243,0.18669,0.18427900349258194,0.1891191823252876
T-partitioned_horizontal_scan_traversal-W-20-HS-random-D-1-C-5-H-3-RUNS-100000.csv,partitioned_horizontal_scan_traversal,20,random,1,5,3,100000,2.0,402.0,160.4933,12469.127355110002,159.80119162953054,161.18540837046947,0.6921083704694695,0.0,1.0,0.85967,0.1206374911,0.8575172320473173,0.8618227679526828,0.0021527679526827104,0.0,1.0,0.39445392500000004,0.07836214061459437,0.3927188860973093,0.39618896390269076,0.001735038902690722,0.0,401.0,158.77396,12540.3450459184,158.0798779477295,159.46804205227048,0.6940820522704882,0.0,401.0,158.77396,12540.3450459184,158.0798779477295,159.46804205227048,0.6940820522704882,0.0,1.0,0.31565666666666664,0.12925086878888886,0.31342837104548127,0.317884962287852,0.002228295621185372,0.14033,0.13818272467346635,0.1424981590278322
T-partitioned_horizontal_scan_traversal-W-20-HS-random-D-1-C-5-H-4-RUNS-100000.csv,partitioned_horizontal_scan_traversal,20,random,1,5,4,100000,2.0,402.0,164.61158,13193.627569903598,163.89964854492484,165.32351145507516,0.7119314550751596,0.0,1.0,0.88293,0.10336461509999997,0.8809372995574644,0.8849227004425356,0.001992700442535633,0.0,1.0,0.40463212499999995,0.08289017135548438,0.40284766182503884,0.40641658817496107,0.001784463174961115,0.0,401.0,162.84572,13264.737037681598,162.13187258070118,163.55956741929882,0.7138474192988156,0.0,401.0,162.84572,13264.737037681598,162.13187258070118,163.55956741929882,0.7138474192988156,0.0,1.0,0.31571,0.1175546959,0.3135849161904305,0.3178350838095695,0.0021250838095694946,0.11707,0.1150834619559891,0.11907877777637889
T-partitioned_horizontal_scan_traversal-W-20-HS-random-D-1-C-5-H-5-RUNS-100000.csv,partitioned_horizontal_scan_traversal,20,random,1,5,5,100000,2.0,402.0,167.01453,13791.518978879101,166.28664608542803,167.74241391457198,0.7278839145719758,0.0,1.0,0.89269,0.09579456390000003,0.8907716559310743,0.8946083440689256,0.0019183440689256592,0.0,1.0,0.4105917,0.08663457151611001,0.4087673771943094,0.4124160228056906,0.0018243228056906147,0.0,401.0,165.22915,13864.0064802775,164.4993557324517,165.9589442675483,0.7297942675483,0.0,401.0,165.22915,13864.0064802775,164.4993557324517,165.9589442675483,0.7297942675483,0.0,1.0,0.31750600000000007,0.111955939964,0.31543213901390266,0.3195798609860975,0.002073860986097409,0.10731,0.10539809925105355,0.10924471024618972
T-partitioned_horizontal_scan_traversal-W-20-HS-random-D-10-C-5-H-1-RUNS-100000.csv,partitioned_horizontal_scan_traversal,20,random,10,5,1,100000,1.0,402.0,75.26623,6532.631191587099,74.76527335531304,75.76718664468694,0.5009566446869513,0.0,10.0,2.40417,5.7990566111,2.3892442987175806,2.4190957012824197,0.014925701282419546,0.0,1.0,0.63570335,0.0943878435487775,0.6337991432366022,0.6376075567633978,0.0019042067633977533,0.0,205.1,48.64627900000001,1126.1644799541589,48.438282041700326,48.85427595829969,0.207996958299681,0.0,2051.0,486.46279,112616.4479954159,484.3828204170032,488.5427595829968,2.079969582996796,0.0,1.0,0.89042,0.09757222359999997,0.8884839383941058,0.8923560616058942,0.0019360616058942126,0.89042,0.8884676394521951,0.8923496836171397
T-partitioned_horizontal_scan_traversal-W-20-HS-random-D-10-C-5-H-2-RUNS-100000.csv,partitioned_horizontal_scan_traversal,20,random,10,5,2,100000,2.0,402.0,111.73509,8580.999572691899,111.16094047279952,112.30923952720048,0.5741495272004755,0.0,10.0,3.28334,6.804578444399999,3.2671719857273667,3.299508014272633,0.016168014272633258,0.005,1.0,0.80809345,0.042326670692097494,0.8068182945658243,0.8093686054341757,0.0012751554341756677,1.0,211.9,66.338779,1173.426321489159,66.12646238367823,66.55109561632177,0.2123166163217718,10.0,2119.0,663.38779,117342.6321489159,661.2646238367822,665.5109561632178,2.1231661632177747,0.0,1.0,0.889745,0.054846334974999994,0.888293457095226,0.891196542904774,0.0014515429047740058,0.80324,0.8007622292314549,0.8057001704102085
T-partitioned_horizontal_scan_traversal-W-20-HS-random-D-10-C-5-H-3-RUNS-100000.csv,partitioned_horizontal_scan_traversal,20,random,10,5,3,100000,7.0,402.0,135.02472,9249.6677489216,134.42861997798812,135.62082002201188,0.596100022011882,0.0,10.0,3.79276,7.1136315824,3.776228899889315,3.8092911001106846,0.016531100110684704,0.025,1.0,0.8760716000000001,0.01959775617344,0.8752039206806898,0.8769392793193104,0.0008676793193103105,2.5,206.2,76.449673,1102.762530893071,76.24384849857515,76.65549750142486,0.20582450142485698,25.0,2062.0,764.49673,110276.2530893071,762.4384849857514,766.5549750142485,2.0582450142485413,0.0,1.0,0.8911466666666668,0.03994206293333334,0.8899079518933445,0.892385381439989,0.0012387147733222692,0.73724,0.7345002216308463,0.7399660122892585
T-partitioned_horizontal_scan_traversal-W-20-HS-random-D-10-C-5-H-4-RUNS-100000.csv,partitioned_horizontal_scan_traversal,20,random,10,5,4,100000,6.0,402.0,152.70252,9513.8308056496,152.0979678316722,153.30707216832778,0.6045521683277855,0.0,10.0,4.14087,7.175065643099998,4.1242676711951205,4.157472328804879,0.016602328804879107,0.01,1.0,0.9087881999999999,0.010512538040760001,0.9081527083309957,0.9094236916690042,0.0006354916690042289,2.0,222.6,83.571625,1044.142483759375,83.37134575081002,83.77190424918997,0.20027924918997542,20.0,2226.0,835.71625,104414.2483759375,833.7134575081002,837.7190424918997,2.002792491899754,0.0,1.0,0.8899625,0.03324112359375,0.8888324597334707,0.8910925402665293,0.0011300402665292975,0.67947,0.6765673647075968,0.6823622228068901
T-partitioned_horizontal_scan_traversal-W-20-HS-random-D-10-C-5-H-5-RUNS-100000.csv,partitioned_horizontal_scan_traversal,20,random,10,5,5,100000,17.0,402.0,165.99543,9505.5438291151,165.3911411851612,166.5997188148388,0.6042888148388101,0.0,10.0,4.40394,7.1613124764,4.3873535905002505,4.42052640949975,0.016586409499749877,0.1075,1.0,0.92677265,0.006530333211977501,0.9262717814736666,0.9272735185263333,0.0005008685263333534,5.7,207.2,88.53768699999999,979.0258357900311,88.34375336055673,88.73162063944325,0.1939336394432587,57.0,2072.0,885.37687,97902.58357900311,883.4375336055674,887.3162063944327,1.9393363944326438,0.0,1.0,0.8915179999999999,0.028340855676,0.8904745718464363,0.8925614281535635,0.0010434281535636192,0.63668,0.6336901292080258,0.6396619414333422
T-partitioned_horizontal_scan_traversal-W-20-HS-random-D-5-C-5-H-1-RUNS-100000.csv,partitioned_horizontal_scan_traversal,20,random,5,5,1,100000,1.0,402.0,110.64148,7913.8138634096,110.0901025672221,111.1928574327779,0.5513774327778975,0.0,5.0,1.7733,2.50204711,1.7634959884854333,1.7831040115145669,0.00980401151456678,0.0,1.0,0.598283,0.080966747036,0.5965193621249999,0.6000466378750001,0.0017636378750001125,0.0,234.8,69.141338,1662.5196351697562,68.88861808724147,69.39405791275854,0.2527199127585362,0.0,1174.0,345.70669,41562.9908792439,344.4430904362073,346.9702895637927,1.2635995637926953,0.0,1.0,0.74901,0.18799401990000006,0.7463226261390572,0.7516973738609427,0.0026873738609427544,0.74901,0.7463104776509997,0.7516950727743926
T-partitioned_horizontal_scan_traversal-W-20-HS-random-D-5-C-5-H-2-RUNS-100000.csv,partitioned_horizontal_scan_traversal,20,random,5,5,2,100000,2.0,402.0,154.84341,7900.931389571901,154.29248152890617,155.39433847109385,0.5509284710938402,0.0,5.0,2.33423,2.5099403071,2.324410536326379,2.3440494636736204,0.009819463673620632,0.0,1.0,0.7538017749999999,0.038857654694349375,0.7525799911964004,0.7550235588035994,0.0012217838035994966,0.0,238.0,91.07622199999999,1375.800011406716,90.84632477679318,91.30611922320679,0.22989722320680528,0.0,1190.0,455.38111,34395.0002851679,454.23162388396594,456.530596116034,1.1494861160340406,0.0,1.0,0.75155,0.11068759749999997,0.7494879198013754,0.7536120801986247,0.0020620801986246384,0.59948,0.5964351313450943,0.6025190976547486
T-partitioned_horizontal_scan_traversal-W-20-HS-random-D-5-C-5-H-3-RUNS-100000.csv,partitioned_horizontal_scan_traversal,20,random,5,5,3,100000,2.0,402.0,179.01163,7263.352914743099,178.4833980759621,179.5398619240379,0.5282319240378968,0.0,5.0,2.60703,2.4095245791000006,2.59740896594795,2.61665103405205,0.00962103405205017,0.0,1.0,0.8142826500000001,0.0225934652839775,0.8133510113563462,0.815214288643654,0.0009316386436538648,0.0,243.2,101.89692600000002,1167.622488150524,101.6851350995704,102.10871690042964,0.21179090042961946,0.0,1216.0,509.48463,29190.562203763104,508.42567549785184,510.5435845021481,1.05895450214814,0.0,1.0,0.74894,0.08615332084444444,0.747120751261218,0.7507592487387821,0.001819248738782031,0.49768,0.4945761631415301,0.5007839714396201
T-partitioned_horizontal_scan_traversal-W-20-HS-random-D-5-C-5-H-4-RUNS-100000.csv,partitioned_horizontal_scan_traversal,20,random,5,5,4,100000,2.0,402.0,193.6387,6749.48152231,193.1294966200416,194.1479033799584,0.509203379958393,0.0,5.0,2.7652,2.3002689599999995,2.755799620626413,2.774600379373587,0.009400379373587064,0.0,1.0,0.84236865,0.0168624519971775,0.8415637972458123,0.8431735027541878,0.0008048527541877348,0.0,247.2,108.04340600000002,1072.047093119164,107.84046817422752,108.24634382577251,0.2029378257724943,0.0,1236.0,540.21703,26801.177327979098,539.2023408711376,541.2317191288624,1.0146891288624147,0.0,1.0,0.74989,0.0733462379,0.7482114086038686,0.7515685913961313,0.001678591396131357,0.43198,0.4289068447996256,0.4350571010611607
T-partitioned_horizontal_scan_traversal-W-20-HS-random-D-5-C-5-H-5-RUNS-100000.csv,partitioned_horizontal_scan_traversal,20,random,5,5,5,100000,2.0,402.0,203.51535,6358.2429243775,203.02112509149896,204.00957490850107,0.49422490850105305,0.0,5.0,2.87578,2.2087693916,2.8665684808555967,2.884991519144403,0.009211519144403102,0.0,1.0,0.8576625750000001,0.014767399756869377,0.8569093788575114,0.8584157711424888,0.000753196142488699,0.0,246.2,112.059314,1024.619202249404,111.86091598772767,112.25771201227234,0.19839801227233522,0.0,1231.0,560.29657,25615.480056235105,559.3045799386383,561.2885600613616,0.9919900613616619,0.0,1.0,0.7495560000000001,0.06557300286399999,0.7479688476827906,0.7511431523172096,0.001587152317209517,0.38348,0.3804647637696863,0.38650199586327133
T-partitioned_horizontal_scan_traversal-W-20-HS-weighted-D-1-C-5-H-1-RUNS-100000.csv,partitioned_horizontal_scan_traversal,20,weighted,1,5,1,100000,1.0,402.0,128.09505,9473.2684554975,127.49178796656311,128.69831203343685,0.603262033436863,0.0,1.0,0.68633,0.2152811311,0.6834541975150686,0.6892058024849314,0.0028758024849313557,0.0,1.0,0.31432757499999997,0.05934055090711938,0.31281773176189615,0.3158374182381038,0.0015098432381038251,0.0,401.0,126.72239,9496.6614826879,126.118383586525,127.32639641347501,0.6040064134750054,0.0,401.0,126.72239,9496.6614826879,126.118383586525,127.32639641347501,0.6040064134750054,0.0,1.0,0.31367,0.2152811311,0.3107941975150686,0.3165458024849314,0.0028758024849314112,0.31367,0.31079468761615225,0.3165561230160852
T-partitioned_horizontal_scan_traversal-W-20-HS-weighted-D-1-C-5-H-2-RUNS-100000.csv,partitioned_horizontal_scan_traversal,20,weighted,1,5,2,100000,2.0,402.0,152.74394,11276.6124532764,152.0857589124526,153.4021210875474,0.6581810875474048,0.0,1.0,0.81357,0.15167385509999998,0.8111561435797625,0.8159838564202375,0.0024138564202375035,0.0,1.0,0.375309325,0.07086428925554437,0.3736593787778337,0.3769592712221664,0.0016499462221663541,0.0,401.0,151.1168,11340.36857776,150.45676091079147,151.77683908920855,0.6600390892085386,0.0,401.0,151.1168,11340.36857776,150.45676091079147,151.77683908920855,0.6600390892085386,0.0,1.0,0.31611,0.15134446790000003,0.3136987660671668,0.3185212339328332,0.002411233932833212,0.18643,0.1840203076072608,0.18885789332875083
T-partitioned_horizontal_scan_traversal-W-20-HS-weighted-D-1-C-5-H-3-RUNS-100000.csv,partitioned_horizontal_scan_traversal,20,weighted,1,5,3,100000,2.0,402.0,160.30428,12466.5754536816,159.6122424557666,160.99631754423342,0.6920375442334148,0.0,1.0,0.86036,0.12014067039999998,0.8582116694867674,0.8625083305132326,0.002148330513232599,0.0,1.0,0.39397705,0.0783427279482975,0.3922422260213607,0.3957118739786393,0.0017348239786392772,0.0,401.0,158.58356,12537.1261777264,157.88956703228092,159.2775529677191,0.6939929677190833,0.0,401.0,158.58356,12537.1261777264,157.88956703228092,159.2775529677191,0.6939929677190833,0.0,1.0,0.31515666666666664,0.1286618310111111,0.31293345437358194,0.31737987895975134,0.0022232122930846976,0.13964,0.1374971819873224,0.1418037419101418
T-partitioned_horizontal_scan_traversal-W-20-HS-weighted-D-1-C-5-H-4-RUNS-100000.csv,partitioned_horizontal_scan_traversal,20,weighted,1,5,4,100000,2.0,402.0,164.46483,13229.680643071099,163.75192649209433,165.17773350790569,0.7129035079056791,0.0,1.0,0.88206,0.10403015640000002,0.8800608945780019,0.8840591054219981,0.001999105421998104,0.0,1.0,0.404270025,0.08312190157399939,0.40248306921686855,0.4060569807831314,0.0017869557831314276,0.0,401.0,162.70071,13301.8668354959,161.98586420099687,163.4155557990031,0.7148457990031147,0.0,401.0,162.70071,13301.8668354959,161.98586420099687,163.4155557990031,0.7148457990031147,0.0,1.0,0.315515,0.118149034775,0.31338455091121226,0.3176454490887877,0.0021304490887877336,0.11794,0.11594703193202445,0.11995515703739802
T-partitioned_horizontal_scan_traversal-W-20-HS-weighted-D-1-C-5-H-5-RUNS-100000.csv,partitioned_horizontal_scan_traversal,20,weighted,1,5,5,100000,2.0,402.0,167.3354,13785.92852684,166.60766362583206,168.06313637416793,0.7277363741679324,0.0,1.0,0.89374,0.09496881239999999,0.8918299419126219,0.8956500580873781,0.001910058087378097,0.0,1.0,0.41138784999999994,0.0865955664973775,0.4095639379180828,0.41321176208191707,0.0018239120819171228,0.0,401.0,165.54792,13857.668243673601,164.81829257230217,166.27754742769784,0.7296274276978352,0.0,401.0,165.54792,13857.668243673601,164.81829257230217,166.27754742769784,0.7296274276978352,0.0,1.0,0.31658800000000004,0.11136723825599998,0.3145195987273156,0.31865640127268446,0.002068401272684428,0.10626,0.10435641545050871,0.10818645537761515
T-partitioned_horizontal_scan_traversal-W-20-HS-weighted-D-10-C-5-H-1-RUNS-100000.csv,partitioned_horizontal_scan_traversal,20,weighted,10,5,1,100000,1.0,401.0,75.67309,6556.1166398519,75.17123366912776,76.17494633087225,0.5018563308722435,0.0,10.0,2.41281,5.8457179039,2.3978243702502624,2.4277956297497374,0.014985629749737495,0.0025,1.0,0.638012925,0.09400783672044437,0.636112555284536,0.6399132947154639,0.0019003697154639232,0.3,222.8,48.853014,1128.846105915804,48.64476954748118,49.06125845251882,0.2082444525188194,3.0,2228.0,488.53014,112884.6105915804,486.44769547481184,490.6125845251882,2.08244452518818,0.0,1.0,0.88974,0.0981027324,0.8877986822599382,0.8916813177400618,0.0019413177400617876,0.88974,0.8877824034520546,0.8916749593225788
T-partitioned_horizontal_scan_traversal-W-20-HS-weighted-D-10-C-5-H-2-RUNS-100000.csv,partitioned_horizontal_scan_traversal,20,weighted,10,5,2,100000,2.0,402.0,112.27038,8615.563674655603,111.69507530323004,112.84568469676996,0.5753046967699618,0.0,10.0,3.30465,6.8210183775,3.288462466463663,3.3208375335363374,0.016187533536337284,0.005,1.0,0.8089010500000001,0.041774935558897504,0.8076342327580782,0.810167867241922,0.0012668172419219026,0.9,214.9,66.575486,1179.557586263804,66.36261541905019,66.78835658094981,0.21287058094981148,9.0,2149.0,665.75486,117955.75862638041,663.6261541905019,667.8835658094981,2.128705809498115,0.0,1.0,0.88859,0.055482811900000005,0.8871300590073737,0.8900499409926262,0.0014599409926262519,0.80156,0.799074370560351,0.8040281267402729
T-partitioned_horizontal_scan_traversal-W-20-HS-weighted-D-10-C-5-H-3-RUNS-100000.csv,partitioned_horizontal_scan_traversal,20,weighted,10,5,3,100000,5.0,402.0,136.03866,9375.7973254044,135.4385094938328,136.63881050616718,0.6001505061671821,0.0,10.0,3.81269,7.172444963899999,3.796090703456677,3.829289296543323,0.01659929654332304,0.02,1.0,0.876208375,0.019783876017359377,0.8753365852426142,0.8770801647573859,0.0008717897573858879,2.1,214.6,76.73251,1118.1229130999,76.52525699078265,76.93976300921736,0.20725300921735368,21.0,2146.0,767.3251,111812.29130999,765.2525699078266,769.3976300921735,2.0725300921734515,0.0,1.0,0.88899,0.04086011323333334,0.8877371304497388,0.8902428695502611,0.0012528695502611598,0.73336,0.7306075084265862,0.7360989507872506
T-partitioned_horizontal_scan_traversal-W-20-HS-weighted-D-10-C-5-H-4-RUNS-100000.csv,partitioned_horizontal_scan_traversal,20,weighted,10,5,4,100000,3.0,402.0,152.77176,9599.0788265024,152.16450534814552,153.37901465185448,0.6072546518544755,0.0,10.0,4.13589,7.196763907899999,4.11926258642224,4.15251741357776,0.01662741357776021,0.0025,1.0,0.908876275,0.010569538179624374,0.9082390628071565,0.9095134871928435,0.000637212192843517,0.1,210.1,83.54737,1050.9647854831,83.34643751581908,83.74830248418093,0.20093248418092458,1.0,2101.0,835.4737,105096.47854831001,833.4643751581907,837.4830248418093,2.0093248418093026,0.0,1.0,0.890485,0.03295396477500001,0.8893598513383573,0.8916101486616427,0.0011251486616427053,0.68012,0.6772188983211901,0.6830106514688761
T-partitioned_horizontal_scan_traversal-W-20-HS-weighted-D-10-C-5-H-5-RUNS-100000.csv,partitioned_horizontal_scan_traversal,20,weighted,10,5,5,100000,15.0,402.0,165.93715,9569.5432198775,165.33083030517324,166.54346969482677,0.606319694826766,0.0,10.0,4.39429,7.117725395899999,4.377754143844092,4.410825856155908,0.016535856155908135,0.13,1.0,0.926556725,0.006678792794774375,0.9260501951351311,0.9270632548648688,0.0005065298648688765,6.0,210.2,88.59184200000001,983.7066894470361,88.39744530202961,88.78623869797042,0.19439669797040438,60.0,2102.0,885.91842,98370.6689447036,883.9744530202959,887.8623869797041,1.9439669797041006,0.0,1.0,0.8913260000000001,0.028183961724,0.8902854640450282,0.892366535954972,0.0010405359549718884,0.63542,0.6324279575552585,0.6384041861966122
T-partitioned_horizontal_scan_traversal-W-20-HS-weighted-D-5-C-5-H-1-RUNS-100000.csv,partitioned_horizontal_scan_traversal,20,weighted,5,5,1,100000,1.0,402.0,111.7741,8007.7082691900005,111.21946126995205,112.32873873004796,0.5546387300479552,0.0,5.0,1.79082,2.5095237276,1.7810013512375948,1.8006386487624053,0.009818648762405235,0.0,1.0,0.6009986,0.08080269879804,0.5992367497007335,0.6027604502992666,0.0017618502992665652,0.0,235.8,69.65244799999999,1677.167186807296,69.39861724014534,69.90627875985464,0.253830759854651,0.0,1179.0,348.26224,41929.17967018239,346.9930862007268,349.53139379927325,1.2691537992732265,0.0,1.0,0.74648,0.18924760960000003,0.743783680996174,0.7491763190038261,0.002696319003826053,0.74648,0.7437716063796328,0.7491740909734712
T-partitioned_horizontal_scan_traversal-W-20-HS-weighted-D-5-C-5-H-2-RUNS-100000.csv,partitioned_horizontal_scan_traversal,20,weighted,5,5,2,100000,2.0,402.0,154.86437,7881.8165745031,154.31410836629644,155.41463163370358,0.5502616337035704,0.0,5.0,2.33213,2.5362796630999997,2.3222591479831953,2.3420008520168043,0.009870852016804488,0.0,1.0,0.75441875,0.038986497773437497,0.7531949422951443,0.7556425577048558,0.0012238077048557505,0.0,248.0,91.07916800000001,1371.6192204277759,90.84962034923453,91.30871565076549,0.22954765076548256,0.0,1240.0,455.39584,34290.480510694404,454.2481017461726,456.54357825382743,1.1477382538274128,0.0,1.0,0.74873,0.1118283871,0.7466573207390352,0.7508026792609648,0.0020726792609647715,0.59612,0.5930710752678725,0.5991633486672336
T-partitioned_horizontal_scan_traversal-W-20-HS-weighted-D-5-C-5-H-3-RUNS-100000.csv,partitioned_horizontal_scan_traversal,20,weighted,5,5,3,100000,2.0,402.0,178.81626,7256.8747996124,178.2882636910149,179.3442563089851,0.5279963089851094,0.0,5.0,2.61186,2.4216673403999995,2.6022147538886347,2.6215052461113655,0.009645246111365413,0.0,1.0,0.814366625,0.022700781273609374,0.8134327763969561,0.8153004736030439,0.0009338486030439075,0.0,245.2,101.85714399999999,1176.444024163264,101.64455455145595,102.06973344854403,0.21258944854403694,0.0,1226.0,509.28572,29411.100604081603,508.22277275727987,510.3486672427202,1.0629472427201563,0.0,1.0,0.74809,0.08643579634444445,0.746267771267824,0.7499122287321761,0.0018222287321760788,0.49638,0.4932762487077916,0.4994839612852956
T-partitioned_horizontal_scan_traversal-W-20-HS-weighted-D-5-C-5-H-4-RUNS-100000.csv,partitioned_horizontal_scan_traversal,20,weighted,5,5,4,100000,2.0,402.0,193.72201,6754.1733715599,193.21262966641632,194.2313903335837,0.5093803335836924,0.0,5.0,2.76867,2.3055564311000003,2.7592588228229866,2.7780811771770137,0.009411177177013563,0.0,1.0,0.8423316500000001,0.0169996026582775,0.8415235307416474,0.8431397692583528,0.0008081192583526686,0.0,247.8,108.093664,1076.692648655104,107.89028694920337,108.29704105079664,0.20337705079663237,0.0,1239.0,540.46832,26917.316216377603,539.4514347460168,541.485205253983,1.016885253983105,0.0,1.0,0.7492725,0.07323009574375,0.7475952381366966,0.7509497618633034,0.0016772618633034142,0.43033,0.42725831426997013,0.4334057273118797
T-partitioned_horizontal_scan_traversal-W-20-HS-weighted-D-5-C-5-H-5-RUNS-100000.csv,partitioned_horizontal_scan_traversal,20,weighted,5,5,5,100000,2.0,402.0,203.44424,6351.869070822399,202.95026287277173,203.93821712722828,0.4939771272282769,0.0,5.0,2.88328,2.2074164416,2.874071302479693,2.892488697520307,0.009208697520306952,0.0,1.0,0.8575892999999999,0.014776639400510001,0.856835868265063,0.8583427317349368,0.0007534317349369157,0.0,245.6,112.029804,1028.117956521584,111.83106754280672,112.22854045719328,0.19873645719327726,0.0,1228.0,560.14902,25702.9489130396,559.1553377140336,561.1427022859663,0.9936822859663152,0.0,1.0,0.748808,0.065784979136,0.7472182843781077,0.7503977156218924,0.0015897156218923625,0.38208,0.37906689691835016,0.3850999439427276
T-random_walk-W-20-HS-greedy-D-1-C-5-H-1-RUNS-100000.csv,random_walk,20,greedy,1,5,1,100000,1.0,4001.0,330.39068,129765.2175291376,328.1579550736825,332.62340492631745,2.2327249263174735,0.0,1.0,0.82527,0.14419942710000003,0.822916371908845,0.8276236280911549,0.0023536280911549134,0.0,0.95,0.229505975,0.03223797537679938,0.2283931164905411,0.23061883350945891,0.0011128585094589138,0.0,4001.0,329.56541,129760.5357015319,327.33272535153077,331.7980946484692,2.232684648469217,0.0,4001.0,329.56541,129760.5357015319,327.33272535153077,331.7980946484692,2.232684648469217,0.0,1.0,0.17471,0.1441864159,0.17235647809587112,0.17706352190412888,0.00235352190412888,0.17471,0.17236098003220457,0.1770779025064611
T-random_walk-W-20-HS-greedy-D-1-C-5-H-2-RUNS-100000.csv,random_walk,20,greedy,1,5,2,100000,1.0,4001.0,360.74543,146117.5224441151,358.3762000106969,363.1146599893031,2.3692299893031077,0.0,1.0,0.96471,0.0340446159,0.9635663838211994,0.9658536161788005,0.001143616178800544,0.0,0.9625,0.24658225000000003,0.0349648898599375,0.2454232801087348,0.24774121989126527,0.001158969891265238,0.0,4001.0,359.78072,146134.3567962816,357.41135353389853,362.1500864661014,2.3693664661014395,0.0,4001.0,359.78072,146134.3567962816,357.41135353389853,362.1500864661014,2.3693664661014395,0.0,1.0,0.180875,0.075341734375,0.17917372751513758,0.18257627248486244,0.0017012724848624317,0.03524,0.03410568180827727,0.0364013768014494
T-random_walk-W-20-HS-greedy-D-1-C-5-H-3-RUNS-100000.csv,random_walk,20,greedy,1,5,3,100000,1.0,4001.0,364.0134,150338.50472044,361.61019297659556,366.4166070234044,2.403207023404434,0.0,1.0,0.99008,0.009821593600000003,0.9894657473323317,0.9906942526676682,0.0006142526676682358,0.0,0.9875,0.24784175,0.0356275239569375,0.24667184959384156,0.24901165040615844,0.0011699004061584417,0.0,4001.0,363.02332,150348.1976361776,360.6200355057315,365.42660449426853,2.4032844942685188,0.0,4001.0,363.02332,150348.1976361776,360.6200355057315,365.42660449426853,2.4032844942685188,0.0,1.0,0.18252666666666664,0.05172179373333333,0.1811170765035129,0.18393625682982037,0.0014095901631537289,0.00981,0.009208390042468949,0.010440291577873254
T-random_walk-W-20-HS-greedy-D-1-C-5-H-4-RUNS-100000.csv,random_walk,20,greedy,1,5,4,100000,1.0,4001.0,366.17143,151365.9502017551,363.7600249442388,368.58283505576117,2.411405055761179,0.0,1.0,0.9961,0.003884790000000001,0.995713686535777,0.996486313464223,0.0003863134642230204,0.0,0.9875,0.24901717499999998,0.03599210011751937,0.2478413040384933,0.25019304596150665,0.0011758709615066754,0.0,4001.0,365.17533,151371.6427093911,362.7638796011064,367.58678039889355,2.411450398893578,0.0,4001.0,365.17533,151371.6427093911,362.7638796011064,367.58678039889355,2.411450398893578,0.0,1.0,0.185195,0.040624061975,0.18394575464186108,0.18644424535813892,0.0012492453581389174,0.00379,0.003418613087613524,0.004190606886409416
T-random_walk-W-20-HS-greedy-D-1-C-5-H-5-RUNS-100000.csv,random_walk,20,greedy,1,5,5,100000,1.0,4001.0,366.99536,153915.1698984704,364.5637339664949,369.4269860335051,2.431626033505097,0.0,1.0,0.99832,0.0016771776000000006,0.9980661684521546,0.9985738315478454,0.00025383154784541784,0.0,0.9825,0.24902487499999998,0.03621237581873437,0.2478454112958308,0.25020433870416914,0.0011794637041691591,0.0,4001.0,365.99704,153918.86977123842,363.56538474048403,368.428695259516,2.431655259515992,0.0,4001.0,365.99704,153918.86977123842,363.56538474048403,368.428695259516,2.431655259515992,0.0,1.0,0.18715,0.0334544775,0.18601633902438164,0.18828366097561838,0.0011336609756183724,0.00154,0.001306526487717363,0.0018031052131854408
T-random_walk-W-20-HS-greedy-D-10-C-5-H-1-RUNS-100000.csv,random_walk,20,greedy,10,5,1,100000,1.0,4001.0,418.7688,206358.06930655998,415.9532269516703,421.5843730483297,2.8155730483297248,0.0,10.0,4.98164,14.0405229104,4.958415428354306,5.004864571645693,0.02322457164569336,0.0025,1.0,0.5494689500000001,0.08311964748589751,0.5476820184462414,0.5512558815537587,0.0017869315537586417,0.1,1425.3,200.080676,24462.89761518302,199.1112603642767,201.05009163572333,0.9694156357233226,1.0,14253.0,2000.80676,2446289.761518303,1991.1126036427665,2010.5009163572333,9.694156357233396,0.0,1.0,0.76719,0.17860950390000002,0.7645705606130658,0.7698094393869342,0.002619439386934208,0.76719,0.7645578810423623,0.7698066134438063
T-random_walk-W-20-HS-greedy-D-10-C-5-H-2-RUNS-100000.csv,random_walk,20,greedy,10,5,2,100000,2.0,4001.0,623.16217,246846.55513089112,620.0827451735253,626.2415948264746,3.0794248264746784,0.0,10.0,7.07777,9.8574418271,7.058310208499836,7.0972297915001645,0.019459791500164414,0.005,1.0,0.69841375,0.0493658554359375,0.697036637549099,0.6997908624509012,0.001377112450901108,0.5,1637.9,267.269146,24845.910438830684,266.29217082354046,268.2461211764595,0.9769751764595185,5.0,16379.0,2672.69146,2484591.0438830685,2662.921708235405,2682.461211764595,9.769751764595185,0.0,1.0,0.77003,0.08959879909999997,0.7681747298131469,0.771885270186853,0.001855270186853053,0.59506,0.5920098264263807,0.5981046590066659
T-random_walk-W-20-HS-greedy-D-10-C-5-H-3-RUNS-100000.csv,random_walk,20,greedy,10,5,3,100000,3.0,4001.0,741.02565,252641.3354920775,737.9102897408544,744.1410102591457,3.115360259145632,0.0,10.0,8.05275,6.7745674375,8.036617678943221,8.068882321056778,0.01613232105677831,0.005,1.0,0.7566929250000001,0.035740549192444376,0.7555211703593961,0.757864679640604,0.001171754640603928,0.4,1511.4,299.333746,24926.212330607483,298.3551933070434,300.31229869295663,0.9785526929566117,4.0,15114.0,2993.33746,2492621.2330607483,2983.551933070434,3003.122986929566,9.785526929566004,0.0,1.0,0.7750966666666665,0.06066404621111111,0.7735700789688102,0.7766232543645228,0.0015265876978562964,0.47615,0.4730502817052244,0.4792511018163273
T-random_walk-W-20-HS-greedy-D-10-C-5-H-4-RUNS-100000.csv,random_walk,20,greedy,10,5,4,100000,2.0,4001.0,823.45378,257590.52274371163,820.3080531330069,826.5995068669932,3.1457268669931864,0.0,10.0,8.59047,4.9531551791,8.576675783481463,8.604264216518537,0.013794216518537183,0.0025,1.0,0.7866891500000001,0.0300578247722775,0.7856145796689133,0.7877637203310868,0.0010745703310867105,0.2,1720.4,319.849534,25613.49543558285,318.8575823677853,320.8414856322147,0.9919516322146933,2.0,17204.0,3198.49534,2561349.5435582846,3188.5758236778534,3208.4148563221465,9.919516322146592,0.0,1.0,0.77794,0.046554356399999997,0.7766026772433469,0.7792773227566531,0.0013373227566531032,0.38605,0.38303091663936895,0.38907569388286223
T-random_walk-W-20-HS-greedy-D-10-C-5-H-5-RUNS-100000.csv,random_walk,20,greedy,10,5,5,100000,5.0,4001.0,872.54163,258541.7929269431,869.3900999720483,875.6931600279518,3.151530027951708,0.0,10.0,8.93637,3.6886612230999996,8.924466067475553,8.948273932524447,0.011903932524447214,0.01,1.0,0.79996375,0.028155980185937495,0.798923730704591,0.801003769295409,0.0010400192954089782,0.6,1790.7,330.00419,26033.8656468439,329.00413151036594,331.00424848963405,1.000058489634057,6.0,17907.0,3300.0419,2603386.56468439,3290.0413151036596,3310.0424848963407,10.00058489634057,0.0,1.0,0.7800260000000001,0.038507039324,0.7788097408077755,0.7812422591922247,0.001216259192224567,0.31868,0.3157922664196341,0.3215782534359337
T-random_walk-W-20-HS-greedy-D-5-C-5-H-1-RUNS-100000.csv,random_walk,20,greedy,5,5,1,100000,1.0,4001.0,482.56536,207790.18950807038,479.74003383827244,485.39068616172756,2.82532616172756,0.0,5.0,3.10228,3.8816188016,3.0900686827949535,3.1144913172050464,0.012211317205046424,0.0,0.9975,0.48955707499999995,0.06768653712994437,0.48794454716756297,0.49116960283243694,0.001612527832436983,0.0,1852.6,248.93176200000002,37030.495463975356,247.73904932976293,250.1244746702371,1.1927126702370856,0.0,9263.0,1244.65881,925762.3865993839,1238.6952466488144,1250.6223733511854,5.963563351185485,0.0,1.0,0.56816,0.2453542144,0.5650898978029404,0.5712301021970596,0.00307010219705961,0.56816,0.5650830141515102,0.571233031865705
T-random_walk-W-20-HS-greedy-D-5-C-5-H-2-RUNS-100000.csv,random_walk,20,greedy,5,5,2,100000,1.0,4001.0,658.27025,225264.9682949375,655.328519383166,661.211980616834,2.941730616833979,0.0,5.0,4.17658,1.9208795036,4.167989743484022,4.1851702565159785,0.008590256515978112,0.0,1.0,0.59504415,0.05054653955077751,0.5936506666440238,0.5964376333559762,0.0013934833559762216,0.0,1927.6,315.26139200000006,38438.474371022334,314.04621611501994,316.47656788498017,1.2151758849801126,0.0,9638.0,1576.30696,960961.8592755585,1570.2310805750994,1582.3828394249003,6.0758794249004495,0.0,1.0,0.571655,0.123098060975,0.569480388515064,0.573829611484936,0.0021746114849360287,0.32812,0.32520990284228185,0.33104006914913864
T-random_walk-W-20-HS-greedy-D-5-C-5-H-3-RUNS-100000.csv,random_walk,20,greedy,5,5,3,100000,1.0,4001.0,737.49731,230270.2348527639,734.523077100225,740.4715428997749,2.974232899774961,0.0,5.0,4.58173,0.9771602071000001,4.575603125877256,4.587856874122744,0.0061268741227440415,0.0,1.0,0.629746025,0.046443629059199375,0.6284102935696825,0.6310817564303175,0.0013357314303175105,0.0,2363.2,340.80409799999995,39323.49635240639,339.5750123903396,342.0331836096603,1.2290856096603306,0.0,11816.0,1704.02049,983087.4088101599,1697.8750619516986,1710.1659180483016,6.145428048301483,0.0,1.0,0.5734466666666667,0.08234780937777778,0.5716680510687769,0.5752252822645564,0.0017786155978897211,0.19445,0.19200088333292456,0.1969168513125227
T-random_walk-W-20-HS-greedy-D-5-C-5-H-4-RUNS-100000.csv,random_walk,20,greedy,5,5,4,100000,1.0,4001.0,772.52863,237008.2077803231,769.5111961051005,775.5460638948996,3.0174338948995683,0.0,5.0,4.75627,0.5474856870999999,4.751683911235526,4.7608560887644735,0.00458608876447375,0.0,1.0,0.642451125,0.04601802579873438,0.6411215278884342,0.6437807221115658,0.0013295971115657723,0.0,2380.4,350.8487840000001,40419.547282521344,349.60268716250897,352.0948808374912,1.246096837491109,0.0,11902.0,1754.24392,1010488.6820630336,1748.0134358125445,1760.4744041874553,6.230484187455431,0.0,1.0,0.57872,0.0627856616,0.5771669468856393,0.5802730531143607,0.001553053114360714,0.12493,0.12288661111026851,0.12699517013820674
T-random_walk-W-20-HS-greedy-D-5-C-5-H-5-RUNS-100000.csv,random_walk,20,greedy,5,5,5,100000,1.0,4001.0,786.90689,241585.24902052787,783.860459477836,789.953320522164,3.0464305221639734,0.0,5.0,4.84822,0.3285028316,4.844667569173264,4.8517724308267365,0.003552430826736064,0.0,1.0,0.645858175,0.04695698347316937,0.6445150817504058,0.6472012682495941,0.0013430932495941406,0.0,2288.8,355.77478800000006,41943.663710755056,354.50541501103567,357.04416098896445,1.2693729889643919,0.0,11444.0,1778.87394,1048591.5927688763,1772.527075055178,1785.2208049448218,6.346864944821846,0.0,1.0,0.58172,0.0515010416,0.5803134211667647,0.5831265788332354,0.0014065788332353613,0.08353,0.08182223683488465,0.08526196379395438
T-random_walk-W-20-HS-random-D-1-C-5-H-1-RUNS-100000.csv,random_walk,20,random,1,5,1,100000,1.0,4001.0,326.92741,129348.98110069189,324.69826880708194,329.1565511929181,2.229141192918064,0.0,1.0,0.81544,0.1504976064,0.8130355216683317,0.8178444783316684,0.002404478331668347,0.0,0.965,0.227341325,0.032014275009744374,0.22623233429274664,0.22845031570725338,0.0011089907072533711,0.0,4001.0,326.11197,129345.3029127191,323.88286050141204,328.34107949858793,2.2291094985879454,0.0,4001.0,326.11197,129345.3029127191,323.88286050141204,328.34107949858793,2.2291094985879454,0.0,1.0,0.18448,0.15044712959999998,0.18207592493238803,0.18688407506761198,0.002404075067611977,0.18448,0.18208014518797536,0.18689816913767757
T-random_walk-W-20-HS-random-D-1-C-5-H-2-RUNS-100000.csv,random_walk,20,random,1,5,2,100000,1.0,4001.0,358.35187,144152.86539750313,355.99862193039274,360.7051180696073,2.3532480696072753,0.0,1.0,0.96158,0.0369439036,0.9603886826616314,0.9627713173383686,0.001191317338368636,0.0,0.985,0.24553067500000006,0.034839940321544374,0.24437377779307437,0.24668757220692575,0.0011568972069256889,0.0,4001.0,357.39029,144169.7393037159,355.03690420394116,359.7436757960588,2.3533857960588307,0.0,4001.0,357.39029,144169.7393037159,355.03690420394116,359.7436757960588,2.3533857960588307,0.0,1.0,0.186545,0.07763846297499999,0.18481799125837545,0.18827200874162453,0.0017270087416245417,0.03833,0.03714845119557742,0.03953842139440457
T-random_walk-W-20-HS-random-D-1-C-5-H-3-RUNS-100000.csv,random_walk,20,random,1,5,3,100000,1.0,4001.0,364.02778,150668.5459082716,361.6219365180561,366.4336234819439,2.4058434819439185,0.0,1.0,0.98919,0.0106931439,0.9885490726905004,0.9898309273094996,0.000640927309499606,0.0,0.98,0.24761927500000003,0.03587959446097438,0.24644524327095146,0.2487933067290486,0.0011740317290485636,0.0,4001.0,363.03859,150678.84670081188,360.63266427902306,365.44451572097694,2.4059257209769385,0.0,4001.0,363.03859,150678.84670081188,360.63266427902306,365.44451572097694,2.4059257209769385,0.0,1.0,0.18708333333333332,0.053303159722222215,0.18565235667947455,0.1885143099871921,0.0014309766538587732,0.01072,0.010090951030747851,0.011377664251842728
T-random_walk-W-20-HS-random-D-1-C-5-H-4-RUNS-100000.csv,random_walk,20,random,1,5,4,100000,1.0,4001.0,364.86593,150617.12597523513,362.46049708439733,367.27136291560265,2.4054329156026597,0.0,1.0,0.99616,0.0038252544000000007,0.9957766581512144,0.9965433418487857,0.0003833418487856344,0.0,0.965,0.24834330000000002,0.035877367095110003,0.24716930471281792,0.2495172952871821,0.0011739952871820947,0.0,4001.0,363.86977,150622.37235014708,361.46429519111024,366.2752448088898,2.405474808889778,0.0,4001.0,363.86977,150622.37235014708,361.46429519111024,366.2752448088898,2.405474808889778,0.0,1.0,0.186955,0.04064657797500001,0.1857054084909509,0.1882045915090491,0.0012495915090491028,0.00377,0.003399616249121333,0.00416960620277205
T-random_walk-W-20-HS-random-D-1-C-5-H-5-RUNS-100000.csv,random_walk,20,random,1,5,5,100000,1.0,4001.0,365.63576,153753.19866922242,363.20541375304737,368.06610624695264,2.430346246952638,0.0,1.0,0.99845,0.0015475975000000006,0.9982061711551927,0.9986938288448072,0.00024382884480722566,0.0,0.9875,0.24858675000000002,0.0360815814744375,0.2474094182566405,0.24976408174335954,0.0011773317433595165,0.0,4001.0,364.63731,153756.64676596387,362.20693650151026,367.06768349848977,2.4303734984897574,0.0,4001.0,364.63731,153756.64676596387,362.20693650151026,367.06768349848977,2.4303734984897574,0.0,1.0,0.18780800000000003,0.033472155136000006,0.18667403954579337,0.1889419604542067,0.0011339604542066617,0.00141,0.0011870050000752715,0.0016626689743609285
T-random_walk-W-20-HS-random-D-10-C-5-H-1-RUNS-100000.csv,random_walk,20,random,10,5,1,100000,1.0,4001.0,400.93046,195760.5314041884,398.18813679249445,403.6727832075055,2.7423232075055353,0.0,10.0,4.86161,13.9822982079,4.838433633417753,4.884786366582246,0.023176366582246644,0.0025,1.0,0.538547,0.082337877166,0.5367684916673771,0.5403255083326229,0.0017785083326229412,0.3,1482.0,193.548135,23424.441890921775,192.59951844960588,194.49675155039412,0.9486165503941208,3.0,14820.0,1935.48135,2342444.189092178,1925.9951844960588,1944.9675155039413,9.486165503941265,0.0,1.0,0.77939,0.17194122790000002,0.776819923306396,0.781960076693604,0.0025700766936039843,0.77939,0.7768068870674947,0.7819568986459672
T-random_walk-W-20-HS-random-D-10-C-5-H-2-RUNS-100000.csv,random_walk,20,random,10,5,2,100000,2.0,4001.0,604.99111,240030.71449096795,601.9544967668264,608.0277232331737,3.0366132331736253,0.0,10.0,6.94674,10.129343372400001,6.927013650743381,6.96646634925662,0.019726349256619535,0.005,1.0,0.690243825,0.050288941236869375,0.6888538969563389,0.6916337530436611,0.001389928043661115,0.7,1475.7,262.42126,24527.8028486124,261.45055918397463,263.3919608160254,0.9707008160253849,7.0,14757.0,2624.2126,2452780.28486124,2614.505591839746,2633.9196081602536,9.707008160253736,0.0,1.0,0.77955,0.08860679749999999,0.7777050287989348,0.7813949712010652,0.001844971201065193,0.61306,0.610033046171813,0.6160803949430838
T-random_walk-W-20-HS-random-D-10-C-5-H-3-RUNS-100000.csv,random_walk,20,random,10,5,3,100000,6.0,4001.0,732.46606,251559.2724880764,729.357378444758,735.574741555242,3.108681555242015,0.0,10.0,7.98516,6.984519774400001,7.968779605876128,8.00154039412387,0.016380394123870268,0.0125,1.0,0.7540675750000001,0.035922905021119375,0.7528928348928737,0.7552423151071265,0.0011747401071263708,2.0,1685.5,296.928138,24679.084220652956,295.9544482653203,297.90182773467967,0.9736897346796809,20.0,16855.0,2969.28138,2467908.4220652953,2959.544482653203,2979.018277346797,9.736897346796923,0.0,1.0,0.7791066666666666,0.060750579733333344,0.7775789905651858,0.7806343427681475,0.001527676101480857,0.4863,0.4831976233371976,0.4894031713885831
T-random_walk-W-20-HS-random-D-10-C-5-H-4-RUNS-100000.csv,random_walk,20,random,10,5,4,100000,6.0,4001.0,811.15212,252676.8230595056,808.0365409471345,814.2676990528654,3.115579052865428,0.0,10.0,8.55373,5.0524530871,8.539798200482563,8.567661799517436,0.013931799517436616,0.01,1.0,0.7834919,0.030097131759390005,0.7824166272840489,0.7845671727159511,0.0010752727159510922,2.0,1641.8,316.668296,25201.431224856387,315.6843558687247,317.6522361312753,0.9839401312752898,20.0,16418.0,3166.68296,2520143.1224856386,3156.843558687247,3176.522361312753,9.839401312753125,0.0,1.0,0.780585,0.046623307775000004,0.7792466872594627,0.7819233127405373,0.0013383127405373063,0.39343,0.3904003611457599,0.396465821198209
T-random_walk-W-20-HS-random-D-10-C-5-H-5-RUNS-100000.csv,random_walk,20,random,10,5,5,100000,3.0,4001.0,873.93641,258212.17804631186,870.7868895552613,877.0859304447388,3.149520444738755,0.0,10.0,8.94908,3.6617871536,8.937219510326607,8.960940489673394,0.011860489673393815,0.005,1.0,0.799770475,0.028538228380774373,0.7987234198049525,0.8008175301950474,0.0010470551950474416,0.5,1527.5,329.84878199999997,26110.09981131647,328.84726036051757,330.8503036394824,1.0015216394824051,5.0,15275.0,3298.48782,2611009.9811316477,3288.4726036051757,3308.503036394824,10.015216394824165,0.0,1.0,0.7789419999999998,0.038440960636,0.7777267848158482,0.7801572151841514,0.0012152151841515746,0.31542,0.312540304881876,0.31831040418051954
T-random_walk-W-20-HS-random-D-5-C-5-H-1-RUNS-100000.csv,random_walk,20,random,5,5,1,100000,1.0,4001.0,468.15914,199586.27565446042,465.3901498653946,470.92813013460534,2.7689901346053603,0.0,5.0,3.04517,3.9296496711000004,3.03288336409895,3.05745663590105,0.012286635901050058,0.0,0.9975,0.480879075,0.06732571916464437,0.47927085087773685,0.4824872991222631,0.0016082241222631355,0.0,2134.4,242.77975800000002,35863.751537061435,241.60598550115378,243.95353049884625,1.1737724988462332,0.0,10672.0,1213.89879,896593.7884265359,1208.0299275057687,1219.7676524942312,5.86886249423128,0.0,1.0,0.58145,0.24336589749999998,0.578392362951827,0.584507637048173,0.0030576370481729676,0.58145,0.5783850932575993,0.5845101817616701
T-random_walk-W-20-HS-random-D-5-C-5-H-2-RUNS-100000.csv,random_walk,20,random,5,5,2,100000,1.0,4001.0,650.27685,223298.1095640775,647.3479901233562,653.2057098766437,2.9288598766437417,0.0,5.0,4.12709,2.0314981319000003,4.11825585984744,4.13592414015256,0.00883414015256001,0.0,1.0,0.5915717,0.050131292759110005,0.5901839522770208,0.5929594477229793,0.0013877477229792268,0.0,2086.4,312.62488,38019.386878585596,311.41634668795285,313.8334133120472,1.208533312047166,0.0,10432.0,1563.1244,950484.67196464,1557.081733439764,1569.1670665602358,6.04266656023583,0.0,1.0,0.581925,0.12360079437499998,0.579745952474885,0.584104047525115,0.0021790475251149966,0.34255,0.3396082865849732,0.3455008479980541
T-random_walk-W-20-HS-random-D-5-C-5-H-3-RUNS-100000.csv,random_walk,20,random,5,5,3,100000,1.0,4001.0,727.87278,226452.76839507156,724.923303851484,730.8222561485161,2.949476148516055,0.0,5.0,4.54848,1.0518096895999998,4.542123403344896,4.554836596655103,0.006356596655103353,0.0,1.0,0.6278049,0.04631155753599,0.626471069128299,0.629138730871701,0.001333830871701025,0.0,2559.0,338.44348,38979.942124689594,337.2197751921881,339.66718480781196,1.2237048078119415,0.0,12795.0,1692.2174,974498.55311724,1686.0988759609402,1698.3359240390598,6.118524039059821,0.0,1.0,0.5822133333333332,0.08323652337777777,0.5804251459040964,0.5840015207625701,0.0017881874292368094,0.20692,0.20441275174194545,0.2094442580701979
T-random_walk-W-20-HS-random-D-5-C-5-H-4-RUNS-100000.csv,random_walk,20,random,5,5,4,100000,1.0,4001.0,768.2928,234312.93028816,765.2925724203071,771.293027579693,3.0002275796929325,0.0,5.0,4.74974,0.5642099324000001,4.745084391687107,4.754395608312893,0.004655608312893023,0.0,1.0,0.6412684,0.04629989341144001,0.639934737109576,0.6426020628904239,0.0013336628904239145,0.0,2050.8,350.2516959999999,40729.69527312359,349.00082751226336,351.5025644877365,1.2508684877365681,0.0,10254.0,1751.25848,1018242.3818280896,1745.0041375613173,1757.5128224386826,6.25434243868267,0.0,1.0,0.582025,0.06318814937499999,0.580466976910829,0.583583023089171,0.0015580230891709679,0.12793,0.12586562284742026,0.13001598348135818
T-random_walk-W-20-HS-random-D-5-C-5-H-5-RUNS-100000.csv,random_walk,20,random,5,5,5,100000,1.0,4001.0,793.82954,247952.0777633884,790.743227148172,796.9158528518279,3.0863128518279836,0.0,5.0,4.84704,0.33394323840000006,4.843458273677907,4.8506217263220925,0.0035817263220927487,0.0,1.0,0.647868575,0.04705121171496938,0.6465241348379837,0.6492130151620162,0.0013444401620162916,0.0,2202.8,357.907534,42348.02710643884,356.6320569091352,359.1830110908648,1.275477090864797,0.0,11014.0,1789.53767,1058700.6776609712,1783.160284545676,1795.915055454324,6.377385454323985,0.0,1.0,0.581172,0.051587106415999985,0.5797642463709594,0.5825797536290407,0.0014077536290406645,0.08364,0.0819312078655473,0.08537298631571054
T-random_walk-W-20-HS-weighted-D-1-C-5-H-1-RUNS-100000.csv,random_walk,20,weighted,1,5,1,100000,1.0,4001.0,323.5098,126108.79968396,321.30875578221173,325.71084421778824,2.201044217788251,0.0,1.0,0.81048,0.15360216959999998,0.8080508476895523,0.8129091523104477,0.002429152310447713,0.0,0.95,0.225657625,0.031482641216859376,0.2245578808729473,0.2267573691270527,0.0010997441270526875,0.0,4001.0,322.69932,126107.3430515376,320.4982884939402,324.9003515060598,2.201031506059792,0.0,4001.0,322.69932,126107.3430515376,320.4982884939402,324.9003515060598,2.201031506059792,0.0,1.0,0.18947,0.15357111910000001,0.18704109322711931,0.19189890677288068,0.0024289067728806846,0.18947,0.18704516959097478,0.19191285458500598
T-random_walk-W-20-HS-weighted-D-1-C-5-H-2-RUNS-100000.csv,random_walk,20,weighted,1,5,2,100000,1.0,4001.0,356.85082,141808.1702453276,354.5167885803005,359.1848514196995,2.3340314196994996,0.0,1.0,0.96122,0.03727611160000001,0.9600233383505662,0.9624166616494337,0.0011966616494337723,0.0,0.9825,0.24546852500000002,0.03450954604682437,0.24431712640657774,0.2466199235934223,0.0011513985934222815,0.0,4001.0,355.8896,141826.65685184003,353.5554164490297,358.22378355097027,2.3341835509702946,0.0,4001.0,355.8896,141826.65685184003,353.5554164490297,358.22378355097027,2.3341835509702946,0.0,1.0,0.18755,0.07793499749999999,0.1858196963087481,0.1892803036912519,0.0017303036912519054,0.03867,0.037483386608795126,0.03988346556387961
T-random_walk-W-20-HS-weighted-D-1-C-5-H-3-RUNS-100000.csv,random_walk,20,weighted,1,5,3,100000,1.0,4001.0,365.02579,149185.2530848759,362.63181826196535,367.4197617380346,2.3939717380346224,0.0,1.0,0.9891,0.010781190000000001,0.988456439439493,0.9897435605605069,0.0006435605605069616,0.0,0.9725,0.24854245,0.0357364386729975,0.24737076274306585,0.24971413725693414,0.0011716872569341452,0.0,4001.0,364.03669,149195.5543038439,361.6426356117004,366.4307443882996,2.394054388299594,0.0,4001.0,364.03669,149195.5543038439,361.6426356117004,366.4307443882996,2.394054388299594,0.0,1.0,0.18674333333333332,0.05315026078888888,0.1853144105158005,0.18817225615086614,0.0014289228175328184,0.01088,0.01024625251364824,0.011542351282404823
T-random_walk-W-20-HS-weighted-D-1-C-5-H-4-RUNS-100000.csv,random_walk,20,weighted,1,5,4,100000,1.0,4001.0,365.41949,151114.6617181399,363.01008740919787,367.8288925908021,2.409402590802131,0.0,1.0,0.99603,0.0039542391,0.9956402487341065,0.9964197512658934,0.00038975126589346765,0.0,0.985,0.24852529999999998,0.03602863800991,0.24734883233882576,0.2497017676611742,0.001176467661174213,0.0,4001.0,364.42346,151120.4559216284,362.01401121766713,366.8329087823328,2.409448782332845,0.0,4001.0,364.42346,151120.4559216284,362.01401121766713,366.8329087823328,2.409448782332845,0.0,1.0,0.18732,0.04089621760000001,0.1860665770485101,0.18857342295148988,0.001253422951489891,0.00393,0.003551664653971609,0.004337538255478282
T-random_walk-W-20-HS-weighted-D-1-C-5-H-5-RUNS-100000.csv,random_walk,20,weighted,1,5,5,100000,1.0,4001.0,367.85067,153548.3039505511,365.42194365795064,370.2793963420493,2.4287263420493446,0.0,1.0,0.99812,0.0018764656000000003,0.9978515110756668,0.9983884889243332,0.0002684889243331767,0.0,0.975,0.24987787500000003,0.03624281352298438,0.24869791571074512,0.25105783428925493,0.001179959289254906,0.0,4001.0,366.85255,153551.8525284975,364.4237955935738,369.2813044064262,2.428754406426208,0.0,4001.0,366.85255,153551.8525284975,364.4237955935738,369.2813044064262,2.428754406426208,0.0,1.0,0.187736,0.033600794303999995,0.18659986263419318,0.1888721373658068,0.0011361373658068108,0.00181,0.0015560992449296788,0.002093456892921633
T-random_walk-W-20-HS-weighted-D-10-C-5-H-1-RUNS-100000.csv,random_walk,20,weighted,10,5,1,100000,1.0,4001.0,402.78649,197230.33136347993,400.03389115351706,405.53908884648297,2.752598846482954,0.0,10.0,4.87705,13.9547332975,4.853896489804853,4.900203510195146,0.023153510195146332,0.0025,1.0,0.539991225,0.08249531548549938,0.5382110171358192,0.5417714328641807,0.0017802078641807606,0.2,1487.2,194.26354600000002,23373.484792705884,193.31596181281844,195.2111301871816,0.947584187181576,2.0,14872.0,1942.63546,2337348.4792705886,1933.159618128184,1952.1113018718158,9.475841871815874,0.0,1.0,0.77838,0.17250457560000002,0.7758057164537974,0.7809542835462026,0.0025742835462025937,0.77838,0.7757927097508531,0.780951134644717
T-random_walk-W-20-HS-weighted-D-10-C-5-H-2-RUNS-100000.csv,random_walk,20,weighted,10,5,2,100000,2.0,4001.0,608.16008,241751.17589439361,605.1126034745516,611.2075565254484,3.04747652544836,0.0,10.0,6.96195,10.057902197499999,6.942293337749781,6.981606662250218,0.01965666225021856,0.005,1.0,0.6923202749999999,0.04988040676142438,0.6909360041789007,0.6937045458210992,0.001384270821099265,0.4,1492.0,263.056556,24289.488019218865,262.0905824125007,264.0225295874993,0.9659735874993203,4.0,14920.0,2630.56556,2428948.8019218864,2620.905824125007,2640.225295874993,9.659735874993203,0.0,1.0,0.779895,0.088111288975,0.7780551947719219,0.7817348052280781,0.0018398052280781396,0.6128,0.6097726801038756,0.6158207760965098
T-random_walk-W-20-HS-weighted-D-10-C-5-H-3-RUNS-100000.csv,random_walk,20,weighted,10,5,3,100000,3.0,4001.0,734.42366,251428.9647322044,731.3157836979004,737.5315363020997,3.107876302099612,0.0,10.0,7.98816,6.9735998144,7.9717924158633595,8.004527584136639,0.0163675841366393,0.01,1.0,0.7549953,0.03563641847791,0.753825253568337,0.7561653464316631,0.0011700464316630743,0.9,1392.5,298.12742199999997,24646.851362833913,297.1543683314109,299.100475668589,0.9730536685890456,9.0,13925.0,2981.27422,2464685.1362833916,2971.5436833141093,2991.0047566858902,9.730536685890456,0.0,1.0,0.77989,0.06028825456666667,0.778368147974528,0.7814118520254719,0.001521852025471948,0.48587,0.48276771000634994,0.4889731096635195
T-random_walk-W-20-HS-weighted-D-10-C-5-H-4-RUNS-100000.csv,random_walk,20,weighted,10,5,4,100000,9.0,4001.0,818.9462,257076.17630556,815.8036153330492,822.0887846669508,3.1425846669508246,0.0,10.0,8.57104,5.041793318400001,8.557122905040215,8.584957094959785,0.013917094959785103,0.01,1.0,0.784942225,0.030127368974549373,0.7838664122809237,0.7860180377190763,0.0010758127190763078,1.6,1725.9,317.88897799999995,25368.590165715512,316.9017800665509,318.876175933449,0.9871979334490675,16.0,17259.0,3178.88978,2536859.0165715516,3169.017800665509,3188.7617593344908,9.871979334490788,0.0,1.0,0.77933,0.04649975109999999,0.7779934617707459,0.780666538229254,0.0013365382292540584,0.38919,0.38616633660189575,0.39222009174013445
T-random_walk-W-20-HS-weighted-D-10-C-5-H-5-RUNS-100000.csv,random_walk,20,weighted,10,5,5,100000,5.0,4001.0,875.79716,259004.41451593436,872.642811638128,878.9515083618719,3.1543483618719392,0.0,10.0,8.93396,3.6969387184,8.922042718522833,8.945877281477168,0.011917281477167307,0.01,1.0,0.801289175,0.028132912090319373,0.8002495818339673,0.8023287681660326,0.0010395931660326374,0.7,1691.1,330.865677,25973.81509203167,329.86677255983795,331.86458144016206,0.9989044401620504,7.0,16911.0,3308.65677,2597381.509203167,3298.6677255983795,3318.6458144016206,9.989044401620504,0.0,1.0,0.780638,0.038265512956,0.7794255611579475,0.7818504388420526,0.0012124388420525767,0.31943,0.31654044015907723,0.3223300361679069
T-random_walk-W-20-HS-weighted-D-5-C-5-H-1-RUNS-100000.csv,random_walk,20,weighted,5,5,1,100000,1.0,4001.0,470.0222,200167.20700716,467.2491829743784,472.7952170256216,2.7730170256215843,0.0,5.0,3.05758,3.9149845435999997,3.045316311883168,3.0698436881168325,0.012263688116832316,0.0,0.9975,0.482069975,0.06727952914099937,0.4804623026479703,0.48367764735202967,0.0016076723520296876,0.0,2142.4,243.486858,36129.37084808784,242.30874683780004,244.66496916219998,1.1781111621999685,0.0,10712.0,1217.43429,903234.2712021958,1211.5437341890001,1223.3248458109997,5.8905558109997855,0.0,1.0,0.57985,0.2436239775,0.5767907421292673,0.5829092578707327,0.00305925787073269,0.57985,0.576783518917063,0.582911848924809
T-random_walk-W-20-HS-weighted-D-5-C-5-H-2-RUNS-100000.csv,random_walk,20,weighted,5,5,2,100000,1.0,4001.0,651.32665,223197.15308977748,648.3984522892747,654.2548477107252,2.9281977107252715,0.0,5.0,4.13534,2.0204030844,4.12653001674858,4.14414998325142,0.008809983251420128,0.0,0.9975,0.59269395,0.0504161218833975,0.5913022655033296,0.5940856344966704,0.0013916844966703756,0.0,1933.2,312.962292,38368.86580610674,311.74821689984867,314.1763671001513,1.2140751001513195,0.0,9666.0,1564.81146,959221.6451526685,1558.7410844992435,1570.8818355007563,6.070375500756427,0.0,1.0,0.578665,0.12321431777500001,0.5764893618794376,0.5808406381205624,0.0021756381205624287,0.33747,0.33453906771908887,0.3404103616609276
T-random_walk-W-20-HS-weighted-D-5-C-5-H-3-RUNS-100000.csv,random_walk,20,weighted,5,5,3,100000,1.0,4001.0,729.1726,232930.57390924,726.1812356077372,732.1639643922628,2.991364392262767,0.0,5.0,4.5528,1.03911216,4.546481888514868,4.559118111485133,0.006318111485132505,0.0,1.0,0.62574685,0.0468864854650775,0.6244047653433459,0.627088934656654,0.0013420846566540856,0.0,2061.6,337.48083600000007,39209.437758341104,336.25353417855416,338.708137821446,1.2273018214459057,0.0,10308.0,1687.40418,980235.9439585275,1681.2676708927704,1693.5406891072296,6.136509107229585,0.0,1.0,0.58125,0.08313399305555555,0.5794629142501766,0.5830370857498235,0.0017870857498234471,0.20561,0.20310868384898276,0.20812840209856462
T-random_walk-W-20-HS-weighted-D-5-C-5-H-4-RUNS-100000.csv,random_walk,20,weighted,5,5,4,100000,1.0,4001.0,769.34381,237375.9002846839,766.3240364016426,772.3635835983573,3.0197735983573466,0.0,5.0,4.74405,0.5781995974999999,4.739337026868572,4.748762973131427,0.004712973131427489,0.0,1.0,0.6405075749999999,0.04612978955511938,0.6391763642745513,0.6418387857254485,0.0013312107254486172,0.0,2083.6,350.284376,40969.374402290625,349.02983246267723,351.5389195373228,1.2545435373227747,0.0,10418.0,1751.42188,1024234.3600572656,1745.1491623133861,1757.694597686614,6.272717686613987,0.0,1.0,0.582075,0.063398694375,0.58051438337728,0.58363561662272,0.0015606166227200013,0.12995,0.12787170229165115,0.13204978627917965
T-random_walk-W-20-HS-weighted-D-5-C-5-H-5-RUNS-100000.csv,random_walk,20,weighted,5,5,5,100000,1.0,4001.0,791.42785,241779.7257343775,788.3801935325137,794.4755064674864,3.0476564674863766,0.0,5.0,4.84995,0.32669499750000003,4.846407357621215,4.853492642378784,0.003542642378784322,0.0,0.9975,0.646990875,0.04697882222923437,0.6456474694637756,0.6483342805362243,0.0013434055362243624,0.0,2140.0,356.7391140000001,41726.587302095,355.4730300463077,358.00519795369246,1.2660839536923731,0.0,10700.0,1783.69557,1043164.682552375,1777.3651502315383,1790.0259897684618,6.330419768461752,0.0,1.0,0.582256,0.050880350464,0.5808579229122023,0.5836540770877977,0.0013980770877977111,0.08251,0.08081182055679885,0.0842324398653305
T-shared_list-W-20-HS-greedy-D-1-C-5-H-1-RUNS-100000.csv,shared_list,20,greedy,1,5,1,100000,1.0,122.0,25.31745,214.2878154975,25.226719185388028,25.408180814611974,0.09073081461197319,0.0,1.0,0.78871,0.16664653589999998,0.7861798036986957,0.7912401963013044,0.002530196301304355,0.0,0.27,0.056907450000000005,0.0010902303844975,0.05670279836807185,0.05711210163192816,0.00020465163192815577,0.0,122.0,23.74003,215.94530559909998,23.64894896542147,23.83111103457853,0.09108103457852934,0.0,122.0,23.74003,215.94530559909998,23.64894896542147,23.83111103457853,0.09108103457852934,0.0,1.0,0.21129,0.16664653589999998,0.20875980369869562,0.2138201963013044,0.0025301963013043827,0.21129,0.20876325067049628,0.21383350517757987
T-shared_list-W-20-HS-greedy-D-1-C-5-H-2-RUNS-100000.csv,shared_list,20,greedy,1,5,2,100000,2.0,131.0,28.63145,244.6624208975,28.534501809912726,28.728398190087276,0.09694819008727507,0.0,1.0,0.93201,0.06336735990000002,0.9304497690882698,0.9335702309117302,0.0015602309117301871,0.0,0.285,0.063606475,0.001207543650574375,0.06339109394957897,0.06382185605042102,0.00021538105042102906,0.0,131.0,26.76743,249.35140119509995,26.669557207926253,26.86530279207375,0.09787279207374766,0.0,131.0,26.76743,249.35140119509995,26.669557207926253,26.86530279207375,0.09787279207374766,0.0,1.0,0.21487,0.09526088309999999,0.21295700703473078,0.21678299296526923,0.001912992965269228,0.06799,0.06643734356360605,0.0695677696381349
T-shared_list-W-20-HS-greedy-D-1-C-5-H-3-RUNS-100000.csv,shared_list,20,greedy,1,5,3,100000,2.0,138.0,28.89353,270.0184141391,28.791681939647493,28.995378060352504,0.1018480603525056,0.0,1.0,0.96553,0.03328181909999999,0.9643992682181235,0.9666607317818765,0.001130731781876504,0.0,0.2825,0.0637453,0.00130518210291,0.06352138064919398,0.06396921935080603,0.0002239193508060261,0.0,136.0,26.96247,274.3257814991,26.859812807256045,27.065127192743955,0.1026571927439548,0.0,136.0,26.96247,274.3257814991,26.859812807256045,27.065127192743955,0.1026571927439548,0.0,1.0,0.21691333333333335,0.07206416137777777,0.21524947732288993,0.21857718934377676,0.0016638560104434152,0.03447,0.03334780759402273,0.03561929751228363
T-shared_list-W-20-HS-greedy-D-1-C-5-H-4-RUNS-100000.csv,shared_list,20,greedy,1,5,4,100000,2.0,129.0,29.5344,297.85941663999995,29.42743006333721,29.641369936662795,0.10696993666279297,0.0,1.0,0.97767,0.021831371099999997,0.9767542085651321,0.978585791434868,0.0009157914348679741,0.0,0.3025,0.06523594999999999,0.0014528809525975002,0.06499970039751359,0.06547219960248639,0.00023624960248640192,0.0,129.0,27.57906,301.4977695164,27.471438727410693,27.686681272589304,0.10762127258930576,0.0,129.0,27.57906,301.4977695164,27.471438727410693,27.686681272589304,0.10762127258930576,0.0,1.0,0.2193025,0.060253288493749994,0.21778108936155427,0.22082391063844575,0.0015214106384457415,0.02233,0.021423099417336514,0.023264750406530612
T-shared_list-W-20-HS-greedy-D-1-C-5-H-5-RUNS-100000.csv,shared_list,20,greedy,1,5,5,100000,2.0,144.0,28.93578,291.0377757916,28.830042082511476,29.041517917488527,0.10573791748852557,0.0,1.0,0.98287,0.016836563100000004,0.9820657653277497,0.9836742346722503,0.0008042346722503257,0.0,0.3225,0.063589925,0.001389556000994375,0.06335888131725971,0.0638209686827403,0.00023104368274029508,0.0,142.0,26.97004,294.2231623984,26.86372501043269,27.07635498956731,0.10631498956730923,0.0,142.0,26.97004,294.2231623984,26.86372501043269,27.07635498956731,0.10631498956730923,0.0,1.0,0.22269800000000003,0.053950800795999995,0.22125835630679705,0.22413764369320302,0.0014396436932029855,0.01713,0.016334808160622515,0.017953372751390466
T-shared_list-W-20-HS-greedy-D-10-C-5-H-1-RUNS-100000.csv,shared_list,20,greedy,10,5,1,100000,1.0,275.0,29.79865,431.66258817749997,29.669875973164512,29.927424026835485,0.12877402683548667,0.0,10.0,2.44446,5.4698353084,2.4299641663500338,2.458955833649966,0.014495833649966094,0.0025,0.4825,0.14446475,0.0049682766324375,0.14402787322662824,0.14490162677337176,0.00043687677337175823,0.1,34.3,10.50971,21.0066763159,10.481302386982508,10.538117613017493,0.028407613017492395,1.0,343.0,105.0971,2100.66763159,104.81302386982507,105.38117613017492,0.28407613017492395,0.0,1.0,0.98512,0.0146585856,0.9843695839657832,0.9858704160342168,0.0007504160342167721,0.98512,0.9843503644352227,0.9858613068434914
T-shared_list-W-20-HS-greedy-D-10-C-5-H-2-RUNS-100000.csv,shared_list,20,greedy,10,5,2,100000,3.0,261.0,39.2265,498.76019775,39.088079005361315,39.36492099463869,0.13842099463868607,0.0,10.0,3.2114,6.221770040000001,3.1959398732910547,3.226860126708945,0.015460126708945143,0.0025,0.5125,0.17654942499999998,0.0037411860946693753,0.1761703189396253,0.17692853106037468,0.0003791060603746954,0.3,35.3,12.427906,18.111774255164,12.401528321561852,12.454283678438149,0.026377678438148422,3.0,353.0,124.27906,1811.1774255164003,124.01528321561851,124.54283678438149,0.2637767843814913,0.0,1.0,0.98636,0.008073950399999998,0.9858030719269364,0.9869169280730636,0.0005569280730636228,0.9756,0.9746248259694603,0.9765474532915476
T-shared_list-W-20-HS-greedy-D-10-C-5-H-3-RUNS-100000.csv,shared_list,20,greedy,10,5,3,100000,6.0,290.0,44.67002,533.6201731996,44.5268433518564,44.8131966481436,0.14317664814360143,0.0,10.0,3.56872,6.470777561600001,3.5529535358812945,3.5844864641187053,0.015766464118705414,0.005,0.4975,0.189734175,0.0033408090245693745,0.18937592854923202,0.190092421450768,0.000358246450767985,1.1,35.8,13.234668000000001,17.592282529776,13.208671363185523,13.260664636814479,0.025996636814477725,11.0,358.0,132.34668,1759.2282529776,132.08671363185522,132.60664636814477,0.2599663681447737,0.0,1.0,0.9869,0.006095056666666667,0.9864161118962955,0.9873838881037045,0.0004838881037044773,0.96849,0.9673885912427954,0.9695641242898274
T-shared_list-W-20-HS-greedy-D-10-C-5-H-4-RUNS-100000.csv,shared_list,20,greedy,10,5,4,100000,5.0,279.0,48.54838,561.6195193756,48.40149509452523,48.69526490547477,0.14688490547477073,0.0,10.0,3.77481,6.6348394639,3.7588449133154502,3.7907750866845498,0.015965086684549767,0.0025,0.4575,0.1966806,0.00317960633364,0.1963311035666661,0.1970300964333339,0.00034949643333390124,0.4,35.8,13.677204,17.485543942384002,13.651286348561442,13.703121651438558,0.025917651438557954,4.0,358.0,136.77204,1748.5543942384002,136.51286348561442,137.0312165143856,0.25917651438558664,0.0,1.0,0.987705,0.0048188329749999995,0.9872747439279133,0.9881352560720869,0.0004302560720867987,0.96381,0.9626339215908749,0.9649590770832585
T-shared_list-W-20-HS-greedy-D-10-C-5-H-5-RUNS-100000.csv,shared_list,20,greedy,10,5,5,100000,4.0,256.0,51.2322,572.67058316,51.0838769973245,51.380523002675496,0.1483230026754967,0.0,10.0,3.89727,6.7570165471,3.8811585895194307,3.913381410480569,0.016111410480569077,0.0025,0.48,0.200742825,0.003139861898519375,0.20039551975285635,0.20109013024714367,0.00034730524714365885,0.3,35.5,13.958738,17.627207647356,13.932715571039951,13.98476042896005,0.026022428960049027,3.0,355.0,139.58738,1762.7207647356001,139.3271557103995,139.8476042896005,0.2602242896005009,0.0,1.0,0.9881,0.00419759,0.9876984347905507,0.9885015652094492,0.00040156520944922836,0.95961,0.9583713933654324,0.9608218576129801
T-shared_list-W-20-HS-greedy-D-2-C-5-H-1-RUNS-100000.csv,shared_list,20,greedy,2,5,1,100000,1.0,144.0,29.31473,216.2986350271,29.223574482541093,29.40588551745891,0.09115551745890826,0.0,2.0,1.39935,0.6394095774999998,1.3943938363294541,1.404306163670546,0.0049561636705459655,0.0,0.3475,0.089826975,0.0017663257498493749,0.0895664847506504,0.0900874652493496,0.00026049024934959863,0.0,88.0,22.299025,100.538896549375,22.236877576482684,22.361172423517317,0.062147423517316724,0.0,176.0,44.59805,402.1555861975,44.47375515296537,44.722344847034634,0.12429484703463345,0.0,1.0,0.40088,0.24017522560000001,0.39784247280396545,0.4039175271960346,0.0030375271960345618,0.40088,0.3978404397787559,0.4039253103353418
T-shared_list-W-20-HS-greedy-D-2-C-5-H-2-RUNS-100000.csv,shared_list,20,greedy,2,5,2,100000,2.0,140.0,34.28515,226.5220194775,34.191865114299006,34.378434885701,0.0932848857009958,0.0,2.0,1.72763,0.3330845831,1.7240528814187437,1.7312071185812563,0.003577118581256311,0.0,0.305,0.101950225,0.0018322306849493748,0.10168491956471265,0.10221553043528736,0.0002653054352873552,0.0,81.0,25.209115,107.157473416775,25.14495456438132,25.273275435618682,0.06416043561868179,0.0,162.0,50.41823,428.6298936671,50.28990912876264,50.546550871237365,0.12832087123736358,0.0,1.0,0.40336,0.1414407104,0.4010289945665601,0.4056910054334399,0.002331005433439892,0.20492,0.20242182457292798,0.20743530147802838
T-shared_list-W-20-HS-greedy-D-2-C-5-H-3-RUNS-100000.csv,shared_list,20,greedy,2,5,3,100000,2.0,128.0,36.29447,246.3840574191,36.1971813061563,36.39175869384369,0.09728869384369432,0.0,2.0,1.83161,0.2129548079,1.8287497776484534,1.8344702223515466,0.002860222351546593,0.0,0.3325,0.106074925,0.002000905973744375,0.10579767636810551,0.10635217363189449,0.0002772486318944889,0.0,79.5,26.369185,118.13517493577501,26.301818236085346,26.436551763914657,0.06736676391465579,0.0,159.0,52.73837,472.54069974310005,52.60363647217069,52.873103527829315,0.13473352782931158,0.0,1.0,0.40947666666666666,0.10852108167777777,0.4074348670012407,0.4115184663320926,0.0020417996654259474,0.13193,0.12983821882089075,0.13404315433923467
T-shared_list-W-20-HS-greedy-D-2-C-5-H-4-RUNS-100000.csv,shared_list,20,greedy,2,5,4,100000,2.0,139.0,37.14814,267.3845145404,37.04678989634645,37.24949010365354,0.10135010365354447,0.0,2.0,1.87329,0.1648145759,1.8707737494664134,1.8758062505335864,0.002516250533586506,0.0,0.34,0.10785157499999999,0.002083030457519375,0.10756869393301942,0.10813445606698056,0.0002828810669805726,0.0,84.5,26.91478,124.6632625516,26.84557693724854,26.98398306275146,0.06920306275145904,0.0,169.0,53.82956,498.6530502064,53.69115387449708,53.96796612550292,0.1384061255029181,0.0,1.0,0.41515,0.09251047749999998,0.41326482560391886,0.4170351743960812,0.0018851743960811573,0.09963,0.0977803067076435,0.10150295155396413
T-shared_list-W-20-HS-greedy-D-2-C-5-H-5-RUNS-100000.csv,shared_list,20,greedy,2,5,5,100000,2.0,134.0,36.55064,271.7922155904,36.44845795777085,36.652822042229154,0.10218204222915261,0.0,2.0,1.89084,0.1455840944,1.8884750986129502,1.89320490138705,0.0023649013870499225,0.0,0.3275,0.10631227500000001,0.0021140102468243747,0.10602729812788228,0.10659725187211774,0.0002849768721177315,0.0,82.5,26.235005,124.67398514997501,26.165798961148457,26.304211038851545,0.06920603885154364,0.0,165.0,52.47001,498.69594059990004,52.331597922296915,52.60842207770309,0.13841207770308728,0.0,1.0,0.4186700000000001,0.08392703109999998,0.41687441072994486,0.42046558927005534,0.0017955892700552423,0.08499,0.08326865109244484,0.0867354639711805
T-shared_list-W-20-HS-greedy-D-3-C-5-H-1-RUNS-100000.csv,shared_list,20,greedy,3,5,1,100000,1.0,135.0,29.73832,213.0064235776,29.647860866861567,29.828779133138436,0.09045913313843457,0.0,3.0,1.85538,1.3798050556,1.8480994374519595,1.8626605625480406,0.007280562548040548,0.0,0.34,0.11276172500000001,0.002452605062524375,0.11245477341410748,0.11306867658589254,0.0003069515858925287,0.0,59.333333333333336,21.175566666666665,67.11971412333334,21.124788020192366,21.226345313140964,0.050778646474299194,0.0,178.0,63.5267,604.0774271099999,63.3743640605771,63.679035939422896,0.15233593942289758,0.0,1.0,0.56305,0.24602469750000003,0.5599757058079683,0.5661242941920318,0.003074294192031757,0.56305,0.5599689705608959,0.5661273719001764
T-shared_list-W-20-HS-greedy-D-3-C-5-H-2-RUNS-100000.csv,shared_list,20,greedy,3,5,2,100000,2.0,146.0,36.23121,202.9882519359,36.14290373359512,36.319516266404875,0.08830626640487793,0.0,3.0,2.34833,0.9206562111,2.3423829058351475,2.354277094164852,0.005947094164852285,0.0,0.3525,0.13165755,0.0021942911529975,0.13136721245689967,0.13194788754310036,0.0002903375431003441,0.0,64.66666666666667,24.21064666666667,62.17863464848889,24.16177280423841,24.259520529094928,0.048873862428258974,0.0,194.0,72.63194,559.6077118364,72.48531841271523,72.77856158728477,0.14662158728476982,0.0,1.0,0.568355,0.148460093975,0.5659668536539518,0.5707431463460483,0.0023881463460482255,0.37462,0.3716187113011228,0.37762856239697545
T-shared_list-W-20-HS-greedy-D-3-C-5-H-3-RUNS-100000.csv,shared_list,20,greedy,3,5,3,100000,2.0,126.0,38.2985,207.74017775,38.20916609451925,38.38783390548075,0.08933390548074982,0.0,3.0,2.52647,0.7219993391,2.521203471104146,2.531736528895854,0.005266528895853995,0.0,0.3475,0.136670975,0.0022226599050493754,0.1363787666789132,0.1369631833210868,0.00029220832108681205,0.0,64.0,24.89041666666667,63.06477260416666,24.84119577370076,24.93963755963258,0.04922089296590926,0.0,192.0,74.67125,567.5829534375,74.52358732110227,74.81891267889773,0.14766267889773133,0.0,1.0,0.5733933333333333,0.11528452973333331,0.5712888689135258,0.5754977977531408,0.0021044644198074947,0.28379,0.28099704225696504,0.28659550281590035
T-shared_list-W-20-HS-greedy-D-3-C-5-H-4-RUNS-100000.csv,shared_list,20,greedy,3,5,4,100000,2.0,146.0,39.61559,216.0783789519,39.524480906020216,39.70669909397978,0.09110909397978162,0.0,3.0,2.60712,0.6256453056000001,2.6022174710546566,2.6120225289453436,0.004902528945343487,0.0,0.3425,0.139506475,0.002327978870574375,0.13920742377313078,0.1398055262268692,0.0002990512268692125,0.0,65.33333333333333,25.56713333333333,65.64934422666667,25.51691396249088,25.617352704175783,0.050219370842452093,0.0,196.0,76.7014,590.8440980400001,76.55074188747265,76.85205811252736,0.15065811252735273,0.0,1.0,0.57808,0.09953351360000001,0.5761245769106259,0.5800354230893742,0.001955423089374131,0.23759,0.234954750825063,0.2402404770274559
T-shared_list-W-20-HS-greedy-D-3-C-5-H-5-RUNS-100000.csv,shared_list,20,greedy,3,5,5,100000,2.0,126.0,40.36554,225.59024050839997,40.27244717170818,40.458632828291826,0.09309282829182308,0.0,3.0,2.64452,0.5878939695999998,2.6397676811201105,2.6492723188798895,0.004752318879889472,0.0,0.355,0.14112075000000002,0.0023804900444375,0.14081834479907399,0.14142315520092605,0.0003024052009260314,0.0,64.0,25.66801666666667,68.42461039972223,25.616746794098898,25.719286539234442,0.05126987256777227,0.0,192.0,77.00405,615.8214935975,76.85024038229669,77.15785961770332,0.1538096177033168,0.0,1.0,0.584762,0.08966900335599999,0.5829060031161329,0.5866179968838671,0.0018559968838670615,0.212,0.20947012364361325,0.21454659094468453
T-shared_list-W-20-HS-greedy-D-4-C-5-H-1-RUNS-100000.csv,shared_list,20,greedy,4,5,1,100000,1.0,127.0,28.95957,216.7829754151,28.86831248094789,29.05082751905211,0.09125751905211033,0.0,4.0,2.15254,2.3141915483999997,2.143111215214921,2.161968784785079,0.009428784785078914,0.0,0.3675,0.12933655,0.0032190059590975,0.12898489486648892,0.12968820513351106,0.0003516551335110696,0.0,51.25,20.102675,52.889407844375,20.057599513405297,20.147750486594706,0.04507548659470473,0.0,205.0,80.4107,846.23052551,80.23039805362119,80.59100194637882,0.1803019463788189,0.0,1.0,0.69611,0.2115408679,0.6932592888639417,0.6989607111360583,0.0028507111360582815,0.69611,0.6932486833877047,0.6989599383266332
T-shared_list-W-20-HS-greedy-D-4-C-5-H-2-RUNS-100000.csv,shared_list,20,greedy,4,5,2,100000,2.0,131.0,35.73645,192.2503113975,35.65051113822812,35.82238886177188,0.08593886177187926,0.0,4.0,2.77366,1.8974302044,2.765122337630696,2.782197662369304,0.008537662369303867,0.0,0.38,0.1523809,0.00240242719019,0.15207710460349386,0.15268469539650617,0.00030379539650615683,0.0,52.75,22.807075,39.932284944375,22.767908194431726,22.846241805568276,0.03916680556827501,0.0,211.0,91.2283,638.91655911,91.0716327777269,91.3849672222731,0.15666722227310004,0.0,1.0,0.698665,0.12953971777499998,0.6964342158782069,0.7008957841217931,0.002230784121793117,0.53668,0.5335833484992556,0.5397745237132963
T-shared_list-W-20-HS-greedy-D-4-C-5-H-3-RUNS-100000.csv,shared_list,20,greedy,4,5,3,100000,2.0,129.0,38.76195,189.74684219750003,38.676572516493756,38.84732748350624,0.08537748350624241,0.0,4.0,3.00101,1.6928889798999998,2.99294563250764,3.00907436749236,0.00806436749236017,0.0,0.385,0.159996275,0.002321798173624375,0.15969762102189497,0.16029492897810502,0.0002986539781050235,0.0,52.75,23.7726975,39.08740669849375,23.733947250765585,23.811447749234414,0.038750249234414724,0.0,211.0,95.09079,625.3985071759,94.93578900306234,95.24579099693766,0.1550009969376589,0.0,1.0,0.7075866666666667,0.1006433313777778,0.7056203721266222,0.7095529612067112,0.0019662945400444887,0.45601,0.4529193551895581,0.4591031966536215
T-shared_list-W-20-HS-greedy-D-4-C-5-H-4-RUNS-100000.csv,shared_list,20,greedy,4,5,4,100000,2.0,129.0,40.49598,191.30406383960002,40.410252892755786,40.58170710724422,0.0857271072442174,0.0,4.0,3.1166,1.5864244400000003,3.1087933309736457,3.1244066690263543,0.007806669026354296,0.0,0.385,0.16342120000000002,0.00237185989056,0.1631193434619629,0.16372305653803712,0.0003018565380371041,0.0,53.0,24.2721775,40.62312503349375,24.232673348682873,24.31168165131713,0.03950415131712859,0.0,212.0,97.08871,649.9700005359,96.93069339473149,97.24672660526852,0.15801660526851435,0.0,1.0,0.71187,0.0868573531,0.7100433330690327,0.7136966669309673,0.0018266669309673356,0.40655,0.4035033789101419,0.40960204225047775
T-shared_list-W-20-HS-greedy-D-4-C-5-H-5-RUNS-100000.csv,shared_list,20,greedy,4,5,5,100000,2.0,124.0,41.60412,194.77399902559995,41.517618913610484,41.69062108638952,0.08650108638951792,0.0,4.0,3.17731,1.5275311639000004,3.169649605937526,3.1849703940624736,0.007660394062473763,0.0,0.3625,0.1653088,0.00240093664256,0.1650050988606202,0.1656125011393798,0.0003037011393798028,0.0,53.5,24.5709525,41.09218636774375,24.531220932808367,24.610684067191634,0.03973156719163384,0.0,214.0,98.28381,657.4749818839,98.12488373123347,98.44273626876654,0.15892626876653537,0.0,1.0,0.7170019999999999,0.07827333199599999,0.715267944544728,0.7187360554552719,0.0017340554552719434,0.37683,0.3738251324632489,0.379842013006866
T-shared_list-W-20-HS-greedy-D-5-C-5-H-1-RUNS-100000.csv,shared_list,20,greedy,5,5,1,100000,1.0,117.0,27.51763,213.5593491831,27.427053535296317,27.608206464703684,0.09057646470368397,0.0,5.0,2.27938,3.4075068155999992,2.267938724641541,2.2908212753584594,0.01144127535845918,0.0,0.37,0.135285975,0.003709844405799375,0.13490846025499897,0.13566348974500103,0.00037751474500102855,0.0,43.2,18.448572,42.11886396081599,18.40834715347551,18.488796846524487,0.0402248465244881,0.0,216.0,92.24286,1052.9715990204,92.04173576737755,92.44398423262244,0.2011242326224476,0.0,1.0,0.79565,0.1625910775,0.7931507803551427,0.7981492196448572,0.00249921964485722,0.79565,0.7931372683625729,0.7981455724577974
T-shared_list-W-20-HS-greedy-D-5-C-5-H-2-RUNS-100000.csv,shared_list,20,greedy,5,5,2,100000,2.0,130.0,34.59012,195.2438183856,34.50351465070158,34.676725349298415,0.08660534929841646,0.0,5.0,2.94712,3.2910037056,2.935876015014492,2.958363984985508,0.01124398498550816,0.0,0.3875,0.16152275000000002,0.0026709914824375,0.16120242390242237,0.16184307609757767,0.00032032609757765007,0.0,43.8,21.042742,30.606219921436004,21.008452518456796,21.077031481543205,0.03428948154320466,0.0,219.0,105.21371,765.1554980359,105.04226259228398,105.38515740771604,0.1714474077160304,0.0,1.0,0.800895,0.09919969897499999,0.7989428587049541,0.802847141295046,0.0019521412950459505,0.68037,0.6774694898897029,0.6832600453908606
T-shared_list-W-20-HS-greedy-D-5-C-5-H-3-RUNS-100000.csv,shared_list,20,greedy,5,5,3,100000,2.0,130.0,38.09393,188.01250715509997,38.00894359829437,38.17891640170563,0.08498640170562766,0.0,5.0,3.22792,3.1475124736000004,3.21692387162744,3.2389161283725603,0.010996128372560143,0.0,0.38,0.171361325,0.002422347981744375,0.17105627267650994,0.17166637732349008,0.00030505232349006817,0.0,43.2,21.994272,28.289231990016,21.961305969967125,22.027238030032873,0.032966030032874016,0.0,216.0,109.97136,707.2307997504,109.80652984983563,110.13619015016438,0.1648301501643772,0.0,1.0,0.8056533333333334,0.07794492871111114,0.8039229193998002,0.8073837472668667,0.001730413933533237,0.61305,0.6100230320754978,0.616070409619595
T-shared_list-W-20-HS-greedy-D-5-C-5-H-4-RUNS-100000.csv,shared_list,20,greedy,5,5,4,100000,2.0,129.0,40.32268,187.1825176176,40.23788139389826,40.40747860610173,0.08479860610173517,0.0,5.0,3.38584,3.0371074944,3.375038448189965,3.396641551810035,0.010801551810034837,0.0,0.38,0.17615585,0.0023975780107775,0.1758523613562882,0.1764593386437118,0.00030348864371179674,0.0,44.2,22.485243999999998,28.253425460464005,22.452298839619615,22.51818916038038,0.03294516038038253,0.0,221.0,112.42622,706.3356365116,112.26149419809808,112.59094580190192,0.16472580190192332,0.0,1.0,0.81043,0.0661719651,0.8088356154129942,0.8120243845870058,0.0015943845870057816,0.56873,0.5656534858108324,0.571802527139605
T-shared_list-W-20-HS-greedy-D-5-C-5-H-5-RUNS-100000.csv,shared_list,20,greedy,5,5,5,100000,2.0,142.0,41.77643,187.5736264551,41.69154284882917,41.86131715117082,0.08488715117082535,0.0,5.0,3.46472,2.9830353215999996,3.454015034567333,3.4754249654326665,0.010704965432666746,0.0,0.405,0.178769275,0.002403152628474375,0.17846543373984025,0.17907311626015976,0.000303841260159754,0.0,44.2,22.768102000000003,28.293370917595997,22.73513355846616,22.801070441533845,0.03296844153384271,0.0,221.0,113.84051,707.3342729398998,113.67566779233078,114.0053522076692,0.16484220766920998,0.0,1.0,0.8152220000000001,0.059336690716000014,0.8137122058714694,0.8167317941285308,0.0015097941285306948,0.54321,0.5401164028092853,0.5463010905957938
T-shared_list-W-20-HS-greedy-D-6-C-5-H-1-RUNS-100000.csv,shared_list,20,greedy,6,5,1,100000,1.0,153.0,27.92892,254.04222763360002,27.830130900313993,28.02770909968601,0.0987890996860088,0.0,6.0,2.34637,4.1615978231,2.3337259523105844,2.3590140476894152,0.012644047689415405,0.0,0.4075,0.1392787,0.00418075147631,0.13887794103414405,0.13967945896585596,0.00040075896585595183,0.0,39.166666666666664,16.14684833333333,35.450599178108334,16.109944807512264,16.1837518591544,0.03690352582106726,0.0,235.0,96.88109,1276.2215704119,96.6596688450736,97.1025111549264,0.22142115492640357,0.0,1.0,0.87227,0.11141504709999997,0.8702011548029411,0.8743388451970588,0.002068845197058855,0.87227,0.8701853923070908,0.8743329897040489
T-shared_list-W-20-HS-greedy-D-6-C-5-H-2-RUNS-100000.csv,shared_list,20,greedy,6,5,2,100000,2.0,169.0,35.76848,245.76153848959999,35.67131428967677,35.86564571032322,0.09716571032322463,0.0,6.0,3.05441,4.3183295519,3.041530056364029,3.067289943635971,0.012879943635971003,0.0,0.3875,0.16856264999999998,0.0029633762749775,0.1682252465871845,0.16890005341281547,0.00033740341281549013,0.0,37.833333333333336,18.68264,25.265608741511116,18.651485487880343,18.713794512119655,0.03115451211965592,0.0,227.0,112.09584,909.5619146944,111.90891292728205,112.28276707271795,0.18692707271794973,0.0,1.0,0.87594,0.0678891164,0.8743250609003365,0.8775549390996636,0.0016149390996635926,0.79438,0.791861553047159,0.7968813615866698
T-shared_list-W-20-HS-greedy-D-6-C-5-H-3-RUNS-100000.csv,shared_list,20,greedy,6,5,3,100000,3.0,150.0,39.87498,238.4526699996,39.77927003306497,39.97068996693503,0.09570996693503275,0.0,6.0,3.3707,4.27240151,3.3578887324433464,3.383511267556653,0.012811267556653405,0.0,0.4,0.17983205000000002,0.0026372724177974997,0.17951375225071153,0.1801503477492885,0.00031829774928848753,0.0,38.666666666666664,19.650543333333335,23.182392260344443,19.62070083375516,19.68038583291151,0.02984249957817653,0.0,232.0,117.90326,834.5661213724,117.72420500253095,118.08231499746906,0.17905499746905207,0.0,1.0,0.88042,0.05240729026666668,0.8790010995585016,0.8818389004414984,0.0014189004414983941,0.74691,0.7442031056148904,0.7496025667666621
T-shared_list-W-20-HS-greedy-D-6-C-5-H-4-RUNS-100000.csv,shared_list,20,greedy,6,5,4,100000,3.0,167.0,42.57014,235.11090038039998,42.47510305797737,42.66517694202263,0.09503694202263091,0.0,6.0,3.54082,4.221293727599999,3.52808558914439,3.55355441085561,0.012734410855610001,0.0,0.415,0.1857486,0.00253534684804,0.18543651365855857,0.18606068634144146,0.00031208634144144765,0.0,39.166666666666664,20.174143333333333,22.538512988344443,20.144718182272374,20.203568484394292,0.02942515106095911,0.0,235.0,121.04486,811.3864675804001,120.86830909363425,121.22141090636575,0.17655090636574755,0.0,1.0,0.88426,0.044479252399999995,0.8829528217565311,0.885567178243469,0.0013071782434689316,0.71643,0.7136251451148119,0.7192222970403431
T-shared_list-W-20-HS-greedy-D-6-C-5-H-5-RUNS-100000.csv,shared_list,20,greedy,6,5,5,100000,3.0,171.0,44.27506,234.16184199639997,44.18021506696648,44.369904933033524,0.09484493303352082,0.0,6.0,3.62881,4.2266479838999995,3.6160675155895916,3.6415524844104086,0.012742484410408483,0.0,0.4175,0.188765625,0.002532832755859375,0.18845369343194524,0.18907755656805475,0.0003119315680547574,0.0,39.0,20.427915,22.595006252774997,20.398452994633654,20.457377005366343,0.029462005366344357,0.0,234.0,122.56749,813.4202250998999,122.39071796780193,122.74426203219808,0.17677203219807325,0.0,1.0,0.8869420000000001,0.039843088636,0.8857048209131091,0.8881791790868911,0.001237179086891027,0.69422,0.6913537720284841,0.697074959388922
T-shared_list-W-20-HS-greedy-D-7-C-5-H-1-RUNS-100000.csv,shared_list,20,greedy,7,5,1,100000,1.0,181.0,28.52005,303.77901799750003,28.41202234263675,28.628077657363253,0.1080276573632517,0.0,7.0,2.37496,4.666124998400001,2.361571428084425,2.3883485719155755,0.013388571915575298,0.0,0.4225,0.14180035,0.0045701809898775,0.14138134155986168,0.1422193584401383,0.0004190084401383132,0.0,36.142857142857146,14.33497142857143,31.448368427755103,14.30021340041216,14.3697294567307,0.03475802815927054,0.0,253.0,100.3448,1540.97005296,100.10149380288512,100.5881061971149,0.2433061971148902,0.0,1.0,0.92445,0.06984219750000001,0.9228119957694927,0.9260880042305073,0.0016380042305073061,0.92445,0.9227946840231785,0.9260806471909538
T-shared_list-W-20-HS-greedy-D-7-C-5-H-2-RUNS-100000.csv,shared_list,20,greedy,7,5,2,100000,2.0,180.0,37.14534,318.50913628440003,37.034724237201466,37.25595576279853,0.11061576279853114,0.0,7.0,3.13249,5.071896399900001,3.118531419409605,3.1464485805903952,0.013958580590395009,0.0025,0.425,0.17325945,0.0033332494856975,0.17290160909646526,0.17361729090353475,0.0003578409035347452,0.14285714285714285,38.857142857142854,16.806795714285713,23.768818430512244,16.77657812125075,16.837013307320674,0.030217593034961965,1.0,272.0,117.64757,1164.6721030950998,117.43604684875527,117.85909315124474,0.21152315124473375,0.0,1.0,0.92512,0.04314798560000001,0.9238325323247516,0.9264074676752485,0.0012874676752484548,0.87287,0.8707895296843461,0.8749288173454998
T-shared_list-W-20-HS-greedy-D-7-C-5-H-3-RUNS-100000.csv,shared_list,20,greedy,7,5,3,100000,3.0,190.0,41.6839,317.86120079,41.573396805975804,41.7944031940242,0.11050319402419717,0.0,7.0,3.46801,5.157796639899999,3.4539337108683292,3.482086289131671,0.014076289131670805,0.0,0.44,0.185319675,0.002952367870394375,0.18498289886647942,0.18565645113352056,0.00033677613352056657,0.0,38.142857142857146,17.738422857142858,21.97319862282449,17.709369072565035,17.76747664172068,0.029053784577822483,0.0,267.0,124.16896,1076.6867325184,123.96558350795526,124.37233649204474,0.20337649204473962,0.0,1.0,0.9272166666666667,0.03345036416666668,0.9260830753867837,0.9283502579465497,0.001133591279882995,0.83953,0.8372402552392088,0.8418000337045759
T-shared_list-W-20-HS-greedy-D-7-C-5-H-4-RUNS-100000.csv,shared_list,20,greedy,7,5,4,100000,3.0,188.0,44.79405,317.64647459749995,44.683584136638785,44.90451586336121,0.11046586336121322,0.0,7.0,3.65295,5.1859062975,3.6388354055557817,3.6670645944442186,0.014114594444218476,0.0,0.455,0.1917805,0.0028361655697499997,0.19145041798514986,0.19211058201485012,0.00033008201485013045,0.0,37.0,18.256114285714286,21.41058098285714,18.22743487011638,18.284793701312193,0.028679415597906655,0.0,259.0,127.7928,1049.11846816,127.59204409081465,127.99355590918535,0.20075590918534658,0.0,1.0,0.92965,0.028192127500000008,0.928609313318025,0.930690686681975,0.0010406866819749894,0.81744,0.8150315040890759,0.819830069932962
T-shared_list-W-20-HS-greedy-D-7-C-5-H-5-RUNS-100000.csv,shared_list,20,greedy,7,5,5,100000,5.0,179.0,46.96788,318.2992483056,46.8573006894446,47.0784593105554,0.11057931055540138,0.0,7.0,3.75183,5.1832616511000005,3.7377190050106783,3.7659409949893217,0.014110994989321668,0.0025,0.43,0.19550912499999998,0.002787766229234375,0.19518187153941893,0.19583637846058102,0.0003272534605810451,1.0,37.714285714285715,18.568115714285714,21.22995902497755,18.539557526214626,18.5966739023568,0.028558188071087898,7.0,264.0,129.97681,1040.2679922239,129.77690268350239,130.17671731649762,0.19990731649761528,0.0,1.0,0.933024,0.024323015424,0.9320573599633118,0.9339906400366881,0.0009666400366881156,0.80445,0.801977932423627,0.8069043968778405
T-shared_list-W-20-HS-greedy-D-8-C-5-H-1-RUNS-100000.csv,shared_list,20,greedy,8,5,1,100000,1.0,214.0,29.0952,357.84109695999996,28.97795315108364,29.212446848916358,0.11724684891635917,0.0,8.0,2.4054,5.04155084,2.391483239706403,2.419316760293597,0.013916760293597008,0.0025,0.4525,0.14339325,0.0048631784794375,0.14296101873728748,0.14382548126271252,0.00043223126271252355,0.125,36.875,12.84531125,27.978218421873436,12.812526936084733,12.878095563915267,0.032784313915266594,1.0,295.0,102.76249,1790.6059789999,102.50021548867787,103.02476451132213,0.26227451132213275,0.0,1.0,0.95489,0.043075087899999996,0.9536036203605598,0.9561763796394402,0.0012863796394402272,0.95489,0.9535853861122364,0.9561681468986979
T-shared_list-W-20-HS-greedy-D-8-C-5-H-2-RUNS-100000.csv,shared_list,20,greedy,8,5,2,100000,2.0,193.0,38.18235,390.18039847750003,38.059919733366655,38.304780266633344,0.12243026663334433,0.0,8.0,3.17148,5.5993146096,3.15681360064493,3.18614639935507,0.01466639935506997,0.0025,0.47,0.175898325,0.0035685794496943747,0.17552806759205322,0.17626858240794677,0.0003702574079467724,0.125,36.875,15.15425,22.174836625,15.125063213198674,15.183436786801325,0.02918678680132558,1.0,295.0,121.234,1419.189544,121.00050570558939,121.4674942944106,0.23349429441060465,0.0,1.0,0.956455,0.025751332975,0.955460382883936,0.9574496171160641,0.0009946171160640782,0.92466,0.923006770049501,0.926288548832603
T-shared_list-W-20-HS-greedy-D-8-C-5-H-3-RUNS-100000.csv,shared_list,20,greedy,8,5,3,100000,4.0,211.0,43.21265,406.2775699775,43.08771978296562,43.33758021703437,0.12493021703437535,0.0,8.0,3.52163,5.769552143099999,3.506742316663452,3.536517683336548,0.014887683336548108,0.0025,0.4525,0.18816807500000002,0.0031911688632943747,0.18781794367741902,0.188518206322581,0.0003501313225809932,0.25,36.125,16.060655,20.966735970975,16.03227440576625,16.089035594233753,0.028380594233752277,2.0,289.0,128.48524,1341.8711021424,128.25819524613,128.71228475387002,0.2270447538700182,0.0,1.0,0.9579533333333333,0.01962763337777778,0.9570849928679392,0.9588216737987274,0.0008683404653940796,0.90381,0.9019657945533301,0.9056307460337818
T-shared_list-W-20-HS-greedy-D-8-C-5-H-4-RUNS-100000.csv,shared_list,20,greedy,8,5,4,100000,3.0,213.0,46.58271,416.0169990559,46.45629121565317,46.70912878434683,0.12641878434683207,0.0,8.0,3.71186,5.8464353404,3.6968734506961476,3.7268465493038527,0.01498654930385257,0.0,0.4525,0.19527824999999996,0.0030549878269375,0.19493567093998662,0.1956208290600133,0.00034257906001333716,0.0,37.0,16.56083125,20.77270002777344,16.53258228463369,16.58908021536631,0.028248965366309164,0.0,296.0,132.48665,1329.4528017775,132.26065827706952,132.71264172293047,0.22599172293047332,0.0,1.0,0.959685,0.016423450774999997,0.958890693204755,0.9604793067952451,0.0007943067952450589,0.89061,0.8886591066453333,0.8925382053295762
T-shared_list-W-20-HS-greedy-D-8-C-5-H-5-RUNS-100000.csv,shared_list,20,greedy,8,5,5,100000,6.0,232.0,49.02554,417.9574677084,48.89882672492794,49.152253275072056,0.12671327507205632,0.0,8.0,3.832,5.881656000000001,3.816968376771087,3.847031623228913,0.015031623228912938,0.0075,0.4525,0.19903752500000002,0.003001528454374375,0.19869795657228148,0.19937709342771856,0.00033956842771853957,1.125,36.75,16.87590125,20.605657468998437,16.847766095169625,16.90403640483037,0.02813515483037321,9.0,294.0,135.00721,1318.7620780159,134.782128761357,135.23229123864297,0.22508123864298568,0.0,1.0,0.9610960000000001,0.014285678783999996,0.9603551905534039,0.9618368094465962,0.0007408094465961579,0.88035,0.8783224059617816,0.8823555048333289
T-shared_list-W-20-HS-greedy-D-9-C-5-H-1-RUNS-100000.csv,shared_list,20,greedy,9,5,1,100000,1.0,211.0,29.44592,396.9971353536,29.32242489098048,29.569415109019523,0.12349510901952243,0.0,9.0,2.42238,5.2944151355999995,2.4081185045717777,2.4366414954282223,0.014261495428222304,0.0,0.455,0.1438022,0.00495878927516,0.14336574055309279,0.1442386594469072,0.00043645944690720584,0.0,35.55555555555556,11.563113333333332,24.393077447896296,11.532501497987532,11.593725168679132,0.03061183534580003,0.0,320.0,104.06802,1975.8392732796,103.7925134818878,104.34352651811221,0.27550651811220916,0.0,1.0,0.97455,0.0248022975,0.9735738826603528,0.9755261173396472,0.0009761173396471978,0.97455,0.9735550271925416,0.9755173171192958
T-shared_list-W-20-HS-greedy-D-9-C-5-H-2-RUNS-100000.csv,shared_list,20,greedy,9,5,2,100000,2.0,228.0,38.87739,451.67947678790006,38.745664077037645,39.00911592296235,0.13172592296235308,0.0,9.0,3.21079,5.9445575759,3.195678212420902,3.2259017875790974,0.01511178757909759,0.005,0.4625,0.17689065,0.0037434161925775002,0.17651143096506894,0.17726986903493108,0.000379219034931072,0.5555555555555556,35.22222222222222,13.706876666666668,20.454165254665433,13.678845127065298,13.734908206268038,0.02803153960137017,5.0,317.0,123.36189,1656.7873856279,123.10960614358767,123.61417385641234,0.2522838564123333,0.0,1.0,0.975175,0.014756219374999999,0.9744220890334774,0.9759279109665226,0.0007529109665226352,0.95627,0.9549842578782619,0.9575291928153521
T-shared_list-W-20-HS-greedy-D-9-C-5-H-3-RUNS-100000.csv,shared_list,20,greedy,9,5,3,100000,4.0,241.0,44.11182,477.82237628760004,43.976335593489644,44.24730440651036,0.13548440651035776,0.0,9.0,3.54799,6.169096959899999,3.5325954545760028,3.563384545423997,0.015394545423997208,0.005,0.4925,0.18942599999999998,0.0032654780239999995,0.18907181557943636,0.1897801844205636,0.0003541844205636191,0.3333333333333333,37.0,14.55241111111111,19.29419455691358,14.525186016472187,14.579636205750035,0.027225094638923863,3.0,333.0,130.9717,1562.8297591100002,130.72667414824969,131.2167258517503,0.245025851750313,0.0,1.0,0.97672,0.010911374933333334,0.9760725655404299,0.9773674344595702,0.000647434459570162,0.94522,0.9437916901887464,0.9466224170944538
T-shared_list-W-20-HS-greedy-D-9-C-5-H-4-RUNS-100000.csv,shared_list,20,greedy,9,5,4,100000,5.0,249.0,47.76696,495.2180323584,47.629031410030116,47.90488858996988,0.13792858996988144,0.0,9.0,3.75099,6.356784019899999,3.735363029247212,3.7666169707527875,0.015626970752787628,0.0025,0.4825,0.19637372499999997,0.0031749696921243753,0.19602448348515294,0.196722966514847,0.00034924151484702626,0.4444444444444444,35.0,15.028413333333335,19.463319102241975,15.001069177346512,15.055757489320158,0.027344155986822827,4.0,315.0,135.25572,1576.5288472815998,135.0096225961186,135.5018174038814,0.24609740388140722,0.0,1.0,0.977065,0.009217735775000001,0.9764699298045336,0.9776600701954663,0.0005950701954663407,0.93478,0.9332319911686233,0.936302732526586
T-shared_list-W-20-HS-greedy-D-9-C-5-H-5-RUNS-100000.csv,shared_list,20,greedy,9,5,5,100000,5.0,273.0,50.35435,492.2900460775,50.21682976727,50.491870232729994,0.13752023272999736,0.0,9.0,3.87673,6.3759745071000005,3.861079458901854,3.8923805410981456,0.015650541098145787,0.005,0.48,0.200422775,0.003099720323799375,0.20007769695671257,0.20076785304328743,0.00034507804328742786,0.4444444444444444,37.888888888888886,15.33881,19.26108790735679,15.311608272976722,15.36601172702328,0.02720172702327872,4.0,341.0,138.04929,1560.1481204959,137.8044744567905,138.29410554320953,0.24481554320951204,0.0,1.0,0.9784139999999999,0.007844844604,0.9778650304650462,0.9789629695349535,0.0005489695349536472,0.93019,0.9285930847708063,0.9317619091091193
T-shared_list-W-20-HS-random-D-1-C-5-H-1-RUNS-100000.csv,shared_list,20,random,1,5,1,100000,1.0,128.0,26.10683,206.8088573511,26.01769656595867,26.195963434041328,0.08913343404132945,0.0,1.0,0.77705,0.17324329749999998,0.7744702103735459,0.7796297896264541,0.00257978962645411,0.0,0.27,0.059132775,0.001064775233299375,0.05893052662457406,0.059335023375425934,0.0002022483754259355,0.0,128.0,24.55273,208.10871954709998,24.46331688815324,24.64214311184676,0.08941311184675982,0.0,128.0,24.55273,208.10871954709998,24.46331688815324,24.64214311184676,0.08941311184675982,0.0,1.0,0.22295,0.17324329749999998,0.22037021037354595,0.22552978962645406,0.0025797896264540543,0.22295,0.22037332089343012,0.22554275743688093
T-shared_list-W-20-HS-random-D-1-C-5-H-2-RUNS-100000.csv,shared_list,20,random,1,5,2,100000,2.0,130.0,28.54416,243.95890989440002,28.447351294386802,28.6409687056132,0.09680870561319921,0.0,1.0,0.9261,0.06843879000000001,0.924478536291914,0.9277214637080861,0.001621463708086024,0.0,0.2925,0.063357,0.001205707676,0.06314178274678545,0.06357221725321455,0.0002152172532145502,0.0,130.0,26.69196,248.9936513584,26.594157443230845,26.78976255676916,0.09780255676915672,0.0,130.0,26.69196,248.9936513584,26.594157443230845,26.78976255676916,0.09780255676915672,0.0,1.0,0.22344,0.0987445664,0.2214923421083716,0.2253876578916284,0.0019476578916284015,0.0739,0.07228594078828467,0.07553882491057515
T-shared_list-W-20-HS-random-D-1-C-5-H-3-RUNS-100000.csv,shared_list,20,random,1,5,3,100000,2.0,133.0,29.58724,271.8427291824,29.485048462756104,29.689431537243898,0.10219153724389685,0.0,1.0,0.96291,0.0357143319,0.9617386752054745,0.9640813247945256,0.00117132479452553,0.0,0.28,0.065326675,0.001311176595944375,0.065102242025351,0.065551107974649,0.00022443297464899703,0.0,133.0,27.66142,276.4266235836,27.55837047223986,27.764469527760138,0.1030495277601382,0.0,133.0,27.66142,276.4266235836,27.55837047223986,27.764469527760138,0.1030495277601382,0.0,1.0,0.2239533333333333,0.07445157115555553,0.22226214098545805,0.22564452568120857,0.0016911923478752644,0.03709,0.035927139007187574,0.03827980812859145
T-shared_list-W-20-HS-random-D-1-C-5-H-4-RUNS-100000.csv,shared_list,20,random,1,5,4,100000,2.0,146.0,29.16203,286.19777627909997,29.057174986893628,29.266885013106375,0.10485501310637346,0.0,1.0,0.97586,0.023557260399999995,0.9749086978841995,0.9768113021158004,0.000951302115800412,0.0,0.3,0.06434705,0.0013877204062975003,0.0641161589713126,0.0645779410286874,0.00023089102868739664,0.0,144.0,27.21031,290.0337997039,27.10475461904088,27.31586538095912,0.10555538095912098,0.0,144.0,27.21031,290.0337997039,27.10475461904088,27.31586538095912,0.10555538095912098,0.0,1.0,0.2217,0.06161536,0.22016148913888786,0.22323851086111215,0.0015385108611121467,0.02414,0.023197536121790405,0.02511020076662413
T-shared_list-W-20-HS-random-D-1-C-5-H-5-RUNS-100000.csv,shared_list,20,random,1,5,5,100000,2.0,138.0,29.62443,299.7938571751,29.5171132686985,29.731746731301502,0.10731673130150199,0.0,1.0,0.9818,0.017868759999999994,0.9809714794606288,0.9826285205393712,0.0008285205393712136,0.0,0.3025,0.065284175,0.0014372304320693751,0.06504920129024,0.06551914870976,0.0002349737097600002,0.0,136.0,27.66083,303.1317937111,27.552917484566407,27.768742515433594,0.10791251543359337,0.0,136.0,27.66083,303.1317937111,27.552917484566407,27.768742515433594,0.10791251543359337,0.0,1.0,0.22221200000000002,0.054109827055999996,0.220770236109419,0.22365376389058103,0.0014417638905810104,0.0182,0.01738049088989996,0.01904762087646421
T-shared_list-W-20-HS-random-D-10-C-5-H-1-RUNS-100000.csv,shared_list,20,random,10,5,1,100000,1.0,267.0,28.40284,363.5923799344,28.284654701136056,28.521025298863947,0.11818529886394558,0.0,10.0,2.32558,5.1739376636,2.3114817026104264,2.3396782973895736,0.014098297389573577,0.0025,0.4775,0.14128174999999998,0.0048137666169375,0.14085172016573697,0.141711779834263,0.0004300298342630182,0.1,33.9,10.280858,19.783000183836002,10.25329019749305,10.308425802506951,0.02756780250695101,1.0,339.0,102.80858,1978.3000183836002,102.5329019749305,103.08425802506952,0.2756780250695101,0.0,1.0,0.98756,0.012285246399999996,0.9868730138096713,0.9882469861903287,0.0006869861903286978,0.98756,0.986853701594086,0.9882378043384903
T-shared_list-W-20-HS-random-D-10-C-5-H-2-RUNS-100000.csv,shared_list,20,random,10,5,2,100000,3.0,295.0,37.76926,437.1746790524,37.639666394947604,37.8988536050524,0.12959360505239914,0.0,10.0,3.11949,5.978612139900001,3.104334988816685,3.1346450111833146,0.015155011183314748,0.0025,0.505,0.17442980000000002,0.0036478082469600004,0.17405545496982702,0.17480414503017302,0.00037434503017300114,0.4,37.0,12.25665,17.2633005775,12.230897583511732,12.282402416488269,0.025752416488268537,4.0,370.0,122.5665,1726.3300577499997,122.30897583511732,122.82402416488269,0.2575241648826818,0.0,1.0,0.98751,0.007448999900000001,0.9869750600219105,0.9880449399780895,0.0005349399780895103,0.97774,0.9768066510473735,0.9786454947417724
T-shared_list-W-20-HS-random-D-10-C-5-H-3-RUNS-100000.csv,shared_list,20,random,10,5,3,100000,4.0,281.0,43.50527,493.50199222710006,43.36758059396818,43.64295940603183,0.137689406031825,0.0,10.0,3.49556,6.337080286400002,3.479957267025218,3.5111627329747814,0.015602732974781652,0.0025,0.5,0.18822294999999997,0.0032936257182974997,0.18786724235938185,0.1885786576406181,0.00035570764061812477,0.1,35.1,13.09933,16.9631143511,13.07380246582782,13.12485753417218,0.025527534172180566,1.0,351.0,130.9933,1696.3114351100003,130.7380246582782,131.24857534172182,0.25527534172181277,0.0,1.0,0.9880566666666666,0.005542912344444447,0.9875952162136121,0.988518117119721,0.0004614504530544572,0.97114,0.9700836191215815,0.9721689348480691
T-shared_list-W-20-HS-random-D-10-C-5-H-4-RUNS-100000.csv,shared_list,20,random,10,5,4,100000,5.0,274.0,47.85313,536.7258992031001,47.70953730469907,47.99672269530093,0.14359269530093144,0.0,10.0,3.75002,6.591609999599999,3.7341070087744437,3.7659329912255566,0.01591299122555645,0.005,0.485,0.196019425,0.003169837710169375,0.19567046585414785,0.19636838414585214,0.0003489591458521457,0.5,36.3,13.627745,17.254680114975,13.601999014074096,13.653490985925906,0.025745985925905046,5.0,363.0,136.27745,1725.4680114975,136.01999014074093,136.53490985925905,0.25745985925905757,0.0,1.0,0.9876,0.00490249,0.9871660252820268,0.9880339747179733,0.00043397471797324005,0.96356,0.9623800887513017,0.9647129249833829
T-shared_list-W-20-HS-random-D-10-C-5-H-5-RUNS-100000.csv,shared_list,20,random,10,5,5,100000,4.0,271.0,51.06461,568.3291555479001,50.91685028681834,51.212369713181666,0.1477597131816637,0.0,10.0,3.88136,6.724784550400002,3.865287062393944,3.8974329376060557,0.01607293760605577,0.0025,0.5525,0.20043175000000002,0.0031207540919375005,0.20008550313835954,0.2007779968616405,0.0003462468616404757,0.1,35.2,13.936323,17.532682339671,13.910370437029057,13.962275562970943,0.02595256297094295,1.0,352.0,139.36323,1753.2682339671,139.10370437029056,139.62275562970942,0.2595256297094295,0.0,1.0,0.9880660000000001,0.004217979643999999,0.9876634606776925,0.9884685393223077,0.0004025393223076046,0.95958,0.9583409602966627,0.9607922924787253
T-shared_list-W-20-HS-random-D-2-C-5-H-1-RUNS-100000.csv,shared_list,20,random,2,5,1,100000,1.0,126.0,29.82225,215.22053493750002,29.731321940138596,29.913178059861405,0.09092805986140462,0.0,2.0,1.36743,0.6545251951,1.362415596755848,1.3724444032441518,0.0050144032441519215,0.0,0.325,0.09150870000000001,0.00179805494931,0.09124588052025642,0.0917715194797436,0.00026281947974358955,0.0,75.5,22.88636,103.41261095040001,22.823330650786552,22.949389349213448,0.06302934921344772,0.0,151.0,45.77272,413.65044380160003,45.646661301573104,45.898778698426895,0.12605869842689543,0.0,1.0,0.42152,0.2438408896,0.41845938051779163,0.4245806194822084,0.003060619482208371,0.42152,0.4184567497835628,0.42458780289546133
T-shared_list-W-20-HS-random-D-2-C-5-H-2-RUNS-100000.csv,shared_list,20,random,2,5,2,100000,2.0,134.0,34.55125,218.8042734375,34.45956802266326,34.642931977336744,0.09168197733674077,0.0,2.0,1.70752,0.3539954496,1.7038323057079208,1.711207694292079,0.0036876942920791578,0.0,0.3275,0.10395962500000001,0.0017940455573593752,0.1036970987077329,0.10422215129226713,0.0002625262922671123,0.0,80.5,25.597005,104.66988252997501,25.533593658685756,25.660416341314242,0.06341134131424297,0.0,161.0,51.19401,418.67953011990005,51.06718731737151,51.320832682628485,0.12682268262848595,0.0,1.0,0.419375,0.14328710937499997,0.4170288291635625,0.4217211708364375,0.002346170836437511,0.21895,0.2163901117039189,0.22152619903409573
T-shared_list-W-20-HS-random-D-2-C-5-H-3-RUNS-100000.csv,shared_list,20,random,2,5,3,100000,2.0,130.0,35.23213,241.9582256631,35.135719071174094,35.3285409288259,0.09641092882590385,0.0,2.0,1.81934,0.2274019644,1.8163843488256577,1.8222956511743422,0.0029556511743422664,0.0,0.3175,0.10311827500000001,0.001972024673524375,0.10284303455991514,0.10339351544008488,0.00027524044008486737,0.0,79.5,25.39628,116.38211216159999,25.32941494768715,25.46314505231285,0.06686505231284912,0.0,159.0,50.79256,465.52844864639997,50.6588298953743,50.9262901046257,0.13373010462569823,0.0,1.0,0.41842666666666667,0.11033912462222219,0.4163678350049014,0.42048549832843196,0.0020588316617652924,0.14097,0.13881860609449584,0.14314224032445885
T-shared_list-W-20-HS-random-D-2-C-5-H-4-RUNS-100000.csv,shared_list,20,random,2,5,4,100000,2.0,136.0,37.02986,262.51292838039996,36.9294374096298,37.1302825903702,0.10042259037020074,0.0,2.0,1.86736,0.17116663040000002,1.8647957189558384,1.8699242810441614,0.0025642810441615094,0.0,0.3525,0.10795555,0.0020638884741975,0.10767397169894544,0.10823712830105456,0.00028157830105456083,0.0,84.0,26.756165,123.041966992775,26.687413416716453,26.824916583283546,0.06875158328354658,0.0,168.0,53.51233,492.1678679711,53.374826833432905,53.64983316656709,0.13750316656709316,0.0,1.0,0.420345,0.09367758097500001,0.4184479712836292,0.42224202871637084,0.0018970287163708188,0.10458,0.10268984310505924,0.10649312586713836
T-shared_list-W-20-HS-random-D-2-C-5-H-5-RUNS-100000.csv,shared_list,20,random,2,5,5,100000,2.0,139.0,36.73036,275.1904742704,36.62754114346302,36.833178856536975,0.10281885653697742,0.0,2.0,1.8913,0.14384431,1.888949271812191,1.893650728187809,0.0023507281878090147,0.0,0.3375,0.10610352499999999,0.002118999670074375,0.10581821202916694,0.10638883797083304,0.00028531297083304874,0.0,82.5,26.360225,126.20283044937499,26.290595926082972,26.429854073917028,0.069629073917028,0.0,165.0,52.72045,504.81132179749994,52.581191852165944,52.859708147834056,0.139258147834056,0.0,1.0,0.41813200000000006,0.08384803057599999,0.4163372560231032,0.41992674397689694,0.0017947439768968843,0.08522,0.08349652485114337,0.08696757673519948
T-shared_list-W-20-HS-random-D-3-C-5-H-1-RUNS-100000.csv,shared_list,20,random,3,5,1,100000,1.0,118.0,29.28412,208.56147582559998,29.19460967849842,29.373630321501583,0.08951032150158156,0.0,3.0,1.80855,1.3851768975000003,1.801255278915931,1.8158447210840691,0.0072947210840690335,0.0,0.37,0.111626575,0.002469974566269375,0.1113185384064956,0.11193461159350442,0.00030803659350440993,0.0,63.666666666666664,20.999573333333334,66.76047537351111,20.948930758142602,21.050215908524066,0.05064257519073223,0.0,191.0,62.99872,600.8442783616,62.846792274427806,63.15064772557219,0.15192772557219314,0.0,1.0,0.58534,0.24271708439999995,0.5822864414997727,0.5883935585002272,0.0030535585002272603,0.58534,0.5822790587893559,0.5883959905535492
T-shared_list-W-20-HS-random-D-3-C-5-H-2-RUNS-100000.csv,shared_list,20,random,3,5,2,100000,2.0,130.0,36.07515,201.0411024775,35.98726828977099,36.16303171022901,0.08788171022901281,0.0,3.0,2.31061,0.9559314278999999,2.304550044411532,2.316669955588468,0.006059955588467947,0.0,0.3575,0.13205150000000002,0.00216506309775,0.1317631025936955,0.13233989740630453,0.0002883974063045136,0.0,67.0,24.36331,61.208189177233336,24.314819033878127,24.41180096612187,0.04849096612187154,0.0,201.0,73.08993,550.8737025951,72.94445710163438,73.2354028983656,0.14547289836561106,0.0,1.0,0.585905,0.146752830975,0.5835306249759704,0.5882793750240296,0.0023743750240295958,0.39417,0.39113934278819845,0.3972067966223941
T-shared_list-W-20-HS-random-D-3-C-5-H-3-RUNS-100000.csv,shared_list,20,random,3,5,3,100000,2.0,144.0,38.47758,207.90505734360002,38.38821065020427,38.566949349795735,0.08936934979573152,0.0,3.0,2.5063,0.73614031,2.500982146471652,2.5116178535283478,0.0053178535283477935,0.0,0.3475,0.138056025,0.0021845707736993752,0.13776633124645596,0.13834571875354404,0.00028969375354404026,0.0,61.333333333333336,25.13447,62.41914115243333,25.085501706926706,25.183438293073294,0.04896829307329398,0.0,184.0,75.40341,561.7722703718999,75.25650512078012,75.55031487921987,0.14690487921987483,0.0,1.0,0.5867766666666667,0.11444536567777777,0.584679875506852,0.5888734578264815,0.0020967911598147593,0.29766,0.2948270170450817,0.30050472286575436
T-shared_list-W-20-HS-random-D-3-C-5-H-4-RUNS-100000.csv,shared_list,20,random,3,5,4,100000,2.0,144.0,40.12637,221.33842062309998,40.03415862994914,40.21858137005086,0.09221137005086177,0.0,3.0,2.59618,0.6398494076000001,2.59122213202653,2.60113786797347,0.004957867973470087,0.0,0.3625,0.14130389999999998,0.00234271771979,0.14100390359348242,0.14160389640651755,0.00029999640651756643,0.0,66.66666666666667,25.965473333333332,67.04221235373333,25.914724011862194,26.01622265480447,0.05074932147113742,0.0,200.0,77.89642,603.3799111836,77.74417203558659,78.04866796441343,0.15224796441341937,0.0,1.0,0.58615,0.09891567750000002,0.5842006553237459,0.588099344676254,0.0019493446762540723,0.24431,0.24164932616254864,0.24698551137121905
T-shared_list-W-20-HS-random-D-3-C-5-H-5-RUNS-100000.csv,shared_list,20,random,3,5,5,100000,2.0,128.0,40.21943,227.3839004751,40.125967815558106,40.3128921844419,0.09346218444189702,0.0,3.0,2.64486,0.5831155803999999,2.640127033896525,2.649592966103475,0.004732966103475178,0.0,0.39,0.14025105,0.0023746824738974997,0.13994901390626738,0.1405530860937326,0.00030203609373261053,0.0,64.33333333333333,25.51765333333333,67.48745724871111,25.466735770963687,25.568570895702976,0.05091756236964429,0.0,193.0,76.55296,607.3871152384,76.40020731289107,76.70571268710893,0.1527526871089293,0.0,1.0,0.585692,0.08965528113599998,0.5838361451349524,0.5875478548650476,0.0018558548650475792,0.21286,0.21032635129338692,0.21541031331908564
T-shared_list-W-20-HS-random-D-4-C-5-H-1-RUNS-100000.csv,shared_list,20,random,4,5,1,100000,1.0,126.0,28.03741,202.7181704919,27.949162500105576,28.125657499894427,0.08824749989442537,0.0,4.0,2.08805,2.2883571975,2.0786739917822583,2.0974260082177416,0.00937600821774165,0.0,0.3725,0.126076,0.003138228474,0.1257287851024838,0.12642321489751618,0.00034721489751618484,0.0,48.0,19.6740275,51.29170755424375,19.629638061645775,19.718416938354228,0.044389438354226485,0.0,192.0,78.69611,820.6673208679,78.5185522465831,78.87366775341691,0.17755775341690594,0.0,1.0,0.71787,0.20253266310000004,0.7150806461705891,0.7206593538294109,0.0027893538294109232,0.71787,0.7150694063661202,0.7206579521903085
T-shared_list-W-20-HS-random-D-4-C-5-H-2-RUNS-100000.csv,shared_list,20,random,4,5,2,100000,2.0,124.0,35.03089,186.26003580789998,34.94630060624643,35.11547939375357,0.08458939375356778,0.0,4.0,2.70742,1.9403969435999997,2.6987862123615796,2.7160537876384203,0.008633787638420376,0.0,0.375,0.15083290000000002,0.0023970415275900003,0.15052944531256893,0.1511363546874311,0.00030345468743109283,0.0,51.0,22.64725,40.1386786875,22.60798210623857,22.68651789376143,0.03926789376142992,0.0,204.0,90.589,642.218859,90.43192842495428,90.74607157504572,0.15707157504571967,0.0,1.0,0.716485,0.125146744775,0.7142923674846714,0.7186776325153287,0.002192632515328641,0.56051,0.5574270840785971,0.5635894057330277
T-shared_list-W-20-HS-random-D-4-C-5-H-3-RUNS-100000.csv,shared_list,20,random,4,5,3,100000,2.0,122.0,38.48098,185.1353982396,38.396646368163275,38.56531363183673,0.08433363183672782,0.0,4.0,2.97834,1.7089108443999999,2.9702375609228784,2.986442439077122,0.008102439077121826,0.0,0.39,0.16004605,0.0023144566293974997,0.15974786856886294,0.16034423143113705,0.0002981814311370512,0.0,52.25,23.7958,39.168761110000005,23.75700944539193,23.83459055460807,0.03879055460807024,0.0,209.0,95.1832,626.7001777600001,95.02803778156772,95.33836221843228,0.15516221843228095,0.0,1.0,0.7146433333333333,0.09973935056666665,0.7126858893644369,0.7166007773022297,0.0019574439688964107,0.46725,0.46415366706326555,0.47034823274506443
T-shared_list-W-20-HS-random-D-4-C-5-H-4-RUNS-100000.csv,shared_list,20,random,4,5,4,100000,2.0,129.0,40.22134,189.5467086044,40.136007553898025,40.30667244610197,0.08533244610197244,0.0,4.0,3.10351,1.6078556799000001,3.0956507771504405,3.1113692228495595,0.007859222849559533,0.0,0.375,0.162936925,0.002317785284044375,0.16263852922343497,0.16323532077656505,0.00029839577656504135,0.0,53.25,24.12957,39.9912828651,24.090374271628843,24.16876572837116,0.03919572837115837,0.0,213.0,96.51828,639.8605258416,96.36149708651537,96.67506291348464,0.15678291348463347,0.0,1.0,0.7164575,0.08590677569375,0.7146408562002827,0.7182741437997172,0.0018166437997172435,0.41169,0.40863734137855023,0.41474778158295744
T-shared_list-W-20-HS-random-D-4-C-5-H-5-RUNS-100000.csv,shared_list,20,random,4,5,5,100000,2.0,134.0,41.4761,193.38864879000002,41.38990708653308,41.562292913466926,0.08619291346692393,0.0,4.0,3.1776,1.5328182399999997,3.169926360348059,3.1852736396519408,0.007673639651940789,0.0,0.3675,0.1648817,0.0023843603801099998,0.1645790490651554,0.1651843509348446,0.00030265093484460603,0.0,54.75,24.4812925,40.66432315444375,24.441768322104675,24.520816677895322,0.039524177895323476,0.0,219.0,97.92517,650.6291704711,97.7670732884187,98.08326671158129,0.1580967115812939,0.0,1.0,0.7168,0.07841855999999998,0.7150643366106989,0.7185356633893011,0.0017356633893010898,0.37576,0.37275685688461563,0.3787703506678055
T-shared_list-W-20-HS-random-D-5-C-5-H-1-RUNS-100000.csv,shared_list,20,random,5,5,1,100000,1.0,120.0,26.64227,196.88963924710006,26.555300393922263,26.729239606077737,0.08696960607773718,0.0,5.0,2.20197,3.3313581191000003,2.19065728796869,2.2132827120313103,0.011312712031310124,0.0,0.355,0.132764525,0.003632786839024375,0.13239095152769775,0.13313809847230224,0.00037357347230224103,0.0,41.0,18.175722,41.448004578716,18.135818785293715,18.215625214706286,0.03990321470628544,0.0,205.0,90.87861,1036.2001144679,90.67909392646857,91.07812607353142,0.1995160735314272,0.0,1.0,0.8135,0.15171774999999998,0.8110857943161363,0.8159142056838637,0.002414205683863746,0.8135,0.811071759459434,0.8159100436748336
T-shared_list-W-20-HS-random-D-5-C-5-H-2-RUNS-100000.csv,shared_list,20,random,5,5,2,100000,2.0,129.0,33.8097,183.74774591,33.725683017152015,33.893716982847984,0.08401698284798442,0.0,5.0,2.87075,3.2946244374999996,2.8594998314505515,2.8820001685494487,0.011250168549448603,0.0,0.3675,0.160078525,0.0025970707713243754,0.15976266257622787,0.16039438742377213,0.0003158624237721286,0.0,42.4,20.87504,29.722676998399997,20.84124907874043,20.908830921259568,0.03379092125956973,0.0,212.0,104.3752,743.0669249599999,104.20624539370215,104.54415460629787,0.1689546062978593,0.0,1.0,0.81478,0.09368855159999999,0.8128828602059243,0.8166771397940756,0.0018971397940756862,0.70033,0.697479855247136,0.703168521515966
T-shared_list-W-20-HS-random-D-5-C-5-H-3-RUNS-100000.csv,shared_list,20,random,5,5,3,100000,2.0,132.0,37.5779,181.73955159000002,37.49434339275748,37.66145660724252,0.0835566072425209,0.0,5.0,3.18472,3.1577985216,3.17370591864903,3.19573408135097,0.011014081350969818,0.0,0.3975,0.17013,0.002379172225,0.16982767851516042,0.17043232148483958,0.00030232148483957944,0.0,44.6,21.88824,27.693007302400005,21.85562321645948,21.92085678354052,0.03261678354051867,0.0,223.0,109.4412,692.3251825600001,109.2781160822974,109.60428391770259,0.16308391770259334,0.0,1.0,0.8153066666666666,0.07424837262222224,0.813617783756973,0.8169955495763602,0.0016888829096936009,0.62694,0.623933913494156,0.6299387222936548
T-shared_list-W-20-HS-random-D-5-C-5-H-4-RUNS-100000.csv,shared_list,20,random,5,5,4,100000,2.0,140.0,40.02538,185.8112358556,39.94089257823422,40.10986742176578,0.08448742176577895,0.0,5.0,3.34744,3.0570654464,3.336603015816709,3.3582769841832913,0.010836984183291154,0.0,0.385,0.175809575,0.002374204025819375,0.17550756933472883,0.17611158066527116,0.00030200566527116557,0.0,44.2,22.4448,28.013658560000003,22.411994928635334,22.477605071364668,0.032805071364666816,0.0,221.0,112.224,700.3414640000001,112.05997464317666,112.38802535682335,0.16402535682334474,0.0,1.0,0.81682,0.0645713376,0.8152450166650909,0.8183949833349091,0.0015749833349091302,0.58078,0.5777144299847329,0.5838408839040412
T-shared_list-W-20-HS-random-D-5-C-5-H-5-RUNS-100000.csv,shared_list,20,random,5,5,5,100000,2.0,141.0,41.78121,186.5860409359,41.6965466115219,41.8658733884781,0.08466338847809851,0.0,5.0,3.45787,2.9988250630999995,3.447136740307621,3.4686032596923795,0.01073325969237926,0.0,0.385,0.178987625,0.002392130659359375,0.17868448131886852,0.1792907686811315,0.00030314368113149026,0.0,44.4,22.770958000000004,28.026702562236,22.7381452920101,22.80377070798991,0.032812707989904766,0.0,222.0,113.85479,700.6675640559,113.69072646005046,114.01885353994953,0.16406353994953804,0.0,1.0,0.8158839999999999,0.058777298543999996,0.8143813394592037,0.8173866605407962,0.0015026605407962856,0.54372,0.5406266638356467,0.546810799984037
T-shared_list-W-20-HS-random-D-6-C-5-H-1-RUNS-100000.csv,shared_list,20,random,6,5,1,100000,1.0,141.0,26.82689,224.28210292789998,26.734067474360593,26.919712525639405,0.09282252563940574,0.0,6.0,2.23769,4.020273463900001,2.2252624972182993,2.250117502781701,0.012427502781700905,0.0,0.375,0.13628017500000003,0.004019420839469375,0.1358872245311505,0.13667312546884955,0.0003929504688495178,0.0,39.333333333333336,15.880081666666666,34.262316537775,15.843801904372583,15.916361428960748,0.036279762294082474,0.0,236.0,95.28049,1233.4433953599,95.0628114262355,95.4981685737645,0.21767857376450195,0.0,1.0,0.88595,0.1010425975,0.8839798090383011,0.8879201909616989,0.0019701909616989255,0.88595,0.8839636423936436,0.8879139416317612
T-shared_list-W-20-HS-random-D-6-C-5-H-2-RUNS-100000.csv,shared_list,20,random,6,5,2,100000,2.0,153.0,34.67561,226.49632112790005,34.58233040591614,34.76888959408386,0.09327959408386022,0.0,6.0,2.96429,4.2638347959,2.95149158300729,2.9770884169927103,0.012798416992710226,0.0,0.38,0.1660691,0.0028867390251899995,0.1657360880386657,0.16640211196133428,0.0003330119613342841,0.0,38.0,18.455905,24.736389242086112,18.425078499564112,18.48673150043589,0.030826500435889415,0.0,228.0,110.73543,890.5100127151001,110.55047099738465,110.92038900261534,0.1849590026153436,0.0,1.0,0.88715,0.062349877500000005,0.885602346003126,0.888697653996874,0.0015476539968739544,0.81162,0.8091824822211415,0.8140394302267354
T-shared_list-W-20-HS-random-D-6-C-5-H-3-RUNS-100000.csv,shared_list,20,random,6,5,3,100000,3.0,153.0,39.15489,228.1475990879,39.06127099462951,39.248509005370494,0.09361900537049195,0.0,6.0,3.32006,4.2530015964,3.3072778519282826,3.332842148071717,0.012782148071717181,0.0,0.3975,0.178544225,0.002592476031649375,0.17822864211194706,0.17885980788805295,0.00031558288805294543,0.0,39.166666666666664,19.53085,22.686014388611113,19.501328720746674,19.560371279253328,0.029521279253327037,0.0,235.0,117.1851,816.69651799,117.00797232448005,117.36222767551996,0.17712767551995512,0.0,1.0,0.88739,0.049391210122222216,0.8860125339466777,0.8887674660533224,0.0013774660533223404,0.75883,0.7561660749136401,0.7614789051762307
T-shared_list-W-20-HS-random-D-6-C-5-H-4-RUNS-100000.csv,shared_list,20,random,6,5,4,100000,3.0,160.0,42.10651,231.9682856199,42.01211035137579,42.20090964862421,0.09439964862421135,0.0,6.0,3.51647,4.2434887391,3.503702155099577,3.529237844900423,0.012767844900423153,0.0,0.395,0.184841325,0.002533124759744375,0.18452937545156253,0.18515327454843747,0.0003119495484374679,0.0,39.333333333333336,20.069375,22.45894627604167,20.040001834012312,20.09874816598769,0.02937316598768902,0.0,236.0,120.41625,808.5220659375,120.24001100407386,120.59248899592615,0.17623899592614123,0.0,1.0,0.885995,0.04386660997499999,0.8846968552897309,0.8872931447102691,0.0012981447102691224,0.72044,0.7176470992173557,0.7232201101357372
T-shared_list-W-20-HS-random-D-6-C-5-H-5-RUNS-100000.csv,shared_list,20,random,6,5,5,100000,3.0,157.0,44.35519,234.3284100639,44.260311339590956,44.450068660409045,0.09487866040904436,0.0,6.0,3.64303,4.2146224190999995,3.630305655818387,3.655754344181613,0.012724344181612945,0.0,0.4075,0.188745825,0.002507146482569375,0.18843547916182204,0.18905617083817797,0.00031034583817796113,0.0,39.666666666666664,20.428415,22.355203087775,20.39910975333972,20.457720246660283,0.029305246660282336,0.0,238.0,122.57049,804.7873111599001,122.39465852003832,122.7463214799617,0.1758314799616869,0.0,1.0,0.886816,0.03953418214400001,0.8855836262169116,0.8880483737830885,0.0012323737830884918,0.69237,0.6894990194212596,0.6952298193759533
T-shared_list-W-20-HS-random-D-7-C-5-H-1-RUNS-100000.csv,shared_list,20,random,7,5,1,100000,1.0,177.0,27.53783,272.5516688911,27.435505296667323,27.640154703332676,0.10232470333267685,0.0,7.0,2.28803,4.5146087191,2.2748605957403933,2.3011994042596067,0.013169404259606665,0.0025,0.435,0.139319475,0.004443743823224376,0.1389063032890698,0.1397326467109302,0.00041317171093019356,0.14285714285714285,36.42857142857143,14.13012,30.238505520293877,14.096037124122697,14.164202875877303,0.034082875877302854,1.0,255.0,98.91084,1481.6867704944002,98.67225986885887,99.14942013114111,0.23858013114111998,0.0,1.0,0.93212,0.0632723056,0.9305609397407638,0.9336790602592361,0.0015590602592361336,0.93212,0.930543397704079,0.9336714826201647
T-shared_list-W-20-HS-random-D-7-C-5-H-2-RUNS-100000.csv,shared_list,20,random,7,5,2,100000,2.0,174.0,35.84408,285.5510489536,35.739343525471774,35.94881647452822,0.10473647452822377,0.0,7.0,3.0304,4.956055839999999,3.0166017449962164,3.044198255003784,0.013798255003783844,0.0025,0.4375,0.170868625,0.0032476509281093753,0.17051540869509002,0.17122184130490997,0.0003532163049099757,0.14285714285714285,36.714285714285715,16.574761428571428,23.018800524716326,16.545024410547466,16.60449844659539,0.02973701802396178,1.0,257.0,116.02333,1127.9212257111,115.81517087383226,116.23148912616774,0.20815912616774312,0.0,1.0,0.932595,0.039164065975,0.9313684084793642,0.9338215915206357,0.0012265915206357558,0.8852,0.8832080339898861,0.8871695938087382
T-shared_list-W-20-HS-random-D-7-C-5-H-3-RUNS-100000.csv,shared_list,20,random,7,5,3,100000,4.0,204.0,40.77434,302.1596175644,40.66660066703217,40.882079332967834,0.10773933296783156,0.0,7.0,3.39511,5.089598087900001,3.3811270818444514,3.4090929181555483,0.013982918155548418,0.005,0.44,0.18367125,0.0028973224234375003,0.18333762815086724,0.18400487184913278,0.00033362184913277027,0.42857142857142855,36.714285714285715,17.591601428571426,21.374131219099997,17.56294643555253,17.620256421590323,0.028654993018896846,3.0,257.0,123.14121,1047.3324297359,122.94062504886773,123.34179495113227,0.20058495113227082,0.0,1.0,0.9328633333333333,0.03064711243333333,0.9317782805828926,0.933948386083774,0.0010850527504406848,0.84978,0.8475504126594536,0.8519892796225794
T-shared_list-W-20-HS-random-D-7-C-5-H-4-RUNS-100000.csv,shared_list,20,random,7,5,4,100000,3.0,186.0,44.29373,313.94741268710004,44.183909219608545,44.40355078039145,0.10982078039145193,0.0,7.0,3.61444,5.1589234864,3.600362173297929,3.6285178267020712,0.014077826702071139,0.0,0.425,0.191374725,0.0028215861936743748,0.19104549247545816,0.19170395752454183,0.00032923252454183927,0.0,36.42857142857143,18.190818571428572,21.309717456471425,18.16220678878911,18.219430354068034,0.02861178263946229,0.0,255.0,127.33573,1044.1761553671,127.13544752152377,127.53601247847622,0.20028247847622538,0.0,1.0,0.9323775,0.02694782249375,0.9313600386744844,0.9333949613255156,0.0010174613255156117,0.8231,0.8207206011784625,0.8254606436658611
T-shared_list-W-20-HS-random-D-7-C-5-H-5-RUNS-100000.csv,shared_list,20,random,7,5,5,100000,3.0,189.0,47.02773,325.1614610471,46.9159650560883,47.1394949439117,0.11176494391170166,0.0,7.0,3.7576,5.180062240000001,3.7434933607470864,3.7717066392529137,0.014106639252913666,0.0,0.4375,0.19556142499999998,0.002790885489469375,0.1952339885069766,0.19588886149302337,0.0003274364930233864,0.0,38.857142857142854,18.573504285714286,21.371026507736733,18.544851373919474,18.602157197509097,0.02865291179481133,0.0,272.0,130.01453,1047.1802988791,129.81395961743632,130.2151003825637,0.20057038256368287,0.0,1.0,0.93296,0.0243720384,0.931992386323384,0.933927613676616,0.0009676136766160193,0.80399,0.8015157599985491,0.8064465960445478
T-shared_list-W-20-HS-random-D-8-C-5-H-1-RUNS-100000.csv,shared_list,20,random,8,5,1,100000,1.0,184.0,27.79591,306.27197727189997,27.68743998442483,27.904380015575168,0.10847001557516833,0.0,8.0,2.29669,4.7871450439,2.283128917299623,2.310251082700377,0.013561082700376925,0.0,0.48,0.1402536,0.00466714443704,0.13983016993411743,0.14067703006588259,0.0004234300658825796,0.0,35.625,12.58804375,26.44278032933594,12.556171727015387,12.619915772984614,0.031872022984613224,0.0,285.0,100.70435,1692.3379410775,100.4493738161231,100.95932618387691,0.2549761838769058,0.0,1.0,0.96197,0.036583719099999995,0.9607845042585713,0.9631554957414287,0.001185495741428677,0.96197,0.9607660503453809,0.9631470590412742
T-shared_list-W-20-HS-random-D-8-C-5-H-2-RUNS-100000.csv,shared_list,20,random,8,5,2,100000,2.0,228.0,36.6725,349.92352375,36.556557505252044,36.788442494747954,0.11594249474795504,0.0,8.0,3.05617,5.3902349311,3.0417800290093018,3.070559970990698,0.014389970990698053,0.0,0.4625,0.17279122499999996,0.003504500875499375,0.17242430688156865,0.17315814311843128,0.00036691811843131417,0.0,36.25,14.89594125,21.53065474529844,14.867181527597038,14.924700972402961,0.02875972240296143,0.0,290.0,119.16753,1377.9619036991,118.93745222077631,119.39760777922369,0.23007777922369144,0.0,1.0,0.961885,0.022544746775000003,0.9609543663491424,0.9628156336508575,0.0009306336508575486,0.93365,0.9320897576957273,0.9351850325554457
T-shared_list-W-20-HS-random-D-8-C-5-H-3-RUNS-100000.csv,shared_list,20,random,8,5,3,100000,4.0,211.0,42.10331,374.6886970439,41.98333483179575,42.22328516820425,0.11997516820424892,0.0,8.0,3.44807,5.6573832751,3.4333277465801104,3.4628122534198895,0.01474225341988955,0.0025,0.455,0.186899875,0.0031314470374843757,0.1865530354558416,0.1872467145441584,0.00034683954415840046,0.5,38.875,15.92697125,20.423926020423437,15.898960438837154,15.954982061162845,0.028010811162845428,4.0,311.0,127.41577,1307.1312653071,127.19168351069723,127.63985648930276,0.22408648930276343,0.0,1.0,0.9612933333333334,0.018010682844444445,0.9604615290341427,0.9621251376325242,0.0008318042991907193,0.91062,0.908834846530397,0.9123812955452957
T-shared_list-W-20-HS-random-D-8-C-5-H-4-RUNS-100000.csv,shared_list,20,random,8,5,4,100000,3.0,216.0,45.97441,395.9593151519,45.85107641555977,46.09774358444023,0.1233335844402319,0.0,8.0,3.67819,5.783388323899999,3.6632844759954253,3.6930955240045744,0.014905524004574566,0.0,0.475,0.194385225,0.0030175337391993755,0.1940447524223596,0.19472569757764038,0.0003404725776403883,0.0,37.0,16.49212125,20.387211831548438,16.464135626374276,16.520106873625725,0.027985623625724543,0.0,296.0,131.93697,1304.7815572191,131.7130850109942,132.1608549890058,0.22388498900579634,0.0,1.0,0.961445,0.015556011975,0.9606719542341934,0.9622180457658066,0.0007730457658066126,0.89414,0.892216704645205,0.8960404011607677
T-shared_list-W-20-HS-random-D-8-C-5-H-5-RUNS-100000.csv,shared_list,20,random,8,5,5,100000,5.0,208.0,49.07486,417.4602559804,48.94822211785669,49.201497882143315,0.12663788214331362,0.0,8.0,3.83277,5.8884241270999995,3.817729730678386,3.847810269321614,0.015040269321613842,0.0025,0.4825,0.19908877500000002,0.0030052646064993747,0.19874899529913007,0.19942855470086998,0.0003397797008699577,1.0,35.625,16.8766025,20.66497430699375,16.84842687839235,16.904778121607652,0.028175621607651635,8.0,285.0,135.01282,1322.5583556476,134.7874150271388,135.23822497286122,0.22540497286121308,0.0,1.0,0.9616180000000001,0.014135222075999996,0.9608811019804129,0.9623548980195873,0.0007368980195872066,0.88144,0.8794203181703465,0.883437529033709
T-shared_list-W-20-HS-random-D-9-C-5-H-1-RUNS-100000.csv,shared_list,20,random,9,5,1,100000,1.0,252.0,28.10635,341.8841196775,27.991747118964962,28.220952881035036,0.11460288103503657,0.0,9.0,2.30488,4.9919481856,2.291031870830397,2.3187281291696027,0.013848129169602874,0.0025,0.4725,0.14066447499999998,0.004773085910474375,0.14023626609264658,0.14109268390735338,0.0004282089073534001,0.1111111111111111,37.0,11.324135555555555,23.135058610760495,11.29432353765017,11.35394757346094,0.029812017905385346,1.0,333.0,101.91722,1873.9397474716002,101.64891183885153,102.18552816114847,0.2683081611484681,0.0,1.0,0.97809,0.021429951900000004,0.9771826670775342,0.9789973329224658,0.0009073329224658089,0.97809,0.9771636939861943,0.9789884298445533
T-shared_list-W-20-HS-random-D-9-C-5-H-2-RUNS-100000.csv,shared_list,20,random,9,5,2,100000,2.0,233.0,37.31359,395.4544113119,37.190335074479925,37.43684492552007,0.12325492552007233,0.0,9.0,3.09538,5.7232626556,3.080552159355539,3.110207840644461,0.014827840644461077,0.0025,0.49,0.17391282500000002,0.003605234988019375,0.17354067085545807,0.17428497914454197,0.0003721541445419474,0.1111111111111111,37.0,13.470046666666667,19.29170378547654,13.44282332938736,13.497270003945973,0.027223337279306037,1.0,333.0,121.23042,1562.6280066236002,120.98540996448624,121.47543003551375,0.24501003551375788,0.0,1.0,0.97853,0.0127790391,0.9778293434749711,0.9792306565250289,0.0007006565250289309,0.96207,0.9608675453417186,0.9632455580356525
T-shared_list-W-20-HS-random-D-9-C-5-H-3-RUNS-100000.csv,shared_list,20,random,9,5,3,100000,5.0,251.0,42.99761,442.5381842879,42.86722385469459,43.12799614530541,0.13038614530540826,0.0,9.0,3.48653,6.0891585591,3.4712355201067058,3.5018244798932945,0.015294479893294355,0.01,0.5175,0.187948525,0.003255027262824375,0.1875949077954855,0.18830214220451452,0.00035361720451451695,1.3333333333333333,36.77777777777778,14.415404444444444,19.022750752474074,14.388371538701497,14.442437350187392,0.027032905742947477,12.0,331.0,129.73864,1540.8428109504002,129.4953438483135,129.9819361516865,0.24329615168650776,0.0,1.0,0.9779533333333335,0.0103450556,0.9773229242154349,0.978583742451232,0.0006304091178985782,0.94792,0.9465248416473884,0.9492891056791974
T-shared_list-W-20-HS-random-D-9-C-5-H-4-RUNS-100000.csv,shared_list,20,random,9,5,4,100000,4.0,261.0,47.15272,478.0590966016,47.01720203714988,47.288237962850125,0.1355179628501233,0.0,9.0,3.71918,6.2579601276,3.7036749751286275,3.7346850248713728,0.015505024871372619,0.0025,0.475,0.19580120000000004,0.0031590429535600004,0.19545283554414386,0.1961495644558562,0.00034836445585617604,0.1111111111111111,36.0,14.965274444444445,19.275182901223456,14.938062766320275,14.992486122568614,0.02721167812416958,1.0,324.0,134.68747,1561.2898149991,134.44256489688246,134.93237510311752,0.24490510311753155,0.0,1.0,0.978025,0.008795849375,0.9774437071739734,0.9786062928260266,0.0005812928260265915,0.93745,0.9359314248130555,0.93894314150803
T-shared_list-W-20-HS-random-D-9-C-5-H-5-RUNS-100000.csv,shared_list,20,random,9,5,5,100000,3.0,236.0,50.38786,503.3191246204,50.248807824571436,50.52691217542857,0.13905217542856718,0.0,9.0,3.86648,6.377732409600001,3.850827301566593,3.8821326984334075,0.01565269843340733,0.0,0.5075,0.20036192499999997,0.003105190447794375,0.2000165426086676,0.20070730739133233,0.0003453823913323606,0.0,36.0,15.317306666666667,19.158171541017285,15.290177709482144,15.34443562385119,0.027128957184523017,0.0,324.0,137.85576,1551.8118948224003,137.6115993853393,138.0999206146607,0.24416061466070005,0.0,1.0,0.97859,0.007722011899999999,0.9780453452385681,0.9791346547614318,0.0005446547614318398,0.93048,0.9288861143767887,0.9320488624448013
T-shared_list-W-20-HS-weighted-D-1-C-5-H-1-RUNS-100000.csv,shared_list,20,weighted,1,5,1,100000,1.0,136.0,25.59562,199.20979681560001,25.508139467568675,25.683100532431325,0.08748053243132503,0.0,1.0,0.78022,0.17147675159999998,0.7776533970136646,0.7827866029863354,0.0025666029863353756,0.0,0.285,0.057697124999999995,0.0010008657042343751,0.05750104017933846,0.05789320982066153,0.00019608482066153787,0.0,136.0,24.03518,200.5047223676,23.947415602808007,24.122944397191993,0.08776439719199303,0.0,136.0,24.03518,200.5047223676,23.947415602808007,24.122944397191993,0.08776439719199303,0.0,1.0,0.21978,0.17147675159999998,0.21721339701366466,0.22234660298633535,0.002566602986335348,0.21978,0.217216599012829,0.2223596634993401
T-shared_list-W-20-HS-weighted-D-1-C-5-H-2-RUNS-100000.csv,shared_list,20,weighted,1,5,2,100000,2.0,139.0,28.23095,246.1037320975,28.13371666738069,28.32818333261931,0.09723333261931089,0.0,1.0,0.92608,0.0684558336,0.9244583344045156,0.9277016655954844,0.0016216655954843784,0.0,0.2775,0.062688675,0.0012314077142443751,0.06247117612931233,0.06290617387068767,0.00021749887068767126,0.0,139.0,26.37879,251.03114813590003,26.280588102936914,26.476991897063083,0.09820189706308469,0.0,139.0,26.37879,251.03114813590003,26.280588102936914,26.476991897063083,0.09820189706308469,0.0,1.0,0.22151,0.09864831989999999,0.21956329153254053,0.2234567084674595,0.0019467084674594792,0.07392,0.07230573832565584,0.07555902619870977
T-shared_list-W-20-HS-weighted-D-1-C-5-H-3-RUNS-100000.csv,shared_list,20,weighted,1,5,3,100000,2.0,142.0,28.40905,271.99700809750004,28.306829468485663,28.511270531514338,0.10222053151433741,0.0,1.0,0.96394,0.034759676399999995,0.9627844361858459,0.9650955638141542,0.001155563814154159,0.0,0.325,0.062517475,0.001321289132124375,0.06229217821063165,0.06274277178936837,0.00022529678936836217,0.0,142.0,26.48117,276.4517654311,26.37811578601143,26.584224213988566,0.10305421398856751,0.0,142.0,26.48117,276.4517654311,26.37811578601143,26.584224213988566,0.10305421398856751,0.0,1.0,0.21965666666666664,0.07318317101111112,0.2179799422714356,0.22133339106189767,0.001676724395231033,0.03606,0.034912929690800384,0.03723407946866359
T-shared_list-W-20-HS-weighted-D-1-C-5-H-4-RUNS-100000.csv,shared_list,20,weighted,1,5,4,100000,2.0,135.0,29.63338,281.0042297756,29.52948072911199,29.737279270888006,0.10389927088800732,0.0,1.0,0.97665,0.0228047775,0.9757140147797962,0.9775859852202038,0.0009359852202037722,0.0,0.31,0.065473,0.001342219896,0.06524592574006564,0.06570007425993436,0.00022707425993435948,0.0,133.0,27.68008,284.7172911936,27.575496543093596,27.784663456906404,0.10458345690640414,0.0,133.0,27.68008,284.7172911936,27.575496543093596,27.784663456906404,0.10458345690640414,0.0,1.0,0.2233875,0.06178739984375001,0.22184684275310906,0.22492815724689091,0.0015406572468909252,0.02335,0.022422875968296993,0.02430491009852932
T-shared_list-W-20-HS-weighted-D-1-C-5-H-5-RUNS-100000.csv,shared_list,20,weighted,1,5,5,100000,2.0,138.0,28.92987,289.2532717831,28.824456748039825,29.035283251960177,0.10541325196017581,0.0,1.0,0.98197,0.017704919100000008,0.9811452866121217,0.9827947133878783,0.000824713387878262,0.0,0.2875,0.063757975,0.001389248186399375,0.06352695690908779,0.0639889930909122,0.00023101809091220782,0.0,138.0,26.96593,292.5517892351,26.859917408600413,27.071942591399587,0.10601259139958685,0.0,138.0,26.96593,292.5517892351,26.859917408600413,27.071942591399587,0.10601259139958685,0.0,1.0,0.22275800000000004,0.05467447343600001,0.22130873309169177,0.2242072669083083,0.0014492669083082665,0.01803,0.01721430302523444,0.018873819684764002
T-shared_list-W-20-HS-weighted-D-10-C-5-H-1-RUNS-100000.csv,shared_list,20,weighted,10,5,1,100000,1.0,252.0,28.44356,363.96445452639995,28.325314245382398,28.561805754617605,0.1182457546176039,0.0,10.0,2.33883,5.1442642311,2.324772188836738,2.3528878111632623,0.014057811163262102,0.0025,0.5075,0.1414404,0.00481631649784,0.14101025628613098,0.141870543713869,0.0004301437138690134,0.1,34.1,10.290901,19.896096108199,10.263254509660491,10.318547490339508,0.02764649033950839,1.0,341.0,102.90901,1989.6096108199001,102.6325450966049,103.18547490339509,0.27646490339509455,0.0,1.0,0.98827,0.011592407100000006,0.9876026665667347,0.9889373334332653,0.0006673334332653047,0.98827,0.9875833262204203,0.9889281302463186
T-shared_list-W-20-HS-weighted-D-10-C-5-H-2-RUNS-100000.csv,shared_list,20,weighted,10,5,2,100000,2.0,254.0,37.84608,444.18644863360004,37.715451264222956,37.976708735777045,0.13062873577704437,0.0,10.0,3.10591,5.953693071900001,3.090786605108306,3.121033394891694,0.015123394891694009,0.005,0.5,0.17475370000000004,0.0036407923363099997,0.1743797151361463,0.17512768486385377,0.0003739848638537324,0.6,34.3,12.246338,17.139597389756002,12.22067801610825,12.27199798389175,0.025659983891749505,6.0,343.0,122.46338,1713.9597389756,122.2067801610825,122.7199798389175,0.25659983891749505,0.0,1.0,0.988175,0.0069976693750000004,0.9876565190777763,0.9886934809222238,0.0005184809222237297,0.9788,0.9778881683842476,0.9796839107772656
T-shared_list-W-20-HS-weighted-D-10-C-5-H-3-RUNS-100000.csv,shared_list,20,weighted,10,5,3,100000,4.0,286.0,43.61051,493.90884753989997,43.47276384837647,43.74825615162353,0.13774615162353143,0.0,10.0,3.50712,6.3256493056,3.4915313456730885,3.5227086543269115,0.015588654326911477,0.0025,0.52,0.1884748,0.00331336563996,0.1881180280077911,0.1888315719922089,0.0003567719922089041,1.0,36.1,13.123797,17.169442202791,13.098114685235508,13.149479314764491,0.025682314764491565,10.0,361.0,131.23797,1716.9442202791,130.98114685235507,131.4947931476449,0.25682314764492276,0.0,1.0,0.9878733333333334,0.005668499511111113,0.9874066845604658,0.988339982106201,0.0004666487728676172,0.9709,0.9698394500487487,0.9719331185976112
T-shared_list-W-20-HS-weighted-D-10-C-5-H-4-RUNS-100000.csv,shared_list,20,weighted,10,5,4,100000,4.0,287.0,47.90831,533.3863029439,47.76516473038241,48.05145526961759,0.143145269617591,0.0,10.0,3.74137,6.5093405231,3.725556625106088,3.757183374893912,0.01581337489391199,0.0025,0.4925,0.196291475,0.003168527029824375,0.19594258800629324,0.19664036199370674,0.00034888699370674847,0.1,35.1,13.640943,17.265289170751,13.615189100318911,13.666696899681089,0.025753899681088654,1.0,351.0,136.40943,1726.5289170751,136.1518910031891,136.66696899681088,0.25753899681089365,0.0,1.0,0.9885075,0.00459479744375,0.9880873646187249,0.988927635381275,0.00042013538127505523,0.96643,0.965295013232679,0.9675378272341061
T-shared_list-W-20-HS-weighted-D-10-C-5-H-5-RUNS-100000.csv,shared_list,20,weighted,10,5,5,100000,3.0,269.0,51.13015,564.3202909775,50.98291234076096,51.27738765923904,0.14723765923903898,0.0,10.0,3.88547,6.695172879100001,3.8694324889299025,3.901507511070098,0.016037511070097654,0.0,0.485,0.20096669999999997,0.0031156186161100004,0.20062073814551817,0.20131266185448177,0.0003459618544817966,0.0,37.6,13.959477,17.530925986471,13.933525736973005,13.985428263026995,0.02595126302699491,0.0,376.0,139.59477,1753.0925986471,139.33525736973007,139.85428263026995,0.2595126302699384,0.0,1.0,0.9882120000000001,0.004252243056,0.987807829034641,0.9886161709653591,0.00040417096535905195,0.96067,0.9594468138513027,0.9618663735843009
T-shared_list-W-20-HS-weighted-D-2-C-5-H-1-RUNS-100000.csv,shared_list,20,weighted,2,5,1,100000,1.0,135.0,29.22264,214.11747143039997,29.131945254934642,29.313334745065355,0.09069474506535613,0.0,2.0,1.37452,0.6505947696,1.3695206751786912,1.3795193248213087,0.004999324821308715,0.0,0.3025,0.089810375,0.001767578979859375,0.08954979235650608,0.09007095764349392,0.00026058264349392013,0.0,79.5,22.28667,100.3157703111,22.224591576757533,22.34874842324247,0.06207842324246826,0.0,159.0,44.57334,401.2630812444,44.449183153515065,44.69749684648494,0.12415684648493652,0.0,1.0,0.41731,0.2431623638999999,0.41425364181228996,0.42036635818771007,0.003056358187710051,0.41731,0.4142511330115644,0.420373663906618
T-shared_list-W-20-HS-weighted-D-2-C-5-H-2-RUNS-100000.csv,shared_list,20,weighted,2,5,2,100000,2.0,139.0,34.97529,223.61599941589995,34.882605415340194,35.06797458465981,0.092684584659807,0.0,2.0,1.70962,0.3498594556,1.7059539120514737,1.713286087948526,0.0036660879485261866,0.0,0.3275,0.10425977499999999,0.0018447236294493752,0.103993566617433,0.10452598338256697,0.000266208382566982,0.0,81.5,25.903385,108.526013041775,25.83881615831136,25.96795384168864,0.06456884168864008,0.0,163.0,51.80677,434.1040521671,51.67763231662272,51.93590768337728,0.12913768337728015,0.0,1.0,0.418375,0.143389859375,0.416027988104472,0.420722011895528,0.002347011895527995,0.21848,0.21592210750810464,0.22105423053913742
T-shared_list-W-20-HS-weighted-D-2-C-5-H-3-RUNS-100000.csv,shared_list,20,weighted,2,5,3,100000,2.0,132.0,36.27912,244.0793120256,36.18228740811702,36.37595259188298,0.0968325918829791,0.0,2.0,1.82294,0.22262975640000005,1.8200155265906728,1.8258644734093272,0.0029244734093272218,0.0,0.3325,0.106563225,0.0019681026400993748,0.10628825840017002,0.10683819159982998,0.00027496659982997884,0.0,82.0,26.46108,116.18246523360003,26.39427232391099,26.52788767608901,0.0668076760890095,0.0,164.0,52.92216,464.7298609344001,52.78854464782198,53.05577535217802,0.133615352178019,0.0,1.0,0.41797333333333336,0.11002495928888889,0.41591743478621535,0.4200292318804514,0.002055898547118018,0.1386,0.13646393376628294,0.14075705071981245
T-shared_list-W-20-HS-weighted-D-2-C-5-H-4-RUNS-100000.csv,shared_list,20,weighted,2,5,4,100000,2.0,144.0,37.04979,265.0372909559,36.94888572571312,37.150694274286884,0.10090427428688287,0.0,2.0,1.86703,0.17222897909999996,1.8644577736372734,1.8696022263627265,0.0025722263627265818,0.0,0.365,0.108443225,0.002085611139099375,0.10816016875555441,0.1087262812444456,0.0002830562444455925,0.0,86.5,26.79768,124.2465316176,26.72859270190099,26.86676729809901,0.06908729809901004,0.0,173.0,53.59536,496.9861264704,53.45718540380198,53.73353459619802,0.13817459619802008,0.0,1.0,0.4205375,0.09411508609375,0.41863604656975845,0.42243895343024157,0.001901453430241562,0.1045,0.1026104862984256,0.10641248734778115
T-shared_list-W-20-HS-weighted-D-2-C-5-H-5-RUNS-100000.csv,shared_list,20,weighted,2,5,5,100000,2.0,130.0,37.45467,279.58644519110004,37.35103316833065,37.55830683166935,0.10363683166934834,0.0,2.0,1.88912,0.1476656256,1.8867382521810547,1.891501747818945,0.002381747818945179,0.0,0.345,0.10831369999999998,0.00219519739231,0.10802330250858007,0.1086040974914199,0.00029039749141991644,0.0,81.5,27.000455,131.484507292975,26.92938384669455,27.07152615330545,0.07107115330545,0.0,163.0,54.00091,525.9380291719,53.8587676933891,54.1430523066109,0.1421423066109,0.0,1.0,0.4198340000000001,0.083729412444,0.41804052596660884,0.42162747403339135,0.0017934740333912513,0.08634,0.08460622454624352,0.08809781142050646
T-shared_list-W-20-HS-weighted-D-3-C-5-H-1-RUNS-100000.csv,shared_list,20,weighted,3,5,1,100000,1.0,130.0,29.21542,207.67693422360003,29.12609969376937,29.304740306230634,0.0893203062306327,0.0,3.0,1.8151,1.38419199,1.807807872773474,1.8223921272265258,0.007292127226525835,0.0,0.3275,0.11117767500000002,0.002461830394094375,0.11087014666566393,0.1114852033343361,0.00030752833433608795,0.0,62.0,20.92757333333333,67.08205437795556,20.876808934381078,20.978337732285585,0.05076439895225349,0.0,186.0,62.78272,603.7384894016,62.63042680314324,62.93501319685676,0.15229319685676046,0.0,1.0,0.58206,0.24326615639999996,0.5790029895871518,0.5851170104128482,0.0030570104128482267,0.58206,0.5789957021712105,0.5851195374593358
T-shared_list-W-20-HS-weighted-D-3-C-5-H-2-RUNS-100000.csv,shared_list,20,weighted,3,5,2,100000,2.0,128.0,35.80129,194.04096433590001,35.71495184107865,35.88762815892135,0.08633815892135033,0.0,3.0,2.30669,0.9606712439,2.300615039382378,2.3127649606176224,0.006074960617622249,0.0,0.365,0.131918675,0.002107502373744375,0.13163413710939534,0.1322032128906047,0.0002845378906046747,0.0,61.0,24.31628666666667,59.21380718893333,24.268592247528055,24.363981085805285,0.047694419138615274,0.0,183.0,72.94886,532.9242647004,72.80577674258414,73.09194325741585,0.14308325741585293,0.0,1.0,0.587185,0.146421275775,0.5848133086772995,0.5895566913227004,0.002371691322700431,0.39523,0.392197896725217,0.39826818118654606
T-shared_list-W-20-HS-weighted-D-3-C-5-H-3-RUNS-100000.csv,shared_list,20,weighted,3,5,3,100000,2.0,134.0,38.13449,206.3268824399,38.04546049075834,38.22351950924166,0.0890295092416622,0.0,3.0,2.50522,0.7428527516000002,2.499877956261367,2.510562043738633,0.005342043738632896,0.0,0.335,0.13683542499999998,0.002203754652569375,0.1365444620492088,0.13712638795079116,0.00029096295079117374,0.0,65.33333333333333,24.90323,62.57932334487777,24.85419891510871,24.95226108489129,0.04903108489128982,0.0,196.0,74.70969,563.2139101039,74.56259674532613,74.85678325467386,0.14709325467386236,0.0,1.0,0.5848733333333332,0.11507207284444443,0.5827708089576381,0.5869758577090284,0.002102524375695136,0.2967,0.29386968541349795,0.29954211022288274
T-shared_list-W-20-HS-weighted-D-3-C-5-H-4-RUNS-100000.csv,shared_list,20,weighted,3,5,4,100000,2.0,130.0,39.91965,220.2332338775,39.827669132899075,40.01163086710092,0.09198086710092213,0.0,3.0,2.59631,0.6392243838999999,2.5913545541137144,2.6012654458862854,0.004955445886285492,0.0,0.4025,0.1408636,0.00234318094504,0.14056357393582447,0.14116362606417554,0.0003000260641755348,0.0,70.0,25.73524333333333,66.6559672407889,25.684640412098265,25.785846254568394,0.05060292123506471,0.0,210.0,77.20573,599.9037051670999,77.05392123629481,77.3575387637052,0.15180876370519059,0.0,1.0,0.5847825,0.09888505269375,0.5828334571107122,0.5867315428892877,0.0019490428892877665,0.24354,0.2408821941884031,0.24621268806747473
T-shared_list-W-20-HS-weighted-D-3-C-5-H-5-RUNS-100000.csv,shared_list,20,weighted,3,5,5,100000,2.0,138.0,40.54365,228.76169467749997,40.449905084069954,40.637394915930045,0.09374491593004564,0.0,3.0,2.64563,0.5881919031,2.6408764770801554,2.650383522919845,0.004753522919844766,0.0,0.36,0.140772475,0.002403105594874375,0.14046863671318827,0.14107631328681175,0.00030383828681174174,0.0,66.33333333333333,25.78003,69.2089254213222,25.72846712499302,25.83159287500698,0.051562875006979425,0.0,199.0,77.34009,622.8803287919,77.18540137497907,77.49477862502094,0.15468862502093828,0.0,1.0,0.5853780000000001,0.08931059711599999,0.5835257160318116,0.5872302839681885,0.001852283968188484,0.2106,0.2080763006127873,0.2131404953333146
T-shared_list-W-20-HS-weighted-D-4-C-5-H-1-RUNS-100000.csv,shared_list,20,weighted,4,5,1,100000,1.0,118.0,28.22498,204.4222839996,28.13636235806495,28.313597641935047,0.0886176419350484,0.0,4.0,2.09647,2.2879835391,2.0870947573024448,2.1058452426975554,0.009375242697555297,0.0,0.365,0.12756007500000002,0.003155334828494375,0.12721191506150703,0.12790823493849302,0.0003481599384929923,0.0,47.25,19.7775625,51.493110933593755,19.733085996656943,19.822039003343054,0.04447650334305564,0.0,189.0,79.11025,823.8897749375001,78.93234398662777,79.28815601337222,0.17790601337222256,0.0,1.0,0.71564,0.20349939040000004,0.7128439970347644,0.7184360029652357,0.0027960029652356333,0.71564,0.7128328222598993,0.7184346657579267
T-shared_list-W-20-HS-weighted-D-4-C-5-H-2-RUNS-100000.csv,shared_list,20,weighted,4,5,2,100000,2.0,129.0,35.15818,190.4854790876,35.07263650133044,35.24372349866956,0.08554349866955846,0.0,4.0,2.70765,1.9322414775,2.699034375321566,2.7162656246784342,0.00861562467843413,0.0,0.385,0.15075785,0.0024154779133775,0.15045323056608234,0.15106246943391766,0.0003046194339176578,0.0,52.0,22.6663025,40.32679285349375,22.626942697227886,22.705662302772115,0.039359802772114705,0.0,208.0,90.66521,645.2286856559,90.50777078891154,90.82264921108846,0.15743921108845882,0.0,1.0,0.71719,0.12529350390000002,0.7149960822153457,0.7193839177846543,0.0021939177846542757,0.56212,0.5590382703435988,0.5651981260687253
T-shared_list-W-20-HS-weighted-D-4-C-5-H-3-RUNS-100000.csv,shared_list,20,weighted,4,5,3,100000,2.0,129.0,38.3371,186.40152358999998,38.25247848423578,38.42172151576422,0.08462151576421917,0.0,4.0,2.96659,1.7319137718999997,2.958433211449271,2.9747467885507293,0.00815678855072921,0.0,0.3675,0.15885157500000002,0.002309828057519375,0.1585536918775213,0.15914945812247874,0.0002978831224787204,0.0,58.25,23.66322,39.1407317316,23.62444332724174,23.70199667275826,0.03877667275826013,0.0,233.0,94.65288,626.2517077056,94.49777330896696,94.80798669103304,0.15510669103304053,0.0,1.0,0.7162533333333333,0.09929005137777779,0.7143003032225238,0.7182063634441428,0.001953030110809495,0.4695,0.46640271800662186,0.47259905127912916
T-shared_list-W-20-HS-weighted-D-4-C-5-H-4-RUNS-100000.csv,shared_list,20,weighted,4,5,4,100000,2.0,130.0,40.36829,192.54169247590002,40.28228603696251,40.45429396303749,0.08600396303749136,0.0,4.0,3.10244,1.5988660463999997,3.0946027786787345,3.1102772213212657,0.00783722132126563,0.0,0.375,0.162912425,0.0023901568431193747,0.16260940641099056,0.16321544358900944,0.00030301858900944056,0.0,52.0,24.304455,41.185692152974994,24.264678253655575,24.344231746344427,0.03977674634442607,0.0,208.0,97.21782,658.9710744475999,97.0587130146223,97.37692698537771,0.1591069853777043,0.0,1.0,0.716245,0.08638184997500001,0.7144233400019104,0.7180666599980896,0.0018216599980895865,0.41314,0.41008570037547226,0.41619933846419727
T-shared_list-W-20-HS-weighted-D-4-C-5-H-5-RUNS-100000.csv,shared_list,20,weighted,4,5,5,100000,2.0,125.0,41.50443,194.6013203751,41.417967266273095,41.5908927337269,0.08646273372690416,0.0,4.0,3.18414,1.5146724604,3.176511916542229,3.1917680834577715,0.007628083457771329,0.0,0.3675,0.1656141,0.00242133100619,0.16530911171836643,0.16591908828163354,0.00030498828163355585,0.0,55.0,24.51803,41.188133669100004,24.47825207467662,24.557807925323377,0.03977792532337787,0.0,220.0,98.07212,659.0101387056001,97.91300829870649,98.23123170129351,0.1591117012935115,0.0,1.0,0.7158939999999999,0.07860738076399999,0.7141562482514956,0.7176317517485042,0.0017377517485043237,0.37487,0.371868303111831,0.3778789560803381
T-shared_list-W-20-HS-weighted-D-5-C-5-H-1-RUNS-100000.csv,shared_list,20,weighted,5,5,1,100000,1.0,133.0,26.70464,200.9332224704,26.616781871893245,26.792498128106757,0.08785812810675608,0.0,5.0,2.18645,3.3213463975,2.175154299791232,2.1977457002087677,0.011295700208767911,0.0,0.4075,0.13304225,0.0036399299649374998,0.13266830943047986,0.13341619056952014,0.00037394056952014254,0.0,46.4,18.202068,41.263338123375995,18.162253776444246,18.241882223555756,0.039814223555755035,0.0,232.0,91.01034,1031.5834530844,90.81126888222123,91.20941111777877,0.19907111777877162,0.0,1.0,0.81644,0.1498657264,0.8140405747051883,0.8188394252948118,0.002399425294811741,0.81644,0.8140264536635574,0.8188351785115479
T-shared_list-W-20-HS-weighted-D-5-C-5-H-2-RUNS-100000.csv,shared_list,20,weighted,5,5,2,100000,2.0,137.0,33.96534,186.49115868440003,33.88069814066302,34.049981859336974,0.08464185933697621,0.0,5.0,2.89013,3.2718985831,2.8789186996308027,2.9013413003691975,0.011211300369197374,0.0,0.3675,0.1603714,0.0025891246870400004,0.16005602115800624,0.16068677884199375,0.00031537884199375754,0.0,42.0,20.917358,29.769629899836,20.883540399519894,20.951175600480106,0.033817600480105625,0.0,210.0,104.58679,744.2407474959,104.41770199759947,104.75587800240052,0.16908800240052813,0.0,1.0,0.812875,0.09461173437500002,0.8109685361561912,0.8147814638438088,0.00190646384380877,0.69788,0.6950233344917666,0.7007251844833572
T-shared_list-W-20-HS-weighted-D-5-C-5-H-3-RUNS-100000.csv,shared_list,20,weighted,5,5,3,100000,2.0,142.0,37.67145,184.06934489749997,37.587359525191125,37.755540474808875,0.08409047480887466,0.0,5.0,3.18456,3.1465376064,3.173565574654059,3.1955544253459407,0.010994425345940861,0.0,0.3975,0.170613375,0.002390128333609375,0.17031035821818102,0.170916391781819,0.0003030167818189877,0.0,45.8,21.909323999999998,27.835475463023997,21.876623424693324,21.94202457530667,0.032700575306673585,0.0,229.0,109.54662,695.8868865756001,109.38311712346663,109.71012287653338,0.16350287653337148,0.0,1.0,0.81512,0.07459716337777778,0.813427154871726,0.8168128451282739,0.0016928451282739454,0.62763,0.6246250192282023,0.6306275765244446
T-shared_list-W-20-HS-weighted-D-5-C-5-H-4-RUNS-100000.csv,shared_list,20,weighted,5,5,4,100000,2.0,130.0,40.01947,182.09383091910001,39.93583199064667,40.10310800935333,0.08363800935332932,0.0,5.0,3.36145,3.0458438974999997,3.3506329237237433,3.3722670762762568,0.01081707627625672,0.0,0.3825,0.17567114999999997,0.0023633660576775,0.17536983443373805,0.1759724655662619,0.0003013155662619227,0.0,43.2,22.432934,27.600621351643998,22.40037166792988,22.46549633207012,0.03256233207012116,0.0,216.0,112.16467,690.0155337911001,112.0018583396494,112.3274816603506,0.16281166035059869,0.0,1.0,0.8147075,0.06502106444375,0.8131270414552507,0.8162879585447493,0.001580458544749308,0.57656,0.5734903852729631,0.5796251734343828
T-shared_list-W-20-HS-weighted-D-5-C-5-H-5-RUNS-100000.csv,shared_list,20,weighted,5,5,5,100000,2.0,141.0,41.6637,185.94788230999998,41.579181517720556,41.74821848227944,0.08451848227944225,0.0,5.0,3.45307,3.0008575751000004,3.4423331035859963,3.4638068964140034,0.01073689641400355,0.0,0.405,0.178723225,0.002403295658099375,0.17841937469803942,0.1790270753019606,0.0003038503019605898,0.0,43.6,22.756857999999998,28.203073567836,22.723942209348973,22.789773790651022,0.03291579065102468,0.0,218.0,113.78429,705.0768391959,113.61971104674488,113.94886895325511,0.1645789532551163,0.0,1.0,0.8155220000000001,0.059451467515999994,0.8140107463561352,0.8170332536438649,0.0015112536438648405,0.54429,0.5411969594305662,0.5473804713230824
T-shared_list-W-20-HS-weighted-D-6-C-5-H-1-RUNS-100000.csv,shared_list,20,weighted,6,5,1,100000,1.0,143.0,26.96604,227.9543867184,26.872460644797187,27.059619355202813,0.09357935520281302,0.0,6.0,2.25589,4.0327503079,2.243443227895222,2.268336772104778,0.01244677210477807,0.0,0.3875,0.136710675,0.004065856778544375,0.13631546119203708,0.13710588880796293,0.00039521380796292416,0.0,38.5,15.90137,34.41384878976666,15.865010098802284,15.937729901197716,0.03635990119771648,0.0,231.0,95.40822,1238.8985564316,95.19006059281371,95.62637940718629,0.2181594071862918,0.0,1.0,0.88425,0.10235193749999999,0.882267084966268,0.8862329150337319,0.0019829150337319357,0.88425,0.882250968602257,0.8862267146375238
T-shared_list-W-20-HS-weighted-D-6-C-5-H-2-RUNS-100000.csv,shared_list,20,weighted,6,5,2,100000,2.0,149.0,34.78271,229.14983505589998,34.68888558919179,34.87653441080821,0.09382441080821025,0.0,6.0,2.97687,4.2817950031,2.964044656463116,2.9896953435368836,0.012825343536883693,0.0,0.38,0.166368125,0.0029380224214843754,0.16603216805433027,0.16670408194566974,0.00033595694566973533,0.0,37.5,18.469996666666667,25.191027022211113,18.438888171137545,18.50110516219579,0.031108495529121427,0.0,225.0,110.81998,906.8769727996,110.63332902682528,111.00663097317472,0.18665097317472146,0.0,1.0,0.88502,0.0630745996,0.8834633774323126,0.8865766225676874,0.0015566225676874046,0.80765,0.8051931911490514,0.8100889521180645
T-shared_list-W-20-HS-weighted-D-6-C-5-H-3-RUNS-100000.csv,shared_list,20,weighted,6,5,3,100000,3.0,163.0,39.25907,231.7538727351,39.16471398919522,39.35342601080478,0.09435601080478051,0.0,6.0,3.31939,4.2517800279,3.30660968773653,3.33217031226347,0.012780312263469984,0.0,0.4,0.1788091,0.00259175288219,0.1784935611296176,0.1791246388703824,0.00031553887038240913,0.0,40.166666666666664,19.54516,22.773117241066668,19.515582101630898,19.5747378983691,0.02957789836910152,0.0,241.0,117.27096,819.8322206784001,117.0934926097854,117.4484273902146,0.177467390214602,0.0,1.0,0.8865966666666666,0.0500696839888889,0.8852097719409873,0.8879835613923459,0.0013868947256793218,0.75857,0.7559051081654039,0.7612198870260716
T-shared_list-W-20-HS-weighted-D-6-C-5-H-4-RUNS-100000.csv,shared_list,20,weighted,6,5,4,100000,3.0,160.0,42.15454,233.7475573884,42.0597790050462,42.24930099495379,0.09476099495379486,0.0,6.0,3.52537,4.255836363099999,3.5125835927749485,3.5381564072250518,0.012786407225051644,0.0,0.4,0.18500572499999998,0.0025307475297243753,0.18469392186162276,0.1853175281383772,0.00031180313837722573,0.0,38.5,20.099435,22.452241291886107,20.070066218931167,20.128803781068832,0.02936878106883256,0.0,231.0,120.59661,808.2806865078999,120.42039731358699,120.77282268641301,0.17621268641300958,0.0,1.0,0.884905,0.044146890975000005,0.8836027147149356,0.8862072852850645,0.0013022852850644862,0.71679,0.7139862071319539,0.7195812141237039
T-shared_list-W-20-HS-weighted-D-6-C-5-H-5-RUNS-100000.csv,shared_list,20,weighted,6,5,5,100000,3.0,152.0,44.31253,234.07675499910002,44.21770230035457,44.40735769964544,0.09482769964543536,0.0,6.0,3.64732,4.2213168176,3.634585554316543,3.6600544456834574,0.012734445683457274,0.0,0.4125,0.18903672500000002,0.002512000288774375,0.18872607889412782,0.18934737110587221,0.00031064610587219765,0.0,39.833333333333336,20.45159166666667,22.276715244375,20.42233790976558,20.480845423567757,0.029253756901088224,0.0,239.0,122.70955,801.9617487975001,122.53402745859347,122.88507254140652,0.17552254140652224,0.0,1.0,0.88649,0.039682279900000006,0.8852553200962847,0.8877246799037153,0.0012346799037152856,0.69212,0.6892483813206529,0.6949804719872629
T-shared_list-W-20-HS-weighted-D-7-C-5-H-1-RUNS-100000.csv,shared_list,20,weighted,7,5,1,100000,1.0,167.0,27.52123,268.6092092871,27.41964805581712,27.622811944182878,0.10158194418287891,0.0,7.0,2.29298,4.522362719599999,2.2797992911330174,2.3061607088669827,0.013180708866982638,0.0,0.4375,0.139296125,0.004425028122484375,0.13888382428407367,0.13970842571592632,0.00041230071592632256,0.0,36.857142857142854,14.133484285714287,30.10538582301837,14.099476514517441,14.167492056911133,0.03400777119684584,0.0,258.0,98.93439,1475.1639053279,98.69633560162207,99.17244439837792,0.2380543983779262,0.0,1.0,0.93207,0.06331551510000001,0.9305104074801148,0.9336295925198851,0.0015595925198851335,0.93207,0.9304928669481314,0.9336220163188759
T-shared_list-W-20-HS-weighted-D-7-C-5-H-2-RUNS-100000.csv,shared_list,20,weighted,7,5,2,100000,2.0,204.0,35.97544,294.2772168064,35.86911524483529,36.081764755164706,0.10632475516470663,0.0,7.0,3.0426,4.984505240000001,3.0287621983935367,3.0564378016064637,0.013837801606463529,0.0,0.42,0.171058,0.003287871261,0.17070260323248151,0.17141339676751846,0.00035539676751847327,0.0,38.714285714285715,16.59127714285714,23.331319095436736,16.561338940600322,16.62121534511396,0.02993820225681887,0.0,271.0,116.13894,1143.2346356764,115.92937258420226,116.34850741579776,0.20956741579774985,0.0,1.0,0.931645,0.039340093975,0.9304156550320827,0.9328743449679172,0.0012293449679172674,0.88296,0.8809514428260364,0.8849463156915497
T-shared_list-W-20-HS-weighted-D-7-C-5-H-3-RUNS-100000.csv,shared_list,20,weighted,7,5,3,100000,3.0,185.0,40.95331,306.02581004390004,40.84488358477453,41.061736415225475,0.10842641522547325,0.0,7.0,3.399,5.074459,3.3850378935348564,3.4129621064651436,0.01396210646514362,0.0025,0.4325,0.18430645,0.0029150098633974994,0.18397181136070043,0.1846410886392996,0.0003346386392995837,0.14285714285714285,37.42857142857143,17.646572857142857,21.642824560814287,17.61773831625301,17.675407398032704,0.028834540889846494,1.0,262.0,123.52601,1060.4984034799,123.32416821377107,123.72785178622892,0.20184178622892546,0.0,1.0,0.93312,0.03091373226666667,0.9320302376686835,0.9342097623313164,0.0010897623313164129,0.8517,0.849482069378774,0.8538975111073808
T-shared_list-W-20-HS-weighted-D-7-C-5-H-4-RUNS-100000.csv,shared_list,20,weighted,7,5,4,100000,3.0,175.0,44.37824,313.11165450240003,44.26856549375828,44.487914506241715,0.10967450624171704,0.0,7.0,3.63176,5.154779302399999,3.617687828821358,3.645832171178642,0.014072171178642012,0.0,0.4325,0.191251525,0.002839995247674375,0.1909212202052503,0.19158182979474972,0.00033030479474971397,0.0,37.42857142857143,18.201875714285713,21.395955787818366,18.173206095565806,18.23054533300562,0.028669618719906254,0.0,262.0,127.41313,1048.4018336031,127.21244266896065,127.61381733103934,0.20068733103934733,0.0,1.0,0.9313,0.02755156,0.9302712042336012,0.9323287957663988,0.0010287957663988045,0.82122,0.8188308389588154,0.8235905152300362
T-shared_list-W-20-HS-weighted-D-7-C-5-H-5-RUNS-100000.csv,shared_list,20,weighted,7,5,5,100000,3.0,183.0,47.00077,320.9936094071,46.889723656075574,47.11181634392443,0.11104634392442847,0.0,7.0,3.75775,5.1774849375,3.743646870511869,3.7718531294881315,0.014103129488131305,0.0025,0.415,0.19549695,0.0027846142906975003,0.19516988159340676,0.19582401840659325,0.000327068406593245,0.14285714285714285,37.857142857142854,18.565412857142856,21.177011770365304,18.5368903031869,18.593935411098812,0.028522553955955487,1.0,265.0,129.95789,1037.6735767479,129.7582321223083,130.15754787769168,0.19965787769169197,0.0,1.0,0.93272,0.0244014016,0.9317518036129661,0.9336881963870339,0.0009681963870339372,0.80353,0.8010535928130784,0.8059887899702526
T-shared_list-W-20-HS-weighted-D-8-C-5-H-1-RUNS-100000.csv,shared_list,20,weighted,8,5,1,100000,1.0,211.0,28.06639,313.5085223679,27.956646009753218,28.17613399024678,0.1097439902467805,0.0,8.0,2.32269,4.853701163899999,2.309034972211219,2.336345027788781,0.013655027788781027,0.0025,0.4625,0.14109145,0.004680034486897499,0.14066743560773406,0.14151546439226595,0.0004240143922659423,0.125,35.25,12.6541775,26.710980235993752,12.622144251386318,12.68621074861368,0.032033248613680954,1.0,282.0,101.23342,1709.5027351036001,100.97715401109055,101.48968598890944,0.25626598890944763,0.0,1.0,0.96111,0.03737756789999999,0.9599117109495425,0.9623082890504575,0.0011982890504574906,0.96111,0.9598932838942716,0.9622998771396014
T-shared_list-W-20-HS-weighted-D-8-C-5-H-2-RUNS-100000.csv,shared_list,20,weighted,8,5,2,100000,2.0,192.0,36.8254,349.77511483999996,36.70948209451645,36.94131790548355,0.11591790548354908,0.0,8.0,3.07277,5.432434527099999,3.0583238100250245,3.087216189974975,0.014446189974975265,0.005,0.4525,0.173318975,0.0035055955924493754,0.17295199957809881,0.17368595042190116,0.00036697542190117227,1.0,37.125,14.93697,21.510361594099997,14.908223834151336,14.965716165848665,0.028746165848664518,8.0,297.0,119.49576,1376.6631420223998,119.26579067321069,119.72572932678932,0.22996932678931614,0.0,1.0,0.96126,0.022884212399999996,0.9603223860583596,0.9621976139416404,0.0009376139416403806,0.93255,0.9309779722767769,0.9340968827376243
T-shared_list-W-20-HS-weighted-D-8-C-5-H-3-RUNS-100000.csv,shared_list,20,weighted,8,5,3,100000,4.0,235.0,42.24447,381.1828444191,42.12345958660014,42.36548041339986,0.12101041339985841,0.0,8.0,3.45583,5.6788890111,3.4410597528710447,3.4706002471289557,0.014770247128955472,0.0025,0.4625,0.18703294999999998,0.0031422653642975,0.18668551185264876,0.1873803881473512,0.00034743814735122003,0.125,36.125,15.94252625,20.60318379931094,15.914392784006022,15.970659715993978,0.028133465993978035,1.0,289.0,127.54021,1318.6037631559002,127.31514227204818,127.76527772795183,0.22506772795182428,0.0,1.0,0.9605433333333334,0.01860650478888889,0.9596978822774053,0.9613887843892616,0.0008454510559281481,0.90988,0.9080882853235764,0.9116479000769909
T-shared_list-W-20-HS-weighted-D-8-C-5-H-4-RUNS-100000.csv,shared_list,20,weighted,8,5,4,100000,5.0,221.0,46.04636,399.63883075039996,45.922454692114876,46.170265307885124,0.12390530788512422,0.0,8.0,3.68998,5.7972875996,3.675056575445755,3.7049034245542445,0.014923424554244669,0.0025,0.46,0.19434005,0.0030479939659975004,0.19399786330213206,0.1946822366978679,0.00034218669786792444,0.75,36.75,16.4934875,20.49074477484375,16.465430906278197,16.521544093721804,0.02805659372180358,6.0,294.0,131.9479,1311.40766559,131.72344725022558,132.17235274977443,0.22445274977442864,0.0,1.0,0.960885,0.015742516774999996,0.9601073339248569,0.9616626660751431,0.0007776660751430686,0.89224,0.8903017696320379,0.894155447152702
T-shared_list-W-20-HS-weighted-D-8-C-5-H-5-RUNS-100000.csv,shared_list,20,weighted,8,5,5,100000,3.0,207.0,49.13466,419.54348668439997,49.007706533783164,49.26161346621683,0.12695346621683257,0.0,8.0,3.84288,5.8977533056,3.8278278210551453,3.857932178944855,0.015052178944854777,0.0,0.445,0.19922629999999997,0.0030202525133099997,0.19888567407533875,0.1995669259246612,0.00034062592466121977,0.0,36.625,16.89729375,20.690412519960937,16.869100791883355,16.925486708116644,0.028192958116644462,0.0,293.0,135.17835,1324.1864012775,134.95280633506684,135.40389366493315,0.2255436649331557,0.0,1.0,0.96096,0.0142830784,0.9602192579802561,0.961700742019744,0.0007407420197439452,0.87953,0.8774964891832808,0.8815414694467565
T-shared_list-W-20-HS-weighted-D-9-C-5-H-1-RUNS-100000.csv,shared_list,20,weighted,9,5,1,100000,1.0,221.0,28.28555,348.9727311975,28.16976512861482,28.40133487138518,0.11578487138518057,0.0,9.0,2.32627,5.0550978871000005,2.3123345545305924,2.3402054454694077,0.013935445469407615,0.0025,0.4775,0.141267375,0.004811247448109375,0.14083745770334102,0.14169729229665898,0.00042991729665897704,0.1111111111111111,34.888888888888886,11.351507777777778,23.13568561549506,11.321695355893523,11.381320199662033,0.029812421884255258,1.0,314.0,102.16357,1873.9905348551,101.8952582030417,102.43188179695831,0.2683117969583009,0.0,1.0,0.97806,0.021458636399999995,0.9771520600372589,0.9789679399627412,0.0009079399627411888,0.97806,0.977133087956134,0.9789590377586543
T-shared_list-W-20-HS-weighted-D-9-C-5-H-2-RUNS-100000.csv,shared_list,20,weighted,9,5,2,100000,2.0,237.0,37.56,410.0248,37.43449496935661,37.6855050306434,0.1255050306433958,0.0,9.0,3.11427,5.818552367100001,3.0993192305303534,3.1292207694696463,0.014950769469646463,0.005,0.4825,0.174256775,0.003640328429099375,0.1738828139633501,0.17463073603664991,0.0003739610366499113,0.5555555555555556,37.333333333333336,13.515824444444444,19.756221932637036,13.488275306131891,13.543373582756997,0.027549138312553012,5.0,336.0,121.64242,1600.2539765436,121.39447775518703,121.89036224481298,0.24794224481297533,0.0,1.0,0.977285,0.013486528775000001,0.9765652094128009,0.978004790587199,0.0007197905871990651,0.95986,0.9586250093934909,0.961068226605556
T-shared_list-W-20-HS-weighted-D-9-C-5-H-3-RUNS-100000.csv,shared_list,20,weighted,9,5,3,100000,5.0,235.0,43.13195,447.40627919750006,43.000848666590876,43.26305133340913,0.1311013334091271,0.0,9.0,3.50045,6.0632397975,3.4851881056201806,3.515711894379819,0.015261894379819285,0.005,0.4625,0.18851427499999998,0.003266517308724375,0.18816003422181096,0.188868515778189,0.0003542407781890189,0.5555555555555556,35.333333333333336,14.450452222222225,19.15326304240864,14.423326740603695,14.477577703840755,0.02712548161852979,5.0,318.0,130.05407,1551.4143064351001,129.80994066543323,130.29819933456676,0.24412933456676456,0.0,1.0,0.9782366666666665,0.010074135100000001,0.9776145670170914,0.9788587663162417,0.0006220996495751585,0.94824,0.9468488375234554,0.9496050908274694
T-shared_list-W-20-HS-weighted-D-9-C-5-H-4-RUNS-100000.csv,shared_list,20,weighted,9,5,4,100000,7.0,247.0,47.15421,477.3755892759,47.018788950537136,47.28963104946286,0.13542104946286315,0.0,9.0,3.72545,6.2350922975,3.7099733302774545,3.7409266697225454,0.015476669722545466,0.02,0.465,0.1954545,0.0031431744297500002,0.19510701159890828,0.19580198840109173,0.0003474884010917223,1.7777777777777777,35.22222222222222,14.95428,19.043191656908643,14.927232574046839,14.981327425953163,0.02704742595316212,16.0,317.0,134.58852,1542.4985242096002,134.34509316642152,134.83194683357846,0.24342683357846795,0.0,1.0,0.9782175,0.00870239769375,0.9776393033986582,0.9787956966013417,0.0005781966013417295,0.93779,0.9362752278008845,0.9392793184680196
T-shared_list-W-20-HS-weighted-D-9-C-5-H-5-RUNS-100000.csv,shared_list,20,weighted,9,5,5,100000,3.0,232.0,50.24955,497.2294547975,50.11134158225527,50.38775841774473,0.13820841774472825,0.0,9.0,3.8745,6.394769750000001,3.8588264083657893,3.8901735916342104,0.01567359163421056,0.0,0.4675,0.20001697499999999,0.003089771649349375,0.19967245117254911,0.20036149882745086,0.00034452382745087107,0.0,36.0,15.30668888888889,19.32003451802469,15.279445569596916,15.333932208180865,0.027243319291974544,0.0,324.0,137.7602,1564.9227959599998,137.51501012637223,138.00538987362776,0.24518987362776556,0.0,1.0,0.9779279999999999,0.008116826816,0.977369595111981,0.9784864048880189,0.0005584048880189485,0.92936,0.9277544571905,0.9309405855025171
T-spiral_traversal_swarm-W-20-HS-greedy-D-1-C-5-H-1-RUNS-100000.csv,spiral_traversal_swarm,20,greedy,1,5,1,100000,1.0,401.0,130.25439,9708.236615727901,129.6436923515439,130.8650876484561,0.610697648456096,0.0,1.0,0.6967,0.21130911,0.6938508508691611,0.6995491491308389,0.0028491491308388905,0.0,0.9975,0.319672175,0.06080558271826938,0.3181438074834304,0.3212005425165696,0.0015283675165695954,0.0,400.0,128.86062,9731.0037332156,128.24920668691695,129.47203331308307,0.6114133130830623,0.0,400.0,128.86062,9731.0037332156,128.24920668691695,129.47203331308307,0.6114133130830623,0.0,1.0,0.30293,0.21116341509999997,0.3000818332642765,0.30577816673572344,0.0028481667357234675,0.30293,0.30008263382118977,0.3057888001869479
T-spiral_traversal_swarm-W-20-HS-greedy-D-1-C-5-H-2-RUNS-100000.csv,spiral_traversal_swarm,20,greedy,1,5,2,100000,2.0,401.0,153.45715,11375.2101038775,152.7960977544471,154.11820224555294,0.6610522455529235,0.0,1.0,0.82378,0.14516651159999996,0.8214184927038805,0.8261415072961195,0.0023615072961195027,0.0,0.9975,0.377040225,0.07145587004444938,0.37538340614942295,0.37869704385057706,0.0016568188505770576,0.0,400.0,151.80873,11435.1602657871,151.1459380893897,152.4715219106103,0.6627919106103093,0.0,400.0,151.80873,11435.1602657871,151.1459380893897,152.4715219106103,0.6627919106103093,0.0,1.0,0.305775,0.147069149375,0.3033980674299867,0.30815193257001333,0.0023769325700133126,0.17536,0.17300751600180062,0.17773132872833092
T-spiral_traversal_swarm-W-20-HS-greedy-D-1-C-5-H-3-RUNS-100000.csv,spiral_traversal_swarm,20,greedy,1,5,3,100000,2.0,401.0,161.31217,12473.5633198911,160.61993852968322,162.0044014703168,0.6922314703167842,0.0,1.0,0.86313,0.11813660309999999,0.86099966299739,0.86526033700261,0.0021303370026100055,0.0,0.9975,0.396480025,0.07837639021349938,0.39474482835222724,0.3982152216477728,0.0017351966477727743,0.0,400.0,159.58468,12542.5489892976,158.89053695856484,160.27882304143515,0.6941430414351544,0.0,400.0,159.58468,12542.5489892976,158.89053695856484,160.27882304143515,0.6941430414351544,0.0,1.0,0.3100833333333333,0.1275494375,0.3078697527066111,0.31229691396005554,0.0022135806267222224,0.13564,0.13352337404157,0.13777778290975984
T-spiral_traversal_swarm-W-20-HS-greedy-D-1-C-5-H-4-RUNS-100000.csv,spiral_traversal_swarm,20,greedy,1,5,4,100000,2.0,401.0,165.27908,13314.6828143536,164.56388991687788,165.9942700831221,0.7151900831221099,0.0,1.0,0.88242,0.10375494359999998,0.8804235406557264,0.8844164593442736,0.0019964593442736156,0.0,0.9975,0.406300075,0.08364849711749438,0.4045074677744021,0.40809268222559786,0.0017926072255978753,0.0,400.0,163.51239,13386.2442464879,162.7952805530025,164.22949944699752,0.7171094469975117,0.0,400.0,163.51239,13386.2442464879,162.7952805530025,164.22949944699752,0.7171094469975117,0.0,1.0,0.31384,0.11750070439999999,0.3117154042595754,0.3159645957404246,0.0021245957404246174,0.11573,0.1137534348328135,0.11772888309392854
T-spiral_traversal_swarm-W-20-HS-greedy-D-1-C-5-H-5-RUNS-100000.csv,spiral_traversal_swarm,20,greedy,1,5,5,100000,2.0,401.0,167.3899,13793.34745799,166.66196783561506,168.11783216438496,0.7279321643849528,0.0,1.0,0.89343,0.09521283510000002,0.8915174895364465,0.8953425104635534,0.0019125104635534518,0.0,0.9975,0.41152005,0.08663961869799751,0.40969567405412094,0.4133444259458791,0.0018243759458790865,0.0,400.0,165.60102,13864.6448349596,164.8712089313118,166.3308310686882,0.7298110686882069,0.0,400.0,165.60102,13864.6448349596,164.8712089313118,166.3308310686882,0.7298110686882069,0.0,1.0,0.31573200000000007,0.111068504176,0.313666374754118,0.3177976252458821,0.0020656252458820523,0.10455,0.10266008426168637,0.10646288646294665
T-spiral_traversal_swarm-W-20-HS-greedy-D-10-C-5-H-1-RUNS-100000.csv,spiral_traversal_swarm,20,greedy,10,5,1,100000,1.0,401.0,198.6647,12993.18585391,197.95819718488616,199.37120281511386,0.7065028151138506,0.0,10.0,6.9751,4.92287999,6.961348005319379,6.988851994680622,0.013751994680621493,0.0025,0.9975,0.49360575000000007,0.0809999659419375,0.49184175037085454,0.4953697496291456,0.0017639996291455295,0.2,368.4,128.43547700000002,4962.389661082471,127.99885913364531,128.87209486635473,0.4366178663547089,2.0,3684.0,1284.35477,496238.96610824706,1279.9885913364528,1288.720948663547,4.366178663547089,0.0,1.0,0.88661,0.10053270789999999,0.8846447863966769,0.8885752136033231,0.001965213603323135,0.88661,0.8846286002262169,0.8885689452755434
T-spiral_traversal_swarm-W-20-HS-greedy-D-10-C-5-H-2-RUNS-100000.csv,spiral_traversal_swarm,20,greedy,10,5,2,100000,3.0,401.0,261.91858,8927.1835107836,261.3329635028363,262.5041964971637,0.5856164971636986,0.0,10.0,8.2263,2.05578831,8.21741320284259,8.23518679715741,0.008886797157410697,0.0025,0.9975,0.6513252,0.055730885719959995,0.6498619988156723,0.6527884011843278,0.0014632011843277448,0.3,375.5,151.443389,4071.424241494679,151.04790469732635,151.83887330267365,0.3954843026736512,3.0,3755.0,1514.43389,407142.42414946784,1510.4790469732636,1518.3887330267364,3.9548430267363983,0.0,1.0,0.88887,0.0562301231,0.8874002597477754,0.8903397402522247,0.0014697402522246827,0.80377,0.8012947228653263,0.8062276459664258
T-spiral_traversal_swarm-W-20-HS-greedy-D-10-C-5-H-3-RUNS-100000.csv,spiral_traversal_swarm,20,greedy,10,5,3,100000,3.0,401.0,292.65873,6593.750804787101,292.1554353239734,293.1620246760266,0.5032946760265986,2.0,10.0,8.64712,1.3267757056000002,8.63998071323546,8.654259286764539,0.007139286764539676,0.0025,0.9975,0.7278558749999999,0.041280806540484376,0.7265965722309808,0.729115177769019,0.0012593027690190883,0.1,390.0,159.27346699999998,3811.2998868999107,158.89082500484636,159.6561089951536,0.3826419951536195,1.0,3900.0,1592.73467,381129.9886899911,1588.9082500484637,1596.5610899515364,3.826419951536309,0.0,1.0,0.8880066666666667,0.04247082662222223,0.8867293416197349,0.8892839917135985,0.0012773250469317876,0.73854,0.7358045422047459,0.7412616162274219
T-spiral_traversal_swarm-W-20-HS-greedy-D-10-C-5-H-4-RUNS-100000.csv,spiral_traversal_swarm,20,greedy,10,5,4,100000,3.0,401.0,309.79397,5391.8688816391,309.33885019713813,310.2490898028619,0.4551198028618728,3.0,10.0,8.8275,1.07182375,8.82108321099147,8.833916789008532,0.006416789008531154,0.0025,0.9975,0.7704979000000001,0.03386845634559,0.7693572464071103,0.7716385535928898,0.0011406535928897288,0.1,379.5,163.17514899999998,3696.635574927799,162.7983069213431,163.55199107865684,0.37684207865686403,1.0,3795.0,1631.75149,369663.5574927799,1627.9830692134315,1635.5199107865687,3.7684207865686403,0.0,1.0,0.88956,0.0358805064,0.8883859533510706,0.8907340466489294,0.0011740466489293944,0.69841,0.6955547369383998,0.7012537512727138
T-spiral_traversal_swarm-W-20-HS-greedy-D-10-C-5-H-5-RUNS-100000.csv,spiral_traversal_swarm,20,greedy,10,5,5,100000,3.0,401.0,320.67439,4786.7650681279,320.245567931005,321.10321206899505,0.42882206899503217,3.0,10.0,8.93208,0.9670468736,8.925984914053418,8.93817508594658,0.006095085946581591,0.0025,0.9975,0.7975358,0.030157353468359998,0.7964594520586536,0.7986121479413464,0.0010763479413463672,0.2,375.4,165.191665,3659.507269027775,164.81672016239455,165.56660983760545,0.3749448376054545,2.0,3754.0,1651.91665,365950.7269027775,1648.1672016239454,1655.6660983760544,3.749448376054488,0.0,1.0,0.888794,0.032584025564,0.8876751845880277,0.8899128154119722,0.0011188154119722293,0.66475,0.6618143394643372,0.6676761023244999
T-spiral_traversal_swarm-W-20-HS-greedy-D-5-C-5-H-1-RUNS-100000.csv,spiral_traversal_swarm,20,greedy,5,5,1,100000,1.0,401.0,188.6355,12245.631799750001,187.94962232051247,189.32137767948754,0.6858776794875325,0.0,5.0,3.49493,1.6671742951000001,3.486927115037653,3.5029328849623473,0.008002884962347245,0.0,0.9975,0.46778169999999997,0.07630238389511,0.4660696157790241,0.4694937842209758,0.0017120842209758513,0.0,392.0,128.299272,5496.323842670016,127.83976489805269,128.7587791019473,0.4595071019473096,0.0,1960.0,641.49636,137408.0960667504,639.1988244902634,643.7938955097366,2.2975355097365764,0.0,1.0,0.73632,0.19415285760000003,0.7335889606049049,0.7390510393950951,0.002731039395095114,0.73632,0.7335771825595737,0.7390491047811307
T-spiral_traversal_swarm-W-20-HS-greedy-D-5-C-5-H-2-RUNS-100000.csv,spiral_traversal_swarm,20,greedy,5,5,2,100000,2.0,401.0,243.82295,9607.6887832975,243.21542306866348,244.4304769313365,0.6075269313365084,0.0,5.0,4.11109,0.8622090119,4.105334774426562,4.116845225573438,0.005755225573437883,0.0,0.9975,0.605013375,0.060147670133609374,0.6034932983914526,0.6065334516085473,0.0015200766085473605,0.0,400.0,151.531292,4864.415884810736,151.0990057515131,151.96357824848693,0.43228624848691766,0.0,2000.0,757.65646,121610.3971202684,755.4950287575655,759.8178912424346,2.16143124243456,0.0,1.0,0.741055,0.11597498697500001,0.7389442430031784,0.7431657569968216,0.0021107569968216167,0.58922,0.5861632094498275,0.5922716147948068
T-spiral_traversal_swarm-W-20-HS-greedy-D-5-C-5-H-3-RUNS-100000.csv,spiral_traversal_swarm,20,greedy,5,5,3,100000,2.0,401.0,267.75714,8543.7198190204,267.18423901329504,268.33004098670494,0.5729009867049513,0.0,5.0,4.32258,0.6168621436,4.317712004919011,4.327447995080989,0.004867995080989118,0.0,0.9975,0.6644208249999999,0.05370914449381939,0.6629844091497411,0.6658572408502587,0.0014364158502587765,0.0,395.4,159.328006,4748.938151663964,158.9008816527259,159.75513034727408,0.42712434727408777,0.0,1977.0,796.64003,118723.45379159908,794.5044082636296,798.7756517363705,2.1356217363704673,0.0,1.0,0.7401566666666667,0.09207588656666667,0.7382759255206434,0.74203740781269,0.0018807411460233237,0.50291,0.49980603057246337,0.5060138006209072
T-spiral_traversal_swarm-W-20-HS-greedy-D-5-C-5-H-4-RUNS-100000.csv,spiral_traversal_swarm,20,greedy,5,5,4,100000,2.0,401.0,281.07144,8318.4201963264,280.50614323699665,281.63673676300334,0.5652967630033459,0.0,5.0,4.41473,0.5191490271,4.410264170958817,4.419195829041183,0.004465829041182978,0.0,0.9975,0.6974752249999999,0.052418616948699384,0.696056171234739,0.6988942787652609,0.0014190537652609692,0.0,399.0,163.52140799999998,4775.025248097536,163.09311210936954,163.94970389063042,0.42829589063043727,0.0,1995.0,817.60704,119375.6312024384,815.4655605468478,819.7485194531522,2.1414794531522148,0.0,1.0,0.7433425,0.07963130269374999,0.7415934670888508,0.7450915329111493,0.0017490329111492509,0.45582,0.45272946493382343,0.45891309793110435
T-spiral_traversal_swarm-W-20-HS-greedy-D-5-C-5-H-5-RUNS-100000.csv,spiral_traversal_swarm,20,greedy,5,5,5,100000,2.0,401.0,288.91233,8378.4984039711,288.34499553543174,289.47966446456826,0.5673344645682619,1.0,5.0,4.46563,0.4753187030999999,4.461356846211721,4.469903153788279,0.004273153788279416,0.0,0.9975,0.716927475,0.05286371127762437,0.7155024092708347,0.7183525407291652,0.0014250657291652313,0.0,397.2,165.303492,4792.2815374059355,164.874422905866,165.732561094134,0.4290690941340074,0.0,1986.0,826.51746,119807.0384351484,824.3721145293299,828.6628054706702,2.1453454706701223,0.0,1.0,0.7446819999999998,0.072722718876,0.7430105587152577,0.746353441284742,0.00167144128474217,0.42498,0.42191331820963307,0.4280510337422066
T-spiral_traversal_swarm-W-20-HS-random-D-1-C-5-H-1-RUNS-100000.csv,spiral_traversal_swarm,20,random,1,5,1,100000,1.0,401.0,128.4254,9492.49923484,127.82152596462042,129.02927403537956,0.6038740353795617,0.0,1.0,0.68442,0.2159892636,0.6815394716542867,0.6873005283457133,0.0028805283457132846,0.0,0.9975,0.31516055,0.05946317247369749,0.31364914759370655,0.3166719524062934,0.0015114024062934384,0.0,400.0,127.05601,9516.1780128799,126.45138326014904,127.66063673985096,0.604626739850957,0.0,400.0,127.05601,9516.1780128799,126.45138326014904,127.66063673985096,0.604626739850957,0.0,1.0,0.31503,0.2157860991,0.3121508267188261,0.31790917328117385,0.0028791732811738746,0.31503,0.312151277502719,0.3179194541951556
T-spiral_traversal_swarm-W-20-HS-random-D-1-C-5-H-2-RUNS-100000.csv,spiral_traversal_swarm,20,random,1,5,2,100000,2.0,401.0,151.78525,11239.6834524375,151.1281475121727,152.4423524878273,0.6571024878273022,0.0,1.0,0.81446,0.15111490840000003,0.812050595442626,0.8168694045573739,0.0024094045573739287,0.0,0.9975,0.372908,0.070624562411,0.3712608469440939,0.37455515305590614,0.0016471530559061254,0.0,400.0,150.15556,11302.2110010864,149.49663228179585,150.81448771820416,0.6589277182041542,0.0,400.0,150.15556,11302.2110010864,149.49663228179585,150.81448771820416,0.6589277182041542,0.0,1.0,0.3161,0.15051578999999998,0.313695376414355,0.31850462358564496,0.0024046235856449716,0.18477,0.18236867580196717,0.1871896216606305
T-spiral_traversal_swarm-W-20-HS-random-D-1-C-5-H-3-RUNS-100000.csv,spiral_traversal_swarm,20,random,1,5,3,100000,2.0,401.0,161.14967,12479.030648891101,160.45728683916502,161.84205316083495,0.6923831608349644,0.0,1.0,0.85856,0.1214347264,0.8564001304554714,0.8607198695445286,0.0021598695445286253,0.0,0.9975,0.39609697499999996,0.07842340333334938,0.39436125801199357,0.39783269198800636,0.0017357169880063972,0.0,400.0,159.4313,12550.11944031,158.7369475042034,160.12565249579657,0.6943524957965792,0.0,400.0,159.4313,12550.11944031,158.7369475042034,160.12565249579657,0.6943524957965792,0.0,1.0,0.31758,0.12922961026666663,0.315351887635687,0.31980811236431295,0.002228112364312973,0.14019,0.13804362762871394,0.14235726422800232
T-spiral_traversal_swarm-W-20-HS-random-D-1-C-5-H-4-RUNS-100000.csv,spiral_traversal_swarm,20,random,1,5,4,100000,2.0,401.0,164.71251,13241.2131994999,163.9992958342181,165.42572416578193,0.7132141657819204,0.0,1.0,0.88152,0.1044424896,0.8795169366758703,0.8835230633241297,0.0020030633241296947,0.0,0.9975,0.404888275,0.08318964233002438,0.40310059121930775,0.4066759587806923,0.001787683780692273,0.0,400.0,162.94786,13312.7577814204,162.2327216197329,163.66299838026708,0.7151383802670921,0.0,400.0,162.94786,13312.7577814204,162.2327216197329,163.66299838026708,0.7151383802670921,0.0,1.0,0.31499,0.11772754989999999,0.3128633543884891,0.3171166456115109,0.00212664561151088,0.11687,0.1148849450991154,0.11887730630345071
T-spiral_traversal_swarm-W-20-HS-random-D-1-C-5-H-5-RUNS-100000.csv,spiral_traversal_swarm,20,random,1,5,5,100000,2.0,401.0,166.87025,13796.675394937498,166.14223002639218,167.5982699736078,0.7280199736078146,0.0,1.0,0.89184,0.09646141440000001,0.8899149904687014,0.8937650095312986,0.0019250095312985938,0.0,0.9975,0.41022927500000006,0.08666656349547439,0.40840461538701955,0.41205393461298057,0.001824659612980506,0.0,400.0,165.08439,13869.053808327899,164.3544629001464,165.81431709985364,0.7299270998536258,0.0,400.0,165.08439,13869.053808327899,164.3544629001464,165.81431709985364,0.7299270998536258,0.0,1.0,0.31568,0.11152373760000002,0.3136101459221381,0.31774985407786194,0.002069854077861921,0.10598,0.10407864293066957,0.10790424425353286
T-spiral_traversal_swarm-W-20-HS-random-D-10-C-5-H-1-RUNS-100000.csv,spiral_traversal_swarm,20,random,10,5,1,100000,1.0,401.0,197.21314,12880.008431340399,196.50972091872742,197.9165590812726,0.7034190812725853,0.0,10.0,6.82413,5.5113797431,6.809579221181981,6.83868077881802,0.014550778818019694,0.0025,0.9975,0.489999875,0.08030923843748437,0.48824341273060323,0.4917563372693967,0.0017564622693967413,0.2,378.9,126.366425,4869.319551619375,125.93392091921578,126.79892908078423,0.4325040807842271,2.0,3789.0,1263.66425,486931.9551619375,1259.3392091921578,1267.9892908078423,4.325040807842242,0.0,1.0,0.8911,0.09704078999999997,0.8891692180370016,0.8930307819629985,0.0019307819629984513,0.8911,0.8891528989576976,0.8930243844033051
T-spiral_traversal_swarm-W-20-HS-random-D-10-C-5-H-2-RUNS-100000.csv,spiral_traversal_swarm,20,random,10,5,2,100000,3.0,401.0,261.49869,8890.643678283901,260.9142732244494,262.0831067755506,0.5844167755506078,0.0,10.0,8.14335,2.3184207775,8.133912603505816,8.152787396494183,0.009437396494183403,0.0025,0.9975,0.650287375,0.055505366603109375,0.6488271372921507,0.6517476127078493,0.00146023770784931,0.1,386.9,150.62810100000002,4023.0585662337994,150.23497275390156,151.02122924609847,0.3931282460984562,1.0,3869.0,1506.28101,402305.8566233799,1502.3497275390155,1510.2122924609844,3.9312824609844483,0.0,1.0,0.888785,0.057463723774999996,0.8872992253156887,0.8902707746843114,0.001485774684311325,0.80602,0.8035553866641946,0.8084668513662642
T-spiral_traversal_swarm-W-20-HS-random-D-10-C-5-H-3-RUNS-100000.csv,spiral_traversal_swarm,20,random,10,5,3,100000,3.0,401.0,292.1198,6638.81906796,291.61478824437967,292.6248117556203,0.5050117556203304,2.0,10.0,8.60017,1.4173059710999998,8.592791163629286,8.607548836370714,0.007378836370714126,0.0025,0.9975,0.7265397,0.04156580469891,0.7252760576640073,0.7278033423359928,0.001263642335992743,0.1,380.3,159.108297,3782.174023459791,158.7271198793786,159.4894741206214,0.38117712062140185,1.0,3803.0,1591.08297,378217.40234597906,1587.2711987937857,1594.8947412062141,3.811771206214189,0.0,1.0,0.88923,0.0432488959888889,0.8879410277007207,0.8905189722992792,0.0012889722992792674,0.74478,0.7420657131880154,0.7474800828885853
T-spiral_traversal_swarm-W-20-HS-random-D-10-C-5-H-4-RUNS-100000.csv,spiral_traversal_swarm,20,random,10,5,4,100000,2.0,401.0,309.83957,5389.1826522151,309.38456358161943,310.29457641838053,0.4550064183805489,2.0,10.0,8.80792,1.1069652735999997,8.801398866820051,8.814441133179947,0.00652113317994818,0.0,0.9975,0.77062785,0.0338535249293775,0.7694874478719386,0.7717682521280614,0.0011404021280614351,0.0,381.6,163.25989199999998,3703.9886989483357,162.88267531179704,163.63710868820291,0.3772166882029353,0.0,3816.0,1632.59892,370398.8698948336,1628.8267531179704,1636.3710868820294,3.7721668820295235,0.0,1.0,0.89021,0.036218655899999994,0.8890304340268326,0.8913895659731673,0.0011795659731673735,0.70175,0.6989036788621914,0.7045846154749988
T-spiral_traversal_swarm-W-20-HS-random-D-10-C-5-H-5-RUNS-100000.csv,spiral_traversal_swarm,20,random,10,5,5,100000,3.0,401.0,320.50533,4849.265371591099,320.07371746714784,320.9369425328522,0.4316125328521707,3.0,10.0,8.93098,0.9608762396,8.924904391255152,8.937055608744847,0.006075608744847472,0.0025,0.9975,0.7971186749999999,0.030553603278744377,0.7960352788473594,0.7982020711526404,0.0010833961526405256,0.2,378.9,164.97875399999998,3667.721162607484,164.6033886097697,165.35411939023027,0.3753653902302858,2.0,3789.0,1649.78754,366772.11626074836,1646.0338860976972,1653.541193902303,3.753653902302858,0.0,1.0,0.889028,0.03262681521599999,0.8879084502095317,0.8901475497904684,0.001119549790468355,0.66566,0.6627262874562283,0.6685841015229336
T-spiral_traversal_swarm-W-20-HS-random-D-5-C-5-H-1-RUNS-100000.csv,spiral_traversal_swarm,20,random,5,5,1,100000,1.0,401.0,187.04362,12119.1403972956,186.36129390677002,187.72594609323,0.6823260932299888,0.0,5.0,3.41886,1.8233163004000001,3.410490739638644,3.427229260361356,0.008369260361356101,0.0,0.9975,0.46383222500000004,0.07552566173904937,0.462128877172524,0.4655355728274761,0.0017033478274760538,0.0,393.2,126.674842,5373.249615075037,126.22050868929878,127.12917531070121,0.45433331070121596,0.0,1966.0,633.37421,134331.2403768759,631.1025434464939,635.645876553506,2.2716665535060656,0.0,1.0,0.74227,0.19130524710000005,0.7395590624550548,0.7449809375449452,0.0027109375449452244,0.74227,0.7395471107445889,0.7449788310905303
T-spiral_traversal_swarm-W-20-HS-random-D-5-C-5-H-2-RUNS-100000.csv,spiral_traversal_swarm,20,random,5,5,2,100000,2.0,401.0,242.2997,9610.85867991,241.69207285524146,242.90732714475854,0.6076271447585384,0.0,5.0,4.07018,0.9386147676,4.064175183190794,4.076184816809206,0.006004816809205948,0.0,0.9975,0.601237775,0.060164274350549364,0.5997174885916379,0.6027580614083621,0.0015202864083621037,0.0,399.4,150.48456400000003,4837.080658529904,150.05349406300826,150.9156339369918,0.43106993699177565,0.0,1997.0,752.42282,120927.01646324758,750.2674703150411,754.5781696849589,2.1553496849588782,0.0,1.0,0.743545,0.11678333297500001,0.741426899785287,0.745663100214713,0.0021181002147130368,0.59574,0.5926906258763479,0.598783820105087
T-spiral_traversal_swarm-W-20-HS-random-D-5-C-5-H-3-RUNS-100000.csv,spiral_traversal_swarm,20,random,5,5,3,100000,2.0,401.0,267.15212,8543.860479505602,266.5792142973048,267.72502570269523,0.5729057026952091,0.0,5.0,4.29333,0.6530675111000002,4.28832118362221,4.2983388163777905,0.005008816377790382,0.0,0.9975,0.662969075,0.05371620440614438,0.6615325647464806,0.6644055852535194,0.0014365102535194296,0.0,398.2,159.046906,4724.810966627164,158.62086804618139,159.47294395381863,0.4260379538186214,0.0,1991.0,795.23453,118120.27416567909,793.1043402309069,797.364719769093,2.130189769093022,0.0,1.0,0.74524,0.09289512017777779,0.743350910553534,0.747129089446466,0.0018890894464660413,0.51518,0.5120770507040199,0.518282068716421
T-spiral_traversal_swarm-W-20-HS-random-D-5-C-5-H-4-RUNS-100000.csv,spiral_traversal_swarm,20,random,5,5,4,100000,2.0,401.0,279.88146,8464.5964082684,279.3112180025813,280.4517019974187,0.570241997418691,0.0,5.0,4.40525,0.5415424375,4.400688871381006,4.409811128618993,0.004561128618993493,0.0,0.9975,0.694508425,0.05333686091651938,0.6930769960464822,0.6959398539535178,0.001431428953517777,0.0,397.4,162.86811799999998,4800.139185938076,162.43869728908004,163.29753871091992,0.42942071091994194,0.0,1987.0,814.34059,120003.4796484519,812.1934864454003,816.4876935545998,2.1471035545997665,0.0,1.0,0.742875,0.080785484375,0.7411133373853799,0.74463666261462,0.0017616626146200742,0.45743,0.4543385493278363,0.46052392014019916
T-spiral_traversal_swarm-W-20-HS-random-D-5-C-5-H-5-RUNS-100000.csv,spiral_traversal_swarm,20,random,5,5,5,100000,2.0,401.0,288.59266,8376.5575141244,288.0253912511141,289.15992874888593,0.5672687488859083,0.0,5.0,4.46511,0.4795226879,4.460817990729464,4.469402009270536,0.004292009270535857,0.0,0.9975,0.71612125,0.0528501757984375,0.7146963667228602,0.7175461332771399,0.0014248832771398545,0.0,396.4,165.14760800000002,4750.365775078336,164.7204194565963,165.57479654340375,0.42718854340373014,0.0,1982.0,825.73804,118759.14437695841,823.6020972829813,827.8739827170186,2.135942717018679,0.0,1.0,0.7435620000000002,0.07322315215599999,0.7418848176565369,0.7452391823434634,0.0016771823434632571,0.42367,0.4206045993576829,0.42673982859184556
T-spiral_traversal_swarm-W-20-HS-weighted-D-1-C-5-H-1-RUNS-100000.csv,spiral_traversal_swarm,20,weighted,1,5,1,100000,1.0,401.0,128.69082,9529.7485677276,128.08576229946408,129.29587770053593,0.605057700535923,0.0,1.0,0.68526,0.21567873240000002,0.6823815430897999,0.6881384569102,0.0028784569102000557,0.0,0.9975,0.315819625,0.05969457140235937,0.31430528466342006,0.3173339653365799,0.0015143403365799335,0.0,400.0,127.31976,9553.1760135424,126.71395903455323,127.92556096544678,0.6058009654467753,0.0,400.0,127.31976,9553.1760135424,126.71395903455323,127.92556096544678,0.6058009654467753,0.0,1.0,0.3142,0.21547835999999995,0.31132288048948953,0.31707711951051043,0.002877119510510451,0.3142,0.31132335526854743,0.31708742460247114
T-spiral_traversal_swarm-W-20-HS-weighted-D-1-C-5-H-2-RUNS-100000.csv,spiral_traversal_swarm,20,weighted,1,5,2,100000,2.0,401.0,151.85134,11214.927000204401,151.19496157588793,152.50771842411206,0.6563784241120629,0.0,1.0,0.81429,0.1512217959,0.8118797434760394,0.8167002565239605,0.002410256523960541,0.0,0.9975,0.3730733,0.07046770307711,0.3714279771497939,0.3747186228502061,0.0016453228502060768,0.0,400.0,150.22197,11277.0282793191,149.56377677732272,150.88016322267728,0.6581932226772835,0.0,400.0,150.22197,11277.0282793191,149.56377677732272,150.88016322267728,0.6581932226772835,0.0,1.0,0.31465,0.1507803775,0.3122432638320663,0.3170567361679337,0.0024067361679336874,0.18492,0.1825179166494765,0.18734037209065352
T-spiral_traversal_swarm-W-20-HS-weighted-D-1-C-5-H-3-RUNS-100000.csv,spiral_traversal_swarm,20,weighted,1,5,3,100000,2.0,401.0,161.41952,12550.540482969598,160.72515585692105,162.11388414307896,0.6943641430789569,0.0,1.0,0.85883,0.12124103109999997,0.8566718537003396,0.8609881462996604,0.0021581462996603795,0.0,0.9975,0.396769675,0.07886904356289437,0.39502903340061424,0.39851031659938574,0.0017406415993857505,0.0,400.0,159.70043,12621.4098278151,159.0041081778909,160.3967518221091,0.6963218221090983,0.0,400.0,159.70043,12621.4098278151,159.0041081778909,160.3967518221091,0.6963218221090983,0.0,1.0,0.3170033333333333,0.12892777554444443,0.3147778245318869,0.3192288421347797,0.0022255088014463964,0.13974,0.1375965349046342,0.1419043831670889
T-spiral_traversal_swarm-W-20-HS-weighted-D-1-C-5-H-4-RUNS-100000.csv,spiral_traversal_swarm,20,weighted,1,5,4,100000,2.0,401.0,164.4152,13214.67540896,163.70270089788787,165.12769910211213,0.7124991021121332,0.0,1.0,0.88262,0.10360193559999996,0.8806250132937762,0.8846149867062237,0.001994986706223778,0.0,0.9975,0.40413847499999994,0.08302217346217437,0.4023525915167562,0.4059243584832437,0.0017858834832437664,0.0,400.0,162.64823,13285.8642678671,161.93381432148058,163.36264567851944,0.7144156785194298,0.0,400.0,162.64823,13285.8642678671,161.93381432148058,163.36264567851944,0.7144156785194298,0.0,1.0,0.3145625,0.11704980859375,0.31244198462704525,0.3166830153729548,0.0021205153729547677,0.11565,0.11367403290393369,0.11764828969116321
T-spiral_traversal_swarm-W-20-HS-weighted-D-1-C-5-H-5-RUNS-100000.csv,spiral_traversal_swarm,20,weighted,1,5,5,100000,2.0,401.0,166.79474,13700.6880683324,166.06925696585444,167.52022303414554,0.7254830341455545,0.0,1.0,0.89375,0.09496093749999998,0.8918400211061376,0.8956599788938625,0.0019099788938624629,0.0,0.9975,0.41003145,0.08605739588589749,0.4082132143386094,0.41184968566139063,0.0018182356613906103,0.0,400.0,165.00531,13771.5697018039,164.27795271388507,165.73266728611495,0.7273572861149376,0.0,400.0,165.00531,13771.5697018039,164.27795271388507,165.73266728611495,0.7273572861149376,0.0,1.0,0.315554,0.11067967308400001,0.31349199361756686,0.31761600638243315,0.002062006382433146,0.10432,0.10243193475062111,0.10623104941227692
T-spiral_traversal_swarm-W-20-HS-weighted-D-10-C-5-H-1-RUNS-100000.csv,spiral_traversal_swarm,20,weighted,10,5,1,100000,1.0,401.0,197.55145,12862.125932897501,196.84851939898863,198.25438060101135,0.7029306010113601,0.0,10.0,6.83609,5.4436435119,6.821628913970481,6.85055108602952,0.014461086029519343,0.0025,0.9975,0.4908417,0.08019745579111,0.489086460568563,0.492596939431437,0.0017552394314370168,0.3,373.0,126.97019799999998,4900.972994040796,126.53629043088063,127.40410556911934,0.4339075691193557,3.0,3730.0,1269.70198,490097.2994040796,1265.3629043088065,1274.0410556911936,4.339075691193557,0.0,1.0,0.89033,0.0976424911,0.8883932413836263,0.8922667586163736,0.0019367586163736572,0.89033,0.8883769451067016,0.8922603832179137
T-spiral_traversal_swarm-W-20-HS-weighted-D-10-C-5-H-2-RUNS-100000.csv,spiral_traversal_swarm,20,weighted,10,5,2,100000,3.0,401.0,261.31399,8936.3800202799,260.72807193844267,261.8999080615573,0.5859180615573223,1.0,10.0,8.1424,2.28978224,8.133021072847503,8.151778927152497,0.009378927152496885,0.0025,0.9975,0.649840475,0.05579376136427438,0.64837644865578,0.6513045013442199,0.0014640263442199375,0.2,384.9,150.75773900000002,4041.0766103078795,150.36373138705125,151.15174661294878,0.3940076129487693,2.0,3849.0,1507.57739,404107.661030788,1503.6373138705121,1511.5174661294877,3.9400761294878066,0.0,1.0,0.8905,0.05667975,0.8890243952846375,0.8919756047153624,0.0014756047153624552,0.80884,0.8063889313226961,0.8112731427596878
T-spiral_traversal_swarm-W-20-HS-weighted-D-10-C-5-H-3-RUNS-100000.csv,spiral_traversal_swarm,20,weighted,10,5,3,100000,3.0,401.0,291.91156,6593.3221383664,291.40828168408774,292.4148383159123,0.5032783159122687,1.0,10.0,8.60378,1.4037497116,8.596436536993977,8.611123463006024,0.0073434630060233985,0.0025,0.9975,0.72601825,0.0412847861669375,0.7247588865316601,0.7272776134683399,0.0012593634683398802,0.2,375.9,158.872024,3774.3604121434237,158.49124082075897,159.25280717924105,0.38078317924103544,2.0,3759.0,1588.72024,377436.0412143424,1584.9124082075898,1592.5280717924104,3.8078317924102976,0.0,1.0,0.88875,0.043722326388888885,0.8874539919403972,0.8900460080596029,0.0012960080596028378,0.74479,0.7420757476955184,0.7474900478003667
T-spiral_traversal_swarm-W-20-HS-weighted-D-10-C-5-H-4-RUNS-100000.csv,spiral_traversal_swarm,20,weighted,10,5,4,100000,3.0,401.0,309.9441,5417.375395189999,309.487904983388,310.400295016612,0.4561950166120141,2.0,10.0,8.81265,1.0983299775,8.806154351886406,8.819145648113594,0.006495648113594044,0.0025,0.9975,0.77088375,0.0340334772359375,0.7697403209197786,0.7720271790802213,0.0011434290802213587,0.3,385.1,163.07933300000002,3717.124307575111,162.70144803417074,163.4572179658293,0.3778849658292813,3.0,3851.0,1630.79333,371712.43075751106,1627.014480341707,1634.572179658293,3.778849658292984,0.0,1.0,0.889795,0.036293607975,0.8886142141413585,0.8909757858586415,0.0011807858586414532,0.7006,0.6977505797664997,0.7034377813241091
T-spiral_traversal_swarm-W-20-HS-weighted-D-10-C-5-H-5-RUNS-100000.csv,spiral_traversal_swarm,20,weighted,10,5,5,100000,3.0,401.0,320.62813,4841.252462703101,320.19687421208846,321.05938578791154,0.43125578791153885,3.0,10.0,8.93084,0.9664968943999999,8.924746647499507,8.936933352500493,0.006093352500492699,0.0025,0.9975,0.797416175,0.030497148535869375,0.7963337802207471,0.7984985697792528,0.001082394779252871,0.1,383.2,165.13180699999998,3672.536206814751,164.7561952976783,165.50741870232167,0.3756117023216916,1.0,3832.0,1651.31807,367253.6206814751,1647.5619529767832,1655.0741870232168,3.7561170232168024,0.0,1.0,0.8883420000000001,0.032783291036,0.8872197687812047,0.8894642312187955,0.0011222312187953998,0.66381,0.6608723400582617,0.6667381562809541
T-spiral_traversal_swarm-W-20-HS-weighted-D-5-C-5-H-1-RUNS-100000.csv,spiral_traversal_swarm,20,weighted,5,5,1,100000,1.0,401.0,186.04317,12104.173086351098,185.3612653781611,186.7250746218389,0.6819046218388962,0.0,5.0,3.41233,1.8158139710999999,3.4039779757235875,3.420682024276412,0.008352024276412351,0.0,0.9975,0.46134509999999995,0.07542351558099,0.4596429044252908,0.4630472955747091,0.001702195574709131,0.0,389.8,126.402362,5393.278682820956,125.94718270139421,126.85754129860578,0.45517929860578477,0.0,1949.0,632.01181,134831.9670705239,629.7359135069711,634.2877064930288,2.275896493028881,0.0,1.0,0.74519,0.18988186390000003,0.7424891664835496,0.7478908335164505,0.0027008335164504516,0.74519,0.7424771295293743,0.7478886427375283
T-spiral_traversal_swarm-W-20-HS-weighted-D-5-C-5-H-2-RUNS-100000.csv,spiral_traversal_swarm,20,weighted,5,5,2,100000,2.0,401.0,242.97918,9587.3777865276,242.3722955752145,243.58606442478552,0.6068844247855054,0.0,5.0,4.07268,0.9282576176000001,4.066708405184733,4.078651594815267,0.0059715948152669895,0.0,0.9975,0.602941975,0.06002870097059938,0.6014234024543221,0.6044605475456779,0.0015185725456778876,0.0,389.2,151.056072,4841.500557530816,150.6248051621628,151.4873388378372,0.43126683783719955,0.0,1946.0,755.28036,121037.5139382704,753.1240258108139,757.436694189186,2.1563341891860546,0.0,1.0,0.7433,0.11751511,0.7411752740257247,0.7454247259742752,0.0021247259742752655,0.59672,0.5936717886905367,0.5997626004352381
T-spiral_traversal_swarm-W-20-HS-weighted-D-5-C-5-H-3-RUNS-100000.csv,spiral_traversal_swarm,20,weighted,5,5,3,100000,2.0,401.0,267.23613,8609.6140726231,266.6610239800229,267.8112360199771,0.5751060199771132,0.0,5.0,4.30056,0.6500636864,4.295562716080035,4.305557283919965,0.004997283919965234,0.0,0.9975,0.66315915,0.0541297855212775,0.6617171202358879,0.6646011797641121,0.0014420297641121183,0.0,396.8,159.17294,4761.5993093564,158.7452466529998,159.6006333470002,0.4276933470002007,0.0,1984.0,795.8647,119039.98273390999,793.726233264999,798.003166735001,2.138466735000975,0.0,1.0,0.74311,0.09333975012222222,0.7412163950146097,0.7450036049853904,0.0018936049853903736,0.51109,0.50798650317974,0.5141928534985771
T-spiral_traversal_swarm-W-20-HS-weighted-D-5-C-5-H-4-RUNS-100000.csv,spiral_traversal_swarm,20,weighted,5,5,4,100000,2.0,401.0,280.76086,8373.0936920604,280.19370854996725,281.3280114500327,0.5671514500327248,0.0,5.0,4.40736,0.5348778304,4.40282702451665,4.411892975483349,0.004532975483349411,0.0,0.9975,0.696708025,0.052767342838099376,0.6952842587823685,0.6981317912176314,0.0014237662176314059,0.0,399.6,163.537686,4774.732242965404,163.10940325011885,163.96596874988117,0.42828274988116277,0.0,1998.0,817.68843,119368.3060741351,815.5470162505943,819.8298437494058,2.1414137494057286,0.0,1.0,0.7434775,0.08039183199375,0.7417201347511482,0.7452348652488519,0.0017573652488518388,0.45786,0.45476831028486364,0.46095413423883347
T-spiral_traversal_swarm-W-20-HS-weighted-D-5-C-5-H-5-RUNS-100000.csv,spiral_traversal_swarm,20,weighted,5,5,5,100000,2.0,401.0,288.50988,8410.586562385599,287.94146017858225,289.0782998214178,0.5684198214177627,0.0,5.0,4.46557,0.47595457510000005,4.461293988896524,4.469846011103475,0.004276011103475419,0.0,0.9975,0.7159185250000001,0.053068446874324375,0.7144907023726671,0.7173463476273331,0.0014278226273329864,0.0,396.4,165.27536,4792.6257928704,164.84627549496759,165.70444450503243,0.4290845050324208,0.0,1982.0,826.3768,119815.64482175998,824.2313774748379,828.5222225251621,2.1454225251620755,0.0,1.0,0.7434660000000001,0.07327230684399999,0.7417882548048887,0.7451437451951114,0.0016777451951113243,0.42446,0.42139382412094556,0.4275305579978811
T-together_traverse_best_permutation-W-20-HS-greedy-D-1-C-5-H-1-RUNS-100000.csv,together_traverse_best_permutation,20,greedy,1,5,1,100000,1.0,70.0,19.2709,124.82279319000001,19.201652672086304,19.340147327913698,0.06924732791369692,0.0,1.0,0.69857,0.21056995509999998,0.6957258383669135,0.7014141616330866,0.0028441616330865394,0.0,0.1675,0.0443396,0.0007763183718399999,0.04416690649527963,0.04451229350472037,0.0001726935047203712,0.0,68.0,17.87376,127.74624346239999,17.80370645127582,17.943813548724183,0.07005354872418224,0.0,68.0,17.87376,127.74624346239999,17.80370645127582,17.943813548724183,0.07005354872418224,0.0,1.0,0.30143,0.21056995509999998,0.29858583836691344,0.3042741616330865,0.0028441616330865394,0.30143,0.29858668227909135,0.30428483879704327
T-together_traverse_best_permutation-W-20-HS-greedy-D-1-C-5-H-2-RUNS-100000.csv,together_traverse_best_permutation,20,greedy,1,5,2,100000,2.0,75.0,22.33297,150.6514809791,22.25689485758611,22.409045142413888,0.07607514241388813,0.0,1.0,0.82317,0.14556115109999998,0.8208052849684037,0.8255347150315963,0.0023647150315962984,0.0,0.1775,0.051212625000000005,0.000961646353109375,0.05102042040509903,0.05140482959490098,0.00019220459490097708,0.0,73.0,20.68663,158.41756924310002,20.60861865890114,20.764641341098862,0.07801134109886121,0.0,73.0,20.68663,158.41756924310002,20.60861865890114,20.764641341098862,0.07801134109886121,0.0,1.0,0.306095,0.14776835097500002,0.3037124238792736,0.3084775761207264,0.0023825761207263985,0.17683,0.17446972578812814,0.1792090334390816
T-together_traverse_best_permutation-W-20-HS-greedy-D-1-C-5-H-3-RUNS-100000.csv,together_traverse_best_permutation,20,greedy,1,5,3,100000,2.0,70.0,23.46337,171.1135382431,23.382292890498324,23.54444710950168,0.08107710950167757,0.0,1.0,0.86615,0.1159341775,0.8640396144042284,0.8682603855957716,0.002110385595771591,0.0,0.1725,0.05377505,0.0010913203724975,0.053570296090562686,0.05397980390943731,0.00020475390943731214,0.0,70.0,21.73107,179.91170665509998,21.647934639756222,21.814205360243776,0.08313536024377655,0.0,70.0,21.73107,179.91170665509998,21.647934639756222,21.814205360243776,0.08313536024377655,0.0,1.0,0.30976,0.1267309646222222,0.30755353297397686,0.3119664670260231,0.002206467026023118,0.13385,0.13174529366221074,0.13597596759910338
T-together_traverse_best_permutation-W-20-HS-greedy-D-1-C-5-H-4-RUNS-100000.csv,together_traverse_best_permutation,20,greedy,1,5,4,100000,2.0,72.0,23.89898,185.09269495959998,23.814656094910355,23.98330390508965,0.08432390508964716,0.0,1.0,0.88587,0.10110434310000001,0.8838992071533189,0.8878407928466812,0.001970792846681113,0.0,0.1775,0.05477462499999999,0.001178243518609375,0.0545618730246604,0.054987376975339584,0.00021275197533959095,0.0,72.0,22.12724,194.16994998240003,22.040873149886522,22.21360685011348,0.08636685011347822,0.0,72.0,22.12724,194.16994998240003,22.040873149886522,22.21360685011348,0.08636685011347822,0.0,1.0,0.3111075,0.11653524844375,0.30899165073688717,0.3132233492631128,0.0021158492631128123,0.11413,0.11216545418089882,0.11611695712476712
T-together_traverse_best_permutation-W-20-HS-greedy-D-1-C-5-H-5-RUNS-100000.csv,together_traverse_best_permutation,20,greedy,1,5,5,100000,2.0,73.0,24.25767,196.3801761711,24.170812986191162,24.34452701380884,0.0868570138088387,0.0,1.0,0.89447,0.09439341910000001,0.8925657369960676,0.8963742630039324,0.001904263003932427,0.0,0.1775,0.055596475,0.001247549780074375,0.055377555214801547,0.05581539478519845,0.00021891978519845284,0.0,71.0,22.46873,205.7371821871,22.37982780885209,22.55763219114791,0.0889021911479091,0.0,71.0,22.46873,205.7371821871,22.37982780885209,22.55763219114791,0.0889021911479091,0.0,1.0,0.3164,0.11102704000000002,0.31433476036048114,0.3184652396395189,0.002065239639518879,0.10553,0.10363223154223275,0.10745068192963547
T-together_traverse_best_permutation-W-20-HS-greedy-D-10-C-5-H-1-RUNS-100000.csv,together_traverse_best_permutation,20,greedy,10,5,1,100000,1.0,74.0,27.58574,188.3819286524,27.500670145344486,27.670809854655516,0.08506985465551509,0.0,10.0,6.99046,4.9482489884000005,6.976672616885776,7.004247383114223,0.013787383114223672,0.0025,0.185,0.06759530000000001,0.00111573104291,0.0673882687855795,0.06780233121442052,0.00020703121442050554,0.2,50.0,17.887878999999998,56.157455381359,17.84143177396948,17.934326226030517,0.04644722603051932,2.0,500.0,178.87879,5615.7455381359005,178.4143177396948,179.3432622603052,0.4644722603052003,0.0,1.0,0.88622,0.1008341116,0.8842518426812814,0.8881881573187186,0.0019681573187185775,0.88622,0.8842356680491597,0.8881819002170444
T-together_traverse_best_permutation-W-20-HS-greedy-D-10-C-5-H-2-RUNS-100000.csv,together_traverse_best_permutation,20,greedy,10,5,2,100000,2.0,76.0,35.79826,130.5387209724,35.72744492035678,35.86907507964322,0.07081507964321787,0.0,10.0,8.2368,2.0762257600000003,8.227869138406842,8.24573086159316,0.008930861593158923,0.0025,0.1825,0.087342625,0.000788718170609375,0.08716855777953006,0.08751669222046993,0.00017406722046993395,0.4,51.2,20.681134,45.979563674043995,20.639106022198277,20.723161977801723,0.04202797780172318,4.0,512.0,206.81134,4597.9563674044,206.39106022198277,207.23161977801723,0.4202797780172318,0.0,1.0,0.88771,0.05680595589999999,0.8862327533713511,0.8891872466286489,0.0014772466286488983,0.80196,0.7994762353952727,0.8044262386535782
T-together_traverse_best_permutation-W-20-HS-greedy-D-10-C-5-H-3-RUNS-100000.csv,together_traverse_best_permutation,20,greedy,10,5,3,100000,4.0,73.0,39.82218,100.78704004759999,39.75995592965364,39.88440407034636,0.06222407034636035,2.0,10.0,8.6572,1.3108081599999999,8.65010380339375,8.66429619660625,0.00709619660625016,0.005,0.18,0.096937275,0.000628510903074375,0.09678188878808754,0.09709266121191247,0.00015538621191246715,0.2,51.3,21.715392,44.544906886336,21.674024897817887,21.756759102182116,0.04136710218211448,2.0,513.0,217.15392,4454.4906886336,216.74024897817887,217.56759102182113,0.4136710218211306,0.0,1.0,0.8894233333333332,0.04239168967777779,0.8881471988769919,0.8906994677896746,0.001276134456341338,0.74281,0.740088951581858,0.7455169588950965
T-together_traverse_best_permutation-W-20-HS-greedy-D-10-C-5-H-4-RUNS-100000.csv,together_traverse_best_permutation,20,greedy,10,5,4,100000,4.0,74.0,42.16722,87.4174174716,42.109269784214476,42.225170215785525,0.057950215785524506,3.0,10.0,8.84432,1.0711637376000003,8.837905186975162,8.850734813024838,0.00641481302483804,0.005,0.185,0.102449675,0.000564195029894375,0.10230245368269703,0.10259689631730298,0.0001472213173029785,1.3,52.5,22.185104,44.527430509184,22.143745013425846,22.226462986574152,0.04135898657415282,13.0,525.0,221.85104,4452.7430509184005,221.4374501342585,222.2646298657415,0.4135898657414998,0.0,1.0,0.88882,0.036386507600000007,0.8876377038966649,0.8900022961033353,0.0011822961033352009,0.69886,0.6960059312288672,0.7017025308617931
T-together_traverse_best_permutation-W-20-HS-greedy-D-10-C-5-H-5-RUNS-100000.csv,together_traverse_best_permutation,20,greedy,10,5,5,100000,4.0,74.0,43.72767,81.60930637109999,43.671678008487355,43.78366199151265,0.05599199151264855,3.0,10.0,8.94859,0.9551470119,8.942532531253967,8.954647468746032,0.006057468746032413,0.005,0.1825,0.10614245000000001,0.0005378604329975001,0.10599870562134807,0.10628619437865196,0.00014374437865194434,0.6,54.0,22.494319000000004,44.745171426239,22.45285901319935,22.535778986800658,0.041459986800653326,6.0,540.0,224.94319,4474.5171426239,224.52859013199344,225.35778986800653,0.41459986800654747,0.0,1.0,0.88958,0.0324122236,0.8884641380095113,0.8906958619904888,0.0011158619904887424,0.66814,0.6652116583766586,0.671058586680371
T-together_traverse_best_permutation-W-20-HS-greedy-D-5-C-5-H-1-RUNS-100000.csv,together_traverse_best_permutation,20,greedy,5,5,1,100000,1.0,73.0,26.35339,171.45664550790002,26.27223164556972,26.434548354430284,0.08115835443028274,0.0,5.0,3.49267,1.6767862711000001,3.4846440781594525,3.5006959218405473,0.008025921840547401,0.0,0.18,0.06385165,0.0010122910422775,0.06365444915649233,0.06404885084350766,0.0001972008435076611,0.0,55.6,17.879732,64.13162040817599,17.83009652549234,17.92936747450766,0.04963547450766015,0.0,278.0,89.39866,1603.2905102044,89.15048262746171,89.6468373725383,0.24817737253829364,0.0,1.0,0.73687,0.1938926031,0.73414079164579,0.73959920835421,0.0027292083542099776,0.73687,0.7341289975493164,0.7395972578550372
T-together_traverse_best_permutation-W-20-HS-greedy-D-5-C-5-H-2-RUNS-100000.csv,together_traverse_best_permutation,20,greedy,5,5,2,100000,2.0,78.0,33.5811,132.69588278999998,33.5097022056835,33.652497794316496,0.07139779431649629,0.0,5.0,4.11708,0.8657922735999999,4.111312827730801,4.122847172269198,0.005767172269198539,0.0,0.1775,0.08083395,0.0008220797773975,0.08065623951429783,0.08101166048570217,0.00017771048570217052,0.0,58.8,20.726584,58.387318090944,20.67922360291782,20.77394439708218,0.04736039708217987,0.0,294.0,103.63292,1459.6829522736,103.3961180145891,103.86972198541089,0.23680198541089226,0.0,1.0,0.73814,0.1177393404,0.7360132478986007,0.7402667521013994,0.002126752101399343,0.58704,0.5839808533194931,0.5900940973982517
T-together_traverse_best_permutation-W-20-HS-greedy-D-5-C-5-H-3-RUNS-100000.csv,together_traverse_best_permutation,20,greedy,5,5,3,100000,2.0,73.0,36.8648,123.18466096,36.79600856204847,36.933591437951534,0.06879143795153198,0.0,5.0,4.32486,0.6211459804000001,4.319975131119155,4.329744868880845,0.004884868880845161,0.0,0.1825,0.088466025,0.000793231108199375,0.08829146049543912,0.08864058950456088,0.00017456450456088124,0.0,59.8,21.736774000000004,59.665415672924,21.688898049790208,21.7846499502098,0.047875950209796514,0.0,299.0,108.68387,1491.6353918231002,108.44449024895101,108.92324975104898,0.23937975104898612,0.0,1.0,0.742,0.09130266666666667,0.7401271723937675,0.7438728276062325,0.00187282760623253,0.5045,0.5013960574791183,0.5076036814797503
T-together_traverse_best_permutation-W-20-HS-greedy-D-5-C-5-H-4-RUNS-100000.csv,together_traverse_best_permutation,20,greedy,5,5,4,100000,2.0,76.0,38.53586,123.4353540604,38.46699859889906,38.60472140110094,0.06886140110093919,0.0,5.0,4.42222,0.5217702715999999,4.417742910906204,4.426697089093796,0.004477089093795961,0.0,0.1875,0.0923284,0.00081055530344,0.0921519395439852,0.0925048604560148,0.00017646045601479865,0.0,60.8,22.174348,61.726784374896,22.125652043817315,22.223043956182682,0.04869595618268363,0.0,304.0,110.87174,1543.1696093724001,110.62826021908657,111.11521978091343,0.24347978091343236,0.0,1.0,0.742425,0.079953869375,0.74067242821947,0.74417757178053,0.00175257178053001,0.45495,0.4518599732309526,0.45804264010348095
T-together_traverse_best_permutation-W-20-HS-greedy-D-5-C-5-H-5-RUNS-100000.csv,together_traverse_best_permutation,20,greedy,5,5,5,100000,2.0,73.0,39.69785,128.8124153775,39.627504724756086,39.76819527524392,0.0703452752439162,0.0,5.0,4.47271,0.46935525590000005,4.468463736759143,4.476956263240857,0.004246263240856862,0.0,0.1825,0.095096,0.0008553786589999998,0.09491472610070906,0.09527727389929094,0.00018127389929094295,0.0,60.8,22.47512,62.6730017856,22.426052230164846,22.524187769835155,0.049067769835154706,0.0,304.0,112.3756,1566.8250446399998,112.13026115082424,112.62093884917577,0.24533884917576643,0.0,1.0,0.7455860000000001,0.072866716604,0.7439129047292342,0.747259095270766,0.0016730952707658675,0.42849,0.4254199939418056,0.4315641543831556
T-together_traverse_best_permutation-W-20-HS-random-D-1-C-5-H-1-RUNS-100000.csv,together_traverse_best_permutation,20,random,1,5,1,100000,1.0,73.0,19.00591,121.3872550719,18.93762227935535,19.07419772064465,0.06828772064465127,0.0,1.0,0.68259,0.2166608919,0.6797049965644335,0.6854750034355666,0.0028850034355665244,0.0,0.1775,0.04375535,0.0007558022213775002,0.043584953702691526,0.04392574629730847,0.00017039629730847272,0.0,71.0,17.64073,124.3974750671,17.571600748577918,17.709859251422085,0.06912925142208337,0.0,71.0,17.64073,124.3974750671,17.571600748577918,17.709859251422085,0.06912925142208337,0.0,1.0,0.31741,0.2166608919,0.31452499656443356,0.3202950034355665,0.002885003435566469,0.31741,0.31452537854091706,0.3203052150235885
T-together_traverse_best_permutation-W-20-HS-random-D-1-C-5-H-2-RUNS-100000.csv,together_traverse_best_permutation,20,random,1,5,2,100000,2.0,76.0,22.21505,149.03440349750002,22.139384250517427,22.290715749482576,0.07566574948257454,0.0,1.0,0.8166,0.14976444000000003,0.8142013856652142,0.8189986143347858,0.0023986143347858313,0.0,0.175,0.05095227500000001,0.0009523509848243751,0.050761001595071326,0.0511435484049287,0.00019127340492868655,0.0,74.0,20.58185,156.9799805775,20.504193429551226,20.659506570448773,0.07765657044877372,0.0,74.0,20.58185,156.9799805775,20.504193429551226,20.659506570448773,0.07765657044877372,0.0,1.0,0.315125,0.149958734375,0.3127248302685539,0.31752516973144607,0.002400169731446078,0.1834,0.18100563706185327,0.1858127400681118
T-together_traverse_best_permutation-W-20-HS-random-D-1-C-5-H-3-RUNS-100000.csv,together_traverse_best_permutation,20,random,1,5,3,100000,2.0,73.0,23.35572,170.1103632816,23.274880902306954,23.43655909769305,0.08083909769304753,0.0,1.0,0.8616,0.11924544000000004,0.859459688615402,0.8637403113845981,0.002140311384598026,0.0,0.1775,0.053541775,0.001087639767349375,0.05333736666038908,0.05374618333961092,0.00020440833961091892,0.0,71.0,21.63252,179.1519784496,21.549560356774393,21.715479643225606,0.08295964322560678,0.0,71.0,21.63252,179.1519784496,21.549560356774393,21.715479643225606,0.08295964322560678,0.0,1.0,0.3150266666666666,0.12871375484444444,0.3128030058098577,0.31725032752347554,0.002223660856808918,0.1384,0.13626523683110536,0.14055575930709863
T-together_traverse_best_permutation-W-20-HS-random-D-1-C-5-H-4-RUNS-100000.csv,together_traverse_best_permutation,20,random,1,5,4,100000,2.0,75.0,23.87801,185.1372884399,23.793675937648498,23.9623440623515,0.08433406235150187,0.0,1.0,0.88288,0.10340290560000001,0.8808869305025842,0.8848730694974158,0.0019930694974158447,0.0,0.18,0.054727225,0.001180612781299375,0.05451425922667856,0.054940190773321435,0.00021296577332143712,0.0,73.0,22.11225,194.4634899375,22.025817891212586,22.198682108787413,0.08643210878741314,0.0,73.0,22.11225,194.4634899375,22.025817891212586,22.198682108787413,0.08643210878741314,0.0,1.0,0.314425,0.117574419375,0.3122997379232881,0.31655026207671194,0.0021252620767119312,0.11712,0.11513309146178567,0.11912914535324022
T-together_traverse_best_permutation-W-20-HS-random-D-1-C-5-H-5-RUNS-100000.csv,together_traverse_best_permutation,20,random,1,5,5,100000,2.0,73.0,24.3273,195.28535471,24.24068543894622,24.413914561053783,0.08661456105378207,0.0,1.0,0.89557,0.0935243751,0.8936745231750713,0.8974654768249286,0.0018954768249286325,0.0,0.1825,0.05576832500000001,0.0012401217391943753,0.05555005792338768,0.055986592076612336,0.00021826707661232875,0.0,73.0,22.53616,204.4464124544,22.44753712834235,22.624782871657647,0.08862287165764826,0.0,73.0,22.53616,204.4464124544,22.44753712834235,22.624782871657647,0.08862287165764826,0.0,1.0,0.318296,0.110866056384,0.3162322581503377,0.32035974184966237,0.0020637418496623483,0.10443,0.1025410493767798,0.10634192835923563
T-together_traverse_best_permutation-W-20-HS-random-D-10-C-5-H-1-RUNS-100000.csv,together_traverse_best_permutation,20,random,10,5,1,100000,1.0,75.0,27.50657,187.9901768351,27.421588645378545,27.591551354621455,0.08498135462145484,0.0,10.0,6.83518,5.4962343676,6.820649227843445,6.8497107721565555,0.014530772156555294,0.0025,0.185,0.067431,0.0011165627389999998,0.06722389163662125,0.06763810836337876,0.00020710836337875516,0.2,48.9,17.694989,54.667094389879,17.64916224909966,17.74081575090034,0.045826750900339164,2.0,489.0,176.94989,5466.7094389879,176.49162249099663,177.4081575090034,0.4582675090033774,0.0,1.0,0.89066,0.09738476439999999,0.8887257991031978,0.8925942008968022,0.001934200896802185,0.89066,0.8887094930543213,0.8925878160006321
T-together_traverse_best_permutation-W-20-HS-random-D-10-C-5-H-2-RUNS-100000.csv,together_traverse_best_permutation,20,random,10,5,2,100000,2.0,72.0,35.76472,129.0088833216,35.69432109900231,35.835118900997685,0.07039890099768797,0.0,10.0,8.15769,2.3125838639000005,8.14826449090417,8.167115509095831,0.00942550909583062,0.0025,0.18,0.087264425,0.0007800955669193749,0.08709131188293844,0.08743753811706158,0.0001731131170615713,0.5,52.5,20.627906,44.835340055164004,20.586404259993596,20.669407740006402,0.041501740006403054,5.0,525.0,206.27906,4483.534005516401,205.86404259993594,206.69407740006403,0.41501740006404475,0.0,1.0,0.88918,0.05702392759999999,0.8876999218930469,0.890660078106953,0.0014800781069530533,0.80615,0.8036860066558229,0.8085962238170199
T-together_traverse_best_permutation-W-20-HS-random-D-10-C-5-H-3-RUNS-100000.csv,together_traverse_best_permutation,20,random,10,5,3,100000,3.0,73.0,39.75965,101.43324187750001,39.697226771791534,39.82207322820847,0.06242322820846624,2.0,10.0,8.6151,1.40843199,8.607744299943048,8.622455700056951,0.00735570005695152,0.0025,0.1825,0.09677530000000001,0.00063371280991,0.09661927208164722,0.0969313279183528,0.00015602791835278573,0.3,54.2,21.64916,44.1791740944,21.607963068657842,21.690356931342155,0.04119693134215652,3.0,542.0,216.4916,4417.9174094400005,216.07963068657844,216.90356931342157,0.4119693134215652,0.0,1.0,0.8902766666666666,0.04285967901111113,0.8889935075070566,0.8915598258262766,0.00128315915960997,0.7469,0.7441930707093846,0.7495926022529001
T-together_traverse_best_permutation-W-20-HS-random-D-10-C-5-H-4-RUNS-100000.csv,together_traverse_best_permutation,20,random,10,5,4,100000,4.0,73.0,42.14021,87.53119115589999,42.08222208540183,42.198197914598175,0.0579879145981721,3.0,10.0,8.82544,1.0899088064000002,8.818969301683229,8.831910698316772,0.006470698316771717,0.005,0.18,0.10238775,0.0005642303999375001,0.10224052406803148,0.10253497593196852,0.00014722593196851708,0.4,51.2,22.163073999999998,44.382525070524004,22.121782365458493,22.204365634541503,0.04129163454150486,4.0,512.0,221.63074,4438.2525070524,221.21782365458495,222.04365634541506,0.41291634541505573,0.0,1.0,0.8902775,0.036551597993750004,0.889092524815227,0.8914624751847731,0.0011849751847730072,0.70453,0.7016912591244283,0.7073568738402806
T-together_traverse_best_permutation-W-20-HS-random-D-10-C-5-H-5-RUNS-100000.csv,together_traverse_best_permutation,20,random,10,5,5,100000,3.0,75.0,43.7282,81.87028476,43.672118551558114,43.78428144844189,0.056081448441887005,2.0,10.0,8.94044,0.9542926064000001,8.934385241147044,8.946494758852957,0.006054758852956255,0.0025,0.18,0.10617172500000001,0.0005414104980243751,0.10602750702021904,0.10631594297978098,0.00014421797978096673,0.1,53.2,22.49237,45.0915979831,22.450749826668805,22.533990173331198,0.0416201733311965,1.0,532.0,224.9237,4509.15979831,224.50749826668803,225.33990173331196,0.41620173331196497,0.0,1.0,0.8902660000000001,0.032429249244,0.8891498449753922,0.891382155024608,0.0011161550246079344,0.6715,0.6685790808066147,0.674410969255817
T-together_traverse_best_permutation-W-20-HS-random-D-5-C-5-H-1-RUNS-100000.csv,together_traverse_best_permutation,20,random,5,5,1,100000,1.0,78.0,26.23801,171.7405212399,26.15678448760425,26.31923551239575,0.0812255123957506,0.0,5.0,3.41997,1.8077951990999996,3.4116364377143613,3.428303562285639,0.008333562285638862,0.0,0.1925,0.063610125,0.0010160040599843751,0.06341256282758748,0.06380768717241253,0.00019756217241252705,0.0,63.2,17.700912000000002,63.029371968256,17.651704923745335,17.75011907625467,0.04920707625466747,0.0,316.0,88.50456,1575.7342992064002,88.25852461872667,88.75059538127333,0.24603538127333024,0.0,1.0,0.74552,0.18971992960000003,0.7428203183862696,0.7482196816137303,0.0026996816137303536,0.74552,0.7428082717978087,0.7482174813053873
T-together_traverse_best_permutation-W-20-HS-random-D-5-C-5-H-2-RUNS-100000.csv,together_traverse_best_permutation,20,random,5,5,2,100000,2.0,72.0,33.40148,132.52315380960002,33.33012868973348,33.47283131026652,0.07135131026652175,0.0,5.0,4.0765,0.9296277500000001,4.070523999695114,4.0824760003048866,0.00597600030488632,0.0,0.175,0.08044695,0.0008202794856974999,0.08026943420711792,0.08062446579288209,0.00017751579288208252,0.0,59.4,20.618076000000002,57.426963658224,20.57110670965094,20.665045290349063,0.046969290349061055,0.0,297.0,103.09038,1435.6740914555999,102.8555335482547,103.3252264517453,0.23484645174529817,0.0,1.0,0.744625,0.11684110937500002,0.7425063759045668,0.7467436240954332,0.0021186240954331748,0.59799,0.5949433143571183,0.6010310010875038
T-together_traverse_best_permutation-W-20-HS-random-D-5-C-5-H-3-RUNS-100000.csv,together_traverse_best_permutation,20,random,5,5,3,100000,2.0,74.0,36.65745,122.1042494975,36.58896089978182,36.72593910021818,0.06848910021818,0.0,5.0,4.30987,0.6408305831000001,4.30490833216747,4.3148316678325305,0.004961667832530381,0.0,0.1775,0.087999825,0.000786851612469375,0.08782596387281907,0.08817368612718093,0.00017386112718092983,0.0,59.8,21.636467999999997,58.894474084976,21.588902359917597,21.684033640082397,0.04756564008240005,0.0,299.0,108.18234,1472.3618521243998,107.944511799588,108.420168200412,0.2378282004119967,0.0,1.0,0.74365,0.09268801083333333,0.7417630175877414,0.7455369824122586,0.0018869824122585976,0.51094,0.5078364870448518,0.5140428783348516
T-together_traverse_best_permutation-W-20-HS-random-D-5-C-5-H-4-RUNS-100000.csv,together_traverse_best_permutation,20,random,5,5,4,100000,2.0,79.0,38.53613,124.30697462309999,38.467025899274205,38.605234100725795,0.06910410072579509,0.0,5.0,4.40914,0.5353844604,4.404604878234189,4.41367512176581,0.004535121765810501,0.0,0.19,0.09236535,0.0008180497443775,0.09218807563924807,0.09254262436075193,0.00017727436075193337,0.0,58.4,22.167581999999996,61.100131073276,22.119133856224295,22.216030143775697,0.04844814377570117,0.0,292.0,110.83791,1527.5032768319,110.59566928112149,111.0801507188785,0.24224071887850585,0.0,1.0,0.7445925,0.08050013394375001,0.7428339514093767,0.7463510485906233,0.001758548590623299,0.46174,0.45864625803616876,0.46483596140737393
T-together_traverse_best_permutation-W-20-HS-random-D-5-C-5-H-5-RUNS-100000.csv,together_traverse_best_permutation,20,random,5,5,5,100000,2.0,73.0,39.5096,128.79792784,39.43925868073528,39.57994131926472,0.07034131926472043,0.0,5.0,4.47595,0.4702215975000001,4.471699819663878,4.480200180336122,0.0042501803361219,0.0,0.1775,0.09457869999999999,0.0008547785063099999,0.09439748970476707,0.09475991029523291,0.00018121029523292254,0.0,58.2,22.416402,62.625108174396,22.367352982113527,22.465451017886476,0.049049017886474644,0.0,291.0,112.08201,1565.6277043598998,111.83676491056762,112.32725508943237,0.24524508943237322,0.0,1.0,0.742262,0.07370672335600001,0.7405792886508838,0.7439447113491161,0.0016827113491161283,0.42448,0.42141380459866434,0.4275505763598852
T-together_traverse_best_permutation-W-20-HS-weighted-D-1-C-5-H-1-RUNS-100000.csv,together_traverse_best_permutation,20,weighted,1,5,1,100000,1.0,70.0,19.0673,122.80429070999999,18.99861485144578,19.13598514855422,0.06868514855421992,0.0,1.0,0.68352,0.21632040959999999,0.6806372643452454,0.6864027356547546,0.002882735654754609,0.0,0.175,0.0438989,0.00076489270379,0.04372748203679661,0.04407031796320338,0.0001714179632033852,0.0,70.0,17.70026,125.8567759324,17.630726454827766,17.769793545172234,0.06953354517223431,0.0,70.0,17.70026,125.8567759324,17.630726454827766,17.769793545172234,0.06953354517223431,0.0,1.0,0.31648,0.21632040959999999,0.3135972643452454,0.3193627356547546,0.002882735654754609,0.31648,0.3135976732090155,0.3193729743317114
T-together_traverse_best_permutation-W-20-HS-weighted-D-1-C-5-H-2-RUNS-100000.csv,together_traverse_best_permutation,20,weighted,1,5,2,100000,2.0,72.0,22.31548,149.2812923696,22.239751602897787,22.391208397102215,0.07572839710221402,0.0,1.0,0.81563,0.1503777031,0.813226479697966,0.8180335203020339,0.0024035203020339457,0.0,0.175,0.051225925000000005,0.000955721170394375,0.05103431345420521,0.0514175365457948,0.00019161154579479256,0.0,70.0,20.68422,157.2422229916,20.60649859214833,20.76194140785167,0.07772140785166926,0.0,70.0,20.68422,157.2422229916,20.60649859214833,20.76194140785167,0.07772140785166926,0.0,1.0,0.31623,0.1502985871,0.3138271120454683,0.3186328879545317,0.002402887954531696,0.18437,0.18197070312562,0.18678761759710844
T-together_traverse_best_permutation-W-20-HS-weighted-D-1-C-5-H-3-RUNS-100000.csv,together_traverse_best_permutation,20,weighted,1,5,3,100000,2.0,75.0,23.36869,170.7602976839,23.287696620049385,23.449683379950617,0.08099337995061617,0.0,1.0,0.86306,0.11818743639999998,0.860929204712615,0.8651907952873851,0.0021307952873850233,0.0,0.1725,0.053564175,0.001090618469069375,0.05335948694683673,0.053768863053163266,0.00020468805316326694,0.0,73.0,21.64257,179.7225337951,21.559478358673854,21.725661641326145,0.08309164132614555,0.0,73.0,21.64257,179.7225337951,21.559478358673854,21.725661641326145,0.08309164132614555,0.0,1.0,0.3138566666666666,0.1281373261222222,0.3116379905928985,0.31607534274043475,0.0022186760737681333,0.13694,0.13481479497870472,0.1390862862239806
T-together_traverse_best_permutation-W-20-HS-weighted-D-1-C-5-H-4-RUNS-100000.csv,together_traverse_best_permutation,20,weighted,1,5,4,100000,2.0,73.0,23.90669,186.53240324389998,23.82203878144399,23.991341218556013,0.08465121855601154,0.0,1.0,0.88293,0.10336461509999997,0.8809372995574644,0.8849227004425356,0.001992700442535633,0.0,0.18,0.054782775,0.0011870752507993749,0.054569227153289455,0.05499632284671054,0.0002135478467105434,0.0,72.0,22.14083,195.7882769111,22.05410398057205,22.22755601942795,0.08672601942794955,0.0,72.0,22.14083,195.7882769111,22.05410398057205,22.22755601942795,0.08672601942794955,0.0,1.0,0.3152975,0.11781436149375,0.3131700704450808,0.31742492955491924,0.0021274295549192357,0.11707,0.1150834619559891,0.11907877777637889
T-together_traverse_best_permutation-W-20-HS-weighted-D-1-C-5-H-5-RUNS-100000.csv,together_traverse_best_permutation,20,weighted,1,5,5,100000,2.0,71.0,24.31233,196.9864599711,24.22533901284472,24.399320987155278,0.08699098715527853,0.0,1.0,0.89381,0.09491368390000002,0.8919004963784527,0.8957195036215473,0.0019095036215472927,0.0,0.1775,0.055726124999999994,0.0012509418049843752,0.05550690780090221,0.05594534219909778,0.00021921719909778759,0.0,71.0,22.52471,206.2960094159,22.43568715182201,22.61373284817799,0.08902284817799,0.0,71.0,22.52471,206.2960094159,22.43568715182201,22.61373284817799,0.08902284817799,0.0,1.0,0.3177,0.11164751,0.315628997647476,0.319771002352524,0.0020710023525239984,0.10619,0.10428697193084198,0.10811590298628608
T-together_traverse_best_permutation-W-20-HS-weighted-D-10-C-5-H-1-RUNS-100000.csv,together_traverse_best_permutation,20,weighted,10,5,1,100000,1.0,72.0,27.47633,186.95895973109998,27.391582047829875,27.561077952170127,0.08474795217012598,0.0,10.0,6.84627,5.4412370871,6.831812110667942,6.860727889332058,0.014457889332057938,0.0025,0.18,0.06735602500000001,0.0011094579586993748,0.06714957661191864,0.06756247338808138,0.00020644838808137056,0.2,51.4,17.699369,54.517178901838996,17.653605128390478,17.745132871609524,0.04576387160952322,2.0,514.0,176.99369,5451.7178901839,176.53605128390475,177.45132871609522,0.4576387160952322,0.0,1.0,0.89055,0.09747069749999998,0.8886149459141511,0.8924850540858488,0.0019350540858488197,0.89055,0.8885986431226696,0.8924786723551967
T-together_traverse_best_permutation-W-20-HS-weighted-D-10-C-5-H-2-RUNS-100000.csv,together_traverse_best_permutation,20,weighted,10,5,2,100000,2.0,72.0,35.7136,129.88091504000002,35.64296357007764,35.78423642992236,0.07063642992235941,0.0,10.0,8.15733,2.2906572711,8.14794928095898,8.16671071904102,0.009380719041020669,0.0025,0.1775,0.08717935000000002,0.0007871143085775,0.08700545985284293,0.0873532401471571,0.00017389014715708806,0.5,52.1,20.642692,45.058071393136004,20.601087302300837,20.684296697699164,0.04160469769916375,5.0,521.0,206.42692,4505.8071393136,206.01087302300837,206.84296697699162,0.4160469769916233,0.0,1.0,0.889865,0.056712781775000005,0.8883889653714535,0.8913410346285465,0.0014760346285465076,0.80728,0.8048214137037862,0.8097207510747585
T-together_traverse_best_permutation-W-20-HS-weighted-D-10-C-5-H-3-RUNS-100000.csv,together_traverse_best_permutation,20,weighted,10,5,3,100000,5.0,73.0,39.74433,99.8327628511,39.68240120687686,39.806258793123135,0.06192879312313693,2.0,10.0,8.61379,1.4238318359,8.606394195526656,8.621185804473344,0.007395804473343759,0.0075,0.18,0.09671819999999999,0.00062366228876,0.0965634143078802,0.09687298569211979,0.00015478569211979654,0.6,56.9,21.676502000000003,44.259378243996,21.63526769056452,21.717736309435487,0.04123430943548456,6.0,569.0,216.76502,4425.9378243996,216.35267690564513,217.17736309435486,0.41234309435486693,0.0,1.0,0.88901,0.04332233101111111,0.8877199338512608,0.8903000661487391,0.0012900661487391663,0.74499,0.7422764382382605,0.7476893456431787
T-together_traverse_best_permutation-W-20-HS-weighted-D-10-C-5-H-4-RUNS-100000.csv,together_traverse_best_permutation,20,weighted,10,5,4,100000,4.0,76.0,42.10341,86.98959637189999,42.04560176240169,42.161218237598305,0.057808237598308665,2.0,10.0,8.82128,1.0958591616000002,8.81479166234294,8.82776833765706,0.006488337657060583,0.005,0.185,0.102317325,0.0005605234423443749,0.10217058349748247,0.10246406650251753,0.00014674150251753337,1.2,51.3,22.186170999999995,44.488370858759,22.144830157544742,22.227511842455247,0.04134084245525216,12.0,513.0,221.86171,4448.8370858759,221.44830157544746,222.27511842455252,0.4134084245525287,0.0,1.0,0.8907375,0.036373581093749996,0.889555413923905,0.8919195860760949,0.0011820860760949348,0.70569,0.7028544593324513,0.7085136062958339
T-together_traverse_best_permutation-W-20-HS-weighted-D-10-C-5-H-5-RUNS-100000.csv,together_traverse_best_permutation,20,weighted,10,5,5,100000,5.0,76.0,43.7271,82.71302559,43.67073065025153,43.78346934974847,0.056369349748472075,3.0,10.0,8.94573,0.9451847671000002,8.939704203951932,8.951755796048067,0.006025796048067633,0.0075,0.18,0.10613885,0.0005465656456775,0.105993947046806,0.10628375295319402,0.00014490295319401214,0.7,54.9,22.471197,45.316908687191,22.429472973778562,22.512921026221438,0.04172402622143778,7.0,549.0,224.71197,4531.6908687191,224.29472973778564,225.12921026221437,0.4172402622143636,0.0,1.0,0.8901919999999999,0.032499803136000004,0.8890746314675664,0.8913093685324334,0.0011173685324334937,0.67134,0.6684187235393524,0.6742513358086674
T-together_traverse_best_permutation-W-20-HS-weighted-D-5-C-5-H-1-RUNS-100000.csv,together_traverse_best_permutation,20,weighted,5,5,1,100000,1.0,72.0,26.21111,170.02702256789996,26.130290707136425,26.29192929286358,0.08081929286357692,0.0,5.0,3.42728,1.8179118016,3.4189231525220176,3.4356368474779826,0.008356847477982488,0.0,0.1725,0.063533325,0.001003780801944375,0.06333695483096331,0.06372969516903669,0.0001963701690366887,0.0,59.4,17.683353999999998,62.182446910684,17.63447863933104,17.732229360668956,0.04887536066895848,0.0,297.0,88.41677,1554.5611727671,88.17239319665521,88.66114680334479,0.2443768033447924,0.0,1.0,0.7419,0.19148438999999998,0.739187793458042,0.744612206541958,0.002712206541958029,0.7419,0.7391758525485063,0.744610110772849
T-together_traverse_best_permutation-W-20-HS-weighted-D-5-C-5-H-2-RUNS-100000.csv,together_traverse_best_permutation,20,weighted,5,5,2,100000,2.0,73.0,33.35754,132.5309251484,33.286186597694986,33.428893402305015,0.07135340230501441,0.0,5.0,4.08188,0.9197556656000001,4.075935815140014,4.087824184859986,0.005944184859986379,0.0,0.1825,0.08034655,0.0008223202780975001,0.08016881352146114,0.08052428647853886,0.0001777364785388591,0.0,58.0,20.588182,57.76270473487601,20.54107560908438,20.63528839091562,0.0471063909156193,0.0,290.0,102.94091,1444.0676183719,102.70537804542191,103.1764419545781,0.23553195457809295,0.0,1.0,0.743625,0.117079359375,0.7415042169677805,0.7457457830322195,0.00212078303221952,0.59649,0.593441514653744,0.5995328878157578
T-together_traverse_best_permutation-W-20-HS-weighted-D-5-C-5-H-3-RUNS-100000.csv,together_traverse_best_permutation,20,weighted,5,5,3,100000,2.0,73.0,36.69426,122.32912305239999,36.62570786224208,36.76281213775792,0.06855213775791924,0.0,5.0,4.30498,0.6468071996,4.299995248714345,4.309964751285654,0.004984751285654454,0.0,0.1775,0.08811375,0.0007897858109375,0.0879395650072108,0.08828793499278921,0.00017418499278920585,0.0,57.8,21.662875999999997,58.914861808623996,21.615302127640895,21.7104498723591,0.047573872359102154,0.0,289.0,108.31438,1472.8715452156002,108.0765106382045,108.5522493617955,0.23786936179550366,0.0,1.0,0.74361,0.09319639012222222,0.7417178497620602,0.7455021502379398,0.0018921502379397603,0.51257,0.509466677340856,0.5156725934837871
T-together_traverse_best_permutation-W-20-HS-weighted-D-5-C-5-H-4-RUNS-100000.csv,together_traverse_best_permutation,20,weighted,5,5,4,100000,2.0,72.0,38.58062,123.5411604156,38.5117290919023,38.6495109080977,0.06889090809769982,0.0,5.0,4.4096,0.53130784,4.40508217729637,4.414117822703631,0.004517822703630436,0.0,0.18,0.09249535,0.0008133834783775,0.0923185819607357,0.09267211803926431,0.00017676803926430784,0.0,58.0,22.186496,61.180124841984,22.1380161518574,22.234975848142604,0.04847984814260187,0.0,290.0,110.93248,1529.5031210496,110.690080759287,111.174879240713,0.24239924071299868,0.0,1.0,0.746345,0.079886640975,0.744593165190523,0.7480968348094771,0.0017518348094770486,0.46316,0.4600655540312469,0.46625658303781836
T-together_traverse_best_permutation-W-20-HS-weighted-D-5-C-5-H-5-RUNS-100000.csv,together_traverse_best_permutation,20,weighted,5,5,5,100000,2.0,72.0,39.67114,127.89765110040001,39.60104494907147,39.74123505092853,0.07009505092852919,0.0,5.0,4.47195,0.4716731975000001,4.4676932644485285,4.476206735551471,0.0042567355514711025,0.0,0.18,0.0949828,0.00085015232916,0.09480208073739357,0.09516351926260644,0.00018071926260643245,0.0,61.2,22.47102,62.3771505596,22.422068180668155,22.519971819331843,0.04895181933184389,0.0,306.0,112.3551,1559.4287639899999,112.11034090334077,112.59985909665922,0.24475909665922302,0.0,1.0,0.74477,0.0728100471,0.7430975554510258,0.7464424445489742,0.0016724445489741946,0.4278,0.42473063497578395,0.4308735533786441
T-traverse_ordered_qa-W-20-HS-greedy-D-1-C-5-H-1-RUNS-100000.csv,traverse_ordered_qa,20,greedy,1,5,1,100000,1.0,40.0,19.64205,70.0274017975,19.5901831255284,19.6939168744716,0.051866874471599544,0.0,1.0,0.43962,0.2463542556,0.43654364743842167,0.44269635256157835,0.003076352561578344,0.0,0.0975,0.046907025000000005,0.0004453765681493749,0.04677622138291689,0.04703782861708312,0.00013080361708311256,0.0,39.0,18.76281,71.2602509039,18.710488553166755,18.81513144683325,0.05232144683324691,0.0,39.0,18.76281,71.2602509039,18.710488553166755,18.81513144683325,0.05232144683324691,0.0,1.0,0.56038,0.2463542556,0.5573036474384216,0.5634563525615783,0.003076352561578344,0.56038,0.5572969897266675,0.5634595076261038
T-traverse_ordered_qa-W-20-HS-greedy-D-1-C-5-H-2-RUNS-100000.csv,traverse_ordered_qa,20,greedy,1,5,2,100000,2.0,76.0,27.31816,139.1655542144,27.24504239657442,27.39127760342558,0.0731176034255796,0.0,1.0,0.65742,0.22521894359999997,0.6544785699162928,0.6603614300837072,0.002941430083707175,0.0,0.19,0.064696225,0.000914169033249375,0.0645088251131769,0.06488362488682309,0.00018739988682309194,0.0,76.0,26.00332,147.3741289776,25.928076897068213,26.078563102931785,0.07524310293178615,0.0,76.0,26.00332,147.3741289776,25.928076897068213,26.078563102931785,0.07524310293178615,0.0,1.0,0.46179,0.18893499589999999,0.459095908909763,0.464484091090237,0.002694091090236994,0.34258,0.3396382240320841,0.3455309088100354
T-traverse_ordered_qa-W-20-HS-greedy-D-1-C-5-H-3-RUNS-100000.csv,traverse_ordered_qa,20,greedy,1,5,3,100000,2.0,104.0,32.08097,243.9929738591,31.98415453592648,32.17778546407352,0.09681546407352215,0.0,1.0,0.7821,0.17041958999999998,0.7795413208545345,0.7846586791454655,0.002558679145465481,0.0,0.255,0.07534295,0.0015419367602975001,0.07509956749737587,0.07558633250262414,0.00024338250262413708,0.0,103.0,30.51677,256.33791876709995,30.417535542842433,30.61600445715757,0.09923445715756785,0.0,103.0,30.51677,256.33791876709995,30.417535542842433,30.61600445715757,0.09923445715756785,0.0,1.0,0.3960766666666667,0.1534177185666667,0.3936489733012564,0.39850436003207695,0.002427693365410266,0.2179,0.21534457710350582,0.22047179464453937
T-traverse_ordered_qa-W-20-HS-greedy-D-1-C-5-H-4-RUNS-100000.csv,traverse_ordered_qa,20,greedy,1,5,4,100000,2.0,116.0,35.4283,364.81859911,35.30991557829085,35.54668442170915,0.11838442170915187,0.0,1.0,0.86103,0.11965733910000001,0.8588859952567997,0.8631740047432003,0.0021440047432003118,0.0,0.2775,0.08273689999999999,0.00220629687839,0.08244576927183783,0.08302803072816214,0.00029113072816215613,0.0,114.0,33.70624,378.2194250624,33.58570088836731,33.82677911163269,0.12053911163268793,0.0,114.0,33.70624,378.2194250624,33.58570088836731,33.82677911163269,0.12053911163268793,0.0,1.0,0.3467225,0.12622413299375,0.34452044952530875,0.34892455047469123,0.0022020504746912417,0.13897,0.1368315270551475,0.14112943587493612
T-traverse_ordered_qa-W-20-HS-greedy-D-1-C-5-H-5-RUNS-100000.csv,traverse_ordered_qa,20,greedy,1,5,5,100000,2.0,147.0,38.22745,495.4181564974999,38.08949354346386,38.365406456536135,0.13795645653613775,0.0,1.0,0.90618,0.0850178076,0.9043727800087533,0.9079872199912467,0.0018072199912466669,0.0,0.3575,0.08890785,0.0028939535833775,0.08857442216544051,0.08924127783455948,0.0003334278345594882,0.0,145.0,36.41509,508.42967029190004,36.27533366127458,36.55484633872542,0.13975633872541948,0.0,145.0,36.41509,508.42967029190004,36.27533366127458,36.55484633872542,0.13975633872541948,0.0,1.0,0.31242200000000003,0.10715289391600001,0.310393112232607,0.31445088776739305,0.0020288877673930172,0.09382,0.09201961150086276,0.09564398655321406
T-traverse_ordered_qa-W-20-HS-greedy-D-10-C-5-H-1-RUNS-100000.csv,traverse_ordered_qa,20,greedy,10,5,1,100000,1.0,134.0,23.38565,165.5833640775,23.305893805792895,23.4654061942071,0.07975619420710345,0.0,10.0,3.59639,6.4133889679000005,3.580693607083446,3.612086392916554,0.015696392916554114,0.0,0.3625,0.14025105,0.0046540265988975,0.13982821541553078,0.1406738845844692,0.0004228345844692061,0.0,59.4,18.948942,55.320106680635995,18.902842355551876,18.995041644448122,0.0460996444481232,0.0,594.0,189.48942,5532.0106680636,189.02842355551877,189.95041644448122,0.4609964444812249,0.0,1.0,0.97355,0.025750397499999998,0.9725554009499502,0.9745445990500499,0.000994599050049838,0.97355,0.9725365782122689,0.9745358278206545
T-traverse_ordered_qa-W-20-HS-greedy-D-10-C-5-H-2-RUNS-100000.csv,traverse_ordered_qa,20,greedy,10,5,2,100000,2.0,211.0,32.11666,239.1948704444,32.02080119684144,32.21251880315857,0.09585880315856343,0.0,10.0,5.03571,6.059774795899999,5.020452467153589,5.0509675328464105,0.015257532846410626,0.005,0.4225,0.185704475,0.003959349402474375,0.18531447196585096,0.18609447803414905,0.0003900030341490446,0.9,61.3,23.565169000000004,44.86535210143901,23.523653372022952,23.606684627977057,0.041515627977052105,9.0,613.0,235.65169,4486.5352101439,235.2365337202295,236.06684627977052,0.41515627977051395,0.0,1.0,0.963925,0.019061094375000004,0.9630692833404041,0.964780716659596,0.0008557166595959398,0.9325,0.9309274394198439,0.9340474185377307
T-traverse_ordered_qa-W-20-HS-greedy-D-10-C-5-H-3-RUNS-100000.csv,traverse_ordered_qa,20,greedy,10,5,3,100000,5.0,200.0,43.44128,347.5585719616,43.32572996711174,43.55683003288826,0.11555003288825816,0.0,10.0,6.44466,5.5240974844,6.430092442587698,6.4592275574123015,0.014567557412301646,0.0175,0.4025,0.198866675,0.0033313222619443753,0.19850893755994814,0.19922441244005185,0.00035773744005185293,2.5,72.4,28.243113,61.206390969230995,28.19462274618056,28.291603253819442,0.048490253819441165,25.0,724.0,282.43113,6120.6390969231,281.94622746180556,282.91603253819443,0.48490253819443296,0.0,1.0,0.9441133333333332,0.020923347155555556,0.9432167892438832,0.9450098774227833,0.0008965440894500576,0.85525,0.8530539588407716,0.8574254149107564
T-traverse_ordered_qa-W-20-HS-greedy-D-10-C-5-H-4-RUNS-100000.csv,traverse_ordered_qa,20,greedy,10,5,4,100000,8.0,216.0,56.24715,376.54668687749995,56.12687773585283,56.367422264147166,0.12027226414716807,0.0,10.0,7.85434,3.5982231644,7.842582902523003,7.866097097476996,0.011757097476996492,0.015,0.4175,0.19449557500000003,0.0026381724929193753,0.19417722293940046,0.1948139270605996,0.0003183520605995749,2.7,83.5,32.332772,89.06337879601601,32.274278763127455,32.39126523687254,0.058493236872543264,27.0,835.0,323.32772,8906.3378796016,322.74278763127455,323.91265236872545,0.5849323687254468,0.0,1.0,0.91414,0.025864310400000003,0.9131432034569048,0.9151367965430951,0.0009967965430951464,0.73868,0.7359450093353219,0.7414011409674799
T-traverse_ordered_qa-W-20-HS-greedy-D-10-C-5-H-5-RUNS-100000.csv,traverse_ordered_qa,20,greedy,10,5,5,100000,5.0,156.0,68.22204,319.3268382384,68.11128233743092,68.33279766256909,0.11075766256908537,3.0,10.0,9.07293,0.8839312151,9.067102727777142,9.078757272222857,0.005827272222857616,0.0075,0.365,0.16024655,0.0018707322130975,0.15997847156241435,0.16051462843758563,0.0002680784375856393,1.4,109.9,36.073888000000004,140.601690963456,36.00039409168066,36.147381908319346,0.07349390831934244,14.0,1099.0,360.73888,14060.1690963456,360.0039409168065,361.47381908319346,0.734939083193467,0.0,1.0,0.8715480000000002,0.034913683696,0.8703898790767519,0.8727061209232485,0.0011581209232482959,0.61206,0.6090316431754393,0.6150818559586629
T-traverse_ordered_qa-W-20-HS-greedy-D-5-C-5-H-1-RUNS-100000.csv,traverse_ordered_qa,20,greedy,5,5,1,100000,1.0,132.0,28.82227,289.1979220471,28.716866834139758,28.92767316586024,0.1054031658602419,0.0,5.0,2.16306,2.9007114364000004,2.152503782375266,2.1736162176247342,0.010556217624734021,0.0,0.3775,0.14847055,0.0048076481576975,0.14804079354382266,0.14890030645617736,0.00042975645617734926,0.0,65.4,21.155894000000004,74.301121460764,21.102467865177832,21.209320134822175,0.05342613482217118,0.0,327.0,105.77947,1857.5280365191002,105.51233932588916,106.04660067411085,0.26713067411084523,0.0,1.0,0.85228,0.1258988016,0.8500807891501119,0.8544792108498882,0.002199210849888167,0.85228,0.8500656156102968,0.8544739311020739
T-traverse_ordered_qa-W-20-HS-greedy-D-5-C-5-H-2-RUNS-100000.csv,traverse_ordered_qa,20,greedy,5,5,2,100000,2.0,123.0,32.95257,178.9885603951,32.8696482022859,33.0354917977141,0.08292179771409991,0.0,5.0,2.77417,2.1640908111000003,2.7650521212664776,2.783287878733522,0.009117878733522211,0.0,0.355,0.14260835,0.0024707485102775,0.14230026515004657,0.14291643484995342,0.0003080848499534272,0.0,58.0,24.149037999999997,50.988878474556,24.1047797944842,24.193296205515793,0.04425820551579562,0.0,290.0,120.74519,1274.7219618638999,120.52389897242101,120.96648102757898,0.22129102757898522,0.0,1.0,0.896355,0.057465213975,0.8948692060506034,0.8978407939493966,0.00148579394939663,0.82548,0.8231131012609251,0.8278280051489992
T-traverse_ordered_qa-W-20-HS-greedy-D-5-C-5-H-3-RUNS-100000.csv,traverse_ordered_qa,20,greedy,5,5,3,100000,2.0,177.0,45.20462,306.1177106556,45.096177305582415,45.31306269441758,0.10844269441758314,0.0,5.0,3.5801,1.8599639900000002,3.571647049234744,3.588552950765256,0.008452950765255984,0.0,0.3975,0.166276075,0.0028052471950943754,0.16594779710515062,0.16660435289484937,0.00032827789484937697,0.0,75.0,28.997646,80.281799658684,28.94211127558646,29.05318072441354,0.05553472441354046,0.0,375.0,144.98823,2007.0449914671,144.71055637793228,145.2659036220677,0.2776736220677094,0.0,1.0,0.8329566666666666,0.0642176359,0.8313860028895537,0.8345273304437795,0.0015706637771129017,0.64145,0.6384685511771516,0.6444232426848636
T-traverse_ordered_qa-W-20-HS-greedy-D-5-C-5-H-4-RUNS-100000.csv,traverse_ordered_qa,20,greedy,5,5,4,100000,2.0,210.0,55.93343,434.27591843510004,55.804266755682576,56.062593244317426,0.1291632443174251,0.0,5.0,4.13394,1.2523400764,4.127003870216397,4.140876129783603,0.006936129783603029,0.0,0.38,0.1754958,0.0029559604323600003,0.17515881902728858,0.17583278097271143,0.0003369809727114259,0.0,90.4,33.070032000000005,121.09077631897598,33.00182772401184,33.13823627598817,0.06820427598816536,0.0,452.0,165.35016,3027.2694079744,165.00913862005916,165.69118137994082,0.3410213799408268,0.0,1.0,0.77325,0.06801193750000001,0.7716336007328014,0.7748663992671986,0.0016163992671985872,0.46959,0.4664926813572897,0.47268908270727467
T-traverse_ordered_qa-W-20-HS-greedy-D-5-C-5-H-5-RUNS-100000.csv,traverse_ordered_qa,20,greedy,5,5,5,100000,2.0,138.0,60.68438,420.8140040156,60.55723445041896,60.811525549581035,0.1271455495810372,1.0,5.0,4.53428,0.43100488159999994,4.530210911216065,4.538349088783935,0.004069088783935193,0.0,0.33,0.14234317500000002,0.002453952343419375,0.1420361391173661,0.14265021088263394,0.00030703588263392145,0.0,109.8,35.496868,189.76985579057597,35.41148533911355,35.58225066088645,0.0853826608864523,0.0,549.0,177.48434,4744.246394764399,177.05742669556776,177.91125330443225,0.4269133044322473,0.0,1.0,0.7283839999999999,0.07146554854400002,0.7267270689474614,0.7300409310525384,0.0016569310525385017,0.38314,0.38012527938913643,0.3861614999706076
T-traverse_ordered_qa-W-20-HS-random-D-1-C-5-H-1-RUNS-100000.csv,traverse_ordered_qa,20,random,1,5,1,100000,1.0,130.0,29.05795,290.77221179749995,28.95226033499716,29.163639665002844,0.10568966500284205,0.0,1.0,0.70812,0.2066860656,0.7053021902306774,0.7109378097693225,0.0028178097693225546,0.0,0.32,0.068225125,0.0017314717562343749,0.06796721761548474,0.06848303238451525,0.00025790738451525463,0.0,130.0,27.64171,295.3355382759,27.53519422633991,27.74822577366009,0.1065157736600888,0.0,130.0,27.64171,295.3355382759,27.53519422633991,27.74822577366009,0.1065157736600888,0.0,1.0,0.29188,0.2066860656,0.2890621902306774,0.2946978097693225,0.0028178097693225546,0.29188,0.28906331014147596,0.2947087652902134
T-traverse_ordered_qa-W-20-HS-random-D-1-C-5-H-2-RUNS-100000.csv,traverse_ordered_qa,20,random,1,5,2,100000,2.0,237.0,35.36082,578.0102489276001,35.211807108870396,35.5098328911296,0.14901289112960114,0.0,1.0,0.89949,0.09040773990000002,0.8976263734987937,0.9013536265012063,0.0018636265012063058,0.0,0.3575,0.07751485000000001,0.0021897491544774998,0.0772248130997297,0.07780488690027032,0.00029003690027031015,0.0,237.0,33.56184,582.9085758144,33.41219703876063,33.71148296123936,0.1496429612393655,0.0,237.0,33.56184,582.9085758144,33.41219703876063,33.71148296123936,0.1496429612393655,0.0,1.0,0.25317,0.1127449511,0.25108884406123483,0.2552511559387652,0.002081155938765178,0.10051,0.09865301250255197,0.10239019431656371
T-traverse_ordered_qa-W-20-HS-random-D-1-C-5-H-3-RUNS-100000.csv,traverse_ordered_qa,20,random,1,5,3,100000,2.0,290.0,37.06771,629.7513453559,36.91217052692904,37.22324947307096,0.1555394730709594,0.0,1.0,0.93469,0.0610446039,0.9331586314932642,0.9362213685067359,0.001531368506735853,0.0,0.3525,0.081850875,0.002474512824234375,0.0815425555477175,0.08215919445228251,0.00030831945228250446,0.0,290.0,35.19833,635.7781552110999,35.04204803171642,35.35461196828358,0.15628196828357943,0.0,290.0,35.19833,635.7781552110999,35.04204803171642,35.35461196828358,0.15628196828357943,0.0,1.0,0.27552333333333334,0.09952133723333334,0.2735680298553137,0.277478636811353,0.001955303478019643,0.06531,0.0637862830496723,0.0668589879536454
T-traverse_ordered_qa-W-20-HS-random-D-1-C-5-H-4-RUNS-100000.csv,traverse_ordered_qa,20,random,1,5,4,100000,2.0,212.0,37.44411,550.5150363079,37.29868446704652,37.589535532953484,0.1454255329534817,0.0,1.0,0.92347,0.07067315910000001,0.9218222803393825,0.9251177196606175,0.001647719660617497,0.0,0.3875,0.08512615,0.0027171522111775,0.08480306778237638,0.08544923221762361,0.0003230822176236159,0.0,212.0,35.59717,560.8830579910999,35.450381432475865,35.74395856752413,0.14678856752413338,0.0,212.0,35.59717,560.8830579910999,35.450381432475865,35.74395856752413,0.14678856752413338,0.0,1.0,0.2968475,0.10385843674375,0.2948500451930149,0.2988449548069851,0.0019974548069850995,0.07653,0.07488960919215867,0.07819500205364066
T-traverse_ordered_qa-W-20-HS-random-D-1-C-5-H-5-RUNS-100000.csv,traverse_ordered_qa,20,random,1,5,5,100000,2.0,138.0,36.79756,495.6105580464,36.65957675754675,36.93554324245324,0.13798324245324523,0.0,1.0,0.90743,0.0840007951,0.9056336218258502,0.9092263781741498,0.001796378174149793,0.0,0.3225,0.08534475,0.0029001406474375,0.0850109659334061,0.0856785340665939,0.0003337840665939007,0.0,137.0,34.9827,508.36284070999994,34.84295284658099,35.12244715341901,0.1397471534190089,0.0,137.0,34.9827,508.36284070999994,34.84295284658099,35.12244715341901,0.1397471534190089,0.0,1.0,0.31047800000000003,0.10632701151600002,0.308456946197055,0.31249905380294507,0.0020210538029450387,0.09257,0.09078048928049408,0.094383181916569
T-traverse_ordered_qa-W-20-HS-random-D-10-C-5-H-1-RUNS-100000.csv,traverse_ordered_qa,20,random,10,5,1,100000,1.0,129.0,22.85742,150.8598709436,22.781292259969383,22.93354774003062,0.07612774003061773,0.0,10.0,3.46778,6.238721871600001,3.4522988262906398,3.48326117370936,0.015481173709360085,0.0025,0.3725,0.138216075,0.004504160549094375,0.13780010404950704,0.13863204595049294,0.00041597095049294985,0.3,52.9,18.696792000000002,52.824203308736,18.651744307558452,18.741839692441552,0.045047692441549714,3.0,529.0,186.96792,5282.4203308736005,186.5174430755845,187.41839692441548,0.4504769244154829,0.0,1.0,0.97712,0.0223565056,0.9761932597348072,0.9780467402651928,0.0009267402651927936,0.97712,0.9761743191804699,0.9780378654126882
T-traverse_ordered_qa-W-20-HS-random-D-10-C-5-H-2-RUNS-100000.csv,traverse_ordered_qa,20,random,10,5,2,100000,2.0,210.0,31.52462,231.4551138556,31.430324826985274,31.618915173014724,0.09429517301472501,0.0,10.0,4.91215,6.102512377500001,4.896838758525382,4.927461241474617,0.01531124147461771,0.005,0.425,0.1837607,0.003964818510510001,0.18337042770031714,0.18415097229968286,0.0003902722996828589,0.6,60.9,23.355747,44.394885371991,23.31444961610646,23.39704438389354,0.04129738389353932,6.0,609.0,233.55747,4439.4885371991,233.1444961610646,233.97044383893538,0.4129738389353861,0.0,1.0,0.96591,0.0180078719,0.9650782606135873,0.9667417393864128,0.0008317393864127887,0.93607,0.9345361176508127,0.9375785300303359
T-traverse_ordered_qa-W-20-HS-random-D-10-C-5-H-3-RUNS-100000.csv,traverse_ordered_qa,20,random,10,5,3,100000,4.0,240.0,42.64395,342.7890983975001,42.52919554037407,42.758704459625925,0.11475445962592801,0.0,10.0,6.41089,5.559759407900001,6.3962754963336454,6.425504503666355,0.01461450366635475,0.0075,0.4225,0.19770502499999998,0.003321060527249375,0.19734783896833746,0.1980622110316625,0.0003571860316625153,1.8,71.5,27.672495,57.759894774974995,27.625389754881486,27.719600245118517,0.04710524511851588,18.0,715.0,276.72495,5775.989477497499,276.25389754881485,277.1960024511851,0.4710524511851304,0.0,1.0,0.9449866666666665,0.020669088711111117,0.9440955865850095,0.9458777467483236,0.0008910800816570585,0.85748,0.8552979375189425,0.8596413063492294
T-traverse_ordered_qa-W-20-HS-random-D-10-C-5-H-4-RUNS-100000.csv,traverse_ordered_qa,20,random,10,5,4,100000,5.0,215.0,56.18552,361.4456623296,56.06768411173138,56.30335588826861,0.11783588826861546,0.0,10.0,7.84401,3.6353371199,7.832192423649577,7.855827576350423,0.011817576350423131,0.0075,0.415,0.19389555,0.0025700114401974996,0.1935813373976324,0.1942097626023676,0.0003142126023676084,1.7,77.9,32.358487000000004,83.54931437083098,32.301833399400664,32.415140600599344,0.05665360059933988,17.0,779.0,323.58487,8354.9314370831,323.0183339940066,324.15140600599346,0.5665360059934414,0.0,1.0,0.914775,0.025676699375000004,0.9137818252504267,0.9157681747495733,0.000993174749573278,0.74013,0.7373998685679739,0.7428461975360658
T-traverse_ordered_qa-W-20-HS-random-D-10-C-5-H-5-RUNS-100000.csv,traverse_ordered_qa,20,random,10,5,5,100000,5.0,151.0,67.81326,324.9821681724,67.70152587373362,67.92499412626638,0.11173412626638424,3.0,10.0,9.07337,0.8891268431000001,9.067525626910907,9.079214373089094,0.00584437308909358,0.0075,0.3725,0.15942995,0.0018938862929975,0.15916021765890648,0.1596996823410935,0.0002697323410935093,1.2,97.9,35.542608,138.041275958336,35.46978634348756,35.61542965651244,0.07282165651243844,12.0,979.0,355.42608,13804.1275958336,354.6978634348756,356.1542965651244,0.7282165651243986,0.0,1.0,0.87077,0.0349960071,0.869610514506881,0.8719294854931191,0.0011594854931190612,0.60912,0.6060875958578268,0.6121460738515313
T-traverse_ordered_qa-W-20-HS-random-D-5-C-5-H-1-RUNS-100000.csv,traverse_ordered_qa,20,random,5,5,1,100000,1.0,135.0,27.97972,269.56972872160003,27.87795659450191,28.08148340549809,0.10176340549809026,0.0,5.0,2.09103,2.8532635391000007,2.08056047412162,2.10149952587838,0.010469525878380015,0.0,0.3825,0.1456297,0.00468023047791,0.1452056767293657,0.1460537232706343,0.00042402327063428835,0.0,65.4,20.730918,70.074737677276,20.679033598465335,20.782802401534664,0.05188440153466445,0.0,327.0,103.65459,1751.8684419319002,103.39516799232668,103.91401200767332,0.25942200767332224,0.0,1.0,0.86255,0.11855749749999998,0.860415871413443,0.8646841285865571,0.002134128586557038,0.86255,0.8604003955033294,0.8646785530091227
T-traverse_ordered_qa-W-20-HS-random-D-5-C-5-H-2-RUNS-100000.csv,traverse_ordered_qa,20,random,5,5,2,100000,2.0,237.0,45.49767,626.5057145711,45.342531856621385,45.652808143378614,0.15513814337861476,0.0,5.0,3.44433,2.4844208511000003,3.434560582851784,3.454099417148216,0.009769417148215886,0.0,0.3875,0.1654687,0.00356154094531,0.1650988079117431,0.16583859208825688,0.0003698920882568846,0.0,102.0,28.247966,112.72302446284401,28.182160470538076,28.313771529461928,0.06580552946192597,0.0,510.0,141.23983,2818.0756115711006,140.91080235269038,141.56885764730964,0.32902764730962986,0.0,1.0,0.764405,0.09865749597500002,0.7624582009951267,0.7663517990048733,0.0019467990048732675,0.60154,0.5984976915887323,0.6045764178958817
T-traverse_ordered_qa-W-20-HS-random-D-5-C-5-H-3-RUNS-100000.csv,traverse_ordered_qa,20,random,5,5,3,100000,2.0,247.0,50.8501,499.13142998999996,50.71162750087293,50.988572499127066,0.13847249912706872,0.0,5.0,3.81156,1.8745103664,3.8030740592604224,3.8200459407395777,0.008485940739577646,0.0,0.4025,0.17495622499999997,0.003016233146249375,0.17461582580413382,0.1752966241958661,0.00034039919586614786,0.0,96.0,30.99594,103.9086731164,30.932759658227898,31.059120341772104,0.06318034177210308,0.0,480.0,154.9797,2597.71682791,154.6637982911395,155.29560170886052,0.3159017088605083,0.0,1.0,0.7782766666666666,0.0765220967888889,0.7765621192423467,0.7799912140909865,0.0017145474243198677,0.53485,0.5317525882029166,0.5379453901681107
T-traverse_ordered_qa-W-20-HS-random-D-5-C-5-H-4-RUNS-100000.csv,traverse_ordered_qa,20,random,5,5,4,100000,2.0,200.0,55.86238,420.9259607356,55.7352175381348,55.989542461865206,0.12716246186520408,0.0,5.0,4.12149,1.2788701799000002,4.1144807862901,4.128499213709899,0.007009213709899598,0.0,0.4075,0.175342125,0.002976497012984375,0.17500397546318114,0.17568027453681884,0.0003381495368188492,0.0,88.2,33.251917999999996,116.19019532127601,33.185108101455974,33.31872789854402,0.06680989854402242,0.0,441.0,166.25959,2904.7548830319,165.92554050727992,166.5936394927201,0.33404949272008366,0.0,1.0,0.7734425,0.06882607419374999,0.7718164549618086,0.7750685450381914,0.0016260450381914149,0.47242,0.4693215804241107,0.47552001947304484
T-traverse_ordered_qa-W-20-HS-random-D-5-C-5-H-5-RUNS-100000.csv,traverse_ordered_qa,20,random,5,5,5,100000,2.0,161.0,61.32448,412.5133127296,61.19859468941207,61.450365310587934,0.1258853105879325,1.0,5.0,4.53722,0.4296546715999999,4.533157289837536,4.541282710162463,0.00406271016246329,0.0,0.375,0.14391779999999998,0.0024181373431600003,0.14361301291993453,0.14422258708006544,0.0003047870800654551,0.0,116.6,36.043268,181.01449588017599,35.959878235198,36.126657764802,0.08338976480199989,0.0,583.0,180.21634,4525.3623970044,179.79939117599,180.63328882401,0.41694882401000655,0.0,1.0,0.7293139999999999,0.07099748940399998,0.7276625038441025,0.7309654961558973,0.0016514961558974361,0.38097,0.37795860701336476,0.38398829825028863
T-traverse_ordered_qa-W-20-HS-weighted-D-1-C-5-H-1-RUNS-100000.csv,traverse_ordered_qa,20,weighted,1,5,1,100000,1.0,133.0,28.43479,276.8562076559,28.331660430654885,28.537919569345114,0.10312956934511419,0.0,1.0,0.68739,0.21488498790000002,0.6845168446447909,0.690263155355209,0.002873155355209045,0.0,0.3125,0.066840425,0.0016488606483193752,0.0665887453809089,0.06709210461909108,0.0002516796190910886,0.0,133.0,27.06001,281.0533887999,26.956101641413515,27.163918358586482,0.10390835858648373,0.0,133.0,27.06001,281.0533887999,26.956101641413515,27.163918358586482,0.10390835858648373,0.0,1.0,0.31261,0.2148849879,0.30973684464479095,0.31548315535520904,0.002873155355209045,0.31261,0.3097373653894862,0.31549350676583976
T-traverse_ordered_qa-W-20-HS-weighted-D-1-C-5-H-2-RUNS-100000.csv,traverse_ordered_qa,20,weighted,1,5,2,100000,2.0,260.0,35.03371,559.6778936359,34.88707921891391,35.18034078108609,0.1466307810860883,0.0,1.0,0.88562,0.1012972156,0.8836473282496853,0.8875926717503146,0.0019726717503146807,0.0,0.3575,0.077069225,0.0021438388703993753,0.07678224466261561,0.0773562053373844,0.00028698033738439044,0.0,258.0,33.26247,564.6186594991,33.115193422013824,33.409746577986176,0.147276577986176,0.0,258.0,33.26247,564.6186594991,33.115193422013824,33.409746577986176,0.147276577986176,0.0,1.0,0.27086,0.1192548604,0.26871960407468,0.27300039592532,0.0021403959253200044,0.11438,0.11241356808116205,0.11636882863313208
T-traverse_ordered_qa-W-20-HS-weighted-D-1-C-5-H-3-RUNS-100000.csv,traverse_ordered_qa,20,weighted,1,5,3,100000,2.0,266.0,37.1674,611.7676772400001,37.01409746548458,37.32070253451542,0.15330253451541864,0.0,1.0,0.92625,0.06831093750000002,0.9246300515517462,0.9278699484482539,0.0016199484482538606,0.0,0.365,0.082241775,0.002417260507349375,0.08193704318405304,0.08254650681594697,0.0003047318159469653,0.0,266.0,35.3149,618.3111779899999,35.160779779997355,35.46902022000265,0.15412022000264614,0.0,266.0,35.3149,618.3111779899999,35.160779779997355,35.46902022000265,0.15412022000264614,0.0,1.0,0.28427,0.10344501154444444,0.2822765247522251,0.28626347524777496,0.001993475247774934,0.07375,0.07213746036234561,0.07538731414918885
T-traverse_ordered_qa-W-20-HS-weighted-D-1-C-5-H-4-RUNS-100000.csv,traverse_ordered_qa,20,weighted,1,5,4,100000,2.0,202.0,37.76703,536.8677549790999,37.62341833029563,37.91064166970437,0.14361166970437012,0.0,1.0,0.9213,0.07250630999999999,0.9196310475126716,0.9229689524873285,0.0016689524873284567,0.0,0.35,0.08594462500000001,0.0026676291211093746,0.08562450058619103,0.08626474941380899,0.00032012441380897816,0.0,200.0,35.92443,547.2632391751,35.77943460491398,36.06942539508602,0.14499539508602055,0.0,200.0,35.92443,547.2632391751,35.77943460491398,36.06942539508602,0.14499539508602055,0.0,1.0,0.3004775,0.10490639699375,0.2984699930518397,0.30248500694816033,0.0020075069481603203,0.0787,0.07703831395087987,0.08038616993319624
T-traverse_ordered_qa-W-20-HS-weighted-D-1-C-5-H-5-RUNS-100000.csv,traverse_ordered_qa,20,weighted,1,5,5,100000,2.0,145.0,37.53536,481.36852967040005,37.399373774830615,37.67134622516938,0.13598622516938264,0.0,1.0,0.9046,0.08629884000000002,0.9027792154884665,0.9064207845115334,0.0018207845115334464,0.0,0.335,0.08721332500000001,0.002811395754944375,0.08688468754120697,0.08754196245879305,0.00032863745879303796,0.0,145.0,35.72616,494.4148316544001,35.588343309527346,35.863976690472654,0.1378166904726541,0.0,145.0,35.72616,494.4148316544001,35.588343309527346,35.863976690472654,0.1378166904726541,0.0,1.0,0.31213,0.1074496631,0.31009830458541404,0.314161695414586,0.0020316954145859767,0.0954,0.09358600152250748,0.09723750409867206
T-traverse_ordered_qa-W-20-HS-weighted-D-10-C-5-H-1-RUNS-100000.csv,traverse_ordered_qa,20,weighted,10,5,1,100000,1.0,117.0,22.91222,152.19055467159998,22.835757248622194,22.98868275137781,0.07646275137780734,0.0,10.0,3.48192,6.2497131136,3.466425195097322,3.4974148049026783,0.015494804902678183,0.0025,0.3875,0.138457,0.0045428889010000004,0.13803924454519323,0.13887475545480676,0.00041775545480676746,0.3,60.7,18.71716,53.1700363344,18.671965087500666,18.762354912499333,0.045194912499333384,3.0,607.0,187.1716,5317.00363344,186.7196508750067,187.62354912499333,0.45194912499331963,0.0,1.0,0.97638,0.023062095600000002,0.975438748989605,0.977321251010395,0.0009412510103949945,0.97638,0.9754198330918781,0.9773123976681167
T-traverse_ordered_qa-W-20-HS-weighted-D-10-C-5-H-2-RUNS-100000.csv,traverse_ordered_qa,20,weighted,10,5,2,100000,2.0,229.0,31.37341,226.21279497190002,31.28018880749722,31.46663119250278,0.09322119250278149,0.0,10.0,4.95228,5.9996828016,4.937098306599517,4.967461693400483,0.01518169340048292,0.005,0.4175,0.1824965,0.0038850054877499996,0.18211017582159875,0.18288282417840127,0.00038632417840125943,1.0,58.1,23.179819000000002,42.886088427239,23.139229445025588,23.220408554974416,0.040589554974413744,10.0,581.0,231.79819,4288.6088427239,231.3922944502559,232.20408554974412,0.4058955497441161,0.0,1.0,0.96584,0.0181330944,0.9650053737636101,0.96667462623639,0.0008346262363899681,0.93612,0.9345866687022514,0.9376279760314494
T-traverse_ordered_qa-W-20-HS-weighted-D-10-C-5-H-3-RUNS-100000.csv,traverse_ordered_qa,20,weighted,10,5,3,100000,4.0,240.0,42.53495,335.7363984975,42.42138218112212,42.648517818877885,0.11356781887788259,0.0,10.0,6.41174,5.5291701724,6.397165755548128,6.426314244451872,0.01457424445187172,0.005,0.4275,0.19882405,0.0032994173915975,0.19846802974985178,0.19918007025014822,0.00035602025014822014,0.8,77.5,27.69132,57.1177780576,27.644477321149825,27.738162678850177,0.0468426788501759,8.0,775.0,276.9132,5711.77780576,276.4447732114983,277.38162678850176,0.4684267885017448,0.0,1.0,0.9453366666666666,0.020597475544444452,0.9444471316080458,0.9462262017252874,0.0008895350586207718,0.85848,0.8563042643464258,0.8606349212732425
T-traverse_ordered_qa-W-20-HS-weighted-D-10-C-5-H-4-RUNS-100000.csv,traverse_ordered_qa,20,weighted,10,5,4,100000,8.0,204.0,55.63119,363.95592918389997,55.51294563025865,55.749434369741344,0.11824436974134755,0.0,10.0,7.84104,3.6068317183999996,7.829268846815453,7.852811153184546,0.011771153184546357,0.015,0.4,0.19191662500000004,0.002587377111109375,0.19160135261126232,0.19223189738873775,0.000315272388737714,1.5,82.3,31.969935,87.99532039577501,31.9117935498261,32.0280764501739,0.058141450173899045,15.0,823.0,319.69935,8799.5320395775,319.117935498261,320.280764501739,0.5814145017390047,0.0,1.0,0.9151425,0.025906079693749997,0.9141448988985996,0.9161401011014003,0.0009976011014003472,0.74292,0.7401993272302307,0.7456265768590571
T-traverse_ordered_qa-W-20-HS-weighted-D-10-C-5-H-5-RUNS-100000.csv,traverse_ordered_qa,20,weighted,10,5,5,100000,4.0,146.0,67.3843,314.79003351,67.27433194133148,67.49426805866851,0.10996805866851389,4.0,10.0,9.05995,0.8907359975,9.054100340686848,9.065799659313154,0.005849659313152955,0.005,0.3625,0.15862107499999997,0.001854962753344375,0.15835412884600544,0.1588880211539945,0.0002669461539945295,0.2,103.8,35.67592,139.45642335360003,35.602726025114414,35.74911397488558,0.07319397488558366,2.0,1038.0,356.7592,13945.64233536,356.0272602511441,357.4911397488559,0.7319397488558934,0.0,1.0,0.8731660000000001,0.034787136444,0.8720099798299197,0.8743220201700805,0.0011560201700804296,0.61786,0.6148399675752527,0.6208731950448837
T-traverse_ordered_qa-W-20-HS-weighted-D-5-C-5-H-1-RUNS-100000.csv,traverse_ordered_qa,20,weighted,5,5,1,100000,1.0,136.0,28.0067,270.87311511,27.90469087496667,28.10870912503333,0.10200912503333015,0.0,5.0,2.08584,2.8398314943999994,2.0753951464017506,2.0962848535982497,0.010444853598249537,0.0,0.3825,0.1460021,0.00471521879559,0.14557649473070533,0.14642770526929466,0.00042560526929466547,0.0,65.4,20.765414,70.654069008604,20.713315567057784,20.817512432942216,0.05209843294221628,0.0,327.0,103.82707,1766.3517252151,103.56657783528892,104.08756216471109,0.2604921647110814,0.0,1.0,0.86369,0.11772958390000002,0.8615633360173496,0.8658166639826503,0.0021266639826503786,0.86369,0.8615478265170995,0.8658110555718698
T-traverse_ordered_qa-W-20-HS-weighted-D-5-C-5-H-2-RUNS-100000.csv,traverse_ordered_qa,20,weighted,5,5,2,100000,2.0,269.0,44.26834,591.3789536444,44.11761371203668,44.419066287963325,0.1507262879633231,0.0,5.0,3.37898,2.4933741595999996,3.369192995263351,3.388767004736649,0.009787004736649063,0.0,0.4,0.16389099999999998,0.003472758244,0.16352574737413467,0.1642562526258653,0.0003652526258653144,0.0,117.0,27.83747,106.5771099991,27.77348354629513,27.90145645370487,0.06398645370487088,0.0,585.0,139.18735,2664.4277499775,138.86741773147565,139.50728226852436,0.3199322685243544,0.0,1.0,0.77791,0.0949410319,0.7760002213003936,0.7798197786996064,0.0019097786996064015,0.62226,0.6192465854957708,0.6252663218332419
T-traverse_ordered_qa-W-20-HS-weighted-D-5-C-5-H-3-RUNS-100000.csv,traverse_ordered_qa,20,weighted,5,5,3,100000,2.0,254.0,50.67354,499.4135438684,50.53502837340769,50.812051626592314,0.13851162659231164,0.0,5.0,3.78631,1.8822265838999999,3.7778066114726476,3.794813388527352,0.008503388527352218,0.0,0.3875,0.175654225,0.003097997677149375,0.17530924285732394,0.17599920714267606,0.0003449821426760591,0.0,105.2,31.0875,105.94409655000001,31.023703852678512,31.151296147321485,0.06379614732148653,0.0,526.0,155.4375,2648.60241375,155.11851926339256,155.75648073660744,0.3189807366074433,0.0,1.0,0.7844666666666668,0.07534982666666666,0.7827653028192706,0.7861680305140629,0.0017013638473961645,0.54641,0.5433180946110574,0.549499213159956
T-traverse_ordered_qa-W-20-HS-weighted-D-5-C-5-H-4-RUNS-100000.csv,traverse_ordered_qa,20,weighted,5,5,4,100000,2.0,201.0,55.91581,437.62536204390005,55.786149613187845,56.045470386812156,0.12966038681215508,0.0,5.0,4.12069,1.2780439238999999,4.113683050922082,4.127696949077918,0.007006949077918101,0.0,0.3825,0.17452335,0.0030001643047774997,0.17418385874542583,0.17486284125457416,0.0003394912545741646,0.0,87.6,33.147396,121.91482881918401,33.07896004407099,33.21583195592901,0.06843595592901153,0.0,438.0,165.73698,3047.8707204796005,165.39480022035494,166.07915977964504,0.34217977964505053,0.0,1.0,0.77463,0.06809211309999999,0.7730126482705207,0.7762473517294793,0.0016173517294792994,0.47308,0.4699813380144454,0.4761802235964226
T-traverse_ordered_qa-W-20-HS-weighted-D-5-C-5-H-5-RUNS-100000.csv,traverse_ordered_qa,20,weighted,5,5,5,100000,2.0,147.0,60.55087,415.52175224309997,60.42452648558723,60.67721351441278,0.12634351441277403,0.0,5.0,4.53255,0.42808049749999993,4.528494739170909,4.5366052608290905,0.004055260829090912,0.0,0.33,0.14219057499999999,0.0024404613186693753,0.14188438427182878,0.1424967657281712,0.00030619072817120174,0.0,112.8,35.35163,186.09383834309997,35.26707835368966,35.43618164631034,0.08455164631033796,0.0,564.0,176.75815,4652.3459585775,176.33539176844832,177.18090823155168,0.4227582315516827,0.0,1.0,0.7295279999999998,0.071300897216,0.7278729787712992,0.7311830212287005,0.0016550212287006483,0.38605,0.38303091663936895,0.38907569388286223
T-traverse_p_qa-W-20-HS-greedy-D-1-C-5-H-1-RUNS-100000.csv,traverse_p_qa,20,greedy,1,5,1,100000,1.0,139.0,29.67594,306.49780511640006,29.56743000192908,29.784449998070922,0.10850999807092165,0.0,1.0,0.69256,0.21292064639999997,0.6897000070713195,0.6954199929286804,0.0028599929286804437,0.0,0.3275,0.0697516,0.0018094754224399997,0.0694879471831585,0.0700152528168415,0.0002636528168415003,0.0,137.0,28.29082,309.91232372760004,28.181707251760763,28.399932748239237,0.10911274823923733,0.0,137.0,28.29082,309.91232372760004,28.181707251760763,28.399932748239237,0.10911274823923733,0.0,1.0,0.30744,0.2129206464,0.3045800070713195,0.3102999929286805,0.0028599929286804993,0.30744,0.3045806772673105,0.3103104949634451
T-traverse_p_qa-W-20-HS-greedy-D-1-C-5-H-2-RUNS-100000.csv,traverse_p_qa,20,greedy,1,5,2,100000,2.0,145.0,34.19232,371.0742330176,34.072924909080804,34.3117150909192,0.11939509091919831,0.0,1.0,0.82613,0.1436392231,0.8237809481924382,0.8284790518075619,0.0023490518075618416,0.0,0.345,0.07987287500000001,0.0022081156517343753,0.07958162429892442,0.0801641257010756,0.00029125070107559325,0.0,143.0,32.54006,381.70263519639997,32.418967108244516,32.66115289175548,0.12109289175548099,0.0,143.0,32.54006,381.70263519639997,32.418967108244516,32.66115289175548,0.12109289175548099,0.0,1.0,0.309875,0.14584998437500002,0.30750794000926257,0.31224205999073745,0.0023670599907374412,0.17387,0.17152547434388313,0.1762334570564225
T-traverse_p_qa-W-20-HS-greedy-D-1-C-5-H-3-RUNS-100000.csv,traverse_p_qa,20,greedy,1,5,3,100000,2.0,133.0,35.76803,418.38339991909993,35.64125217586939,35.894807824130616,0.12677782413061323,0.0,1.0,0.87151,0.1119803199,0.869435913220408,0.873584086779592,0.002074086779591977,0.0,0.31,0.0833407,0.00248054334851,0.08303200508057897,0.08364939491942104,0.00030869491942103755,0.0,131.0,34.02501,430.85086449989996,33.896357107259,34.153662892741,0.12865289274100178,0.0,131.0,34.02501,430.85086449989996,33.896357107259,34.153662892741,0.12865289274100178,0.0,1.0,0.3099733333333333,0.12482319928888888,0.3077835369903183,0.31216312967634835,0.002189796343015027,0.12849,0.1264217468295286,0.13057982685172093
T-traverse_p_qa-W-20-HS-greedy-D-1-C-5-H-4-RUNS-100000.csv,traverse_p_qa,20,greedy,1,5,4,100000,2.0,145.0,37.14104,460.7968477184,37.007991243140154,37.27408875685984,0.13304875685984285,0.0,1.0,0.89338,0.09525217560000002,0.8914670944670868,0.8952929055329131,0.0019129055329131228,0.0,0.3475,0.0864154,0.00271053739284,0.08609271128857157,0.08673808871142843,0.0003226887114284316,0.0,143.0,35.35428,473.73474568160003,35.219376352939946,35.48918364706006,0.13490364706005664,0.0,143.0,35.35428,473.73474568160003,35.219376352939946,35.48918364706006,0.13490364706005664,0.0,1.0,0.3094125,0.11344702984375,0.30732487429157485,0.3115001257084251,0.0020876257084251337,0.10662,0.10471355764459787,0.1085492921551405
T-traverse_p_qa-W-20-HS-greedy-D-1-C-5-H-5-RUNS-100000.csv,traverse_p_qa,20,greedy,1,5,5,100000,2.0,152.0,37.50721,482.6720480159,37.371039777863956,37.643380222136045,0.13617022213604457,0.0,1.0,0.90783,0.08367469109999998,0.9060371121247279,0.9096228878752721,0.0017928878752720978,0.0,0.3475,0.08696572499999998,0.002798766612724375,0.0866378265123633,0.08729362348763665,0.0003278984876366742,0.0,152.0,35.69155,495.5347085975,35.553577316596794,35.829522683403205,0.13797268340320556,0.0,152.0,35.69155,495.5347085975,35.553577316596794,35.829522683403205,0.13797268340320556,0.0,1.0,0.30982200000000004,0.10615392831600003,0.30780259184160624,0.31184140815839384,0.0020194081583937984,0.09217,0.09038399108675006,0.0939797035186597
T-traverse_p_qa-W-20-HS-greedy-D-10-C-5-H-1-RUNS-100000.csv,traverse_p_qa,20,greedy,10,5,1,100000,1.0,124.0,24.26301,188.52683573989998,24.177907432930706,24.348112567069297,0.08510256706929553,0.0,10.0,3.80627,6.4714786871,3.79050268173583,3.82203731826417,0.015767318264169994,0.0025,0.4325,0.14095295,0.005264319636297499,0.1405032455379941,0.1414026544620059,0.000449704462005901,0.2,55.7,19.453809,60.513272891518994,19.40559408642131,19.50202391357869,0.04821491357868979,2.0,557.0,194.53809,6051.3272891519,194.0559408642131,195.0202391357869,0.4821491357868979,0.0,1.0,0.96891,0.03012341189999999,0.9678342579344702,0.9699857420655299,0.00107574206552985,0.96891,0.9678155849037908,0.9699771050903244
T-traverse_p_qa-W-20-HS-greedy-D-10-C-5-H-2-RUNS-100000.csv,traverse_p_qa,20,greedy,10,5,2,100000,2.0,134.0,32.69358,204.6854467836,32.60490533550309,32.782254664496904,0.08867466449690653,0.0,10.0,5.29372,5.7671485616,5.278835418072972,5.308604581927029,0.014884581927028684,0.005,0.405,0.17482579999999998,0.0036208860293600004,0.17445283893272365,0.1751987610672763,0.0003729610672763284,1.0,62.9,23.998244000000003,49.100421116464005,23.954813114934073,24.041674885065934,0.043430885065930624,10.0,629.0,239.98244,4910.0421116464,239.5481311493407,240.4167488506593,0.43430885065930624,0.0,1.0,0.965845,0.018325935975000002,0.9650059474650442,0.9666840525349557,0.0008390525349557532,0.93652,0.9349910866734973,0.9380235344820804
T-traverse_p_qa-W-20-HS-greedy-D-10-C-5-H-3-RUNS-100000.csv,traverse_p_qa,20,greedy,10,5,3,100000,5.0,135.0,42.88436,238.60960739040001,42.78861854253507,42.98010145746493,0.09574145746493201,0.0,10.0,6.64661,4.8254255078999995,6.6329948045804885,6.660225195419511,0.013615195419511394,0.0125,0.405,0.18938034999999998,0.0029799762838775,0.189042002886932,0.18971869711306796,0.00033834711306798826,0.7,73.0,28.117901,59.84583385419899,28.069952720016847,28.165849279983153,0.047948279983152986,7.0,730.0,281.17901,5984.5833854199,280.69952720016846,281.65849279983155,0.47948279983154407,0.0,1.0,0.9515533333333333,0.019075142711111114,0.9506973013932808,0.9524093652733857,0.0008560319400524596,0.87689,0.874837643888319,0.87892046872649
T-traverse_p_qa-W-20-HS-greedy-D-10-C-5-H-4-RUNS-100000.csv,traverse_p_qa,20,greedy,10,5,4,100000,7.0,135.0,55.72081,264.0781429439,55.62008847330718,55.82153152669282,0.10072152669282275,0.0,10.0,7.95981,3.0932147639,7.948909131302049,7.970710868697951,0.01090086869795126,0.01,0.3975,0.188481325,0.002483314813744375,0.18817245767915688,0.18879019232084313,0.0003088673208431203,1.4,78.0,32.366333,85.55949543311101,32.309001912651524,32.42366408734847,0.05733108734847292,14.0,780.0,323.66333,8555.9495433111,323.09001912651524,324.2366408734847,0.5733108734847292,0.0,1.0,0.9197625,0.026133818593750004,0.9187605235655978,0.9207644764344023,0.001001976434402252,0.76678,0.764146288148798,0.7693982301543801
T-traverse_p_qa-W-20-HS-greedy-D-10-C-5-H-5-RUNS-100000.csv,traverse_p_qa,20,greedy,10,5,5,100000,7.0,152.0,67.46456,306.82408400639997,67.35599226072544,67.57312773927457,0.10856773927456231,3.0,10.0,9.06108,0.8870292336000002,9.055242524943267,9.066917475056734,0.005837475056733155,0.0125,0.365,0.15860459999999998,0.0018135107338400002,0.1583406533607882,0.15886854663921177,0.00026394663921178174,1.8,102.0,35.781534,133.579919606844,35.70989876989905,35.85316923010095,0.07163523010095219,18.0,1020.0,357.81534,13357.9919606844,357.09898769899047,358.5316923010095,0.7163523010095219,0.0,1.0,0.87345,0.0346390975,0.8722964422123014,0.8746035577876985,0.0011535577876985448,0.61779,0.6147698644076762,0.6208033022740167
T-traverse_p_qa-W-20-HS-greedy-D-2-C-5-H-1-RUNS-100000.csv,traverse_p_qa,20,greedy,2,5,1,100000,1.0,139.0,33.45056,334.1341356864,33.33726349980459,33.56385650019541,0.11329650019541049,0.0,2.0,1.23321,0.6756230959,1.2281154208366054,1.2383045791633944,0.005094579163394508,0.0,0.3775,0.10092592499999999,0.002764664350394375,0.10060003031504064,0.10125181968495933,0.00032589468495934637,0.0,110.0,26.224195,167.095899101975,26.144075364080326,26.304314635919678,0.08011963591967586,0.0,220.0,52.44839,668.3835964079,52.28815072816065,52.608629271839355,0.16023927183935172,0.0,1.0,0.51839,0.24966180790000003,0.5152930647387641,0.5214869352612359,0.003096935261235889,0.51839,0.5152876258515988,0.5214913073588145
T-traverse_p_qa-W-20-HS-greedy-D-2-C-5-H-2-RUNS-100000.csv,traverse_p_qa,20,greedy,2,5,2,100000,2.0,147.0,40.67551,352.1034762399,40.559206916879944,40.79181308312006,0.11630308312005866,0.0,2.0,1.53074,0.48513505240000004,1.5264229468183728,1.5350570531816272,0.004317053181627228,0.0,0.345,0.117863475,0.0028367556984243755,0.11753335864640528,0.11819359135359471,0.00033011635359471436,0.0,129.0,30.72433,181.6114310511,30.640802850310457,30.80785714968954,0.08352714968954089,0.0,258.0,61.44866,726.4457242044,61.281605700620915,61.61571429937908,0.16705429937908178,0.0,1.0,0.51917,0.16565751110000002,0.516647323059443,0.521692676940557,0.002522676940556967,0.35122,0.34826074857140815,0.3541878829015519
T-traverse_p_qa-W-20-HS-greedy-D-2-C-5-H-3-RUNS-100000.csv,traverse_p_qa,20,greedy,2,5,3,100000,2.0,148.0,44.40866,389.76103700439995,44.28629554438661,44.531024455613384,0.12236445561338627,0.0,2.0,1.65912,0.3621008256,1.6553903263793932,1.6628496736206066,0.0037296736206067216,0.0,0.375,0.12260134999999998,0.0030939674781775,0.12225659232475306,0.12294610767524691,0.0003447576752469289,0.0,125.5,33.1861,209.94330178999996,33.09629364230989,33.27590635769012,0.08980635769011514,0.0,251.0,66.3722,839.7732071599999,66.19258728461978,66.55181271538024,0.17961271538023027,0.0,1.0,0.51441,0.13851457412222223,0.5121032325909448,0.5167167674090553,0.0023067674090552215,0.27217,0.2694130738681147,0.2749401458317643
T-traverse_p_qa-W-20-HS-greedy-D-2-C-5-H-4-RUNS-100000.csv,traverse_p_qa,20,greedy,2,5,4,100000,2.0,146.0,46.04196,442.2797193584,45.91161193634399,46.17230806365602,0.13034806365601526,0.0,2.0,1.73979,0.2689007559,1.736575954039119,1.7430040459608809,0.003214045960880929,0.0,0.37,0.11950622500000001,0.0032508061237493746,0.11915283715633535,0.11985961284366467,0.0003533878436646626,0.0,125.0,34.222565,246.053262320775,34.125341637965384,34.31978836203462,0.09722336203461879,0.0,250.0,68.44513,984.2130492831,68.25068327593077,68.63957672406924,0.19444672406923758,0.0,1.0,0.5044975,0.12268789749375,0.5023265144472798,0.5066684855527203,0.002170985552720217,0.22201,0.21943723558246106,0.22459889736213703
T-traverse_p_qa-W-20-HS-greedy-D-2-C-5-H-5-RUNS-100000.csv,traverse_p_qa,20,greedy,2,5,5,100000,2.0,145.0,47.23767,515.8600429711,47.0968961408827,47.378443859117304,0.1407738591173029,0.0,2.0,1.81441,0.1694063519,1.8118589385709885,1.8169610614290117,0.002551061429011625,0.0,0.3325,0.11024360000000001,0.00299135003404,0.10990460781291057,0.11058259218708945,0.00033899218708943746,0.0,136.5,35.222425,297.563969619375,35.11550812828698,35.32934187171302,0.10691687171301822,0.0,273.0,70.44485,1190.2558784775,70.23101625657397,70.65868374342604,0.21383374342603645,0.0,1.0,0.48591199999999996,0.109827128256,0.4838579505947805,0.4879660494052194,0.0020540494052194713,0.17646,0.17410168088895034,0.17883709985887108
T-traverse_p_qa-W-20-HS-greedy-D-3-C-5-H-1-RUNS-100000.csv,traverse_p_qa,20,greedy,3,5,1,100000,1.0,132.0,33.29547,345.5155274791,33.18026008504631,33.4106799149537,0.11520991495369515,0.0,3.0,1.67442,1.3108776636000001,1.6673236152637518,1.6815163847362482,0.007096384736248185,0.0,0.3975,0.117680975,0.0034804196855493753,0.11731531969422683,0.11804663030577316,0.0003656553057731632,0.0,91.33333333333333,24.49927,123.48914168932222,24.430393597167555,24.568146402832443,0.06887640283244423,0.0,274.0,73.49781,1111.4022752039,73.29118079150267,73.70443920849733,0.20662920849733268,0.0,1.0,0.66322,0.2233592316,0.6602907393012664,0.6661492606987337,0.002929260698733671,0.66322,0.660281091746944,0.6661494388309432
T-traverse_p_qa-W-20-HS-greedy-D-3-C-5-H-2-RUNS-100000.csv,traverse_p_qa,20,greedy,3,5,2,100000,2.0,143.0,42.34761,331.4237172879,42.23477395290807,42.460446047091935,0.11283604709193185,0.0,3.0,2.13741,1.0066084919,2.131191489581513,2.143628510418487,0.006218510418487089,0.0,0.3775,0.14069265,0.0029918884859775,0.1403536273044805,0.1410316726955195,0.0003390226955194975,0.0,102.66666666666667,29.39747,119.60616982132223,29.329685115107747,29.46525488489225,0.06778488489225154,0.0,308.0,88.19241,1076.4555283919,87.98905534532324,88.39576465467675,0.20335465467675817,0.0,1.0,0.66403,0.14293415909999999,0.6616867205339555,0.6663732794660445,0.002343279466044512,0.50371,0.5006060401930854,0.5068137445930126
T-traverse_p_qa-W-20-HS-greedy-D-3-C-5-H-3-RUNS-100000.csv,traverse_p_qa,20,greedy,3,5,3,100000,2.0,135.0,47.29101,340.3310831799001,47.176667711709804,47.405352288290196,0.11434228829019588,0.0,3.0,2.38946,0.7316809083999999,2.384158278225228,2.3947617217747723,0.005301721774772172,0.0,0.3875,0.145196525,0.003048446065424375,0.14485431292533088,0.1455387370746691,0.00034221207466911263,0.0,98.0,31.89768,136.0528706176,31.825384722992123,31.96997527700788,0.07229527700787841,0.0,294.0,95.69304,1224.4758355584001,95.47615416897636,95.90992583102363,0.21688583102363168,0.0,1.0,0.64923,0.12025485154444444,0.6470806488474585,0.6513793511525414,0.0021493511525414455,0.40199,0.398949024268568,0.4050366614474189
T-traverse_p_qa-W-20-HS-greedy-D-3-C-5-H-4-RUNS-100000.csv,traverse_p_qa,20,greedy,3,5,4,100000,2.0,141.0,51.41156,384.3479783664,51.290048223052565,51.53307177694744,0.12151177694743609,0.0,3.0,2.56331,0.4997918438999999,2.5589282191434006,2.5676917808565993,0.004381780856599349,0.0,0.375,0.14217244999999998,0.0031592934609975,0.14182407173202438,0.14252082826797557,0.00034837826797559646,0.0,106.0,34.44555666666667,174.26253370123334,34.36373692886052,34.52737640447282,0.08181973780614982,0.0,318.0,103.33667,1568.3628033111,103.09121078658156,103.58212921341844,0.24545921341844235,0.0,1.0,0.6264,0.10729554,0.6243697622147542,0.6284302377852458,0.002030237785245803,0.3244,0.3214985546723379,0.3273116332104455
T-traverse_p_qa-W-20-HS-greedy-D-3-C-5-H-5-RUNS-100000.csv,traverse_p_qa,20,greedy,3,5,5,100000,2.0,151.0,53.64029,480.89379871590006,53.50437084692925,53.77620915307075,0.13591915307075197,0.0,3.0,2.71796,0.2577334384,2.714813400602305,2.7211065993976953,0.0031465993976951268,0.0,0.3525,0.125719525,0.002812112721274375,0.12539084563907132,0.12604820436092867,0.0003286793609286742,0.0,116.66666666666667,35.46282,230.90278209204442,35.36863740459699,35.55700259540301,0.09418259540301221,0.0,350.0,106.38846,2078.1250388284,106.10591221379094,106.67100778620905,0.28254778620905086,0.0,1.0,0.597806,0.09747798636399999,0.5958708735637794,0.5997411264362205,0.0019351264362205134,0.25541,0.25270925079071566,0.25812494209936004
T-traverse_p_qa-W-20-HS-greedy-D-4-C-5-H-1-RUNS-100000.csv,traverse_p_qa,20,greedy,4,5,1,100000,1.0,133.0,32.04069,338.67653432390006,31.926625992782178,32.15475400721782,0.11406400721782006,0.0,4.0,2.04458,2.0279726235999997,2.0357535286604316,2.053406471339568,0.008826471339568265,0.0,0.4,0.127636575,0.004033968909769375,0.12724291404227406,0.12803023595772595,0.00039366095772594423,0.0,82.5,23.25702,102.41204821959998,23.194296310341276,23.319743689658726,0.06272368965872488,0.0,330.0,93.02808,1638.5927715135997,92.7771852413651,93.2789747586349,0.2508947586348995,0.0,1.0,0.76639,0.17903636789999997,0.7637674323442004,0.7690125676557996,0.0026225676557996014,0.76639,0.7637547761535779,0.7690097648046111
T-traverse_p_qa-W-20-HS-greedy-D-4-C-5-H-2-RUNS-100000.csv,traverse_p_qa,20,greedy,4,5,2,100000,2.0,141.0,41.92489,329.84370848789996,41.81232323800841,42.037456761991585,0.11256676199158733,0.0,4.0,2.681,1.6412990000000003,2.67305946208472,2.68894053791528,0.007940537915279933,0.0,0.38,0.15418535,0.0031621509703775,0.15383681421750697,0.15453388578249302,0.00034853578249302575,0.0,88.75,28.2704625,95.87112441109375,28.20977489735023,28.331150102649772,0.06068760264977158,0.0,355.0,113.08185,1533.9379905775,112.83909958940092,113.32460041059909,0.2427504105990863,0.0,1.0,0.76144,0.11312412639999998,0.7593553474054936,0.7635246525945064,0.0020846525945064087,0.62439,0.621379883617415,0.6273929001262987
T-traverse_p_qa-W-20-HS-greedy-D-4-C-5-H-3-RUNS-100000.csv,traverse_p_qa,20,greedy,4,5,3,100000,2.0,141.0,48.30239,312.44439028790003,48.192832418348615,48.41194758165139,0.10955758165138718,0.0,4.0,3.06785,1.1958663775,3.061072065007833,3.074627934992167,0.006777934992166834,0.0,0.3975,0.160938125,0.0029936527339843753,0.1605990023622585,0.16127724763774148,0.00033912263774149576,0.0,87.75,31.2724225,106.67493660649376,31.208406686604597,31.336438313395405,0.06401581339540385,0.0,351.0,125.08969,1706.7989857039001,124.83362674641839,125.34575325358162,0.2560632535816154,0.0,1.0,0.74378,0.0961579782666667,0.7418580205794306,0.7457019794205694,0.0019219794205693752,0.51785,0.5147475201460049,0.5209514443894638
T-traverse_p_qa-W-20-HS-greedy-D-4-C-5-H-4-RUNS-100000.csv,traverse_p_qa,20,greedy,4,5,4,100000,2.0,138.0,53.1767,336.57741710999994,53.06299002657771,53.290409973422285,0.11370997342228861,0.0,4.0,3.36358,0.7672095836000001,3.3581510845131297,3.36900891548687,0.005428915486870078,0.0,0.3625,0.15357849999999998,0.00296122546275,0.15324121905275123,0.15391578094724873,0.000337280947248747,0.0,98.0,33.2302675,138.87969625344374,33.15722503008507,33.30330996991492,0.07304246991492391,0.0,392.0,132.92107,2222.0751400551,132.6289001203403,133.21323987965968,0.29216987965969565,0.0,1.0,0.7147325,0.08931557844374999,0.7128801643766598,0.7165848356233402,0.0018523356233401955,0.42268,0.41961558217264316,0.4257489032103963
T-traverse_p_qa-W-20-HS-greedy-D-4-C-5-H-5-RUNS-100000.csv,traverse_p_qa,20,greedy,4,5,5,100000,2.0,151.0,58.83343,450.47126443509995,58.70188037402357,58.96497962597643,0.13154962597643305,0.0,4.0,3.63071,0.3405548959,3.6270929906164215,3.6343270093835787,0.003617009383578562,0.0,0.365,0.138158475,0.0026185613481743745,0.13784130839906059,0.13847564160093942,0.00031716660093941695,0.0,124.5,36.47189,203.1350698279,36.38355180416995,36.56022819583006,0.08833819583005464,0.0,498.0,145.88756,3250.1611172464,145.5342072166798,146.24091278332023,0.3533527833202186,0.0,1.0,0.671456,0.083303640064,0.6696670917752164,0.6732449082247837,0.0017889082247836141,0.31902,0.3161314374483423,0.32191906267423587
T-traverse_p_qa-W-20-HS-greedy-D-5-C-5-H-1-RUNS-100000.csv,traverse_p_qa,20,greedy,5,5,1,100000,1.0,147.0,30.51993,325.30652279509997,30.40814012845657,30.631719871543428,0.11178987154342934,0.0,5.0,2.38617,2.7949827311,2.375807951138991,2.3965320488610087,0.010362048861008777,0.0,0.4075,0.133668725,0.004495631144374375,0.133253148092506,0.13408430190749399,0.00041557690749399745,0.0,80.4,22.268546,90.513077845884,22.209578632765847,22.327513367234154,0.0589673672341533,0.0,402.0,111.34273,2262.8269461471,111.04789316382924,111.63756683617076,0.2948368361707594,0.0,1.0,0.83242,0.1394969436,0.8301050670451744,0.8347349329548257,0.0023149329548256548,0.83242,0.8300904771811257,0.8347302254932174
T-traverse_p_qa-W-20-HS-greedy-D-5-C-5-H-2-RUNS-100000.csv,traverse_p_qa,20,greedy,5,5,2,100000,2.0,139.0,40.31948,314.89251252959997,40.2094940428903,40.4294659571097,0.10998595710969994,0.0,5.0,3.15931,2.3372903239,3.149834276012729,3.168785723987271,0.009475723987271145,0.0,0.3925,0.16293,0.0032736316,0.1625753736733608,0.16328462632663918,0.0003546263266391847,0.0,90.4,27.162058,79.929761604636,27.1066451700614,27.217470829938595,0.05541282993859653,0.0,452.0,135.81029,1998.2440401159001,135.53322585030702,136.087354149693,0.27706414969298976,0.0,1.0,0.83216,0.08530973440000002,0.8303496799297609,0.8339703200702391,0.0018103200702390687,0.72344,0.7206562224900387,0.7262108126905584
T-traverse_p_qa-W-20-HS-greedy-D-5-C-5-H-3-RUNS-100000.csv,traverse_p_qa,20,greedy,5,5,3,100000,2.0,136.0,47.81664,297.7723191104,47.70968570410243,47.92359429589757,0.1069542958975731,0.0,5.0,3.70665,1.7259957774999999,3.698507159353859,3.7147928406461403,0.00814284064614057,0.0,0.3875,0.17091770000000003,0.00293237882671,0.17058206587627764,0.17125333412372243,0.00033563412372239476,0.0,83.4,30.383152000000003,89.86062334489598,30.32439754734816,30.441906452651846,0.058754452651843536,0.0,417.0,151.91576,2246.5155836224,151.6219877367408,152.2095322632592,0.2937722632591999,0.0,1.0,0.8109733333333333,0.07471780817777778,0.8092791198524055,0.8126675468142611,0.0016942134809277976,0.61624,0.613217596924503,0.6192556596881263
T-traverse_p_qa-W-20-HS-greedy-D-5-C-5-H-4-RUNS-100000.csv,traverse_p_qa,20,greedy,5,5,4,100000,2.0,136.0,54.91915,314.45119327749995,54.8092411421179,55.029058857882106,0.10990885788210392,0.0,5.0,4.15676,1.0647863024,4.150364311562233,4.163155688437768,0.00639568843776761,0.0,0.3875,0.164720525,0.0028460005812243755,0.16438987116541115,0.16505117883458886,0.00033065383458885655,0.0,93.0,33.172946,121.84152048108399,33.10453062270219,33.241361377297814,0.06841537729781066,0.0,465.0,165.86473,3046.0380120271,165.52265311351098,166.20680688648903,0.3420768864890249,0.0,1.0,0.77725,0.0718286875,0.7755888645873982,0.7789111354126018,0.0016611354126018218,0.50391,0.5008060438378842,0.5070137293463711
T-traverse_p_qa-W-20-HS-greedy-D-5-C-5-H-5-RUNS-100000.csv,traverse_p_qa,20,greedy,5,5,5,100000,2.0,146.0,60.97658,420.41983150360005,60.84949401238908,61.10366598761092,0.1270859876109185,0.0,5.0,4.53521,0.43098025590000005,4.531141027462534,4.539278972537466,0.004068972537465854,0.0,0.34,0.14299615,0.0024604818351775,0.14268870590722835,0.14330359409277163,0.00030744409277164153,0.0,111.2,35.576798,179.807885267196,35.49368663061876,35.65990936938123,0.08311136938123553,0.0,556.0,177.88399,4495.1971316799,177.46843315309383,178.2995468469062,0.4155568469061848,0.0,1.0,0.7282139999999999,0.07136797020400001,0.7265582005123333,0.7298697994876665,0.0016557994876665871,0.38263,0.3796160557415256,0.3856507532082629
T-traverse_p_qa-W-20-HS-greedy-D-6-C-5-H-1-RUNS-100000.csv,traverse_p_qa,20,greedy,6,5,1,100000,1.0,138.0,28.96065,299.06284157749997,28.85346418880262,29.067835811197384,0.10718581119738246,0.0,6.0,2.69853,3.5707658391000003,2.686817846462974,2.710242153537026,0.011712153537025927,0.0,0.4125,0.137007375,0.004786901508109375,0.1365785468195646,0.13743620318043537,0.00042882818043538107,0.0,64.16666666666667,21.45832333333333,80.68957527767779,21.402647748703554,21.513998917963104,0.05567558462977473,0.0,385.0,128.74994,2904.8247099964,128.41588649222135,129.08399350777867,0.3340535077786626,0.0,1.0,0.87913,0.10626044309999998,0.8771095789591945,0.8811504210408054,0.0020204210408054646,0.87913,0.8770936139271495,0.8811443680361476
T-traverse_p_qa-W-20-HS-greedy-D-6-C-5-H-2-RUNS-100000.csv,traverse_p_qa,20,greedy,6,5,2,100000,2.0,146.0,38.58461,301.3814411479,38.477009491436434,38.69221050856356,0.10760050856356429,0.0,6.0,3.60596,3.0606324783999996,3.5951166952781812,3.616803304721819,0.010843304721818825,0.0,0.405,0.16746555,0.0033638098131975,0.16710607243771858,0.1678250275622814,0.0003594775622814128,0.0,72.66666666666667,26.308488333333337,69.03233855930833,26.256991281785755,26.35998538488092,0.05149705154758166,0.0,436.0,157.85093,2485.1641881351,157.54194769071452,158.1599123092855,0.30898230928548287,0.0,1.0,0.88002,0.0625947996,0.8784693092437776,0.8815706907562224,0.0015506907562223837,0.79404,0.7915200293977764,0.7965429049966388
T-traverse_p_qa-W-20-HS-greedy-D-6-C-5-H-3-RUNS-100000.csv,traverse_p_qa,20,greedy,6,5,3,100000,2.0,141.0,47.24275,290.3069824375,47.13714491945309,47.34835508054691,0.10560508054690843,0.0,6.0,4.33225,2.2987999374999997,4.322852622791491,4.341647377208509,0.00939737720850875,0.0,0.3925,0.17755482500000003,0.0028812391817193746,0.17722213041873228,0.17788751958126778,0.00033269458126775064,0.0,79.66666666666667,29.90774166666667,80.74165867770834,29.8520481162343,29.96343521709904,0.055693550432369676,0.0,478.0,179.44645,2906.6997123975,179.11228869740577,179.78061130259422,0.33416130259422516,0.0,1.0,0.8576966666666667,0.05742642798888889,0.8562113742181499,0.8591819591151835,0.0014852924485168062,0.69294,0.6900704779753682,0.6957983277374138
T-traverse_p_qa-W-20-HS-greedy-D-6-C-5-H-4-RUNS-100000.csv,traverse_p_qa,20,greedy,6,5,4,100000,2.0,143.0,54.933,293.124931,54.82688361413384,55.03911638586616,0.10611638586615868,0.0,6.0,4.92649,1.4137262799,4.919120487888019,4.933859512111981,0.0073695121119810025,0.0,0.37,0.170742,0.0027120316860000005,0.17041922235323775,0.17106477764676226,0.0003227776467622512,0.0,86.16666666666667,32.43559333333333,110.76561955906666,32.370361653598856,32.500825013067804,0.06523167973447386,0.0,517.0,194.61356,3987.5623041264,194.22216992159315,195.00495007840686,0.39139007840685736,0.0,1.0,0.8234925,0.05823197744375,0.8219968263572961,0.8249881736427038,0.0014956736427038653,0.57745,0.5743812192398345,0.5805142878353338
T-traverse_p_qa-W-20-HS-greedy-D-6-C-5-H-5-RUNS-100000.csv,traverse_p_qa,20,greedy,6,5,5,100000,3.0,147.0,63.21482,390.19175236760003,63.09238795207564,63.337252047924366,0.12243204792436302,1.0,6.0,5.44016,0.5231591744,5.435676956073854,5.4446430439261455,0.004483043926145847,0.0025,0.35,0.14866485000000002,0.0022845852494775,0.14836859904735356,0.14896110095264647,0.0002962509526464596,0.8333333333333334,108.16666666666667,35.78328833333333,168.69159299797502,35.70278705237079,35.863789614295875,0.08050128096254383,5.0,649.0,214.69973,6072.897347927101,214.21672231422474,215.18273768577524,0.4830076857752488,0.0,1.0,0.7718060000000001,0.061098298364,0.7702739581500654,0.7733380418499348,0.0015320418499347177,0.43918,0.43610083810713507,0.44226269006493796
T-traverse_p_qa-W-20-HS-greedy-D-7-C-5-H-1-RUNS-100000.csv,traverse_p_qa,20,greedy,7,5,1,100000,1.0,130.0,27.51369,273.6508125839,27.411159177238144,27.616220822761857,0.10253082276185665,0.0,7.0,2.99389,4.3262726679,2.9809982161509723,3.0067817838490276,0.012891783849027671,0.0025,0.395,0.13894895000000002,0.0050320199188975,0.13850927958115838,0.13938862041884165,0.00043967041884163116,0.14285714285714285,69.57142857142857,20.75780285714286,74.03035523786937,20.70447415823863,20.81113155604709,0.053328698904230976,1.0,487.0,145.30462,3627.4874066556,144.9313191076704,145.6779208923296,0.3733008923296097,0.0,1.0,0.91472,0.0780073216,0.9129888936293267,0.9164511063706733,0.0017311063706733076,0.91472,0.9129718727287688,0.9164440292004995
T-traverse_p_qa-W-20-HS-greedy-D-7-C-5-H-2-RUNS-100000.csv,traverse_p_qa,20,greedy,7,5,2,100000,2.0,140.0,36.81932,277.8842347376,36.71599913685184,36.92264086314815,0.1033208631481557,0.0,7.0,4.06673,3.7394971070999996,4.054744320175044,4.078715679824955,0.011985679824955575,0.0,0.4225,0.17017854999999998,0.0034582973698975,0.1698140586396607,0.17054304136033926,0.00036449136033928076,0.0,73.14285714285714,25.46598857142857,62.78325587578775,25.416877660647724,25.51509948220942,0.04911091078084695,0.0,512.0,178.26192,3076.3795379135995,177.91814362453408,178.60569637546593,0.34377637546592155,0.0,1.0,0.911495,0.04732436497499999,0.9101466629483399,0.9128433370516602,0.0013483370516601534,0.8448,0.8425407569179358,0.8470392252881012
T-traverse_p_qa-W-20-HS-greedy-D-7-C-5-H-3-RUNS-100000.csv,traverse_p_qa,20,greedy,7,5,3,100000,2.0,147.0,46.41197,279.9623707191,46.308263517880775,46.51567648211922,0.10370648211922173,0.0,7.0,4.93621,2.9075808359,4.925641290268347,4.946778709731653,0.010568709731653136,0.0,0.4025,0.1822402,0.0029675546289600003,0.18190255880194187,0.18257784119805812,0.0003376411980581251,0.0,78.42857142857143,29.605967142857146,75.72066769932857,29.5520330611431,29.659901224571193,0.05393408171404701,0.0,549.0,207.24177,3710.3127172671,206.8642314280017,207.61930857199832,0.37753857199831486,0.0,1.0,0.89149,0.043982246566666675,0.8901901453988599,0.8927898546011401,0.0012998546011401269,0.75359,0.7509068474602764,0.7562584369729201
T-traverse_p_qa-W-20-HS-greedy-D-7-C-5-H-4-RUNS-100000.csv,traverse_p_qa,20,greedy,7,5,4,100000,3.0,144.0,55.90846,290.1678404284,55.80288023035686,56.014039769643134,0.10557976964313553,0.0,7.0,5.6937,1.8229603100000003,5.685331556699782,5.702068443300218,0.008368443300217798,0.0025,0.385,0.1777203,0.0026448037179100004,0.17740154809078654,0.17803905190921346,0.0003187519092134605,1.0,85.57142857142857,32.76707428571429,105.66918397897143,32.70336096393825,32.83078760749032,0.06371332177603506,7.0,599.0,229.36952,5177.7900149696,228.92352674756776,229.81551325243223,0.4459932524322312,0.0,1.0,0.8564125,0.04741950484375,0.8550628082951736,0.8577621917048265,0.0013496917048264612,0.63418,0.6311858419125329,0.6371663737891197
T-traverse_p_qa-W-20-HS-greedy-D-7-C-5-H-5-RUNS-100000.csv,traverse_p_qa,20,greedy,7,5,5,100000,2.0,150.0,65.8457,368.66389151,65.72669331087603,65.96470668912396,0.11900668912396384,1.0,7.0,6.34613,0.6133640230999999,6.341275827329873,6.350984172670127,0.004854172670126999,0.0,0.3725,0.15445555,0.0021776208241975,0.15416631742648454,0.15474478257351545,0.0002892325735154577,0.0,108.14285714285714,36.79987857142857,164.92571365872448,36.720280919353186,36.87947622350396,0.07959765207538538,0.0,757.0,257.59915,8081.3599692775015,257.0419664354723,258.1563335645277,0.5571835645276906,0.0,1.0,0.8047160000000001,0.05309295934399999,0.803287847653029,0.8061441523469712,0.0014281523469711344,0.4898,0.48669700322385473,0.49290358846927856
T-traverse_p_qa-W-20-HS-greedy-D-8-C-5-H-1-RUNS-100000.csv,traverse_p_qa,20,greedy,8,5,1,100000,1.0,159.0,26.1475,239.13380375,26.05165343404764,26.24334656595236,0.09584656595236041,0.0,8.0,3.25907,5.0200727351,3.2451829155618754,3.2729570844381244,0.013887084438124475,0.0025,0.4175,0.13967397499999998,0.005116230645199375,0.13923064090874826,0.1401173090912517,0.0004433340912517181,0.25,59.75,20.21546,68.5087123009,20.164158628753693,20.266761371246307,0.05130137124630707,2.0,478.0,161.72368,4384.5575872576,161.31326903002955,162.13409096997046,0.41041096997045656,0.0,1.0,0.93993,0.05646159510000001,0.9384572377526018,0.9414027622473983,0.0014727622473982294,0.93993,0.9384394600163544,0.9413949599745222
T-traverse_p_qa-W-20-HS-greedy-D-8-C-5-H-2-RUNS-100000.csv,traverse_p_qa,20,greedy,8,5,2,100000,2.0,132.0,35.17543,252.5328143151,35.076934819434,35.273925180565996,0.09849518056599749,0.0,8.0,4.47409,4.4295486719,4.461045248496821,4.48713475150318,0.01304475150317952,0.005,0.415,0.172795,0.0035341509750000002,0.1724265329813191,0.1731634670186809,0.00036846701868090137,1.125,78.0,24.8369875,57.03724098734375,24.790177857299273,24.883797142700725,0.04680964270072607,9.0,624.0,198.6959,3650.38342319,198.3214228583942,199.0703771416058,0.3744771416058086,0.0,1.0,0.93688,0.033645865600000005,0.9357431008959061,0.938016899104094,0.0011368991040939802,0.8859,0.8839132676584767,0.887864319284968
T-traverse_p_qa-W-20-HS-greedy-D-8-C-5-H-3-RUNS-100000.csv,traverse_p_qa,20,greedy,8,5,3,100000,2.0,137.0,44.95444,267.4678042864,44.85307411239738,45.05580588760262,0.10136588760261844,0.0,8.0,5.50012,3.5341199856,5.488468100868665,5.511771899131335,0.011651899131335242,0.0,0.4075,0.18502400000000002,0.002983441924,0.1846854561993591,0.18536254380064093,0.0003385438006409114,0.0,72.5,28.90088,70.3362458506,28.848898876304983,28.95286112369502,0.05198112369501828,0.0,580.0,231.20704,4501.5197344384,230.79119101043986,231.62288898956015,0.41584898956014626,0.0,1.0,0.9186466666666666,0.03288163515555556,0.9175227534599928,0.9197705798733404,0.001123913206673821,0.80706,0.8046003584835381,0.8095018190851982
T-traverse_p_qa-W-20-HS-greedy-D-8-C-5-H-4-RUNS-100000.csv,traverse_p_qa,20,greedy,8,5,4,100000,6.0,146.0,56.41701,279.6589126599,56.313359738115416,56.52066026188458,0.1036502618845816,0.0,8.0,6.43831,2.2619743439,6.42898819725615,6.447631802743851,0.00932180274385086,0.0075,0.3775,0.18362875,0.0026099480484375005,0.18331210546076274,0.18394539453923728,0.00031664453923727076,1.375,85.125,33.15763,99.2430505956,33.09588438451452,33.219375615485475,0.061745615485477856,11.0,681.0,265.26104,6351.5552381184,264.76707507611616,265.7550049238838,0.49396492388382285,0.0,1.0,0.8841625,0.03818479859375,0.8829513405460975,0.8853736594539025,0.0012111594539024884,0.68844,0.6855591020336607,0.6913099648681658
T-traverse_p_qa-W-20-HS-greedy-D-8-C-5-H-5-RUNS-100000.csv,traverse_p_qa,20,greedy,8,5,5,100000,2.0,149.0,65.73648,339.57389720960003,65.62226497981787,65.85069502018213,0.11421502018212948,1.0,8.0,7.25367,0.7051415311,7.248465317775431,7.258874682224568,0.00520468222456838,0.0,0.355,0.15466515,0.0020039198754775002,0.1543876926412287,0.1549426073587713,0.0002774573587712992,0.0,102.375,35.5809,148.66328269000002,35.5053285194811,35.6564714805189,0.07557148051890294,0.0,819.0,284.6472,9514.450092160001,284.0426281558488,285.2517718441512,0.6045718441512236,0.0,1.0,0.8315319999999999,0.045960932976000006,0.8302032279348187,0.8328607720651812,0.0013287720651812274,0.53507,0.5319726773926696,0.538165288216162
T-traverse_p_qa-W-20-HS-greedy-D-9-C-5-H-1-RUNS-100000.csv,traverse_p_qa,20,greedy,9,5,1,100000,1.0,140.0,25.11858,210.82111878359999,25.028586088543776,25.208573911456227,0.08999391145622582,0.0,9.0,3.53356,5.7669337264,3.5186756953123974,3.5484443046876026,0.0148843046876026,0.0025,0.4125,0.14045275000000002,0.0051831067674375005,0.14000652782486986,0.14089897217513017,0.0004462221751301565,0.1111111111111111,59.333333333333336,19.80167111111111,63.67152984936296,19.752214003525918,19.8511282186963,0.04945710758519084,1.0,534.0,178.21504,5157.3939177984,177.76992603173326,178.6601539682667,0.44511396826672467,0.0,1.0,0.95629,0.0417994359,0.9550228113283593,0.9575571886716406,0.0012671886716406622,0.95629,0.9550045338812375,0.9575489156185814
T-traverse_p_qa-W-20-HS-greedy-D-9-C-5-H-2-RUNS-100000.csv,traverse_p_qa,20,greedy,9,5,2,100000,2.0,143.0,33.88707,230.16197681510002,33.793038608957815,33.98110139104219,0.09403139104218639,0.0,9.0,4.87989,5.1222635879,4.865862281796644,4.8939177182033555,0.01402771820335591,0.0,0.4075,0.17346297500000002,0.003567274116649375,0.1730927853155608,0.17383316468443924,0.0003701896844392205,0.0,62.111111111111114,24.43688444444444,54.28415371059753,24.391218482843417,24.482550406045466,0.04566596160102421,0.0,559.0,219.93196,4397.0164505584,219.52096634559078,220.34295365440923,0.410993654409225,0.0,1.0,0.953875,0.024724984375000005,0.952900405212537,0.954849594787463,0.000974594787462979,0.91533,0.9135874818162064,0.9170483843681482
T-traverse_p_qa-W-20-HS-greedy-D-9-C-5-H-3-RUNS-100000.csv,traverse_p_qa,20,greedy,9,5,3,100000,4.0,143.0,43.80684,252.94708921439997,43.70826406287912,43.905415937120885,0.0985759371208843,0.0,9.0,6.07139,4.2161734679,6.058663314652163,6.084116685347837,0.012726685347836941,0.005,0.39,0.18811415,0.0030065919447775,0.18777429527199027,0.18845400472800974,0.0003398547280097364,1.6666666666666667,73.33333333333333,28.45711222222222,64.81491742864074,28.407213025155148,28.507011419289295,0.049899197067073686,15.0,660.0,256.11401,5250.0083117199,255.66491722639634,256.56310277360365,0.4490927736036383,0.0,1.0,0.93697,0.025243885766666672,0.935985231440585,0.937954768559415,0.0009847685594149835,0.84515,0.8428928143357756,0.8473871474959165
T-traverse_p_qa-W-20-HS-greedy-D-9-C-5-H-4-RUNS-100000.csv,traverse_p_qa,20,greedy,9,5,4,100000,4.0,135.0,55.7507,274.41912950999995,55.648025342565674,55.85337465743433,0.1026746574343278,0.0,9.0,7.18465,2.7012143775000004,7.174463251179791,7.19483674882021,0.010186748820209424,0.005,0.3875,0.18590145,0.0025798350128975007,0.1855866374496538,0.18621626255034618,0.00031481255034618294,0.6666666666666666,78.66666666666667,32.52772777777778,95.89403709626544,32.46703292355528,32.588422632000274,0.060694854222496986,6.0,708.0,292.74955,7767.417004797499,292.2032963119975,293.2958036880025,0.54625368800248,0.0,1.0,0.9043625,0.03165784359375,0.9032597000546347,0.9054652999453652,0.0011027999453652182,0.73312,0.7303667309406879,0.7358597422086262
T-traverse_p_qa-W-20-HS-greedy-D-9-C-5-H-5-RUNS-100000.csv,traverse_p_qa,20,greedy,9,5,5,100000,6.0,147.0,66.68312,330.5695270656,66.57042945491412,66.79581054508589,0.11269054508588283,2.0,9.0,8.16244,0.7895932464000001,8.156932458429235,8.167947541570765,0.005507541570764829,0.01,0.3375,0.156694825,0.0019427750057193752,0.15642163341041548,0.15696801658958454,0.00027319158958452605,1.3333333333333333,108.44444444444444,35.51560444444444,142.96277650131358,35.44149602372133,35.589712865167556,0.07410842072311397,12.0,976.0,319.64044,11579.9848966064,318.973464213492,320.30741578650805,0.6669757865080328,0.0,1.0,0.8541420000000001,0.039681843836,0.852907326880181,0.8553766731198191,0.001234673119819063,0.57666,0.5735904784695833,0.579725074436396
T-traverse_p_qa-W-20-HS-random-D-1-C-5-H-1-RUNS-100000.csv,traverse_p_qa,20,random,1,5,1,100000,1.0,136.0,29.68521,301.38821725590003,29.57760828182551,29.792811718174494,0.10760171817449304,0.0,1.0,0.68895,0.21429789749999997,0.6860807722240365,0.6918192277759634,0.0028692277759634344,0.0,0.305,0.06983135,0.0017904626821774996,0.06956908598340883,0.07009361401659117,0.00026226401659117105,0.0,134.0,28.30731,305.58663056390003,28.198961414408206,28.415658585591796,0.10834858559179494,0.0,134.0,28.30731,305.58663056390003,28.198961414408206,28.415658585591796,0.10834858559179494,0.0,1.0,0.31105,0.21429789749999997,0.30818077222403656,0.3139192277759634,0.0028692277759634344,0.31105,0.30818133806581793,0.3139296246332591
T-traverse_p_qa-W-20-HS-random-D-1-C-5-H-2-RUNS-100000.csv,traverse_p_qa,20,random,1,5,2,100000,2.0,137.0,34.76519,376.8495342639,34.64486937953832,34.88551062046167,0.12032062046167624,0.0,1.0,0.82638,0.14347609560000002,0.8240322824512797,0.8287277175487203,0.0023477175487203183,0.0,0.3275,0.081297625,0.0022478697318593747,0.08100376421047695,0.08159148578952305,0.00029386078952305106,0.0,136.0,33.11243,387.9129094951,32.99035599649736,33.23450400350265,0.12207400350264663,0.0,136.0,33.11243,387.9129094951,32.99035599649736,33.23450400350265,0.12207400350264663,0.0,1.0,0.30802,0.14594367960000004,0.3056521798219642,0.31038782017803584,0.0023678201780358288,0.17362,0.17127681580960105,0.17598213013317002
T-traverse_p_qa-W-20-HS-random-D-1-C-5-H-3-RUNS-100000.csv,traverse_p_qa,20,random,1,5,3,100000,2.0,133.0,35.9915,428.37768775,35.86321688633104,36.119783113668966,0.12828311366896372,0.0,1.0,0.87154,0.1119580284,0.8694661196709996,0.8736138803290003,0.002073880329000355,0.0,0.315,0.0837584,0.00253336467944,0.08344643567908273,0.08407036432091726,0.0003119643209172629,0.0,133.0,34.24842,441.21592750359997,34.11822879034675,34.37861120965326,0.1301912096532547,0.0,133.0,34.24842,441.21592750359997,34.11822879034675,34.37861120965326,0.1301912096532547,0.0,1.0,0.31073,0.12467020043333334,0.3085415461120127,0.31291845388798734,0.0021884538879873294,0.12846,0.12639195414396545,0.13054962128622297
T-traverse_p_qa-W-20-HS-random-D-1-C-5-H-4-RUNS-100000.csv,traverse_p_qa,20,random,1,5,4,100000,2.0,138.0,36.33274,453.9697240924001,36.20068054020732,36.46479945979268,0.13205945979267852,0.0,1.0,0.89411,0.09467730789999998,0.8922028756044016,0.8960171243955983,0.0019071243955983697,0.0,0.33,0.08420362499999999,0.0026621207243593755,0.0838838312700005,0.08452341872999948,0.0003197937299994902,0.0,138.0,34.54452,467.08065796959994,34.41056713307823,34.678472866921766,0.1339528669217671,0.0,138.0,34.54452,467.08065796959994,34.41056713307823,34.678472866921766,0.1339528669217671,0.0,1.0,0.31014,0.11312443039999999,0.3080553446044379,0.31222465539556216,0.0020846553955621294,0.10589,0.10398935979062171,0.10781353265125534
T-traverse_p_qa-W-20-HS-random-D-1-C-5-H-5-RUNS-100000.csv,traverse_p_qa,20,random,1,5,5,100000,2.0,143.0,37.38372,490.5799189616001,37.246438835353025,37.52100116464697,0.13728116464697138,0.0,1.0,0.90784,0.08366653439999998,0.9060471995131888,0.9096328004868112,0.0017928004868111858,0.0,0.3475,0.0867083,0.00285874546111,0.08637690663006933,0.08703969336993067,0.0003313933699306687,0.0,143.0,35.56804,503.2685305584,35.428994813567925,35.70708518643208,0.13904518643207808,0.0,143.0,35.56804,503.2685305584,35.428994813567925,35.70708518643208,0.13904518643207808,0.0,1.0,0.310514,0.10612465580399999,0.3084948702920896,0.3125331297079104,0.0020191297079104054,0.09216,0.09037407876331652,0.09396961642774403
T-traverse_p_qa-W-20-HS-random-D-10-C-5-H-1-RUNS-100000.csv,traverse_p_qa,20,random,10,5,1,100000,1.0,135.0,24.71886,194.35032030040003,24.63245304481316,24.805266955186838,0.08640695518683827,0.0,10.0,3.79966,6.8162238844,3.7834781565715425,3.815841843428457,0.0161818434284573,0.0025,0.4275,0.14335915,0.0053421681112775,0.14290613263812207,0.1438121673618779,0.0004530173618779165,0.2,57.8,19.612859,61.38137474611901,19.564299480930647,19.661418519069354,0.04855951906935374,2.0,578.0,196.12859,6138.1374746119,195.64299480930646,196.61418519069355,0.4855951906935445,0.0,1.0,0.96791,0.0310602319,0.9668176585384275,0.9690023414615726,0.0010923414615725546,0.96791,0.9667990173855608,0.9689937333760269
T-traverse_p_qa-W-20-HS-random-D-10-C-5-H-2-RUNS-100000.csv,traverse_p_qa,20,random,10,5,2,100000,2.0,139.0,33.29085,213.51655627750003,33.20028261058219,33.381417389417805,0.09056738941780651,0.0,10.0,5.28074,6.063865052400001,5.265477318720061,5.296002681279939,0.015262681279939017,0.0025,0.415,0.17743305,0.0036488431426975002,0.1770586518721069,0.17780744812789312,0.0003743981278931108,0.3,66.1,24.223327,50.427517951071,24.17931309845051,24.267340901549492,0.0440139015494907,3.0,661.0,242.23327,5042.7517951071,241.7931309845051,242.6734090154949,0.44013901549490697,0.0,1.0,0.964645,0.019112523974999993,0.9637881296941639,0.965501870305836,0.0008568703058360327,0.93466,0.9331106858572341,0.9361840449071548
T-traverse_p_qa-W-20-HS-random-D-10-C-5-H-3-RUNS-100000.csv,traverse_p_qa,20,random,10,5,3,100000,5.0,155.0,42.79353,250.45356013910003,42.69544114249669,42.8916188575033,0.09808885750330631,0.0,10.0,6.60081,5.0003773439,6.586950184126646,6.614669815873354,0.013859815873353831,0.0125,0.425,0.189641575,0.003034113844019375,0.18930016832544333,0.18998298167455668,0.00034140667455667684,2.0,65.7,27.959456,61.607843184063995,27.91080698249955,28.008105017500448,0.048649017500448366,20.0,657.0,279.59456,6160.7843184064,279.1080698249955,280.0810501750045,0.4864901750045192,0.0,1.0,0.9507733333333332,0.020085624177777782,0.9498949203675743,0.9516517462990922,0.0008784129657589679,0.87771,0.8756634643576244,0.8797346004318389
T-traverse_p_qa-W-20-HS-random-D-10-C-5-H-4-RUNS-100000.csv,traverse_p_qa,20,random,10,5,4,100000,3.0,145.0,54.54247,269.9266962991,54.44063923861118,54.64430076138882,0.1018307613888183,0.0,10.0,7.89524,3.2355453423999996,7.8840911565678935,7.906388843432107,0.011148843432106759,0.0025,0.39,0.185293125,0.002527479890234375,0.18498152322294595,0.18560472677705406,0.0003116017770540547,0.2,76.3,31.773706,92.667550625564,31.714040963128884,31.833371036871117,0.05966503687111668,2.0,763.0,317.73706,9266.7550625564,317.14040963128883,318.33371036871114,0.5966503687111526,0.0,1.0,0.9214525,0.026435915243749997,0.9204447489791601,0.92246025102084,0.001007751020839942,0.77526,0.7726599444251778,0.777844081241787
T-traverse_p_qa-W-20-HS-random-D-10-C-5-H-5-RUNS-100000.csv,traverse_p_qa,20,random,10,5,5,100000,4.0,150.0,68.83832,331.6194795776,68.7254506333523,68.9511893666477,0.11286936664770053,3.0,10.0,9.06889,0.8875841678999998,9.063050699237575,9.074729300762424,0.005839300762424671,0.005,0.3425,0.161875725,0.0019430655932243751,0.16160251298007902,0.16214893701992097,0.00027321201992097643,0.8,97.8,36.603756999999995,151.006935584951,36.527592162722996,36.67992183727699,0.0761648372769983,8.0,978.0,366.03757,15100.693558495099,365.27592162723005,366.79921837277,0.7616483727699688,0.0,1.0,0.8728540000000001,0.034417494683999995,0.8717041380622961,0.8740038619377042,0.0011498619377040553,0.61351,0.6104836818943054,0.6165297331120614
T-traverse_p_qa-W-20-HS-random-D-2-C-5-H-1-RUNS-100000.csv,traverse_p_qa,20,random,2,5,1,100000,1.0,137.0,33.68889,331.4465205679,33.57605007118871,33.80172992881129,0.11283992881129024,0.0,2.0,1.23223,0.6737992271,1.2271423019833845,1.2373176980166154,0.005087698016615461,0.0,0.3625,0.10167899999999999,0.002756721334,0.10135357380749707,0.10200442619250291,0.00032542619250292004,0.0,132.5,26.367655,167.01298230097498,26.28755524514348,26.44775475485652,0.08009975485651921,0.0,265.0,52.73531,668.0519292038999,52.57511049028696,52.89550950971304,0.16019950971303842,0.0,1.0,0.52002,0.2495991996,0.5169234530761131,0.523116546923887,0.0030965469238869447,0.52002,0.5169179668943961,0.5231208717606839
T-traverse_p_qa-W-20-HS-random-D-2-C-5-H-2-RUNS-100000.csv,traverse_p_qa,20,random,2,5,2,100000,2.0,141.0,41.03471,349.5521452159,40.918829047248416,41.15059095275158,0.11588095275158139,0.0,2.0,1.53402,0.48024263959999997,1.529724769942963,1.5383152300570369,0.004295230057036914,0.0,0.355,0.11883435000000002,0.0028368290100774995,0.11850422938075436,0.11916447061924568,0.00033012061924565794,0.0,120.0,31.006565,182.03329940077498,30.92294089324973,31.090189106750266,0.08362410675026766,0.0,240.0,62.01313,728.1331976030999,61.84588178649946,62.18037821350053,0.16724821350053531,0.0,1.0,0.516865,0.16642307177500001,0.5143365006969928,0.5193934993030073,0.002528499303007248,0.35028,0.3473225979541897,0.3532460880648602
T-traverse_p_qa-W-20-HS-random-D-2-C-5-H-3-RUNS-100000.csv,traverse_p_qa,20,random,2,5,3,100000,2.0,140.0,44.06548,388.5045523696,43.9433129386298,44.1876470613702,0.12216706137019884,0.0,2.0,1.66166,0.3624460444,1.6579285489093825,1.6653914510906174,0.0037314510906174547,0.0,0.355,0.121471525,0.003083360426674375,0.12112735879865082,0.12181569120134918,0.0003441662013491803,0.0,122.0,32.861745,207.45032305497497,32.77247343896021,32.951016561039786,0.08927156103978717,0.0,244.0,65.72349,829.8012922198999,65.54494687792042,65.90203312207957,0.17854312207957435,0.0,1.0,0.5120366666666667,0.1382395631,0.5097321903582509,0.5143411429750825,0.0023044763084157927,0.26905,0.2663031487322361,0.2718102521210373
T-traverse_p_qa-W-20-HS-random-D-2-C-5-H-4-RUNS-100000.csv,traverse_p_qa,20,random,2,5,4,100000,2.0,141.0,46.1773,449.64812471,46.04587061835777,46.30872938164224,0.13142938164223494,0.0,2.0,1.743,0.267291,1.739795588812902,1.7462044111870982,0.003204411187098133,0.0,0.3675,0.119929225,0.003283685053399375,0.11957405455498607,0.12028439544501393,0.00035517044501393036,0.0,128.5,34.411865,252.950089721775,34.313288478217416,34.51044152178258,0.09857652178258292,0.0,257.0,68.82373,1011.8003588871,68.62657695643483,69.02088304356516,0.19715304356516583,0.0,1.0,0.5007725,0.12256127824375,0.4986026350122618,0.5029423649877381,0.0021698649877381904,0.21883,0.21627062081049203,0.22140569690016781
T-traverse_p_qa-W-20-HS-random-D-2-C-5-H-5-RUNS-100000.csv,traverse_p_qa,20,random,2,5,5,100000,2.0,143.0,47.11365,520.2105136775,46.97228378376205,47.25501621623795,0.1413662162379481,0.0,2.0,1.81379,0.16977583590000003,1.8112361580879126,1.8163438419120874,0.0025538419120874067,0.0,0.3425,0.110060475,0.0030257425302743753,0.10971953963216173,0.11040141036783828,0.00034093536783827427,0.0,131.5,35.12685,300.9042740775,35.01933470530682,35.23436529469318,0.10751529469317944,0.0,263.0,70.2537,1203.61709631,70.03866941061364,70.46873058938635,0.21503058938635888,0.0,1.0,0.48596,0.11003007840000002,0.4839040536262309,0.4880159463737691,0.002055946373769102,0.17709,0.1747283542190891,0.1794703898855805
T-traverse_p_qa-W-20-HS-random-D-3-C-5-H-1-RUNS-100000.csv,traverse_p_qa,20,random,3,5,1,100000,1.0,132.0,33.61828,340.3115098416,33.50394099982038,33.73261900017962,0.11433900017961918,0.0,3.0,1.67223,1.3089368271000001,1.6651388705307355,1.6793211294692647,0.007091129469264601,0.0,0.38,0.11882325,0.0034184900094375,0.11846086248337925,0.11918563751662076,0.00036238751662075186,0.0,115.33333333333333,24.692203333333335,123.50586454532221,24.62332226704968,24.76108439961699,0.0688810662836552,0.0,346.0,74.07661,1111.5527809079001,73.86996680114905,74.28325319885096,0.20664319885095495,0.0,1.0,0.66584,0.22249709439999998,0.6629163980471907,0.6687636019528093,0.002923601952809274,0.66584,0.6629066742202568,0.668763704313027
T-traverse_p_qa-W-20-HS-random-D-3-C-5-H-2-RUNS-100000.csv,traverse_p_qa,20,random,3,5,2,100000,2.0,142.0,42.88794,338.3193825564,42.77393615181808,43.001943848181924,0.11400384818192322,0.0,3.0,2.14288,1.0013653056,2.1366777061033897,2.14908229389661,0.0062022938966102,0.0,0.3975,0.14253605,0.0030622407003975003,0.14219306452108513,0.14287903547891487,0.0003429854789148701,0.0,102.0,29.739446666666666,124.46175418271112,29.670299557192134,29.808593776141198,0.06914710947453173,0.0,306.0,89.21834,1120.1557876444,89.0108986715764,89.4257813284236,0.20744132842359875,0.0,1.0,0.661295,0.145121422975,0.6589338594736849,0.663656140526315,0.0023611405263150864,0.50357,0.5004660379367634,0.5066737549706006
T-traverse_p_qa-W-20-HS-random-D-3-C-5-H-3-RUNS-100000.csv,traverse_p_qa,20,random,3,5,3,100000,2.0,135.0,47.88099,349.7565066199,47.76507517800423,47.99690482199576,0.11591482199576575,0.0,3.0,2.38537,0.7348599630999999,2.3800567730763262,2.3906832269236737,0.005313226923673753,0.0,0.3625,0.147489025,0.003126045692049375,0.14714248471185767,0.14783556528814232,0.00034654028814232185,0.0,98.33333333333333,32.35119,142.27845336167778,32.27725916026216,32.42512083973784,0.07393083973784087,0.0,295.0,97.05357,1280.5060802551002,96.83177748078647,97.27536251921352,0.2217925192135226,0.0,1.0,0.6493733333333334,0.12094316284444445,0.647217839760197,0.6515288269064697,0.00215549357313638,0.40456,0.4015158090443234,0.407609727568933
T-traverse_p_qa-W-20-HS-random-D-3-C-5-H-4-RUNS-100000.csv,traverse_p_qa,20,random,3,5,4,100000,2.0,143.0,51.14545,388.60763429750006,51.02326673240916,51.26763326759083,0.12218326759083453,0.0,3.0,2.5598,0.5027839599999999,2.5554051224582066,2.5641948775417935,0.004394877541793463,0.0,0.38,0.140960625,0.003175816012109375,0.14061133694134184,0.14130991305865817,0.0003492880586581648,0.0,112.0,34.15981,177.0182485416778,34.07734586818515,34.24227413181485,0.08246413181485224,0.0,336.0,102.47943,1593.1642368751002,102.23203760455544,102.72682239544454,0.2473923954445496,0.0,1.0,0.628155,0.10760879597499999,0.6261218006722962,0.6301881993277039,0.0020331993277038496,0.32679,0.3238829722181011,0.32970707695932916
T-traverse_p_qa-W-20-HS-random-D-3-C-5-H-5-RUNS-100000.csv,traverse_p_qa,20,random,3,5,5,100000,2.0,139.0,53.31815,483.3984305775,53.18187735377536,53.45442264622464,0.13627264622463997,0.0,3.0,2.71991,0.25693959190000004,2.716768250270561,2.7230517497294393,0.0031417497294392582,0.0,0.3425,0.1251612,0.0028148182645600004,0.12483236256531328,0.1254900374346867,0.0003288374346867018,0.0,117.66666666666667,35.247296666666664,236.29540769198886,35.15202062360286,35.34257270973047,0.0952760430638051,0.0,353.0,105.74189,2126.6586692278997,105.4560618708086,106.0277181291914,0.2858281291914011,0.0,1.0,0.596324,0.09725528702399999,0.5943910853339286,0.5982569146660713,0.0019329146660713725,0.25342,0.2507262631822955,0.2561280452717676
T-traverse_p_qa-W-20-HS-random-D-4-C-5-H-1-RUNS-100000.csv,traverse_p_qa,20,random,4,5,1,100000,1.0,137.0,32.6423,340.16929071000004,32.52798489394697,32.756615106053026,0.1143151060530272,0.0,4.0,2.05918,2.0437577276,2.050319244001583,2.068040755998417,0.00886075599841707,0.0,0.395,0.1298891,0.003993299826190001,0.12949742844611473,0.1302807715538853,0.0003916715538852811,0.0,88.0,23.522565,102.554774570775,23.459797618184993,23.585332381815007,0.06276738181500718,0.0,352.0,94.09026,1640.8763931324,93.83919047273997,94.34132952726003,0.25106952726002874,0.0,1.0,0.76344,0.1805993664,0.7608060096318281,0.7660739903681719,0.0026339903681719123,0.76344,0.7607934396466776,0.7660712726717479
T-traverse_p_qa-W-20-HS-random-D-4-C-5-H-2-RUNS-100000.csv,traverse_p_qa,20,random,4,5,2,100000,2.0,138.0,42.26541,329.6887875319,42.152869676285235,42.37795032371477,0.11254032371476796,0.0,4.0,2.69013,1.6475105830999999,2.6821744505808605,2.6980855494191394,0.007955549419139452,0.0,0.3875,0.155445,0.0031753984749999997,0.1550957349032388,0.1557942650967612,0.00034926509676119766,0.0,84.5,28.3613325,96.54741444944376,28.300431223547942,28.422233776452057,0.06090127645205712,0.0,338.0,113.44533,1544.7586311911002,113.20172489419177,113.68893510580823,0.24360510580822847,0.0,1.0,0.75725,0.11614243750000001,0.7551377197442101,0.7593622802557899,0.002112280255789911,0.62189,0.6188760188770299,0.6248969099200089
T-traverse_p_qa-W-20-HS-random-D-4-C-5-H-3-RUNS-100000.csv,traverse_p_qa,20,random,4,5,3,100000,2.0,137.0,48.57612,325.96646574560003,48.46421679294997,48.68802320705004,0.11190320705003387,0.0,4.0,3.06763,1.2079161830999998,3.0608180026357923,3.0744419973642074,0.006811997364207567,0.0,0.3925,0.161292025,0.003038049233899375,0.16095039698684904,0.16163365301315097,0.00034162801315096303,0.0,89.0,31.3017,111.88188711,31.236140450160043,31.367259549839957,0.06555954983995704,0.0,356.0,125.2068,1790.11019376,124.94456180064017,125.46903819935983,0.2622381993598282,0.0,1.0,0.7406933333333333,0.09810005262222225,0.7387520421080054,0.7426346245586612,0.0019412912253279346,0.51613,0.5130272075903871,0.5192318567211752
T-traverse_p_qa-W-20-HS-random-D-4-C-5-H-4-RUNS-100000.csv,traverse_p_qa,20,random,4,5,4,100000,2.0,141.0,53.98187,348.0897613031,53.86623170067742,54.097508299322584,0.1156382993225833,0.0,4.0,3.36048,0.7721341696,3.3550336887474774,3.3659263112525224,0.005446311252522484,0.0,0.38,0.15535495,0.002979664010497501,0.15501662061518798,0.155693279384812,0.0003383293848120139,0.0,106.0,33.9700675,144.40944967044373,33.895585063019595,34.0445499369804,0.07448243698040358,0.0,424.0,135.88027,2310.5511947270998,135.58234025207838,136.1781997479216,0.2979297479216143,0.0,1.0,0.7146425,0.08983672219375,0.7127847681787203,0.7165002318212796,0.0018577318212796845,0.42364,0.42057462895484815,0.4267098007350003
T-traverse_p_qa-W-20-HS-random-D-4-C-5-H-5-RUNS-100000.csv,traverse_p_qa,20,random,4,5,5,100000,2.0,148.0,57.90151,449.9621297199,57.7700347355001,58.03298526449991,0.13147526449990465,0.0,4.0,3.62936,0.3414259904,3.6257383676543298,3.6329816323456705,0.003621632345670367,0.0,0.34,0.13584365,0.0026103843796775,0.13552697899354427,0.13616032100645575,0.0003166710064557432,0.0,122.5,35.429755,200.209834389975,35.342055165348356,35.517454834651645,0.08769983465164444,0.0,490.0,141.71902,3203.3573502396,141.36822066139342,142.06981933860658,0.35079933860657775,0.0,1.0,0.6737460000000001,0.082886727484,0.6719615738953307,0.6755304261046694,0.0017844261046693344,0.31987,0.31697937275591964,0.32277107803438654
T-traverse_p_qa-W-20-HS-random-D-5-C-5-H-1-RUNS-100000.csv,traverse_p_qa,20,random,5,5,1,100000,1.0,133.0,30.98643,325.7516858551,30.87456366563702,31.098296334362978,0.1118663343629791,0.0,5.0,2.39152,2.8360920895999997,2.3810820254017324,2.4019579745982673,0.010437974598267452,0.0,0.395,0.13559357500000002,0.004461123481219375,0.13517959611206667,0.13600755388793337,0.00041397888793334725,0.0,73.6,22.445345999999997,90.815020140284,22.386280360126133,22.50441163987386,0.059065639873864484,0.0,368.0,112.22673,2270.3755035071003,111.93140180063068,112.52205819936933,0.2953281993693224,0.0,1.0,0.83227,0.13959664709999997,0.8299542399098797,0.8345857600901202,0.0023157600901202446,0.83227,0.8299396544498996,0.8345810569518823
T-traverse_p_qa-W-20-HS-random-D-5-C-5-H-2-RUNS-100000.csv,traverse_p_qa,20,random,5,5,2,100000,2.0,130.0,40.91058,323.9819240636,40.79901795629863,41.02214204370138,0.11156204370137601,0.0,5.0,3.17918,2.3664345276,3.1696453815591665,3.1887146184408337,0.009534618440833587,0.0,0.395,0.16447705,0.0033238772732974995,0.16411971252739044,0.1648343874726096,0.0003573374726095757,0.0,83.0,27.32546,81.8742853884,27.269377181352212,27.381542818647787,0.05608281864778775,0.0,415.0,136.6273,2046.85713471,136.34688590676106,136.90771409323892,0.2804140932389316,0.0,1.0,0.827805,0.08742638197500001,0.8259723593123715,0.8296376406876286,0.0018326406876285617,0.71757,0.7147685157040129,0.7203588602689595
T-traverse_p_qa-W-20-HS-random-D-5-C-5-H-3-RUNS-100000.csv,traverse_p_qa,20,random,5,5,3,100000,2.0,147.0,47.4128,304.90887616,47.30457163317058,47.52102836682941,0.10822836682941528,0.0,5.0,3.70475,1.7482374375000003,3.6965548618438127,3.7129451381561878,0.008195138156187554,0.0,0.3925,0.16732097500000004,0.002887686012549375,0.16698790842128328,0.1676540415787168,0.00033306657871676193,0.0,82.6,29.838915999999998,89.159910344944,29.780391072697082,29.897440927302913,0.058524927302915586,0.0,413.0,149.19458,2228.9977586236,148.90195536348543,149.48720463651458,0.2926246365145744,0.0,1.0,0.8093633333333333,0.07614099465555557,0.8076530607086656,0.811073605958001,0.0017102726246677191,0.61599,0.6129672342347139,0.6190060368828446
T-traverse_p_qa-W-20-HS-random-D-5-C-5-H-4-RUNS-100000.csv,traverse_p_qa,20,random,5,5,4,100000,2.0,146.0,54.81287,328.29241236309997,54.70056825774574,54.92517174225425,0.11230174225425316,0.0,5.0,4.13569,1.1126582239,4.129152119737305,4.142227880262696,0.006537880262695417,0.0,0.3825,0.164648175,0.0028920134066693754,0.16431485895323567,0.16498149104676435,0.00033331604676434257,0.0,98.2,33.269582,130.40284914527598,33.19880378405212,33.34036021594788,0.07077821594788247,0.0,491.0,166.34791,3260.0712286319,165.9940189202606,166.70180107973943,0.35389107973941236,0.0,1.0,0.77691,0.07317960189999999,0.7752333164918237,0.7785866835081763,0.001676683508176291,0.50718,0.5040761737666243,0.5102834097276784
T-traverse_p_qa-W-20-HS-random-D-5-C-5-H-5-RUNS-100000.csv,traverse_p_qa,20,random,5,5,5,100000,2.0,147.0,60.70725,409.74698743749997,60.58178749456751,60.8327125054325,0.1254625054324947,0.0,5.0,4.53383,0.4301755311,4.529764828022981,4.537895171977019,0.004065171977019055,0.0,0.3525,0.142320475,0.0024039985832743746,0.14201658026563452,0.14262436973436549,0.0003038947343654841,0.0,104.4,35.475542,178.78484580623598,35.39266740415488,35.55841659584512,0.08287459584511936,0.0,522.0,177.37771,4469.6211451559,176.9633370207744,177.79208297922563,0.4143729792256181,0.0,1.0,0.728596,0.071531868784,0.7269383003072915,0.7302536996927086,0.0016576996927085696,0.38416,0.3811437372043822,0.3871829829750543
T-traverse_p_qa-W-20-HS-random-D-6-C-5-H-1-RUNS-100000.csv,traverse_p_qa,20,random,6,5,1,100000,1.0,145.0,29.4532,301.37878976,29.345599964742476,29.56080003525752,0.10760003525752282,0.0,6.0,2.70044,3.6264238064,2.6886369200228644,2.7122430799771355,0.011803079977135589,0.0,0.3925,0.139542375,0.004781573391859376,0.13911378554210158,0.13997096445789842,0.0004285894578984206,0.0,72.83333333333333,21.66787166666667,81.20023827019722,21.612020181875415,21.723723151457925,0.05585148479125479,0.0,437.0,130.00723,2923.2085777271004,129.67212109125245,130.34233890874754,0.33510890874754296,0.0,1.0,0.88085,0.1049532775,0.8788420445452053,0.8828579554547947,0.0020079554547947076,0.88085,0.8788260286921599,0.8828518529337039
T-traverse_p_qa-W-20-HS-random-D-6-C-5-H-2-RUNS-100000.csv,traverse_p_qa,20,random,6,5,2,100000,2.0,135.0,39.28043,305.0594690151,39.17217490976548,39.388685090234524,0.10825509023452184,0.0,6.0,3.63963,3.1231434631,3.628676522046471,3.650583477953529,0.010953477953528967,0.0,0.4125,0.16929567499999998,0.0033508673637943753,0.1689368896593748,0.16965446034062515,0.0003587853406251673,0.0,86.16666666666667,26.53198,70.19916283515556,26.480049555755077,26.583910444244925,0.05193044424492399,0.0,517.0,159.19188,2527.1698620656002,158.88029733453044,159.50346266546956,0.31158266546955815,0.0,1.0,0.875225,0.06549369937500002,0.8736388077180903,0.8768111922819097,0.001586192281909704,0.7878,0.7852525418919503,0.7903307551421549
T-traverse_p_qa-W-20-HS-random-D-6-C-5-H-3-RUNS-100000.csv,traverse_p_qa,20,random,6,5,3,100000,2.0,136.0,47.31178,297.2129932316,47.20492620105965,47.41863379894035,0.10685379894034952,0.0,6.0,4.30827,2.3489796071,4.2987706105150725,4.317769389484928,0.00949938948492779,0.0,0.4025,0.177867625,0.002890156789359375,0.17753441596167716,0.17820083403832285,0.0003332090383228459,0.0,83.33333333333333,29.87178333333333,81.71317548638888,29.81575572094903,29.927810945717628,0.05602761238429821,0.0,500.0,179.2307,2941.67431751,178.89453432569422,179.5668656743058,0.33616567430578925,0.0,1.0,0.8586666666666667,0.05759155555555556,0.8571792402993388,0.8601540930339946,0.0014874263673279042,0.69615,0.6932887879454679,0.6989998314470914
T-traverse_p_qa-W-20-HS-random-D-6-C-5-H-4-RUNS-100000.csv,traverse_p_qa,20,random,6,5,4,100000,2.0,133.0,55.6708,300.40496736,55.56337394531073,55.77822605468927,0.10742605468927025,0.0,6.0,4.91173,1.4759984071,4.9041999299600105,4.91926007003999,0.007530070039989845,0.0,0.3875,0.172453825,0.0027464961803693746,0.17212900289905078,0.17277864710094923,0.0003248221009492236,0.0,96.5,33.17818833333334,114.38692086230833,33.111898907692094,33.24447775897458,0.06628942564124429,0.0,579.0,199.06913,4117.9291510431,198.6713934461525,199.4668665538475,0.3977365538474942,0.0,1.0,0.8209925,0.059720689943749995,0.8194778284102225,0.8225071715897775,0.001514671589777472,0.57612,0.573049976733494,0.5791856074997354
T-traverse_p_qa-W-20-HS-random-D-6-C-5-H-5-RUNS-100000.csv,traverse_p_qa,20,random,6,5,5,100000,2.0,150.0,63.13237,393.1478081831,63.00947506031914,63.25526493968086,0.12289493968086163,1.0,6.0,5.44232,0.5185930176,5.437856563054761,5.446783436945238,0.004463436945238541,0.0,0.3475,0.14821172500000002,0.0022998175100243747,0.1479144880751991,0.14850896192480093,0.0002972369248009088,0.0,105.33333333333333,35.73343166666667,172.82826215699725,35.65194933410909,35.814913999224245,0.08148233255757731,0.0,632.0,214.40059,6221.817437651901,213.91169600465454,214.88948399534544,0.48889399534544964,0.0,1.0,0.769838,0.061834653755999995,0.7682967537319785,0.7713792462680216,0.0015412462680215455,0.43855,0.4354713374069104,0.4416322273127097
T-traverse_p_qa-W-20-HS-random-D-7-C-5-H-1-RUNS-100000.csv,traverse_p_qa,20,random,7,5,1,100000,1.0,136.0,27.9958,272.79486236,27.893429655503063,28.098170344496936,0.10237034449693638,0.0,7.0,2.98745,4.420412497499999,2.9744187081797713,3.0004812918202286,0.013031291820228663,0.0,0.4125,0.141474875,0.0050066615562343745,0.14103631381801476,0.14191343618198524,0.0004385611819852364,0.0,63.42857142857143,20.997108571428573,73.96752919066122,20.943802506094613,21.050414636762532,0.05330606533395965,0.0,444.0,146.97976,3624.4089303424003,146.60661754266226,147.35290245733773,0.3731424573377353,0.0,1.0,0.91508,0.07770859359999999,0.91335221143315,0.91680778856685,0.0017277885668499637,0.91508,0.9133351797934409,0.916800701041069
T-traverse_p_qa-W-20-HS-random-D-7-C-5-H-2-RUNS-100000.csv,traverse_p_qa,20,random,7,5,2,100000,2.0,124.0,37.56653,284.4117537591,37.4620026737527,37.6710573262473,0.10452732624730032,0.0,7.0,4.05343,3.8622752351,4.041249147590106,4.065610852409893,0.012180852409893639,0.0025,0.4125,0.17271977500000002,0.0034717935114493754,0.1723545731112647,0.17308497688873534,0.000365201888735317,0.7142857142857143,73.85714285714286,25.90213,63.63232452432449,25.852688121203514,25.951571878796486,0.049441878796486094,5.0,517.0,181.31491,3117.9839016919004,180.96881684842458,181.66100315157541,0.34609315157541687,0.0,1.0,0.9108,0.04808335999999999,0.9094408935443609,0.9121591064556392,0.0013591064556391919,0.84448,0.8422188793486187,0.8467211214847042
T-traverse_p_qa-W-20-HS-random-D-7-C-5-H-3-RUNS-100000.csv,traverse_p_qa,20,random,7,5,3,100000,3.0,134.0,46.49157,290.0896089351,46.386004463877406,46.5971355361226,0.10556553612259734,0.0,7.0,4.89815,2.9776365775,4.887454725961377,4.908845274038623,0.010695274038623026,0.0025,0.4025,0.183068325,0.0029062669441943744,0.18273418857437693,0.18340246142562308,0.0003341364256230772,0.8571428571428571,83.28571428571429,29.583214285714288,75.08724926020408,29.529506262406965,29.63692230902161,0.053708023307322605,6.0,583.0,207.0825,3679.27521375,206.70654383684874,207.45845616315128,0.37595616315127245,0.0,1.0,0.89298,0.04399783071111111,0.891679915131771,0.894280084868229,0.0013000848682289678,0.75826,0.7555939572501963,0.7609110559465599
T-traverse_p_qa-W-20-HS-random-D-7-C-5-H-4-RUNS-100000.csv,traverse_p_qa,20,random,7,5,4,100000,2.0,145.0,54.87427,286.89698196710003,54.76928698013847,54.97925301986154,0.10498301986153535,0.0,7.0,5.67606,1.8332028764,5.66766807997537,5.684451920024629,0.008391920024629407,0.0,0.385,0.17407057499999998,0.002583932231669375,0.17375551256077276,0.1743856374392272,0.000315062439227215,0.0,103.85714285714286,32.02598285714286,102.62554652378775,31.963193821513556,32.08877189277216,0.06278903562930083,0.0,727.0,224.18188,5028.6517796656,223.7423567505949,224.62140324940512,0.4395232494051129,0.0,1.0,0.85712,0.048209055599999995,0.8557591182711456,0.8584808817288544,0.0013608817288544017,0.6399,0.6369157795571663,0.6428761042443901
T-traverse_p_qa-W-20-HS-random-D-7-C-5-H-5-RUNS-100000.csv,traverse_p_qa,20,random,7,5,5,100000,2.0,145.0,65.03986,359.09325118040005,64.92240819568289,65.15731180431712,0.11745180431711333,1.0,7.0,6.34883,0.6102876311,6.343988015940099,6.353671984059901,0.0048419840599009945,0.0,0.34,0.152949025,0.002122740064049375,0.15266346032728903,0.15323458967271095,0.0002855646727109584,0.0,106.71428571428571,36.11107857142857,156.46923808158164,36.03354843373914,36.188608709118,0.07753013768942907,0.0,747.0,252.77755,7666.992665997501,252.23483903617398,253.320260963826,0.5427109638260106,0.0,1.0,0.8044,0.05281824,0.8029755472953306,0.8058244527046694,0.0014244527046693989,0.48895,0.48584713985112793,0.49205350115019225
T-traverse_p_qa-W-20-HS-random-D-8-C-5-H-1-RUNS-100000.csv,traverse_p_qa,20,random,8,5,1,100000,1.0,140.0,26.73918,244.31055292759999,26.64230154934524,26.83605845065476,0.09687845065475997,0.0,8.0,3.27227,5.217519047100001,3.2581124503633787,3.286427549636621,0.01415754963662108,0.0025,0.4275,0.142773925,0.005181918277594375,0.14232775398732428,0.1432200960126757,0.0004461710126757168,0.25,59.125,20.4561875,69.18429733984375,20.404633800165676,20.50774119983432,0.05155369983432223,2.0,473.0,163.6495,4427.79502975,163.2370704013254,164.06192959867457,0.41242959867457785,0.0,1.0,0.93937,0.05695400309999999,0.937890829630134,0.940849170369866,0.0014791703698660008,0.93937,0.9378730688422207,0.9408413842048988
T-traverse_p_qa-W-20-HS-random-D-8-C-5-H-2-RUNS-100000.csv,traverse_p_qa,20,random,8,5,2,100000,2.0,142.0,36.07858,266.64970518359996,35.97736925415583,36.17979074584417,0.10121074584417045,0.0,8.0,4.46093,4.636773535100001,4.447583603777634,4.474276396222367,0.01334639622236633,0.0025,0.4375,0.17517675,0.0035572606344375004,0.1748070802493677,0.1755464197506323,0.00036966975063229546,0.375,70.0,25.31741875,60.60430924339844,25.269167582719877,25.365669917280126,0.04825116728012446,3.0,560.0,202.53935,3878.6757915775,202.15334066175902,202.925359338241,0.3860093382409957,0.0,1.0,0.934845,0.035572325975000006,0.9336760062127387,0.9360139937872614,0.0011689937872613188,0.88417,0.8821703755785116,0.8861473123305003
T-traverse_p_qa-W-20-HS-random-D-8-C-5-H-3-RUNS-100000.csv,traverse_p_qa,20,random,8,5,3,100000,4.0,139.0,45.61755,283.6049219975,45.51317104290876,45.721928957091244,0.10437895709124234,0.0,8.0,5.4764,3.67906304,5.46451156504225,5.48828843495775,0.011888434957749716,0.005,0.4075,0.18686819999999998,0.00296200957876,0.18653087440064878,0.1872055255993512,0.000337325599351207,1.25,70.125,29.26637625,71.31700197468594,29.21403397313073,29.318718526869272,0.05234227686927184,10.0,561.0,234.13101,4564.2881263799,233.71227178504583,234.54974821495418,0.41873821495417474,0.0,1.0,0.9164966666666665,0.034421637766666666,0.9153467355224477,0.9176465978108853,0.0011499311442187965,0.80492,0.8024501575031334,0.8073721444755655
T-traverse_p_qa-W-20-HS-random-D-8-C-5-H-4-RUNS-100000.csv,traverse_p_qa,20,random,8,5,4,100000,4.0,141.0,56.04565,274.53574607750005,55.9429535286813,56.1483464713187,0.1026964713187013,0.0,8.0,6.43755,2.2634599975,6.428225136501591,6.446874863498409,0.009324863498409108,0.005,0.39,0.18351650000000003,0.00258365672775,0.18320145435750795,0.1838315456424921,0.00031504564249207334,0.5,78.375,32.70272625,93.61452316131094,32.64275712859769,32.76269537140231,0.05996912140231103,4.0,627.0,261.62181,5991.3294823239,261.1420570287815,262.10156297121847,0.47975297121848826,0.0,1.0,0.88361,0.0389046179,0.8823874780978459,0.8848325219021541,0.0012225219021541056,0.68871,0.6858297756455277,0.6915792755857363
T-traverse_p_qa-W-20-HS-random-D-8-C-5-H-5-RUNS-100000.csv,traverse_p_qa,20,random,8,5,5,100000,2.0,150.0,66.03393,350.7152387550999,65.91785641725174,66.15000358274825,0.11607358274825685,2.0,8.0,7.25203,0.7015308791,7.246838660071667,7.257221339928334,0.005191339928333427,0.0,0.345,0.15550892500000002,0.0020566719328443755,0.15522783940988172,0.15579001059011832,0.0002810855901183018,0.0,100.75,35.726785,152.312738876275,35.65029156121816,35.80327843878184,0.07649343878183856,0.0,806.0,285.81428,9748.0152880816,285.2023324897453,286.4262275102547,0.6119475102547085,0.0,1.0,0.832218,0.045756000476,0.8308921936362025,0.8335438063637975,0.0013258063637975326,0.53645,0.5333532506442551,0.5395446349106344
T-traverse_p_qa-W-20-HS-random-D-9-C-5-H-1-RUNS-100000.csv,traverse_p_qa,20,random,9,5,1,100000,1.0,129.0,25.57932,216.3704483376,25.48814935152508,25.670490648474917,0.09117064847491818,0.0,9.0,3.51878,5.983827311600001,3.503618380363483,3.533941619636517,0.015161619636517187,0.0025,0.41,0.14309724999999998,0.0052639152924375005,0.1426475628088612,0.14354693719113876,0.00044968719113877564,0.1111111111111111,58.888888888888886,19.96381222222222,64.38390167930741,19.9140792154067,20.01354522903774,0.04973300681551862,1.0,530.0,179.67431,5215.0960360239005,179.22671293866034,180.12190706133964,0.4475970613396498,0.0,1.0,0.95675,0.041379437499999984,0.9554891937218589,0.9580108062781411,0.001260806278141069,0.95675,0.9554709020580668,0.9580025199779064
T-traverse_p_qa-W-20-HS-random-D-9-C-5-H-2-RUNS-100000.csv,traverse_p_qa,20,random,9,5,2,100000,2.0,137.0,34.97627,246.7729468871,34.87890455680985,35.07363544319015,0.09736544319014939,0.0,9.0,4.86453,5.419137879099999,4.850101500398049,4.878958499601952,0.014428499601951472,0.0,0.415,0.17712545,0.0036482230872975003,0.17675108368457937,0.1774998163154206,0.00037436631542062115,0.0,64.22222222222223,25.00124333333333,56.603060552887655,24.954612193799758,25.047874472866905,0.04663113953357367,0.0,578.0,225.01119,4584.8479047839,224.59150974419782,225.43087025580218,0.41968025580217727,0.0,1.0,0.95122,0.026510511600000005,0.9502108281545615,0.9522291718454384,0.0010091718454384724,0.91144,0.9096621597497496,0.9131939343108234
T-traverse_p_qa-W-20-HS-random-D-9-C-5-H-3-RUNS-100000.csv,traverse_p_qa,20,random,9,5,3,100000,2.0,138.0,43.99596,262.9664036784,43.895450710062654,44.09646928993734,0.10050928993734232,0.0,9.0,6.05153,4.3004546591,6.038676741028673,6.0643832589713265,0.01285325897132683,0.0,0.4075,0.18761434999999999,0.0029298821740775,0.1872788587875974,0.18794984121240257,0.00033549121240258883,0.0,68.77777777777777,28.48863111111111,64.22721371132839,28.43895865755852,28.538303564663703,0.04967245355259209,0.0,619.0,256.39768,5202.4043106176005,255.95062791802664,256.8447320819733,0.44705208197331103,0.0,1.0,0.9363633333333333,0.026211485766666664,0.935359869115131,0.9373667975515356,0.001003464218202299,0.84639,0.8441401358112387,0.8486197538357838
T-traverse_p_qa-W-20-HS-random-D-9-C-5-H-4-RUNS-100000.csv,traverse_p_qa,20,random,9,5,4,100000,5.0,144.0,55.36003,276.1642283991,55.25702939321451,55.463030606785495,0.10300060678549272,0.0,9.0,7.17809,2.7214539519,7.1678651589246485,7.188314841075352,0.010224841075351598,0.0075,0.3825,0.184744975,0.002546249774749375,0.18443221833524803,0.18505773166475198,0.00031275666475197306,1.2222222222222223,88.55555555555556,32.16607444444444,95.15945940235926,32.10561250772057,32.22653638116831,0.06046193672386835,11.0,797.0,289.49467,7707.9162115911,288.95051256948517,290.0388274305148,0.5441574305148151,0.0,1.0,0.9039875,0.03238347484375,0.902872132988834,0.9051028670111662,0.0011153670111661018,0.7349,0.7321525218921434,0.7376338479020585
T-traverse_p_qa-W-20-HS-random-D-9-C-5-H-5-RUNS-100000.csv,traverse_p_qa,20,random,9,5,5,100000,4.0,155.0,66.49479,328.3538928559,66.3824777426638,66.6071022573362,0.11231225733619965,3.0,9.0,8.16502,0.7856883996000001,8.159526093779556,8.170513906220444,0.005493906220443989,0.005,0.35,0.15622215,0.0019285689743774998,0.15594995906385464,0.15649434093614537,0.00027219093614536116,1.3333333333333333,94.66666666666667,35.25028,142.37247448950123,35.176324736630924,35.32423526336907,0.0739552633690721,12.0,852.0,317.25252,11532.170433649602,316.5869226296784,317.9181173703216,0.6655973703216205,0.0,1.0,0.853452,0.040046083696000004,0.8522116732884979,0.8546923267115021,0.0012403267115020933,0.57629,0.5732201342836318,0.5793554400873855
T-traverse_p_qa-W-20-HS-weighted-D-1-C-5-H-1-RUNS-100000.csv,traverse_p_qa,20,weighted,1,5,1,100000,1.0,131.0,29.82006,304.31568159640005,29.71193696256483,29.928183037435172,0.10812303743517049,0.0,1.0,0.69068,0.21364113760000003,0.6878151722666028,0.6935448277333971,0.002864827733397135,0.0,0.3125,0.0701068,0.00179998809376,0.06984383927553742,0.07036976072446258,0.0002629607244625798,0.0,131.0,28.4387,308.29624231,28.329872115500756,28.547527884499246,0.10882788449924519,0.0,131.0,28.4387,308.29624231,28.329872115500756,28.547527884499246,0.10882788449924519,0.0,1.0,0.30932,0.21364113759999992,0.3064551722666028,0.3121848277333972,0.0028648277333971905,0.30932,0.30645578811838764,0.31219527499276334
T-traverse_p_qa-W-20-HS-weighted-D-1-C-5-H-2-RUNS-100000.csv,traverse_p_qa,20,weighted,1,5,2,100000,2.0,137.0,34.38639,377.2540727678999,34.26600481627936,34.506775183720634,0.12038518372063578,0.0,1.0,0.82263,0.1459098831,0.8202624539985103,0.8249975460014897,0.0023675460014896954,0.0,0.3275,0.08030967500000001,0.002249222413894375,0.08001572580668224,0.08060362419331778,0.00029394919331776626,0.0,137.0,32.74113,388.53833632310005,32.6189576269847,32.863302373015294,0.12217237301529593,0.0,137.0,32.74113,388.53833632310005,32.6189576269847,32.863302373015294,0.12217237301529593,0.0,1.0,0.31168,0.1473805776,0.30930055210834917,0.31405944789165086,0.0023794478916508432,0.17737,0.17500687925031344,0.1797518485685357
T-traverse_p_qa-W-20-HS-weighted-D-1-C-5-H-3-RUNS-100000.csv,traverse_p_qa,20,weighted,1,5,3,100000,2.0,129.0,35.79741,419.59820729189994,35.67044825485082,35.92437174514918,0.12696174514918113,0.0,1.0,0.87292,0.11093067359999999,0.870855656821888,0.874984343178112,0.0020643431781119936,0.0,0.3125,0.08322975,0.0024744537149374995,0.08292143423019081,0.0835380657698092,0.00030831576980919206,0.0,127.0,34.05157,432.13763053509996,33.922725135086274,34.18041486491372,0.1288448649137237,0.0,127.0,34.05157,432.13763053509996,33.922725135086274,34.18041486491372,0.1288448649137237,0.0,1.0,0.30901666666666666,0.12387203305555552,0.3068352295206865,0.31119810381264684,0.0021814371459801807,0.12708,0.12502153103076033,0.129160124854526
T-traverse_p_qa-W-20-HS-weighted-D-1-C-5-H-4-RUNS-100000.csv,traverse_p_qa,20,weighted,1,5,4,100000,2.0,141.0,37.02692,464.9368153136,36.89327490021296,37.160565099787036,0.13364509978703865,0.0,1.0,0.89411,0.09467730789999998,0.8922028756044016,0.8960171243955983,0.0019071243955983697,0.0,0.3325,0.08601842500000001,0.002727106623019375,0.08569475151015274,0.08634209848984728,0.0003236734898472704,0.0,141.0,35.2387,477.8093223100001,35.10321744420089,35.374182555799116,0.13548255579911483,0.0,141.0,35.2387,477.8093223100001,35.10321744420089,35.374182555799116,0.13548255579911483,0.0,1.0,0.3109575,0.11319855819374999,0.308872161703327,0.313042838296673,0.0020853382966730116,0.10589,0.10398935979062171,0.10781353265125534
T-traverse_p_qa-W-20-HS-weighted-D-1-C-5-H-5-RUNS-100000.csv,traverse_p_qa,20,weighted,1,5,5,100000,2.0,147.0,37.26669,493.57708644390004,37.12899011854461,37.40438988145539,0.13769988145539003,0.0,1.0,0.90775,0.08373993749999997,0.9059564132474285,0.9095435867525714,0.0017935867525714633,0.0,0.355,0.08658275000000001,0.0028763406524375,0.08625033835383815,0.08691516164616188,0.0003324116461618648,0.0,145.0,35.45119,506.4259575839,35.311709321816444,35.59067067818355,0.1394806781835527,0.0,145.0,35.45119,506.4259575839,35.311709321816444,35.59067067818355,0.1394806781835527,0.0,1.0,0.31066800000000006,0.106328593776,0.3086469311593866,0.31268906884061354,0.0020210688406134825,0.09225,0.0904632899083276,0.09406040001566189
T-traverse_p_qa-W-20-HS-weighted-D-10-C-5-H-1-RUNS-100000.csv,traverse_p_qa,20,weighted,10,5,1,100000,1.0,133.0,24.68089,193.7653588079,24.594613177944687,24.767166822055316,0.08627682205531428,0.0,10.0,3.79948,6.7198917296,3.7834129106343335,3.8155470893656664,0.016067089365666476,0.0025,0.4225,0.1433332,0.005338611027760001,0.142880333484079,0.143786066515921,0.0004528665159209966,0.3,56.0,19.595875,61.18234448437501,19.54739427243005,19.64435572756995,0.04848072756994881,3.0,560.0,195.95875,6118.2344484375,195.4739427243005,196.4435572756995,0.4848072756994952,0.0,1.0,0.96807,0.030910475100000005,0.9669802950805646,0.9691597049194354,0.0010897049194353858,0.96807,0.966961648835329,0.9691510922123912
T-traverse_p_qa-W-20-HS-weighted-D-10-C-5-H-2-RUNS-100000.csv,traverse_p_qa,20,weighted,10,5,2,100000,2.0,142.0,33.25266,216.7998629244,33.161398926512426,33.34392107348757,0.09126107348757273,0.0,10.0,5.27994,6.055513596399999,5.264687832602568,5.295192167397432,0.015252167397432181,0.0075,0.415,0.176025575,0.003627712133419375,0.1756522625446527,0.1763988874553473,0.0003733124553473022,1.2,64.4,24.171405,51.933215425975,24.126738833791066,24.216071166208934,0.044666166208934044,12.0,644.0,241.71405,5193.3215425975,241.26738833791063,242.16071166208934,0.44666166208935465,0.0,1.0,0.96486,0.0189151804,0.9640075649172832,0.9657124350827169,0.0008524350827168181,0.93488,0.9333330800600027,0.9364016377439532
T-traverse_p_qa-W-20-HS-weighted-D-10-C-5-H-3-RUNS-100000.csv,traverse_p_qa,20,weighted,10,5,3,100000,5.0,139.0,43.26754,258.45314234840004,43.16789695751104,43.36718304248895,0.09964304248895672,0.0,10.0,6.59062,5.042308015600001,6.576702194687118,6.604537805312883,0.013917805312882336,0.01,0.4125,0.1898706,0.00303841300564,0.18952895153443244,0.19021224846556756,0.0003416484655675567,3.3,76.5,28.379749,64.714764796999,28.3298883701961,28.4296096298039,0.049860629803898604,33.0,765.0,283.79749,6471.4764796999,283.29888370196096,284.296096298039,0.49860629803902157,0.0,1.0,0.9513666666666667,0.019585910000000005,0.950499249628236,0.9522340837050974,0.00086741703843074,0.87802,0.87597567248186,0.8800423742266403
T-traverse_p_qa-W-20-HS-weighted-D-10-C-5-H-4-RUNS-100000.csv,traverse_p_qa,20,weighted,10,5,4,100000,5.0,141.0,55.80115,268.6064686775,55.69956857403681,55.90273142596319,0.10158142596318953,0.0,10.0,7.90062,3.2314036156000006,7.889478294506814,7.911761705493186,0.011141705493185938,0.0075,0.41,0.18879345,0.0025020786120975,0.18848341798235935,0.18910348201764066,0.0003100320176406546,1.2,75.3,32.813529,88.358168266159,32.75526780028602,32.871790199713985,0.05826119971398214,12.0,753.0,328.13529,8835.816826615901,327.55267800286015,328.71790199713985,0.5826119971398498,0.0,1.0,0.921195,0.026311021975000005,0.9201896322960271,0.9222003677039728,0.0010053677039728592,0.77344,0.7708325939572017,0.7760315374466411
T-traverse_p_qa-W-20-HS-weighted-D-10-C-5-H-5-RUNS-100000.csv,traverse_p_qa,20,weighted,10,5,5,100000,5.0,142.0,67.94093,331.1147007351,67.82814656884347,68.05371343115652,0.11278343115652945,4.0,10.0,9.07108,0.8845876335999998,9.065250564475665,9.076909435524335,0.005829435524335125,0.0075,0.3475,0.1599663,0.0019395452393099998,0.159693335588559,0.160239264411441,0.0002729644114410068,1.4,96.0,35.783479,148.039477156559,35.70806623878251,35.85889176121749,0.07541276121749263,14.0,960.0,357.83479,14803.9477156559,357.0806623878251,358.5889176121749,0.7541276121748979,0.0,1.0,0.8715259999999999,0.034930031323999994,0.8703676079751038,0.872684392024896,0.0011583920248960933,0.61205,0.6090216292131332,0.6150718705013156
T-traverse_p_qa-W-20-HS-weighted-D-2-C-5-H-1-RUNS-100000.csv,traverse_p_qa,20,weighted,2,5,1,100000,1.0,136.0,33.65417,327.4035516111,33.54202039082239,33.766319609177614,0.11214960917761374,0.0,2.0,1.23324,0.6730791024,1.2281550214555221,1.2383249785444777,0.005084978544477758,0.0,0.3525,0.10142290000000001,0.00272127885559,0.10109957253671187,0.10174622746328815,0.0003233274632881422,0.0,113.0,26.32099,165.2513604199,26.241313803668277,26.40066619633172,0.07967619633172163,0.0,226.0,52.64198,661.0054416796,52.48262760733655,52.80133239266344,0.15935239266344325,0.0,1.0,0.51964,0.24961427040000003,0.5165433595927705,0.5227366404072294,0.003096640407229456,0.51964,0.5165378844366846,0.522740976261743
T-traverse_p_qa-W-20-HS-weighted-D-2-C-5-H-2-RUNS-100000.csv,traverse_p_qa,20,weighted,2,5,2,100000,2.0,136.0,41.10583,354.0195100111,40.98921090423697,41.222449095763025,0.11661909576302776,0.0,2.0,1.53198,0.48267727959999995,1.5276738961492882,1.5362861038507116,0.004306103850711729,0.0,0.3575,0.119263025,0.002849509680349375,0.11893216738125698,0.11959388261874301,0.000330857618743019,0.0,113.0,31.007975,182.20446389937499,30.924311586938146,31.09163841306185,0.08366341306185276,0.0,226.0,62.01595,728.8178555974999,61.84862317387629,62.1832768261237,0.16732682612370553,0.0,1.0,0.519415,0.16550055777499997,0.5168935184062768,0.5219364815937231,0.0025214815937231183,0.35117,0.34821084662567553,0.3541377877486699
T-traverse_p_qa-W-20-HS-weighted-D-2-C-5-H-3-RUNS-100000.csv,traverse_p_qa,20,weighted,2,5,3,100000,2.0,141.0,43.80397,390.19582223910004,43.68153731356726,43.92640268643274,0.12243268643273808,0.0,2.0,1.66076,0.35909622239999994,1.6570458324647752,1.6644741675352248,0.0037141675352247994,0.0,0.3625,0.12107625,0.0031127985609375004,0.12073044475203956,0.12142205524796043,0.00034580524796043455,0.0,121.0,32.629515,209.52363836477502,32.539798445833995,32.719231554166,0.08971655416600299,0.0,242.0,65.25903,838.0945534591001,65.07959689166799,65.438463108332,0.17943310833200599,0.0,1.0,0.51292,0.13871751804444443,0.510611543335214,0.5152284566647861,0.002308456664786074,0.27177,0.26901435591793416,0.27453888700673756
T-traverse_p_qa-W-20-HS-weighted-D-2-C-5-H-4-RUNS-100000.csv,traverse_p_qa,20,weighted,2,5,4,100000,2.0,146.0,46.27702,442.53475991960005,46.146634359160714,46.407405640839286,0.13038564083928605,0.0,2.0,1.74512,0.26465618560000004,1.7419314216293136,1.7483085783706864,0.0031885783706864235,0.0,0.3625,0.11969942500000001,0.0032385337171693747,0.11934670483998817,0.12005214516001185,0.0003527201600118379,0.0,127.0,34.49083,245.01929091109997,34.39381113029086,34.58784886970915,0.09701886970914586,0.0,254.0,68.98166,980.0771636443999,68.78762226058171,69.1756977394183,0.19403773941829172,0.0,1.0,0.5013675,0.12242500494375001,0.4991988416613216,0.5035361583386783,0.0021686583386782976,0.21751,0.21495624185818119,0.2200801525510091
T-traverse_p_qa-W-20-HS-weighted-D-2-C-5-H-5-RUNS-100000.csv,traverse_p_qa,20,weighted,2,5,5,100000,2.0,149.0,47.66299,518.2435742599,47.52189129288768,47.80408870711232,0.1410987071123202,0.0,2.0,1.80971,0.1730997159,1.8071312796417573,1.8122887203582425,0.002578720358242581,0.0,0.3375,0.111506675,0.003012803742944375,0.11116646937307864,0.11184688062692136,0.00034020562692135825,0.0,132.0,35.676855,301.888414808975,35.56916402849681,35.7845459715032,0.10769097150319595,0.0,264.0,71.35371,1207.5536592359,71.13832805699361,71.5690919430064,0.2153819430063919,0.0,1.0,0.48954,0.1102801884,0.48748171826088493,0.491598281739115,0.002058281739115042,0.18078,0.17839908994910889,0.1831794395447389
T-traverse_p_qa-W-20-HS-weighted-D-3-C-5-H-1-RUNS-100000.csv,traverse_p_qa,20,weighted,3,5,1,100000,1.0,138.0,33.76123,343.07253888710005,33.646428106923764,33.87603189307623,0.11480189307623334,0.0,3.0,1.67743,1.3102785951,1.6703352369659472,1.6845247630340527,0.0070947630340527645,0.0,0.3825,0.11934755000000001,0.0034473213089975,0.1189836375168307,0.11971146248316931,0.00036391248316930414,0.0,98.33333333333333,24.79519,124.46048286390001,24.72604324367912,24.864336756320885,0.06914675632088318,0.0,295.0,74.38557,1120.1443457751,74.17812973103736,74.59301026896264,0.20744026896264245,0.0,1.0,0.66303,0.22342121909999998,0.6601003328597014,0.6659596671402986,0.0029296671402986307,0.66303,0.660090690836535,0.6659598507679128
T-traverse_p_qa-W-20-HS-weighted-D-3-C-5-H-2-RUNS-100000.csv,traverse_p_qa,20,weighted,3,5,2,100000,2.0,147.0,42.8358,335.64855836,42.722247038708986,42.94935296129101,0.11355296129101333,0.0,3.0,2.14391,0.9992999118999999,2.1377141057614297,2.1501058942385702,0.006195894238570254,0.0,0.38,0.142258775,0.003029075872999375,0.1419176518862461,0.1425998981137539,0.0003411231137538939,0.0,94.66666666666667,29.67149666666667,121.00083333776668,29.603317725537433,29.739675607795906,0.06817894112923639,0.0,284.0,89.01449,1089.0075000399,88.8099531766123,89.2190268233877,0.20453682338769852,0.0,1.0,0.66226,0.14421169239999998,0.6599062718136457,0.6646137281863542,0.0023537281863542647,0.50334,0.5002360347574244,0.5064437714920919
T-traverse_p_qa-W-20-HS-weighted-D-3-C-5-H-3-RUNS-100000.csv,traverse_p_qa,20,weighted,3,5,3,100000,2.0,153.0,47.55065,344.5528545775,47.43560069551949,47.665699304480505,0.11504930448050743,0.0,3.0,2.38257,0.7359901951000001,2.3772526887118617,2.387887311288138,0.005317311288138171,0.0,0.3675,0.1456505,0.00307231397475,0.14530695085700296,0.14599404914299702,0.00034354914299702943,0.0,106.66666666666667,32.14962333333334,140.35671841367778,32.07619347772555,32.22305318894112,0.07342985560778459,0.0,320.0,96.44887,1263.2104657231,96.22858043317665,96.66915956682335,0.22028956682335377,0.0,1.0,0.65121,0.12021775812222223,0.6490609803639744,0.6533590196360255,0.00214901963602554,0.40631,0.40326366924398227,0.40936176584119816
T-traverse_p_qa-W-20-HS-weighted-D-3-C-5-H-4-RUNS-100000.csv,traverse_p_qa,20,weighted,3,5,4,100000,2.0,136.0,50.78288,384.40529890560003,50.66135916243393,50.904400837566065,0.12152083756606658,0.0,3.0,2.56136,0.4960549503999999,2.55699463094635,2.5657253690536503,0.004365369053650259,0.0,0.4075,0.1401782,0.00314999111976,0.13983033499909203,0.14052606500090797,0.0003478650009079709,0.0,116.0,33.7726,175.38146257333335,33.690518002788565,33.85468199721143,0.08208199721143217,0.0,348.0,101.3178,1578.4331631599998,101.07155400836571,101.5640459916343,0.2462459916342965,0.0,1.0,0.628625,0.10778560937500002,0.6265901309698779,0.6306598690301221,0.002034869030122066,0.328,0.32509017868988993,0.33091980026497253
T-traverse_p_qa-W-20-HS-weighted-D-3-C-5-H-5-RUNS-100000.csv,traverse_p_qa,20,weighted,3,5,5,100000,2.0,145.0,54.51985,488.4095259774999,54.38287284734324,54.65682715265675,0.1369771526567547,0.0,3.0,2.72102,0.25589015959999994,2.7178846728446313,2.724155327155369,0.0031353271553689055,0.0,0.3525,0.127620125,0.002833446882484375,0.12729020122783813,0.12795004877216187,0.00032992377216187196,0.0,125.66666666666667,36.22032,237.53374354204445,36.12479463011372,36.31584536988628,0.09552536988628191,0.0,377.0,108.66096,2137.8036918784,108.37438389034115,108.94753610965886,0.28657610965885283,0.0,1.0,0.59665,0.0968363775,0.5947212526660964,0.5985787473339036,0.0019287473339035799,0.25262,0.24992910321435838,0.2553252516987668
T-traverse_p_qa-W-20-HS-weighted-D-4-C-5-H-1-RUNS-100000.csv,traverse_p_qa,20,weighted,4,5,1,100000,1.0,145.0,32.3863,339.3003123099999,32.27213099896338,32.50046900103662,0.11416900103662186,0.0,4.0,2.04749,2.0485746998999996,2.0386188081031147,2.056361191896885,0.008871191896885122,0.0,0.3975,0.12893685,0.0040170885870775,0.12854401355163864,0.12932968644836135,0.00039283644836135556,0.0,88.25,23.4296,103.79923009000001,23.366452939711042,23.49274706028896,0.06314706028895856,0.0,353.0,93.7184,1660.7876814400001,93.46581175884417,93.97098824115584,0.2525882411558342,0.0,1.0,0.765,0.179775,0.7623720280823418,0.7676279719176582,0.0026279719176581784,0.765,0.7623594125120181,0.7676252091898695
T-traverse_p_qa-W-20-HS-weighted-D-4-C-5-H-2-RUNS-100000.csv,traverse_p_qa,20,weighted,4,5,2,100000,2.0,140.0,42.27008,325.9899967936,42.15817275395747,42.38198724604253,0.11190724604252722,0.0,4.0,2.68889,1.6401205679,2.680952313199902,2.6968276868000975,0.007937686800097765,0.0,0.3975,0.15549154999999998,0.0031635037535974997,0.1551429396728463,0.15584016032715367,0.0003486103271536922,0.0,85.0,28.4393225,96.49368261599373,28.378438172695052,28.500206827304947,0.060884327304947305,0.0,340.0,113.75729,1543.8989218558997,113.51375269078021,114.00082730921979,0.24353730921978922,0.0,1.0,0.759125,0.11534673437500004,0.7570199678986415,0.7612300321013586,0.002105032101358595,0.62411,0.6210994465327111,0.6271133534570391
T-traverse_p_qa-W-20-HS-weighted-D-4-C-5-H-3-RUNS-100000.csv,traverse_p_qa,20,weighted,4,5,3,100000,2.0,155.0,48.07129,316.58332773589996,47.96100915343858,48.181570846561414,0.11028084656141601,0.0,4.0,3.06106,1.2076316764,3.0542488049153924,3.0678711950846074,0.00681119508460748,0.0,0.395,0.1597299,0.0029535992959899998,0.1593930536395406,0.16006674636045942,0.0003368463604594141,0.0,89.5,30.95325,107.31193068750001,30.889043340459956,31.017456659540045,0.06420665954004434,0.0,358.0,123.813,1716.9908910000001,123.55617336183983,124.06982663816018,0.25682663816017737,0.0,1.0,0.7435333333333334,0.09711818222222222,0.7416017816026648,0.745464885064002,0.0019315517306686125,0.51931,0.5162078142846043,0.5224110655571547
T-traverse_p_qa-W-20-HS-weighted-D-4-C-5-H-4-RUNS-100000.csv,traverse_p_qa,20,weighted,4,5,4,100000,2.0,143.0,53.42857,338.5268977551,53.31453119386735,53.54260880613265,0.11403880613264761,0.0,4.0,3.35805,0.7743901975,3.3525957380126035,3.3635042619873965,0.005454261987396514,0.0,0.3775,0.154329475,0.002932035958724375,0.1539938604988378,0.1546650895011622,0.0003356145011622069,0.0,97.0,33.523005,138.052653269975,33.4501803425822,33.595829657417795,0.07282465741779731,0.0,388.0,134.09202,2208.8424523196,133.8007213703288,134.38331862967118,0.29129862967118925,0.0,1.0,0.7162925,0.08918192944375,0.7144415507836488,0.7181434492163512,0.0018509492163512054,0.42496,0.42189333760361414,0.42803101550846073
T-traverse_p_qa-W-20-HS-weighted-D-4-C-5-H-5-RUNS-100000.csv,traverse_p_qa,20,weighted,4,5,5,100000,2.0,154.0,58.34319,440.9050706239,58.213044661270224,58.473335338729775,0.13014533872977552,0.0,4.0,3.62799,0.3438785599,3.624355383272322,3.6316246167276782,0.003634616727678175,0.0,0.3425,0.13672995,0.0025728086479975,0.1364155664491875,0.13704433355081247,0.00031438355081248037,0.0,115.5,35.9735225,197.65879206699373,35.88638318535933,36.060661814640675,0.08713931464067315,0.0,462.0,143.89409,3162.5406730718996,143.5455327414373,144.2426472585627,0.3485572585626926,0.0,1.0,0.6742039999999999,0.082798566384,0.6724205231354996,0.6759874768645002,0.0017834768645003107,0.32061,0.31771758424295954,0.3235128235994781
T-traverse_p_qa-W-20-HS-weighted-D-5-C-5-H-1-RUNS-100000.csv,traverse_p_qa,20,weighted,5,5,1,100000,1.0,126.0,30.93661,322.49869170790004,30.82530362219239,31.047916377807613,0.11130637780761177,0.0,5.0,2.39916,2.8328712944,2.3887279540048145,2.409592045995186,0.010432045995185657,0.0,0.3925,0.135439325,0.004472585056044375,0.13502481465331007,0.13585383534668993,0.0004145103466899336,0.0,75.4,22.435604000000005,90.73002515518401,22.3765660067553,22.49464199324471,0.05903799324470427,0.0,377.0,112.17802,2268.2506288796003,111.88283003377649,112.47320996622352,0.2951899662235178,0.0,1.0,0.83193,0.1398224751,0.8296123675434958,0.8342476324565041,0.0023176324565041817,0.83193,0.8295977920652835,0.8342429391181576
T-traverse_p_qa-W-20-HS-weighted-D-5-C-5-H-2-RUNS-100000.csv,traverse_p_qa,20,weighted,5,5,2,100000,2.0,147.0,40.83119,321.4324731839,40.72006777049648,40.94231222950352,0.11112222950352191,0.0,5.0,3.18124,2.3511920624000004,3.1717361379287596,3.19074386207124,0.00950386207124021,0.0,0.3975,0.16394825000000002,0.0032919338219374998,0.16359263373250998,0.16430386626749005,0.00035561626749003317,0.0,78.6,27.309168,81.65859194777599,27.253159103668562,27.365176896331437,0.056008896331437796,0.0,393.0,136.54584,2041.4647986943999,136.2657955183428,136.8258844816572,0.28004448165719964,0.0,1.0,0.82736,0.0879954304,0.8255214047606266,0.8291985952393733,0.001838595239373353,0.71768,0.7148788421025726,0.7204685274838725
T-traverse_p_qa-W-20-HS-weighted-D-5-C-5-H-3-RUNS-100000.csv,traverse_p_qa,20,weighted,5,5,3,100000,2.0,145.0,48.13623,313.8711913871,48.02642255176297,48.246037448237026,0.10980744823702793,0.0,5.0,3.69869,1.7549422839,3.6904791618711426,3.7069008381288575,0.008210838128857478,0.0,0.395,0.1702379,0.00297219527859,0.16989999490411906,0.17057580509588094,0.00033790509588094153,0.0,91.0,30.481174,94.027574381724,30.421072724660384,30.541275275339615,0.06010127533961551,0.0,455.0,152.40587,2350.6893595431,152.1053636233019,152.70637637669807,0.3005063766980811,0.0,1.0,0.8089233333333333,0.07665304078888892,0.8072073195761198,0.8106393470905469,0.0017160137572135303,0.61598,0.6129572197446419,0.618996051953123
T-traverse_p_qa-W-20-HS-weighted-D-5-C-5-H-4-RUNS-100000.csv,traverse_p_qa,20,weighted,5,5,4,100000,2.0,143.0,54.59934,315.85387156440004,54.48918627863745,54.70949372136255,0.11015372136255053,0.0,5.0,4.14864,1.0891061504000001,4.14217168477316,4.15510831522684,0.0064683152268401045,0.0,0.385,0.163309475,0.002807715062724375,0.16298105273849872,0.1636378972615013,0.0003284222615012877,0.0,99.2,32.956414,119.774583060604,32.88858140913944,33.024246590860564,0.06783259086056148,0.0,496.0,164.78207,2994.3645765151,164.4429070456972,165.1212329543028,0.3391629543027932,0.0,1.0,0.77646,0.0725823684,0.7747901723848091,0.778129827615191,0.0016698276151909663,0.50426,0.50115605140947,0.507363701471585
T-traverse_p_qa-W-20-HS-weighted-D-5-C-5-H-5-RUNS-100000.csv,traverse_p_qa,20,weighted,5,5,5,100000,2.0,145.0,60.99076,406.9805746224,60.86572174283567,61.115798257164336,0.12503825716433425,0.0,5.0,4.53663,0.4278582431,4.53257579202964,4.54068420797036,0.004054207970360046,0.0,0.34,0.14316020000000002,0.00237777113596,0.1428579675464828,0.14346243245351722,0.0003022324535172094,0.0,109.2,35.718584,177.549868234944,35.63599613322701,35.80117186677299,0.08258786677298957,0.0,546.0,178.59292,4438.7467058736,178.17998066613504,179.00585933386495,0.41293933386495496,0.0,1.0,0.72946,0.07110810840000001,0.7278072177722718,0.7311127822277282,0.0016527822277282445,0.38249,0.3794762694718008,0.3855105476009963
T-traverse_p_qa-W-20-HS-weighted-D-6-C-5-H-1-RUNS-100000.csv,traverse_p_qa,20,weighted,6,5,1,100000,1.0,125.0,29.32508,298.4320229936,29.218007292948567,29.432152707051433,0.10707270705143301,0.0,6.0,2.70027,3.6381919271000003,2.6884477844262817,2.7120922155737186,0.011822215573718431,0.0,0.41,0.13886522499999998,0.0047798264731993756,0.1384367138405252,0.13929373615947477,0.000428511159474787,0.0,73.16666666666667,21.59378166666667,80.97775972121944,21.538006747415714,21.649556585917622,0.055774919250954014,0.0,439.0,129.56269,2915.1993499638997,129.22804048449427,129.89733951550573,0.3346495155057312,0.0,1.0,0.88046,0.1052501884,0.8784492063165072,0.8824707936834928,0.002010793683492773,0.88046,0.8784332019881662,0.8824647023897856
T-traverse_p_qa-W-20-HS-weighted-D-6-C-5-H-2-RUNS-100000.csv,traverse_p_qa,20,weighted,6,5,2,100000,2.0,136.0,39.28467,307.77629299110004,39.175933924700466,39.39340607529953,0.10873607529953233,0.0,6.0,3.62667,3.0889747110999997,3.615776605097509,3.637563394902491,0.010893394902490972,0.0,0.385,0.16980252499999998,0.003396637566124375,0.16944129760798737,0.1701637523920126,0.00036122739201260856,0.0,71.16666666666667,26.594355,73.23112630064168,26.54131494958557,26.64739505041443,0.05304005041443105,0.0,427.0,159.56613,2636.3205468231,159.2478896975134,159.8843703024866,0.3182403024866005,0.0,1.0,0.87738,0.0646693356,0.8758038219655098,0.8789561780344903,0.0015761780344902832,0.79155,0.7890189531295716,0.794064125977236
T-traverse_p_qa-W-20-HS-weighted-D-6-C-5-H-3-RUNS-100000.csv,traverse_p_qa,20,weighted,6,5,3,100000,2.0,139.0,47.3133,302.06520311,47.20557750075925,47.42102249924075,0.10772249924075084,0.0,6.0,4.29664,2.3807847104,4.2870765160409645,4.3062034839590355,0.009563483959035501,0.0,0.3875,0.17788934999999997,0.0029735981565775,0.17755136516782094,0.178227334832179,0.0003379848321790335,0.0,75.66666666666667,30.057453333333335,86.20849967004445,29.999905216741006,30.115001449925664,0.05754811659232928,0.0,454.0,180.34472,3103.5059881216002,179.99943130044602,180.69000869955397,0.3452886995539757,0.0,1.0,0.8581066666666666,0.05793739306666668,0.8566147809833621,0.8595985523499711,0.0014918856833044947,0.69517,0.6923062336091707,0.6980224426667101
T-traverse_p_qa-W-20-HS-weighted-D-6-C-5-H-4-RUNS-100000.csv,traverse_p_qa,20,weighted,6,5,4,100000,2.0,142.0,55.42863,301.08370632310005,55.32108265385837,55.53617734614163,0.10754734614162942,0.0,6.0,4.90908,1.4638135535999999,4.901581075978843,4.916578924021158,0.0074989240211573716,0.0,0.375,0.17132955000000002,0.0027395642967974992,0.17100513806738074,0.1716539619326193,0.000324411932619284,0.0,91.33333333333333,32.87641833333333,112.25065562721946,32.81075082853396,32.942085838132705,0.06566750479937156,0.0,548.0,197.25851,4041.0236025799,196.8645049712038,197.65251502879622,0.39400502879621513,0.0,1.0,0.8235175,0.05884330219375,0.8220139959936618,0.8250210040063383,0.001503504006338252,0.57926,0.5761929467063184,0.5823224553639155
T-traverse_p_qa-W-20-HS-weighted-D-6-C-5-H-5-RUNS-100000.csv,traverse_p_qa,20,weighted,6,5,5,100000,2.0,151.0,63.13607,392.60079495509996,63.01326058611411,63.258879413885886,0.12280941388588928,1.0,6.0,5.44031,0.5218971039000001,5.435832366792219,5.444787633207781,0.00447763320778094,0.0,0.35,0.14811325,0.0022961099244375002,0.14781625276287955,0.14841024723712046,0.00029699723712045545,0.0,103.0,35.63398,167.80477713737778,35.55369059647432,35.714269403525684,0.0802894035256827,0.0,618.0,213.80388,6040.9719769456005,213.32214357884592,214.28561642115406,0.4817364211540678,0.0,1.0,0.7704719999999999,0.061586497215999986,0.7689338495271756,0.7720101504728243,0.0015381504728243511,0.43938,0.43630068065147964,0.44246283591820484
T-traverse_p_qa-W-20-HS-weighted-D-7-C-5-H-1-RUNS-100000.csv,traverse_p_qa,20,weighted,7,5,1,100000,1.0,135.0,27.91179,271.78188899590003,27.809609898964297,28.013970101035703,0.10218010103570307,0.0,7.0,2.98267,4.420069671099999,2.969639213512417,2.9957007864875833,0.013030786487583157,0.0,0.415,0.14108855,0.0050118414338975,0.14064976200959392,0.1415273379904061,0.0004387879904060865,0.0,71.28571428571429,20.963209999999997,74.71905363875715,20.909633819055603,21.01678618094439,0.053576180944393315,0.0,499.0,146.74247,3661.2336282991,146.36743673338924,147.11750326661075,0.37503326661075675,0.0,1.0,0.91403,0.0785791591,0.9122925602237817,0.9157674397762183,0.0017374397762183191,0.91403,0.9122755599020036,0.9157603824544968
T-traverse_p_qa-W-20-HS-weighted-D-7-C-5-H-2-RUNS-100000.csv,traverse_p_qa,20,weighted,7,5,2,100000,2.0,135.0,37.59109,291.80840261189996,37.48521218554041,37.69696781445959,0.1058778144595891,0.0,7.0,4.06645,3.8773543975,4.054245392405556,4.078654607594443,0.01220460759444375,0.0,0.4,0.1727739,0.0034870834787900005,0.17240789481025376,0.17313990518974626,0.00036600518974624907,0.0,67.0,25.795301428571427,65.74135992342653,25.745046875714813,25.845555981428042,0.05025455285661451,0.0,469.0,180.56711,3221.3266362479003,180.2153281300037,180.91889186999632,0.35178186999630157,0.0,1.0,0.909015,0.04862422977500001,0.9076482709079571,0.910381729092043,0.0013667290920429398,0.84085,0.8385678120551521,0.8431124000644467
T-traverse_p_qa-W-20-HS-weighted-D-7-C-5-H-3-RUNS-100000.csv,traverse_p_qa,20,weighted,7,5,3,100000,2.0,140.0,46.23299,287.8283656599,46.12783670953703,46.33814329046297,0.10515329046297239,0.0,7.0,4.9069,2.9717523900000007,4.8962152987962115,4.917584701203789,0.010684701203788727,0.0,0.41,0.180774925,0.0029117100537443753,0.18044047582086414,0.18110937417913586,0.0003344491791358595,0.0,76.0,29.302834285714287,74.93161057906939,29.249181953500248,29.356486617928326,0.05365233221403898,0.0,532.0,205.11984,3671.6489183744,204.74427367450176,205.49540632549827,0.3755663254982551,0.0,1.0,0.8912166666666665,0.045018408611111116,0.88990158979241,0.8925317435409231,0.0013150768742565822,0.75612,0.7534460638491454,0.7587790736428146
T-traverse_p_qa-W-20-HS-weighted-D-7-C-5-H-4-RUNS-100000.csv,traverse_p_qa,20,weighted,7,5,4,100000,2.0,137.0,55.85472,292.33105372160003,55.748747410337536,55.960692589662465,0.10597258966246415,0.0,7.0,5.67982,1.8526847676,5.6713836063372955,5.688256393662705,0.008436393662704766,0.0,0.3925,0.17753125,0.0026298607734375,0.17721339982857898,0.17784910017142103,0.0003178501714210247,0.0,86.42857142857143,32.75212714285715,105.9034049650592,32.68834324829796,32.815911037416335,0.06378389455918665,0.0,605.0,229.26489,5189.266843287899,228.8184027380857,229.71137726191432,0.44648726191431365,0.0,1.0,0.85607,0.048109155099999995,0.8547105290358666,0.8574294709641334,0.001359470964133358,0.63634,0.6333495410303789,0.6393225493395072
T-traverse_p_qa-W-20-HS-weighted-D-7-C-5-H-5-RUNS-100000.csv,traverse_p_qa,20,weighted,7,5,5,100000,2.0,147.0,65.2288,364.83445055999994,65.11041300640395,65.34718699359607,0.11838699359606153,1.0,7.0,6.34529,0.6121448158999999,6.340440654142298,6.350139345857703,0.0048493458577025805,0.0,0.355,0.1530817,0.0021562765001100002,0.15279388839837799,0.153369511601622,0.00028781160162200115,0.0,101.57142857142857,36.115924285714286,159.25600747834898,36.03770677627242,36.19414179515615,0.07821750944186334,0.0,711.0,252.81147,7803.5443664391005,252.26394743390696,253.35899256609306,0.5475225660930505,0.0,1.0,0.8057659999999999,0.052602353243999984,0.8043444613961549,0.8071875386038448,0.001421538603844974,0.4916,0.4884967434775193,0.494703743799387
T-traverse_p_qa-W-20-HS-weighted-D-8-C-5-H-1-RUNS-100000.csv,traverse_p_qa,20,weighted,8,5,1,100000,1.0,133.0,26.70442,244.7065124636,26.60746307460113,26.801376925398866,0.09695692539886736,0.0,8.0,3.26414,5.2197900604,3.249979369542272,3.2783006304577276,0.014160630457727752,0.0025,0.4225,0.14244025,0.0051530318049375,0.14199532430977915,0.14288517569022083,0.0004449256902208376,0.25,62.125,20.42536,68.7674910579,20.37396182944423,20.476758170555772,0.05139817055577112,2.0,497.0,163.40288,4401.1194277056,162.99169463555384,163.81406536444618,0.41118536444616893,0.0,1.0,0.93812,0.058050865599999994,0.9366266540746063,0.9396133459253936,0.0014933459253936299,0.93812,0.9366089310890527,0.9396055957146852
T-traverse_p_qa-W-20-HS-weighted-D-8-C-5-H-2-RUNS-100000.csv,traverse_p_qa,20,weighted,8,5,2,100000,2.0,139.0,36.1087,267.16344431000005,36.00739180252017,36.21000819747983,0.10130819747983111,0.0,8.0,4.46459,4.6449661319,4.45123181827781,4.477948181722191,0.013358181722190388,0.005,0.4025,0.1750141,0.0035328015511900002,0.1746457033328184,0.17538249666718161,0.00036839666718160857,0.875,67.375,25.3458225,61.13268304849375,25.297361452219427,25.394283547780574,0.04846104778057381,7.0,539.0,202.76658,3912.4917151036,202.37889161775541,203.1542683822446,0.38768838224459046,0.0,1.0,0.934675,0.035065144375,0.9335143697460819,0.9358356302539181,0.0011606302539181046,0.88269,0.8806794589173911,0.8846783153543003
T-traverse_p_qa-W-20-HS-weighted-D-8-C-5-H-3-RUNS-100000.csv,traverse_p_qa,20,weighted,8,5,3,100000,2.0,135.0,44.89426,269.44893905239996,44.79251939629314,44.99600060370687,0.10174060370686533,0.0,8.0,5.48432,3.6450541376000003,5.472486640386178,5.496153359613823,0.01183335961382248,0.0,0.3925,0.18457435000000003,0.0029272770720775005,0.1842390079716157,0.18490969202838436,0.0003353420283843389,0.0,70.5,28.7279225,67.26226945899374,28.677089957829292,28.778755042170705,0.05083254217070632,0.0,564.0,229.82338,4304.7852453755995,229.41671966263434,230.23004033736564,0.40666033736565055,0.0,1.0,0.91636,0.034451017066666666,0.9152095782201153,0.9175104217798846,0.0011504217798846694,0.80447,0.8019980269961019,0.8069243011427952
T-traverse_p_qa-W-20-HS-weighted-D-8-C-5-H-4-RUNS-100000.csv,traverse_p_qa,20,weighted,8,5,4,100000,5.0,141.0,55.68306,275.34978903639995,55.58021138554349,55.7859086144565,0.10284861445650506,0.0,8.0,6.43628,2.2616997616,6.426958763062681,6.445601236937319,0.009321236937318567,0.0075,0.405,0.1813727,0.00256989056971,0.1810584947866028,0.1816869052133972,0.00031420521339720064,0.75,86.0,32.4398775,95.93002059749377,32.379171259206544,32.50058374079346,0.060706240793457766,6.0,688.0,259.51902,6139.521318239601,259.03337007365235,260.0046699263477,0.48564992634766213,0.0,1.0,0.882315,0.039772740774999996,0.8810789135913649,0.883551086408635,0.0012360864086350398,0.68917,0.6862909259014833,0.6920380986303546
T-traverse_p_qa-W-20-HS-weighted-D-8-C-5-H-5-RUNS-100000.csv,traverse_p_qa,20,weighted,8,5,5,100000,2.0,151.0,65.25316,341.59183001440005,65.1386061186086,65.36771388139138,0.11455388139138734,2.0,8.0,7.25461,0.7038237478999999,7.249410183359067,7.259809816640932,0.005199816640932831,0.0,0.3575,0.15332600000000002,0.002011120849,0.15304804457455345,0.15360395542544658,0.00027795542544656326,0.0,101.375,35.11452625,150.40589670681092,35.03851313976308,35.19053936023691,0.07601311023691437,0.0,811.0,280.91621,9625.977389235899,280.30810511810466,281.5243148818953,0.608104881895315,0.0,1.0,0.8312639999999999,0.04591536230399999,0.8299358868428215,0.8325921131571783,0.001328113157178401,0.53427,0.5311723559625092,0.5373656560538437
T-traverse_p_qa-W-20-HS-weighted-D-9-C-5-H-1-RUNS-100000.csv,traverse_p_qa,20,weighted,9,5,1,100000,1.0,128.0,25.61993,217.39497679510004,25.528543756896564,25.711316243103436,0.09138624310343602,0.0,9.0,3.52896,6.023041318400001,3.5137487819262345,3.5441712180737657,0.015211218073765576,0.0025,0.4225,0.143113925,0.005270780033594375,0.1426639446829076,0.1435639053170924,0.0004499803170923966,0.2222222222222222,65.44444444444444,19.97607777777778,64.69017069024692,19.926226623355472,20.025928932200085,0.049851154422306365,2.0,589.0,179.7847,5239.90382591,179.33603961019924,180.23336038980074,0.4486603898007502,0.0,1.0,0.95619,0.04189068389999998,0.9549214289485005,0.9574585710514995,0.0012685710514994675,0.95619,0.9549031545904819,0.9574503008781357
T-traverse_p_qa-W-20-HS-weighted-D-9-C-5-H-2-RUNS-100000.csv,traverse_p_qa,20,weighted,9,5,2,100000,2.0,142.0,34.46376,241.1235466624,34.367515508372776,34.560004491627225,0.0962444916272247,0.0,9.0,4.88266,5.339451324400001,4.868337976327412,4.896982023672587,0.014322023672587392,0.005,0.4125,0.17570697500000002,0.003622687998849375,0.17533392114039822,0.1760800288596018,0.0003730538596017907,1.2222222222222223,62.888888888888886,24.568173333333334,55.408540791683954,24.52203685640831,24.61430981025836,0.04613647692502454,11.0,566.0,221.11356,4488.091804126399,220.69833170767478,221.52878829232523,0.4152282923252244,0.0,1.0,0.951475,0.026167824375,0.9504723718829047,0.9524776281170952,0.0010026281170952833,0.91147,0.9096924281644163,0.9132236641394308
T-traverse_p_qa-W-20-HS-weighted-D-9-C-5-H-3-RUNS-100000.csv,traverse_p_qa,20,weighted,9,5,3,100000,6.0,156.0,44.01724,261.1113227824,43.91708585592194,44.11739414407806,0.10015414407806134,0.0,9.0,6.02752,4.3579226496,6.0145811454716025,6.0404588545283975,0.012938854528397492,0.0175,0.3825,0.187289475,0.002960892616724375,0.18695221300871714,0.18762673699128288,0.0003372619912828667,1.6666666666666667,70.0,28.58952,65.90758271280988,28.539201954554105,28.639838045445895,0.05031804544589491,15.0,630.0,257.30568,5338.5141997376,256.85281759098694,257.75854240901305,0.45286240901305064,0.0,1.0,0.9366966666666666,0.025980465766666665,0.9356976343484245,0.9376956989849088,0.0009990323182421657,0.84664,0.844391618054576,0.8488682570386855
T-traverse_p_qa-W-20-HS-weighted-D-9-C-5-H-4-RUNS-100000.csv,traverse_p_qa,20,weighted,9,5,4,100000,4.0,141.0,56.1275,271.89258375,56.0252990924828,56.2297009075172,0.10220090751720079,0.0,9.0,7.1766,2.72903244,7.166360932160834,7.186839067839165,0.010239067839165727,0.005,0.3875,0.18596015,0.0025122833619774998,0.18564948639152012,0.18627081360847986,0.0003106636084798664,1.4444444444444444,82.66666666666667,32.90738777777778,93.80689124790001,32.847357072849555,32.967418482706,0.0600307049282236,13.0,744.0,296.16649,7598.3581910799,295.626213655646,296.70676634435404,0.5402763443540266,0.0,1.0,0.9038425,0.03225061019375,0.9027294234342584,0.9049555765657415,0.0011130765657415553,0.73373,0.7309787090731868,0.7364677286570852
T-traverse_p_qa-W-20-HS-weighted-D-9-C-5-H-5-RUNS-100000.csv,traverse_p_qa,20,weighted,9,5,5,100000,5.0,155.0,66.65583,331.3439170111,66.54300753807021,66.76865246192978,0.11282246192978107,3.0,9.0,8.16087,0.7941908431000001,8.155346447209581,8.166393552790417,0.0055235527904180515,0.0075,0.345,0.15671932500000002,0.001959973984044375,0.15644492682112296,0.15699372317887708,0.0002743981788770611,1.1111111111111112,98.77777777777777,35.52147888888889,142.53273766967777,35.447482012939176,35.59547576483861,0.07399687594971738,10.0,889.0,319.69331,11545.1517512439,319.0273381164525,320.3592818835475,0.6659718835475132,0.0,1.0,0.8538020000000002,0.03985374479599999,0.852564655480441,0.8550393445195593,0.001237344519559147,0.57638,0.5733102178425938,0.5794453513070619
