filename,tactic,grid_width,hide_strategy,swarm_size,n_hider_candidates,n_hiders,runs,find_steps_min,find_steps_max,find_steps_mean,find_steps_var,find_steps_ci_lower,find_steps_ci_upper,find_steps_half_width,taken_down_min,taken_down_max,taken_down_mean,taken_down_var,taken_down_ci_lower,taken_down_ci_upper,taken_down_half_width,area_covered_min,area_covered_max,area_covered_mean,area_covered_var,area_covered_ci_lower,area_covered_ci_upper,area_covered_half_width,mean_distance_travelled_min,mean_distance_travelled_max,mean_distance_travelled_mean,mean_distance_travelled_var,mean_distance_travelled_ci_lower,mean_distance_travelled_ci_upper,mean_distance_travelled_half_width,total_distance_covered_min,total_distance_covered_max,total_distance_covered_mean,total_distance_covered_var,total_distance_covered_ci_lower,total_distance_covered_ci_upper,total_distance_covered_half_width,hider_frac_found_min,hider_frac_found_max,hider_frac_found_mean,hider_frac_found_var,hider_frac_found_ci_lower,hider_frac_found_ci_upper,hider_frac_found_half_width,found
T-divide_over_risks-W-20-HS-greedy-D-1-C-5-H-1-RUNS-100000.csv,divide_over_risks,20,greedy,1,5,1,100000,1.0,127.0,21.93834,120.84489804440001,21.87020500456246,22.00647499543754,0.0681349954375392,0.0,1.0,0.5828,0.24314415999999997,0.5797437562187286,0.5858562437812713,0.0030562437812713394,0.0,0.3075,0.05178352500000001,0.0007368668510743751,0.05161527674012528,0.05195177325987474,0.0001682482598747287,0.0,125.0,20.77274,122.26833289240001,20.704204897487532,20.841275102512466,0.06853510251246675,0.0,125.0,20.77274,122.26833289240001,20.704204897487532,20.841275102512466,0.06853510251246675,0.0,1.0,0.4172,0.24314415999999997,0.4141437562187286,0.4202562437812714,0.003056243781271395,41.72
T-divide_over_risks-W-20-HS-greedy-D-1-C-5-H-2-RUNS-100000.csv,divide_over_risks,20,greedy,1,5,2,100000,2.0,122.0,27.83946,199.0919669084,27.752005343172858,27.92691465682714,0.08745465682714126,0.0,1.0,0.70137,0.2094501231,0.698533411216089,0.7042065887839111,0.0028365887839110204,0.0,0.3,0.06557615,0.0012495953011775,0.06535705081449253,0.06579524918550747,0.00021909918550747087,0.0,120.0,26.43672,209.7689356416,26.34695094390823,26.526489056091773,0.08976905609177166,0.0,120.0,26.43672,209.7689356416,26.34695094390823,26.526489056091773,0.08976905609177166,0.0,1.0,0.386095,0.19329315097499997,0.38337001381877717,0.3888199861812229,0.002724986181222855,29.86
T-divide_over_risks-W-20-HS-greedy-D-1-C-5-H-3-RUNS-100000.csv,divide_over_risks,20,greedy,1,5,3,100000,2.0,130.0,31.77457,311.2261913151,31.665226205637627,31.883913794362375,0.10934379436237407,0.0,1.0,0.76248,0.1811042496,0.7598423304125358,0.7651176695874643,0.002637669587464253,0.0,0.3,0.0744911,0.0019233052707900004,0.07421928076726864,0.07476291923273137,0.00027181923273136843,0.0,128.0,30.24961,328.8104648479,30.13721968539239,30.36200031460761,0.11239031460760884,0.0,128.0,30.24961,328.8104648479,30.13721968539239,30.36200031460761,0.11239031460760884,0.0,1.0,0.35062666666666664,0.17066316284444444,0.348066159673153,0.35318717366018026,0.0025605069935136227,23.75
T-divide_over_risks-W-20-HS-greedy-D-1-C-5-H-4-RUNS-100000.csv,divide_over_risks,20,greedy,1,5,4,100000,2.0,142.0,34.49344,438.9540169664,34.36358293428626,34.623297065713736,0.12985706571373612,0.0,1.0,0.7911,0.16526079000000002,0.7885803455576925,0.7936196544423075,0.0025196544423075062,0.0,0.325,0.080495725,0.0026409394442243753,0.08017720603715897,0.08081424396284104,0.00031851896284103287,0.0,142.0,32.91124,462.1504216624,32.77799597349756,33.04448402650244,0.13324402650243883,0.0,142.0,32.91124,462.1504216624,32.77799597349756,33.04448402650244,0.13324402650243883,0.0,1.0,0.331275,0.15875562437500002,0.3288054340328734,0.3337445659671266,0.002469565967126608,20.89
T-divide_over_risks-W-20-HS-greedy-D-1-C-5-H-5-RUNS-100000.csv,divide_over_risks,20,greedy,1,5,5,100000,2.0,138.0,36.63528,570.9800393216001,36.4871760865116,36.7833839134884,0.14810391348839858,0.0,1.0,0.80564,0.15658419040000002,0.8031873813467222,0.8080926186532779,0.0024526186532778382,0.0,0.33,0.085172275,0.0033465556338243756,0.08481372056727186,0.08553082943272815,0.000358554432728142,0.0,138.0,35.024,598.707084,34.87234271748794,35.17565728251206,0.1516572825120619,0.0,138.0,35.024,598.707084,34.87234271748794,35.17565728251206,0.1516572825120619,0.0,1.0,0.317242,0.151716313436,0.3148278057458114,0.3196561942541887,0.0024141942541886507,19.44
T-divide_over_risks-W-20-HS-greedy-D-10-C-5-H-1-RUNS-100000.csv,divide_over_risks,20,greedy,10,5,1,100000,1.0,126.0,23.86265,214.3702249775,23.771901740717876,23.95339825928212,0.09074825928212249,0.0,10.0,3.93154,6.5188532284,3.9157150745460774,3.9473649254539227,0.015824925453922667,0.0,0.3825,0.13235487499999998,0.0043002848762343756,0.13194842728650485,0.1327613227134951,0.0004064477134951283,0.0,57.7,19.564621000000002,62.77787842635901,19.51551219246381,19.613729807536195,0.049108807536192955,0.0,577.0,195.64621,6277.787842635901,195.15512192463805,196.13729807536194,0.49108807536194377,0.0,1.0,0.94982,0.04766196760000001,0.9484668621107508,0.9511731378892492,0.0013531378892491785,94.98
T-divide_over_risks-W-20-HS-greedy-D-10-C-5-H-2-RUNS-100000.csv,divide_over_risks,20,greedy,10,5,2,100000,2.0,133.0,29.70917,209.24318791110002,29.61951350939953,29.798826490600472,0.08965649060047198,0.0,10.0,4.74555,6.6651051975,4.729548541276897,4.761551458723102,0.016001458723102324,0.0,0.38,0.16546485,0.0030256937894775,0.16512391737818657,0.16580578262181342,0.0003409326218134223,0.0,60.4,22.882153,44.802534584591,22.840666445930015,22.923639554069982,0.04148655406998358,0.0,604.0,228.82153,4480.253458459099,228.40666445930017,229.23639554069982,0.4148655406998216,0.0,1.0,0.955615,0.025262471775,0.9546298689855108,0.9566001310144892,0.00098513101448916,92.13
T-divide_over_risks-W-20-HS-greedy-D-10-C-5-H-3-RUNS-100000.csv,divide_over_risks,20,greedy,10,5,3,100000,2.0,141.0,32.70223,201.1576030271,32.61432283033854,32.79013716966146,0.08790716966146306,0.0,10.0,5.07668,6.599320177599999,5.060757704815489,5.09260229518451,0.015922295184510382,0.0,0.38,0.180122075,0.002544529910194375,0.17980942397884378,0.1804347260211562,0.0003126510211562128,0.0,77.0,24.382987000000004,39.237028057831004,24.34416265622101,24.421811343778998,0.038824343778994574,0.0,770.0,243.82987,3923.7028057831003,243.44162656221005,244.21811343778995,0.38824343778995285,0.0,1.0,0.96293,0.016533592877777777,0.9621330341889436,0.9637269658110563,0.0007969658110563715,91.12
T-divide_over_risks-W-20-HS-greedy-D-10-C-5-H-4-RUNS-100000.csv,divide_over_risks,20,greedy,10,5,4,100000,2.0,140.0,35.60568,208.21971173759997,35.51624304764745,35.69511695235255,0.08943695235254978,0.0,10.0,5.28602,6.6460125596,5.270041476335731,5.301998523664269,0.015978523664268884,0.0,0.395,0.19160485,0.0022841683314775,0.19130862608026689,0.1919010739197331,0.00029622391973310735,0.0,73.2,25.724780999999997,38.319524202039,25.68641326822256,25.763148731777434,0.0383677317774378,0.0,732.0,257.24781,3831.9524202038997,256.8641326822256,257.63148731777443,0.3836773177744135,0.0,1.0,0.96762,0.012434035599999999,0.9669288662129446,0.9683111337870555,0.0006911337870554313,90.5
T-divide_over_risks-W-20-HS-greedy-D-10-C-5-H-5-RUNS-100000.csv,divide_over_risks,20,greedy,10,5,5,100000,2.0,132.0,38.82666,218.36337324439998,38.73507044084309,38.918249559156905,0.09158955915690825,0.0,10.0,5.47955,6.689241797499999,5.463519594113286,5.495580405886713,0.01603040588671334,0.0,0.3925,0.20264970000000002,0.00220011546491,0.20235897739045616,0.20294042260954387,0.0002907226095438531,0.0,71.9,27.113581,41.235333656438996,27.073780289230648,27.153381710769352,0.03980071076935232,0.0,719.0,271.13581,4123.533365643901,270.73780289230643,271.53381710769355,0.39800710769355874,0.0,1.0,0.9693160000000001,0.011196892144,0.9686601495531725,0.9699718504468277,0.0006558504468275883,89.85
T-divide_over_risks-W-20-HS-greedy-D-5-C-5-H-1-RUNS-100000.csv,divide_over_risks,20,greedy,5,5,1,100000,1.0,150.0,29.34117,380.3785930311,29.220287312943984,29.46205268705602,0.12088268705601735,0.0,5.0,2.24743,2.8341883950999995,2.2369955291755566,2.2578644708244435,0.010434470824443487,0.0,0.3825,0.128962325,0.004186833168094375,0.12856127465031117,0.1293633753496888,0.0004010503496888196,0.0,75.6,21.539568000000003,84.693872773376,21.48252766500395,21.596608334996056,0.05704033499605288,0.0,378.0,107.69784,2117.3468193344,107.41263832501973,107.98304167498027,0.2852016749802715,0.0,1.0,0.82415,0.1449267775,0.8217904434559774,0.8265095565440227,0.002359556544022645,82.42
T-divide_over_risks-W-20-HS-greedy-D-5-C-5-H-2-RUNS-100000.csv,divide_over_risks,20,greedy,5,5,2,100000,2.0,137.0,36.30245,361.24861399749994,36.18464623624295,36.42025376375705,0.1178037637570526,0.0,5.0,2.69156,2.7957047664,2.6811966127976405,2.7019233872023594,0.010363387202359409,0.0,0.375,0.157261775,0.003200012936349375,0.1569111588324281,0.1576123911675719,0.00035061616757189884,0.0,74.4,25.251863999999998,66.11109172550401,25.2014683285616,25.302259671438396,0.05039567143839818,0.0,372.0,126.25932,1652.7772931375998,126.00734164280802,126.51129835719199,0.25197835719198736,0.0,1.0,0.84653,0.08769195909999998,0.8446945778957456,0.8483654221042544,0.0018354221042543584,76.21
T-divide_over_risks-W-20-HS-greedy-D-5-C-5-H-3-RUNS-100000.csv,divide_over_risks,20,greedy,5,5,3,100000,2.0,138.0,39.85634,336.7957218044,39.74259315631264,39.97008684368737,0.1137468436873661,0.0,5.0,2.87339,2.7110399079000005,2.8631847411055924,2.883595258894408,0.01020525889440771,0.0,0.38,0.17004585,0.0027991885227775003,0.16971792679818132,0.17037377320181868,0.0003279232018186806,0.0,82.0,27.092342000000002,61.81734135503601,27.04361033693075,27.141073663069253,0.04873166306925114,0.0,410.0,135.46171,1545.4335338759,135.21805168465374,135.70536831534628,0.24365831534626636,0.0,1.0,0.8671633333333333,0.06290664221111113,0.865608784663403,0.8687178820032636,0.0015545486699303224,73.69
T-divide_over_risks-W-20-HS-greedy-D-5-C-5-H-4-RUNS-100000.csv,divide_over_risks,20,greedy,5,5,4,100000,2.0,152.0,44.03782,325.1726696476,43.92605312978713,44.14958687021288,0.11176687021287535,0.0,5.0,3.02269,2.5901151639,3.0127149378880937,3.032665062111906,0.00997506211190613,0.0,0.3975,0.18247259999999998,0.00260834287424,0.18215605284734054,0.18278914715265943,0.000316547152659441,0.0,88.0,29.223002,69.449444907996,29.17134960532574,29.27465439467426,0.051652394674260194,0.0,440.0,146.11501,1736.2361226999,145.8567480266287,146.37327197337132,0.2582619733713045,0.0,1.0,0.876015,0.054581469775,0.8745669662494001,0.8774630337505999,0.0014480337505998753,71.97
T-divide_over_risks-W-20-HS-greedy-D-5-C-5-H-5-RUNS-100000.csv,divide_over_risks,20,greedy,5,5,5,100000,2.0,140.0,48.45844,320.92893276639995,48.34740484394052,48.56947515605949,0.11103515605948644,0.0,5.0,3.15479,2.4364900559,3.1451152802631057,3.1644647197368947,0.009674719736894488,0.0,0.39,0.194627925,0.0026528917476943753,0.1943086860779065,0.19494716392209352,0.0003192389220935121,0.0,93.6,31.445075999999997,81.32611695422399,31.389181240774167,31.500970759225826,0.055894759225829205,0.0,468.0,157.22538,2033.1529238555997,156.94590620387086,157.50485379612914,0.2794737961291389,0.0,1.0,0.879714,0.051762878203999996,0.8783038501040369,0.8811241498959631,0.0014101498959631087,70.63
T-divide_over_risks-W-20-HS-random-D-1-C-5-H-1-RUNS-100000.csv,divide_over_risks,20,random,1,5,1,100000,1.0,128.0,28.64215,310.2581733775,28.532976386024508,28.751323613975494,0.10917361397549286,0.0,1.0,0.6804,0.21745583999999998,0.6775097087431472,0.6832902912568528,0.002890291256852806,0.0,0.32,0.067244925,0.0018572843742443751,0.06697781184697123,0.06751203815302877,0.0002671131530287696,0.0,128.0,27.28135,321.3081121775,27.17024926896095,27.392450731039048,0.11110073103904838,0.0,128.0,27.28135,321.3081121775,27.17024926896095,27.392450731039048,0.11110073103904838,0.0,1.0,0.3196,0.21745583999999998,0.31670970874314713,0.32249029125685286,0.0028902912568528616,31.96
T-divide_over_risks-W-20-HS-random-D-1-C-5-H-2-RUNS-100000.csv,divide_over_risks,20,random,1,5,2,100000,2.0,139.0,33.03969,402.7703747038999,32.9153001824319,33.1640798175681,0.12438981756810108,0.0,1.0,0.76569,0.1794088239,0.7630647058490633,0.7683152941509367,0.002625294150936708,0.0,0.3225,0.0772254,0.0024163135948399995,0.0769207278761367,0.0775300721238633,0.00030467212386330045,0.0,139.0,31.50831,423.2141309439,31.380802376485402,31.6358176235146,0.12750762351459954,0.0,139.0,31.50831,423.2141309439,31.380802376485402,31.6358176235146,0.12750762351459954,0.0,1.0,0.31591,0.17531087189999997,0.3133148617657415,0.3185051382342585,0.0025951382342584983,23.43
T-divide_over_risks-W-20-HS-random-D-1-C-5-H-3-RUNS-100000.csv,divide_over_risks,20,random,1,5,3,100000,2.0,137.0,34.96705,475.54330429749996,34.83188909005229,35.10221090994771,0.13516090994770735,0.0,1.0,0.79082,0.1654237276,0.7882991037467834,0.7933408962532166,0.002520896253216609,0.0,0.3325,0.0815058,0.00282373794136,0.08117644196266785,0.08183515803733216,0.0003293580373321531,0.0,137.0,33.38541,499.8220891319001,33.24684173026955,33.52397826973045,0.1385682697304489,0.0,137.0,33.38541,499.8220891319001,33.24684173026955,33.52397826973045,0.1385682697304489,0.0,1.0,0.31504333333333334,0.16131547589999998,0.31255393675541043,0.31753272991125625,0.002489396577922909,20.92
T-divide_over_risks-W-20-HS-random-D-1-C-5-H-4-RUNS-100000.csv,divide_over_risks,20,random,1,5,4,100000,2.0,142.0,35.89841,524.8284294719,35.75641771518638,36.04040228481362,0.14199228481361814,0.0,1.0,0.79938,0.16037161560000002,0.79689789686256,0.80186210313744,0.002482103137440017,0.0,0.3275,0.08355195,0.0030967861511975,0.083207035319558,0.083896864680442,0.00034491468044199614,0.0,142.0,34.29965,551.1719998775,34.15413772028693,34.44516227971307,0.14551227971306702,0.0,142.0,34.29965,551.1719998775,34.15413772028693,34.44516227971307,0.14551227971306702,0.0,1.0,0.3165225,0.15569038199374996,0.3140768913406532,0.31896810865934677,0.0024456086593467874,20.06
T-divide_over_risks-W-20-HS-random-D-1-C-5-H-5-RUNS-100000.csv,divide_over_risks,20,random,1,5,5,100000,2.0,142.0,36.54157,563.0973119350999,36.39449197194924,36.68864802805076,0.14707802805075687,0.0,1.0,0.80721,0.1556220159,0.8047649283522125,0.8096550716477875,0.002445071647787511,0.0,0.3275,0.08495332500000001,0.003304928383944375,0.08459700754491592,0.0853096424550841,0.0003563174550840903,0.0,142.0,34.92715,590.5138028775001,34.7765340039991,35.07776599600089,0.15061599600089437,0.0,142.0,34.92715,590.5138028775001,34.7765340039991,35.07776599600089,0.15061599600089437,0.0,1.0,0.316,0.15093119999999996,0.3135920604286652,0.3184079395713348,0.002407939571334783,19.28
T-divide_over_risks-W-20-HS-random-D-10-C-5-H-1-RUNS-100000.csv,divide_over_risks,20,random,10,5,1,100000,1.0,128.0,23.7894,171.24972763999997,23.708290632248683,23.870509367751318,0.08110936775131705,0.0,10.0,3.39252,7.3921080496,3.3756684355968525,3.409371564403148,0.016851564403147723,0.0,0.3675,0.134508825,0.0042994333096193745,0.1341024175320293,0.13491523246797069,0.0004064074679706875,0.0,67.9,19.353898,60.490378405596,19.305692208057234,19.402103791942768,0.04820579194276675,0.0,679.0,193.53898,6049.037840559599,193.05692208057235,194.02103791942767,0.4820579194276604,0.0,1.0,0.9708,0.028347359999999988,0.9697564521181278,0.9718435478818722,0.00104354788187222,97.08
T-divide_over_risks-W-20-HS-random-D-10-C-5-H-2-RUNS-100000.csv,divide_over_risks,20,random,10,5,2,100000,2.0,133.0,30.42804,182.92208175840003,30.344211993386274,30.511868006613724,0.08382800661372514,0.0,10.0,4.45715,7.2591038775,4.440450726526042,4.4738492734739586,0.016699273473958165,0.0,0.3825,0.169959325,0.003013525783044375,0.16961907860915737,0.17029957139084262,0.00034024639084262454,0.0,65.9,23.215187999999998,46.312176924655994,23.173008282258674,23.25736771774132,0.04217971774132323,0.0,659.0,232.15188,4631.2176924656,231.73008282258678,232.57367717741323,0.4217971774132252,0.0,1.0,0.968345,0.018725460975000004,0.9674968506565377,0.9691931493434623,0.0008481493434623344,94.45
T-divide_over_risks-W-20-HS-random-D-10-C-5-H-3-RUNS-100000.csv,divide_over_risks,20,random,10,5,3,100000,2.0,132.0,34.1251,193.41534998999998,34.03890113640416,34.21129886359585,0.08619886359584683,0.0,10.0,4.94947,6.939976719100001,4.933141921556994,4.965798078443005,0.016328078443005545,0.0,0.3925,0.18650575,0.0025129313419375,0.18619504633019246,0.18681645366980754,0.0003107036698075383,0.0,66.6,25.083993,42.402408675951,25.04363298350229,25.124353016497707,0.04036001649770782,0.0,666.0,250.83993,4240.2408675951,250.43632983502292,251.2435301649771,0.4036001649770924,0.0,1.0,0.9697333333333333,0.014117262222222227,0.9689969036044869,0.9704697630621798,0.0007364297288464661,92.83
T-divide_over_risks-W-20-HS-random-D-10-C-5-H-4-RUNS-100000.csv,divide_over_risks,20,random,10,5,4,100000,2.0,139.0,36.79903,206.5810810591,36.70994566462073,36.88811433537927,0.08908433537926896,0.0,10.0,5.27128,6.752927161600001,5.255173465616712,5.2873865343832875,0.016106534383287574,0.0,0.3875,0.19641955000000003,0.0022911887527975,0.1961228712054638,0.19671622879453626,0.000296678794536237,0.0,72.6,26.261757999999997,41.259368949436,26.22194569138116,26.301570308618835,0.03981230861883844,0.0,726.0,262.61758,4125.936894943599,262.2194569138116,263.01570308618835,0.39812308618837733,0.0,1.0,0.96952,0.012224719600000003,0.9688347082167765,0.9702052917832236,0.0006852917832235184,91.22
T-divide_over_risks-W-20-HS-random-D-10-C-5-H-5-RUNS-100000.csv,divide_over_risks,20,random,10,5,5,100000,2.0,145.0,38.81651,216.6172614199,38.72528736731103,38.90773263268897,0.09122263268896802,0.0,10.0,5.48538,6.7033262556,5.469332726666654,5.501427273333347,0.016047273333346546,0.0,0.385,0.20285497500000002,0.002179203430249375,0.202565637344351,0.20314431265564903,0.00028933765564900793,0.0,71.3,27.109266,41.033023741244,27.069563044945703,27.1489689550543,0.03970295505429888,0.0,713.0,271.09266,4103.3023741244,270.69563044945704,271.489689550543,0.3970295505429817,0.0,1.0,0.9693860000000001,0.011066383003999999,0.9687339829990855,0.9700380170009146,0.000652017000914551,89.77
T-divide_over_risks-W-20-HS-random-D-5-C-5-H-1-RUNS-100000.csv,divide_over_risks,20,random,5,5,1,100000,1.0,137.0,29.29449,293.90226563990007,29.188233002880647,29.400746997119352,0.10625699711935255,0.0,5.0,2.06323,2.7936119671,2.0528704924186467,2.073589507581353,0.010359507581353178,0.0,0.38,0.13249007499999998,0.004030027838994375,0.13209660638694068,0.1328835436130593,0.0003934686130593057,0.0,86.2,21.956771999999997,88.734563340016,21.8983868393402,22.015157160659793,0.05838516065979604,0.0,431.0,109.78386,2218.3640835004003,109.49193419670102,110.07578580329898,0.2919258032989802,0.0,1.0,0.87951,0.1059721599,0.8774923215085851,0.8815276784914149,0.002017678491414876,87.95
T-divide_over_risks-W-20-HS-random-D-5-C-5-H-2-RUNS-100000.csv,divide_over_risks,20,random,5,5,2,100000,2.0,150.0,37.87922,305.16755219159995,37.77094573396696,37.98749426603303,0.10827426603303536,0.0,5.0,2.6173,2.6508407099999998,2.607208682112065,2.6273913178879353,0.010091317887935158,0.0,0.3825,0.1652592,0.00303231819036,0.16491789436629192,0.16560050563370807,0.0003413056337080722,0.0,102.0,26.56806,76.9795846364,26.51367941777259,26.62244058222741,0.05438058222740949,0.0,510.0,132.8403,1924.48961591,132.56839708886298,133.11220291113705,0.27190291113703324,0.0,1.0,0.88109,0.0711854119,0.8794363196247309,0.8827436803752692,0.0016536803752691398,81.39
T-divide_over_risks-W-20-HS-random-D-5-C-5-H-3-RUNS-100000.csv,divide_over_risks,20,random,5,5,3,100000,2.0,140.0,42.77619,312.3030390839,42.66665720331587,42.88572279668413,0.10953279668412819,0.0,5.0,2.89711,2.5348436479000003,2.887241942765786,2.9069780572342143,0.009868057234214245,0.0,0.3775,0.18016534999999997,0.0027537257843775003,0.17984010066528483,0.18049059933471512,0.00032524933471514417,0.0,92.0,28.86351,76.5466196799,28.80928256283372,28.917737437166284,0.054227437166282755,0.0,460.0,144.31755,1913.6654919975,144.0464128141686,144.58868718583142,0.27113718583140667,0.0,1.0,0.8787033333333333,0.06160378532222223,0.8771649669865424,0.8802416996801241,0.0015383663467908315,76.56
T-divide_over_risks-W-20-HS-random-D-5-C-5-H-4-RUNS-100000.csv,divide_over_risks,20,random,5,5,4,100000,2.0,142.0,46.078,317.31255600000003,45.967592214263234,46.18840778573677,0.11040778573676846,0.0,5.0,3.04849,2.4778187199,3.038733572172989,3.058246427827011,0.009756427827011027,0.0,0.385,0.188889775,0.002669294337949375,0.18856955068598458,0.18920999931401544,0.0003202243140154326,0.0,89.0,30.372402,78.744846750396,30.317401436068682,30.42740256393132,0.055000563931319135,0.0,445.0,151.86201,1968.6211687598998,151.5870071803434,152.1370128196566,0.27500281965660633,0.0,1.0,0.879005,0.05578770997500001,0.8775410530520543,0.8804689469479458,0.0014639469479457157,73.25
T-divide_over_risks-W-20-HS-random-D-5-C-5-H-5-RUNS-100000.csv,divide_over_risks,20,random,5,5,5,100000,2.0,147.0,48.27094,319.4504515164,48.16016090203719,48.381719097962815,0.11077909796281205,0.0,5.0,3.15419,2.4471954439,3.1444940492898907,3.163885950710109,0.009695950710109091,0.0,0.405,0.19423905,0.0026372533300974997,0.1939207534025802,0.1945573465974198,0.00031829659741980376,0.0,91.8,31.336662,79.671581497756,31.281338736585614,31.391985263414387,0.05532326341438676,0.0,459.0,156.68331,1991.7895374439001,156.40669368292805,156.95992631707196,0.2766163170719551,0.0,1.0,0.879878,0.05162230511599999,0.8784697661865528,0.8812862338134473,0.001408233813447235,70.55
T-divide_over_risks-W-20-HS-weighted-D-1-C-5-H-1-RUNS-100000.csv,divide_over_risks,20,weighted,1,5,1,100000,1.0,140.0,25.31947,213.3434489191,25.228939331529716,25.410000668470282,0.0905306684702829,0.0,1.0,0.63455,0.2318962975,0.6315652842405415,0.6375347157594584,0.0029847157594584672,0.0,0.2925,0.05961135,0.0012888887011775,0.05938883270102207,0.05983386729897793,0.00022251729897793115,0.0,140.0,24.05037,218.95015286310002,23.958657465020377,24.142082534979625,0.0917125349796244,0.0,140.0,24.05037,218.95015286310002,23.958657465020377,24.142082534979625,0.0917125349796244,0.0,1.0,0.36545,0.2318962975,0.3624652842405415,0.3684347157594585,0.0029847157594585227,36.55
T-divide_over_risks-W-20-HS-weighted-D-1-C-5-H-2-RUNS-100000.csv,divide_over_risks,20,weighted,1,5,2,100000,2.0,158.0,30.82761,309.8589516879,30.71850664767734,30.93671335232266,0.10910335232265922,0.0,1.0,0.74001,0.1923951999,0.7372913507031325,0.7427286492968674,0.0027186492968674925,0.0,0.3625,0.07228227499999999,0.0018868460333243747,0.07201304447198323,0.07255150552801676,0.0002692305280167645,0.0,156.0,29.34759,325.6141311919,29.23574728694337,29.459432713056632,0.11184271305663174,0.0,156.0,29.34759,325.6141311919,29.23574728694337,29.459432713056632,0.11184271305663174,0.0,1.0,0.350625,0.18236960937500005,0.3479781318669511,0.35327186813304895,0.0026468681330489296,26.0
T-divide_over_risks-W-20-HS-weighted-D-1-C-5-H-3-RUNS-100000.csv,divide_over_risks,20,weighted,1,5,3,100000,2.0,138.0,33.69668,407.10833697759995,33.57162211790802,33.82173788209198,0.12505788209197988,0.0,1.0,0.77679,0.17338729590000002,0.774209138446314,0.779370861553686,0.002580861553685976,0.0,0.325,0.07876715000000001,0.0024497987058774997,0.07846037407675148,0.07907392592324854,0.0003067759232485284,0.0,138.0,32.1431,428.49298239,32.014799624273756,32.27140037572624,0.12830037572624065,0.0,138.0,32.1431,428.49298239,32.014799624273756,32.27140037572624,0.12830037572624065,0.0,1.0,0.3385933333333333,0.1656056657333333,0.33607105118123143,0.3411156154854352,0.0025222821521018735,22.32
T-divide_over_risks-W-20-HS-weighted-D-1-C-5-H-4-RUNS-100000.csv,divide_over_risks,20,weighted,1,5,4,100000,2.0,143.0,35.32819,490.3672613238999,35.190938593045395,35.465441406954604,0.13725140695460425,0.0,1.0,0.79446,0.16329330839999998,0.7919553891049718,0.7969646108950283,0.002504610895028292,0.0,0.3325,0.08230707500000001,0.0029095734674443752,0.08197274855126263,0.08264140144873738,0.0003343264487373765,0.0,143.0,33.73927,515.3155698671,33.59857045155717,33.87996954844282,0.14069954844282506,0.0,143.0,33.73927,515.3155698671,33.59857045155717,33.87996954844282,0.14069954844282506,0.0,1.0,0.3275825,0.15748408069375003,0.32512284383623824,0.33004215616376176,0.0024596561637617587,20.55
T-divide_over_risks-W-20-HS-weighted-D-1-C-5-H-5-RUNS-100000.csv,divide_over_risks,20,weighted,1,5,5,100000,2.0,148.0,36.57284,568.1820343344,36.42509941305453,36.72058058694547,0.1477405869454671,0.0,1.0,0.80639,0.15612516790000003,0.803940978879216,0.8088390211207841,0.002449021120784045,0.0,0.335,0.085000825,0.003324638436819375,0.08464344661482702,0.08535820338517298,0.00035737838517298226,0.0,148.0,34.96006,595.7625447963999,34.80877611480102,35.11134388519898,0.1512838851989784,0.0,148.0,34.96006,595.7625447963999,34.80877611480102,35.11134388519898,0.1512838851989784,0.0,1.0,0.316416,0.15125851494399997,0.3140054508695965,0.3188265491304034,0.00241054913040345,19.36
T-divide_over_risks-W-20-HS-weighted-D-10-C-5-H-1-RUNS-100000.csv,divide_over_risks,20,weighted,10,5,1,100000,1.0,134.0,23.4569,191.98732238999997,23.371019938420293,23.54278006157971,0.08588006157970796,0.0,10.0,3.68045,6.994317797499999,3.6640581205315326,3.6968418794684674,0.01639187946846743,0.0,0.385,0.13151385000000002,0.0042312958831775,0.1311106757663886,0.13191702423361143,0.00040317423361141413,0.0,63.4,19.277212000000002,60.236515907055995,19.229107468040056,19.32531653195995,0.048104531959946684,0.0,634.0,192.77212,6023.6515907056,192.29107468040056,193.25316531959945,0.4810453195994455,0.0,1.0,0.95649,0.041616879899999994,0.9552255815335742,0.9577544184664257,0.0012644184664257763,95.65
T-divide_over_risks-W-20-HS-weighted-D-10-C-5-H-2-RUNS-100000.csv,divide_over_risks,20,weighted,10,5,2,100000,2.0,135.0,29.88482,202.80313356759999,29.796554008932475,29.973085991067528,0.08826599106752653,0.0,10.0,4.62851,6.888265179899999,4.612242867642051,4.64477713235795,0.01626713235794952,0.0,0.38,0.16642522499999998,0.003042239046199375,0.16608336149624622,0.16676708850375374,0.00034186350375375874,0.0,60.6,22.967996,45.64945394398401,22.926119163649673,23.009872836350326,0.04187683635032613,0.0,606.0,229.67996,4564.9453943984,229.26119163649673,230.09872836350326,0.4187683635032613,0.0,1.0,0.96082,0.0222199276,0.9598960948432433,0.9617439051567567,0.0009239051567566658,93.0
T-divide_over_risks-W-20-HS-weighted-D-10-C-5-H-3-RUNS-100000.csv,divide_over_risks,20,weighted,10,5,3,100000,2.0,135.0,33.42945,202.4660226975,33.34125739981185,33.517642600188154,0.088192600188151,0.0,10.0,5.05412,6.7663110256,5.03799751246366,5.0702424875363405,0.01612248753634038,0.0,0.39,0.18273057499999998,0.0025217507726693748,0.18241932658203955,0.1830418234179604,0.00031124841796043023,0.0,68.0,24.706978000000003,40.812630707516,24.66738181304646,24.746574186953545,0.039596186953541945,0.0,680.0,247.06978,4081.2630707516005,246.67381813046458,247.46574186953544,0.39596186953542656,0.0,1.0,0.9645233333333334,0.015760295011111113,0.9637452282677113,0.9653014383989555,0.0007781050656221478,91.44
T-divide_over_risks-W-20-HS-weighted-D-10-C-5-H-4-RUNS-100000.csv,divide_over_risks,20,weighted,10,5,4,100000,2.0,141.0,36.26556,211.6041578864,36.17539911419377,36.35572088580623,0.0901608858062275,0.0,10.0,5.30403,6.6783957591,5.2880125953574995,5.320047404642501,0.016017404642500566,0.0,0.3925,0.193894675,0.002315431319144375,0.19359643078872968,0.1941929192112703,0.00029824421127030987,0.0,70.4,26.007668,40.324203001776006,25.968309461123205,26.047026538876793,0.03935853887679386,0.0,704.0,260.07668,4032.4203001776,259.68309461123204,260.470265388768,0.3935853887679741,0.0,1.0,0.9679725,0.012379864243749998,0.9672828733874133,0.9686621266125868,0.0006896266125867578,90.59
T-divide_over_risks-W-20-HS-weighted-D-10-C-5-H-5-RUNS-100000.csv,divide_over_risks,20,weighted,10,5,5,100000,2.0,148.0,38.80304,214.79282675839997,38.71220233582511,38.893877664174894,0.09083766417489159,0.0,10.0,5.48894,6.6911976764,5.472907250705616,5.504972749294385,0.016032749294384807,0.0,0.385,0.20279317500000002,0.0021934131109193748,0.2025028955517625,0.20308345444823753,0.00029027944823750707,0.0,70.0,27.098721,41.092445864159,27.0589893073565,27.1384526926435,0.03973169264349963,0.0,700.0,270.98721,4109.2445864159,270.589893073565,271.384526926435,0.3973169264349963,0.0,1.0,0.96944,0.011030886399999995,0.9687890295460296,0.9700909704539703,0.0006509704539703343,89.79
T-divide_over_risks-W-20-HS-weighted-D-5-C-5-H-1-RUNS-100000.csv,divide_over_risks,20,weighted,5,5,1,100000,1.0,144.0,28.7025,336.94429375,28.58872807029544,28.816271929704563,0.11377192970456207,0.0,5.0,2.1432,2.85103376,2.132734565803362,2.1536654341966384,0.010465434196638146,0.0,0.3975,0.128227875,0.004043329760484375,0.12783375756054982,0.12862199243945016,0.0003941174394501701,0.0,73.2,21.34184,82.93570941440001,21.285394821172545,21.398285178827457,0.05644517882745603,0.0,366.0,106.7092,2073.39273536,106.42697410586271,106.99142589413728,0.2822258941372837,0.0,1.0,0.84517,0.13085767110000002,0.8429278964580159,0.847412103541984,0.002242103541984064,84.52
T-divide_over_risks-W-20-HS-weighted-D-5-C-5-H-2-RUNS-100000.csv,divide_over_risks,20,weighted,5,5,2,100000,2.0,138.0,36.89586,343.4529548604,36.78099447552064,37.010725524479355,0.11486552447935594,0.0,5.0,2.66855,2.7645108974999997,2.658244591194991,2.6788554088050094,0.010305408805009186,0.0,0.3875,0.15996865,0.0031156180171775004,0.15962268817877126,0.16031461182122872,0.00034596182122872965,0.0,92.8,25.739662000000003,70.708610125756,25.687543462351762,25.791780537648243,0.052118537648240704,0.0,464.0,128.69831,1767.7152531439,128.4377173117588,128.95890268824118,0.2605926882411893,0.0,1.0,0.860175,0.079031469375,0.8584325669517855,0.8619174330482146,0.0017424330482145312,77.77
T-divide_over_risks-W-20-HS-weighted-D-5-C-5-H-3-RUNS-100000.csv,divide_over_risks,20,weighted,5,5,3,100000,2.0,144.0,41.68351,335.6209040799,41.569961716652635,41.79705828334736,0.11354828334736311,0.0,5.0,2.9119,2.64681839,2.9018163411764264,2.921983658823574,0.01008365882357376,0.0,0.385,0.17553,0.002789728975,0.17520263135717726,0.17585736864282273,0.00032736864282273404,0.0,87.2,28.10412,70.91690622559999,28.05192475242359,28.156315247576412,0.05219524757641025,0.0,436.0,140.5206,1772.9226556400001,140.25962376211797,140.78157623788204,0.2609762378820335,0.0,1.0,0.8688766666666665,0.06254333812222224,0.8673266134813521,0.870426719851981,0.0015500531853144262,74.02
T-divide_over_risks-W-20-HS-weighted-D-5-C-5-H-4-RUNS-100000.csv,divide_over_risks,20,weighted,5,5,4,100000,2.0,141.0,45.35389,326.2356118679,45.24194060399664,45.46583939600336,0.11194939600336085,0.0,5.0,3.05301,2.5438799399,3.0431243694297634,3.0628956305702366,0.009885630570236614,0.0,0.375,0.18617012499999996,0.0026432797449843747,0.1858514649386755,0.18648878506132444,0.00031866006132447167,0.0,84.6,29.90595,74.1319653975,29.852584715566106,29.959315284433895,0.053365284433894544,0.0,423.0,149.52975,1853.2991349375,149.26292357783055,149.79657642216947,0.2668264221694585,0.0,1.0,0.87584,0.0546067944,0.8743916303601392,0.8772883696398607,0.0014483696398607249,71.91
T-divide_over_risks-W-20-HS-weighted-D-5-C-5-H-5-RUNS-100000.csv,divide_over_risks,20,weighted,5,5,5,100000,2.0,144.0,48.36494,318.63477879640004,48.25430242201565,48.475577577984346,0.11063757798434892,0.0,5.0,3.16461,2.4432135478999997,3.154921940769374,3.1742980592306265,0.009688059230626322,0.0,0.3925,0.19429335,0.0026423936457775,0.19397474335490894,0.19461195664509107,0.00031860664509106296,0.0,88.2,31.317354000000005,79.93551403868399,31.261939176105038,31.372768823894972,0.05541482389496721,0.0,441.0,156.58677,1998.3878509671,156.30969588052517,156.86384411947483,0.2770741194748325,0.0,1.0,0.87877,0.052115687099999995,0.8773550525678905,0.8801849474321096,0.00141494743210957,70.34
T-horizontal_scan_traversal-W-20-HS-greedy-D-1-C-5-H-1-RUNS-100000.csv,horizontal_scan_traversal,20,greedy,1,5,1,100000,1.0,401.0,155.6806,11788.842143639999,155.00763628642395,156.35356371357605,0.6729637135760527,0.0,1.0,0.66971,0.22119851589999998,0.6667949421640704,0.6726250578359296,0.002915057835929602,0.0,0.9975,0.38336465,0.0738372865053775,0.3816804489435965,0.38504885105640346,0.0016842010564034893,0.0,400.0,154.34001,11815.760663199902,153.66627840534417,155.01374159465584,0.673731594655834,0.0,400.0,154.34001,11815.760663199902,153.66627840534417,155.01374159465584,0.673731594655834,0.0,1.0,0.32912,0.2208000256,0.3262075690937896,0.33203243090621043,0.002912430906210406,32.91
T-horizontal_scan_traversal-W-20-HS-greedy-D-1-C-5-H-2-RUNS-100000.csv,horizontal_scan_traversal,20,greedy,1,5,2,100000,2.0,401.0,181.01361,13025.2312647679,180.30623648885663,181.72098351114337,0.7073735111433734,0.0,1.0,0.7527,0.18614271000000002,0.7500258911115364,0.7553741088884637,0.0026741088884636444,0.0,0.9975,0.44627809999999996,0.08187236058538999,0.4445046264015925,0.4480515735984074,0.00177347359840746,0.0,400.0,179.50614,13101.3995823004,178.7967012314275,180.21557876857247,0.7094387685724826,0.0,400.0,179.50614,13101.3995823004,178.7967012314275,180.21557876857247,0.7094387685724826,0.0,1.0,0.36826,0.17112957239999996,0.3656959965574675,0.37082400344253247,0.002564003442532492,24.52
T-horizontal_scan_traversal-W-20-HS-greedy-D-1-C-5-H-3-RUNS-100000.csv,horizontal_scan_traversal,20,greedy,1,5,3,100000,2.0,401.0,190.59024,14025.442516742401,189.85620907440955,191.32427092559044,0.7340309255904458,0.0,1.0,0.77626,0.1736804124,0.773676957855017,0.7788430421449829,0.00258304214498295,0.0,0.9975,0.47010145000000003,0.0882465902078975,0.46826023273703876,0.4719426672629613,0.00184121726296127,0.0,400.0,189.03524,14121.4638981424,188.2987006886859,189.77177931131408,0.7365393113140897,0.0,400.0,189.03524,14121.4638981424,188.2987006886859,189.77177931131408,0.7365393113140897,0.0,1.0,0.39425,0.1548858263888889,0.39181071856757865,0.3966892814324213,0.0024392814324213363,22.13
T-horizontal_scan_traversal-W-20-HS-greedy-D-1-C-5-H-4-RUNS-100000.csv,horizontal_scan_traversal,20,greedy,1,5,4,100000,2.0,401.0,196.05521,14694.369001855901,195.3038785953753,196.80654140462468,0.7513314046246933,0.0,1.0,0.78514,0.16869518040000003,0.7825942989079142,0.7876857010920857,0.0025457010920857392,0.0,0.9975,0.483717675,0.09249446833009439,0.48183266372805256,0.48560268627194747,0.0018850112719474565,0.0,400.0,194.48206,14801.0547981564,193.72800607545216,195.23611392454782,0.7540539245478328,0.0,400.0,194.48206,14801.0547981564,193.72800607545216,195.23611392454782,0.7540539245478328,0.0,1.0,0.41476,0.1465766424,0.4123870507181066,0.41713294928189343,0.0023729492818934106,21.2
T-horizontal_scan_traversal-W-20-HS-greedy-D-1-C-5-H-5-RUNS-100000.csv,horizontal_scan_traversal,20,greedy,1,5,5,100000,2.0,401.0,198.45153,15300.880530659098,197.68484973648344,199.21821026351654,0.7666802635165482,0.0,1.0,0.78714,0.16755062039999996,0.784602949619482,0.7896770503805179,0.002537050380517991,0.0,0.9975,0.489697175,0.09633739798451937,0.4877734033189075,0.49162094668109246,0.0019237716810924788,0.0,400.0,196.87341,15416.1241249719,196.10384790089108,197.64297209910893,0.7695620991089243,0.0,400.0,196.87341,15416.1241249719,196.10384790089108,197.64297209910893,0.7695620991089243,0.0,1.0,0.43184200000000006,0.142036087036,0.4295060936834764,0.4341779063165237,0.0023359063165236393,20.9
T-horizontal_scan_traversal-W-20-HS-greedy-D-10-C-5-H-1-RUNS-100000.csv,horizontal_scan_traversal,20,greedy,10,5,1,100000,1.0,401.0,198.50172,13120.480417041603,197.79176480725818,199.21167519274184,0.7099551927418304,0.0,10.0,6.65822,5.5114464316,6.643669133148972,6.672770866851028,0.014550866851028132,0.0,0.9975,0.493252175,0.08186176992026938,0.4914788161098548,0.49502553389014525,0.001773358890145238,0.0,399.3,153.595569,7644.99121526624,153.05363728610456,154.13750071389546,0.5419317138954511,0.0,3993.0,1535.95569,764499.1215266238,1530.5363728610455,1541.3750071389545,5.419317138954511,0.0,1.0,0.89699,0.0923989399,0.8951059624008002,0.8988740375991997,0.0018840375991997504,89.7
T-horizontal_scan_traversal-W-20-HS-greedy-D-10-C-5-H-2-RUNS-100000.csv,horizontal_scan_traversal,20,greedy,10,5,2,100000,2.0,401.0,264.94001,9105.254831199898,264.34858166994184,265.5314383300581,0.591428330058136,0.0,10.0,7.5137,4.099592309999999,7.501150500480858,7.5262494995191425,0.012549499519142415,0.0,0.9975,0.6589798500000001,0.0569279935439775,0.6575010174198933,0.660458682580107,0.001478832580106837,0.0,399.8,180.36237100000002,6321.982077958359,179.86955738055872,180.85518461944133,0.4928136194413071,0.0,3998.0,1803.62371,632198.2077958359,1798.695573805587,1808.5518461944132,4.928136194413128,0.0,1.0,0.89932,0.0524985376,0.8978998648583879,0.9007401351416121,0.0014201351416121,82.32
T-horizontal_scan_traversal-W-20-HS-greedy-D-10-C-5-H-3-RUNS-100000.csv,horizontal_scan_traversal,20,greedy,10,5,3,100000,2.0,401.0,293.67243,6908.3205278951,293.15726979055097,294.18759020944907,0.5151602094490499,0.0,10.0,7.75202,3.6787259195999997,7.740132109736066,7.763907890263934,0.011887890263934331,0.0,0.9975,0.73066065,0.0433251916665775,0.7293705412592099,0.7319507587407902,0.0012901087407901635,0.0,400.0,189.84111299999998,5971.114720421231,189.36217005652998,190.32005594346998,0.47894294347000255,0.0,4000.0,1898.41113,597111.4720421231,1893.6217005653,1903.2005594347,4.789429434699969,0.0,1.0,0.9033866666666666,0.042899197155555555,0.9021029160842216,0.9046704172491116,0.001283750582445009,79.21
T-horizontal_scan_traversal-W-20-HS-greedy-D-10-C-5-H-4-RUNS-100000.csv,horizontal_scan_traversal,20,greedy,10,5,4,100000,2.0,401.0,309.76472,5815.6605633215995,309.2920526579924,310.23738734200765,0.4726673420076395,0.0,10.0,7.84401,3.5052971199,7.832405712251151,7.855614287748849,0.011604287748848918,0.0,0.9975,0.770840175,0.036570791918469375,0.7696548887297936,0.7720254612702064,0.0011852862702064204,0.0,400.0,194.098747,5790.936685129991,193.6270854436951,194.5704085563049,0.4716615563048947,0.0,4000.0,1940.98747,579093.6685129991,1936.2708544369511,1945.704085563049,4.71661556304889,0.0,1.0,0.908465,0.038311343775,0.9072518353028296,0.9096781646971703,0.0012131646971703658,78.12
T-horizontal_scan_traversal-W-20-HS-greedy-D-10-C-5-H-5-RUNS-100000.csv,horizontal_scan_traversal,20,greedy,10,5,5,100000,2.0,401.0,320.68611,5278.8932830679,320.2357834913839,321.13643650861604,0.45032650861605816,0.0,10.0,7.87094,3.4837635164000003,7.859371410663092,7.882508589336908,0.011568589336907742,0.0,0.9975,0.7981089499999999,0.033272652179897506,0.7969783739494208,0.799239526050579,0.0011305760505790907,0.0,399.6,197.292915,5791.382039102775,196.82123530739688,197.7645946926031,0.47167969260311793,0.0,3996.0,1972.92915,579138.2039102776,1968.2123530739686,1977.6459469260312,4.716796926031293,0.0,1.0,0.9102039999999999,0.037194278383999996,0.9090086526034663,0.9113993473965335,0.001195347396533597,77.27
T-horizontal_scan_traversal-W-20-HS-greedy-D-5-C-5-H-1-RUNS-100000.csv,horizontal_scan_traversal,20,greedy,5,5,1,100000,1.0,401.0,196.39655,12988.7450380975,195.6901679295993,197.10293207040067,0.7063820704006787,0.0,5.0,3.33899,1.8190357798999996,3.3306305694858658,3.347349430514134,0.008359430514134125,0.0,0.9975,0.48733482499999997,0.08102813140471937,0.48557051870685136,0.4890991312931486,0.0017643062931486098,0.0,400.0,154.29048,8054.4875341696,153.73422359049746,154.84673640950254,0.556256409502538,0.0,2000.0,771.4524,201362.18835424,768.6711179524873,774.2336820475127,2.7812820475127182,0.0,1.0,0.76603,0.17922803910000001,0.7634060288968691,0.7686539711031308,0.00262397110313084,76.6
T-horizontal_scan_traversal-W-20-HS-greedy-D-5-C-5-H-2-RUNS-100000.csv,horizontal_scan_traversal,20,greedy,5,5,2,100000,2.0,401.0,252.05399,10106.177195079901,251.43090180148698,252.67707819851302,0.6230881985130168,0.0,5.0,3.75394,1.4441544763999996,3.746491601624149,3.761388398375851,0.007448398375851095,0.0,0.9975,0.6259475999999999,0.06334149267924,0.6243876875720843,0.6275075124279156,0.001559912427915644,0.0,400.0,179.504638,7088.729012888956,178.98279452369783,180.02648147630217,0.5218434763021662,0.0,2000.0,897.52319,177218.22532222388,894.9139726184891,900.1324073815109,2.6092173815109163,0.0,1.0,0.78214,0.1093220204,0.7800906794453559,0.784189320554644,0.0020493205546440185,66.0
T-horizontal_scan_traversal-W-20-HS-greedy-D-5-C-5-H-3-RUNS-100000.csv,horizontal_scan_traversal,20,greedy,5,5,3,100000,2.0,401.0,276.1165,8908.488847749999,275.5314970020802,276.70150299791976,0.585002997919787,0.0,5.0,3.87366,1.3043382044,3.866581337947025,3.880738662052975,0.007078662052975027,0.0,0.9975,0.6859333999999999,0.05604819926444001,0.6844660392321781,0.6874007607678218,0.0014673607678218348,0.0,400.0,189.05091200000004,6858.994294368256,188.537594237973,189.56422976202708,0.513317762027043,0.0,2000.0,945.25456,171474.8573592064,942.6879711898648,947.8211488101351,2.5665888101351584,0.0,1.0,0.7945266666666666,0.09073404262222225,0.7926596800621685,0.7963936532711647,0.0018669866044981331,62.5
T-horizontal_scan_traversal-W-20-HS-greedy-D-5-C-5-H-4-RUNS-100000.csv,horizontal_scan_traversal,20,greedy,5,5,4,100000,2.0,401.0,290.32199,8441.579732439899,289.75252382277665,290.8914561772234,0.5694661772233758,0.0,5.0,3.91667,1.2595061111000003,3.9097140538555837,3.923625946144416,0.006955946144416192,0.0,0.9975,0.721371875,0.05323705602148437,0.7199417859314028,0.7228019640685972,0.0014300890685972067,0.0,400.0,194.46441599999997,6823.509296978943,193.9524277841661,194.97640421583384,0.5119882158338669,0.0,2000.0,972.32208,170587.73242447362,969.7621389208307,974.8820210791694,2.5599410791693344,0.0,1.0,0.8041825,0.08196863169375002,0.8024079840222903,0.8059570159777097,0.001774515977709723,60.9
T-horizontal_scan_traversal-W-20-HS-greedy-D-5-C-5-H-5-RUNS-100000.csv,horizontal_scan_traversal,20,greedy,5,5,5,100000,2.0,401.0,298.34395,8424.7039683975,297.77505332427586,298.91284667572415,0.5688966757241474,0.0,5.0,3.94029,1.2290447159000002,3.933418684128494,3.947161315871506,0.006871315871506134,0.0,0.9975,0.7413841999999998,0.05320899561536001,0.7399544878696884,0.7428139121303112,0.0014297121303114002,0.0,400.0,197.252336,6826.893193743103,196.7402208479777,197.76445115202233,0.5121151520223179,0.0,2000.0,986.26168,170672.3298435776,983.7011042398884,988.8222557601115,2.560575760111533,0.0,1.0,0.80914,0.07839166040000001,0.807404634325012,0.810875365674988,0.0017353656749879987,60.0
T-horizontal_scan_traversal-W-20-HS-random-D-1-C-5-H-1-RUNS-100000.csv,horizontal_scan_traversal,20,random,1,5,1,100000,1.0,401.0,143.53505,10903.6044914975,142.88784611392904,144.18225388607098,0.6472038860709688,0.0,1.0,0.56827,0.24533920710000007,0.5651999916970872,0.5713400083029129,0.003070008302912819,0.0,0.9975,0.35351035000000003,0.0683361826928775,0.35189010224291795,0.3551305977570821,0.0016202477570820828,0.0,400.0,142.39779,10935.5851931159,141.74963767162436,143.04594232837562,0.6481523283756303,0.0,400.0,142.39779,10935.5851931159,141.74963767162436,143.04594232837562,0.6481523283756303,0.0,1.0,0.43101,0.2452403799,0.427940610087617,0.434079389912383,0.0030693899123829804,43.1
T-horizontal_scan_traversal-W-20-HS-random-D-1-C-5-H-2-RUNS-100000.csv,horizontal_scan_traversal,20,random,1,5,2,100000,2.0,401.0,176.17479,12496.7124984559,175.48191648532313,176.86766351467688,0.6928735146768759,0.0,1.0,0.69425,0.21226693749999997,0.6913944008210186,0.6971055991789815,0.0028555991789814827,0.0,0.9975,0.43447519999999995,0.07863164270996,0.4327371800961019,0.436213219903898,0.001738019903898047,0.0,400.0,174.78477,12582.9101060471,174.08951100175986,175.48002899824016,0.6952589982401491,0.0,400.0,174.78477,12582.9101060471,174.08951100175986,175.48002899824016,0.6952589982401491,0.0,1.0,0.43334,0.1810014444,0.4307030791653767,0.4359769208346233,0.002636920834623302,30.42
T-horizontal_scan_traversal-W-20-HS-random-D-1-C-5-H-3-RUNS-100000.csv,horizontal_scan_traversal,20,random,1,5,3,100000,2.0,401.0,188.21686,13704.3069317404,187.49128115859835,188.94243884140164,0.7255788414016422,0.0,1.0,0.74628,0.18934616159999998,0.7435829790241777,0.7489770209758224,0.0026970209758223618,0.0,0.9975,0.46431795000000003,0.08629560805779751,0.4624971995835101,0.46613870041648997,0.0018207504164899357,0.0,400.0,186.72199,13809.226460439899,185.99363895571966,187.45034104428035,0.7283510442803447,0.0,400.0,186.72199,13809.226460439899,185.99363895571966,187.45034104428035,0.7283510442803447,0.0,1.0,0.4319466666666667,0.15890207715555552,0.42947596186924397,0.43441737146408943,0.002470704797422729,25.14
T-horizontal_scan_traversal-W-20-HS-random-D-1-C-5-H-4-RUNS-100000.csv,horizontal_scan_traversal,20,random,1,5,4,100000,2.0,401.0,195.34693,14608.0980695751,194.59780738290664,196.09605261709333,0.7491226170933487,0.0,1.0,0.7734,0.17525243999999995,0.7708052942873921,0.7759947057126079,0.002594705712607892,0.0,0.9975,0.482006525,0.09198499579492436,0.48012671235017085,0.4838863376498292,0.0018798126498291712,0.0,400.0,193.79704,14719.748687238402,193.04506003645778,194.54901996354224,0.751979963542226,0.0,400.0,193.79704,14719.748687238402,193.04506003645778,194.54901996354224,0.751979963542226,0.0,1.0,0.4311925,0.14780990294375002,0.4288095889165797,0.43357541108342024,0.0023829110834202583,22.35
T-horizontal_scan_traversal-W-20-HS-random-D-1-C-5-H-5-RUNS-100000.csv,horizontal_scan_traversal,20,random,1,5,5,100000,2.0,401.0,199.14417,15369.7871850111,198.37576532504065,199.91257467495936,0.7684046749593563,0.0,1.0,0.7859,0.16826118999999998,0.7833575755910864,0.7884424244089137,0.0025424244089136128,0.0,0.9975,0.4914351,0.09677161311299,0.48950699774924966,0.49336320225075037,0.001928102250750352,0.0,400.0,197.56887,15485.492016923099,196.79757844596733,198.34016155403268,0.7712915540326719,0.0,400.0,197.56887,15485.492016923099,196.79757844596733,198.34016155403268,0.7712915540326719,0.0,1.0,0.43355800000000005,0.14230386063599998,0.4312198928360333,0.4358961071639668,0.0023381071639667628,21.06
T-horizontal_scan_traversal-W-20-HS-random-D-10-C-5-H-1-RUNS-100000.csv,horizontal_scan_traversal,20,random,10,5,1,100000,1.0,401.0,197.39667,13012.433202911101,196.6896440924669,198.1036959075331,0.707025907533108,0.0,10.0,5.6681,8.66250239,5.649857777223862,5.686342222776138,0.01824222277613785,0.0,0.9975,0.49056257499999995,0.08124442932186937,0.4887959154411633,0.4923292345588366,0.0017666595588366474,0.0,399.8,142.62643599999998,6850.164795537905,142.11344873818408,143.1394232618159,0.5129872618159084,0.0,3998.0,1426.26436,685016.4795537904,1421.1344873818407,1431.394232618159,5.129872618159197,0.0,1.0,0.91157,0.08061013510000001,0.9098102503160956,0.9133297496839043,0.0017597496839043547,91.16
T-horizontal_scan_traversal-W-20-HS-random-D-10-C-5-H-2-RUNS-100000.csv,horizontal_scan_traversal,20,random,10,5,2,100000,2.0,401.0,260.32041,9195.2410674319,259.72606634448874,260.9147536555112,0.5943436555112385,0.0,10.0,6.97071,5.6064120959000014,6.956034308293097,6.985385691706904,0.014675691706903748,0.0,0.9975,0.647585975,0.05751811167079937,0.6460994973587469,0.6490724526412531,0.0014864776412530922,0.0,397.7,174.35243799999998,5950.989488256157,173.87430285991837,174.83057314008158,0.47813514008160496,0.0,3977.0,1743.52438,595098.9488256156,1738.743028599184,1748.305731400816,4.781351400815993,0.0,1.0,0.91011,0.05399478790000001,0.908669769542064,0.9115502304579359,0.0014402304579359537,85.45
T-horizontal_scan_traversal-W-20-HS-random-D-10-C-5-H-3-RUNS-100000.csv,horizontal_scan_traversal,20,random,10,5,3,100000,2.0,401.0,290.90084,7068.036087294399,290.3797587449836,291.42192125501646,0.5210812550164405,0.0,10.0,7.46546,4.3925669884000005,7.452469817036455,7.478450182963545,0.012990182963545038,0.0,0.9975,0.7238593249999999,0.044332199798044376,0.7225543093727212,0.7251643406272786,0.001305015627278694,0.0,400.0,186.71128900000002,5786.86495645848,186.23979329040415,187.1827847095959,0.47149570959587095,0.0,4000.0,1867.11289,578686.495645848,1862.3979329040415,1871.8278470959588,4.714957095958653,0.0,1.0,0.91067,0.04407681776666668,0.9093687486671191,0.9119712513328808,0.0013012513328808373,81.77
T-horizontal_scan_traversal-W-20-HS-random-D-10-C-5-H-4-RUNS-100000.csv,horizontal_scan_traversal,20,random,10,5,4,100000,2.0,401.0,308.69346,5926.1256132284,308.21632475548563,309.1705952445144,0.47713524451438616,0.0,10.0,7.72506,3.7774679964,7.713013622513398,7.737106377486602,0.012046377486601756,0.0,0.9975,0.7682183,0.037266822795110004,0.7670217874574428,0.7694148125425573,0.0011965125425572598,0.0,400.0,193.46313800000001,5761.589245792957,192.99267311027245,193.93360288972758,0.47046488972756606,0.0,4000.0,1934.63138,576158.9245792957,1929.9267311027243,1939.3360288972758,4.704648897275774,0.0,1.0,0.9104025,0.03983291299375,0.9091654789065793,0.9116395210934207,0.0012370210934207204,79.23
T-horizontal_scan_traversal-W-20-HS-random-D-10-C-5-H-5-RUNS-100000.csv,horizontal_scan_traversal,20,random,10,5,5,100000,2.0,401.0,320.37951,5301.7614821599,319.92820913682925,320.8308108631707,0.45130086317072937,0.0,10.0,7.88171,3.4464574759000004,7.870203518765749,7.893216481234251,0.011506481234251353,0.0,0.9975,0.7973452000000001,0.03341959803696,0.7962121301529969,0.7984782698470033,0.0011330698470032319,0.0,400.0,196.87962199999998,5794.247885937118,196.4078256172392,197.35141838276076,0.47179638276077185,0.0,4000.0,1968.79622,579424.7885937116,1964.078256172392,1973.514183827608,4.717963827607946,0.0,1.0,0.910356,0.037157553264,0.909161242884018,0.9115507571159821,0.001194757115982048,77.36
T-horizontal_scan_traversal-W-20-HS-random-D-5-C-5-H-1-RUNS-100000.csv,horizontal_scan_traversal,20,random,5,5,1,100000,1.0,401.0,188.74739,12675.4912581879,188.04957793921676,189.44520206078323,0.6978120607832352,0.0,5.0,2.83035,2.6148688774999997,2.8203273854310345,2.840372614568966,0.010022614568965693,0.0,0.9975,0.468432575,0.07916206349136937,0.4666887029200915,0.4701764470799085,0.001743872079908504,0.0,400.0,142.14365800000002,7256.5269819790365,141.61567434443887,142.67164165556116,0.5279836555611439,0.0,2000.0,710.71829,181413.1745494759,708.0783717221943,713.3582082778057,2.639918277805691,0.0,1.0,0.81006,0.15386279640000003,0.80762878771258,0.81249121228742,0.002431212287420048,81.01
T-horizontal_scan_traversal-W-20-HS-random-D-5-C-5-H-2-RUNS-100000.csv,horizontal_scan_traversal,20,random,5,5,2,100000,2.0,401.0,246.2925,10081.25530375,245.6701805452592,246.91481945474078,0.62231945474079,0.0,5.0,3.47879,1.8380501358999999,3.47038699256095,3.4871930074390503,0.008403007439050203,0.0,0.9975,0.611820025,0.06321394382149938,0.6102616839378936,0.6133783660621064,0.0015583410621063942,0.0,400.0,174.11098599999997,6676.265976907804,173.6045519630624,174.61742003693755,0.506434036937577,0.0,2000.0,870.55493,166906.64942269513,868.0227598153122,873.0871001846879,2.532170184687857,0.0,1.0,0.80985,0.1067229775,0.8078251864521294,0.8118748135478705,0.002024813547870541,71.53
T-horizontal_scan_traversal-W-20-HS-random-D-5-C-5-H-3-RUNS-100000.csv,horizontal_scan_traversal,20,random,5,5,3,100000,2.0,401.0,273.3681,8932.37460239,272.78231326173653,273.9538867382635,0.5857867382634936,0.0,5.0,3.72362,1.5070740956,3.7160110737645464,3.7312289262354534,0.007608926235453506,0.0,0.9975,0.6792471499999999,0.0562097513418775,0.6777776760099105,0.6807166239900894,0.0014694739900894538,0.0,400.0,187.1436,6647.01708304,186.6382765310595,187.6489234689405,0.5053234689405031,0.0,2000.0,935.718,166175.427076,933.1913826552974,938.2446173447025,2.526617344702572,0.0,1.0,0.81024,0.09090003128888888,0.808371306445135,0.8121086935548649,0.0018686935548649641,66.19
T-horizontal_scan_traversal-W-20-HS-random-D-5-C-5-H-4-RUNS-100000.csv,horizontal_scan_traversal,20,random,5,5,4,100000,2.0,401.0,288.60946,8522.5245585084,288.0372700809699,289.1816499190301,0.5721899190301087,0.0,5.0,3.86018,1.3253103676,3.853044656764968,3.8673153432350325,0.007135343235032288,0.0,0.9975,0.717176075,0.05375681463509438,0.7157390218377886,0.7186131281622115,0.0014370531622114324,0.0,400.0,193.452544,6720.8268655280635,192.94442267111668,193.9606653288833,0.5081213288833055,0.0,2000.0,967.26272,168020.6716382016,964.7221133555835,969.8033266444164,2.5406066444164708,0.0,1.0,0.8096075,0.08325757094375,0.8078190865004493,0.8113959134995508,0.0017884134995507228,62.62
T-horizontal_scan_traversal-W-20-HS-random-D-5-C-5-H-5-RUNS-100000.csv,horizontal_scan_traversal,20,random,5,5,5,100000,2.0,401.0,297.88926,8460.7719966524,297.31914683840535,298.4593731615946,0.5701131615946338,0.0,5.0,3.94467,1.2260085911,3.9378071765259697,3.95153282347403,0.006862823474030222,0.0,0.9975,0.7402391500000001,0.0534400096822775,0.7388063375866136,0.7416719624133865,0.0014328124133864417,0.0,400.0,196.75787200000002,6886.539727631616,196.24352453944763,197.2722194605524,0.5143474605523863,0.0,2000.0,983.78936,172163.4931907904,981.217622697238,986.361097302762,2.571737302762017,0.0,1.0,0.8072379999999999,0.079156011356,0.8054941945830304,0.8089818054169694,0.0017438054169695016,59.79
T-horizontal_scan_traversal-W-20-HS-weighted-D-1-C-5-H-1-RUNS-100000.csv,horizontal_scan_traversal,20,weighted,1,5,1,100000,1.0,401.0,150.58797,11468.022481279098,149.92422641122434,151.2517135887757,0.6637435887756737,0.0,1.0,0.63076,0.23290182239999996,0.6277688202311933,0.6337511797688067,0.0029911797688066954,0.0,0.9975,0.370829525,0.07183907757577437,0.36916826944947473,0.37249078055052526,0.0016612555505252646,0.0,400.0,149.32559,11496.097981151901,148.66103443419385,149.99014556580616,0.6645555658061539,0.0,400.0,149.32559,11496.097981151901,148.66103443419385,149.99014556580616,0.6645555658061539,0.0,1.0,0.36838,0.23267617560000003,0.3653902695837501,0.3713697304162499,0.0029897304162498917,36.84
T-horizontal_scan_traversal-W-20-HS-weighted-D-1-C-5-H-2-RUNS-100000.csv,horizontal_scan_traversal,20,weighted,1,5,2,100000,2.0,401.0,179.14605,12787.8344593975,178.44515239792662,179.84694760207339,0.7008976020733826,0.0,1.0,0.7352,0.19468096,0.7324652488670155,0.7379347511329845,0.002734751132984492,0.0,0.9975,0.441698275,0.08041216092452438,0.43994068757000493,0.443455862429995,0.0017575874299950445,0.0,400.0,177.67397,12867.8341544391,176.97088343571582,178.37705656428417,0.7030865642841775,0.0,400.0,177.67397,12867.8341544391,176.97088343571582,178.37705656428417,0.7030865642841775,0.0,1.0,0.388595,0.17485142597500003,0.38600326460064777,0.3911867353993523,0.0025917353993522574,26.31
T-horizontal_scan_traversal-W-20-HS-weighted-D-1-C-5-H-3-RUNS-100000.csv,horizontal_scan_traversal,20,weighted,1,5,3,100000,2.0,401.0,189.87373,13877.388125887099,189.1435836158796,190.60387638412038,0.7301463841203883,0.0,1.0,0.76701,0.17870565990000004,0.7643898556088035,0.7696301443911965,0.0026201443911965105,0.0,0.9975,0.46835622499999996,0.08733829781624938,0.46652450775956433,0.4701879422404356,0.0018317172404356263,0.0,400.0,188.33716,13976.126483134398,187.60442070463222,189.0698992953678,0.7327392953677929,0.0,400.0,188.33716,13976.126483134398,187.60442070463222,189.0698992953678,0.7327392953677929,0.0,1.0,0.407,0.1559932222222222,0.4045520139655445,0.4094479860344554,0.0024479860344554516,23.04
T-horizontal_scan_traversal-W-20-HS-weighted-D-1-C-5-H-4-RUNS-100000.csv,horizontal_scan_traversal,20,weighted,1,5,4,100000,2.0,401.0,196.25056,14727.655279686398,195.49837810363155,197.00274189636846,0.7521818963684552,0.0,1.0,0.77858,0.1723931836,0.7760065477387025,0.7811534522612976,0.0025734522612975708,0.0,0.9975,0.4842399,0.09272133062298998,0.48235257844890894,0.48612722155109106,0.001887321551091059,0.0,400.0,194.69061,14837.4866078279,193.93562861908632,195.44559138091367,0.7549813809136765,0.0,400.0,194.69061,14837.4866078279,193.93562861908632,195.44559138091367,0.7549813809136765,0.0,1.0,0.422745,0.14760041497499998,0.42036377814102094,0.425126221858979,0.0023812218589790435,21.86
T-horizontal_scan_traversal-W-20-HS-weighted-D-1-C-5-H-5-RUNS-100000.csv,horizontal_scan_traversal,20,weighted,1,5,5,100000,2.0,401.0,199.15703,15306.5642915791,198.39020735177857,199.9238526482214,0.7668226482214209,0.0,1.0,0.78808,0.16700991360000003,0.7855470466169198,0.7906129533830802,0.0025329533830802387,0.0,0.9975,0.491455725,0.09637082655222438,0.489531619578556,0.493379830421444,0.001924105421444,0.0,400.0,197.57693,15421.4409617751,196.8072352059501,198.34662479404992,0.7696947940499115,0.0,400.0,197.57693,15421.4409617751,196.8072352059501,198.34662479404992,0.7696947940499115,0.0,1.0,0.43223,0.14137602710000002,0.42989952763220124,0.43456047236779877,0.0023304723677987638,20.8
T-horizontal_scan_traversal-W-20-HS-weighted-D-10-C-5-H-1-RUNS-100000.csv,horizontal_scan_traversal,20,weighted,10,5,1,100000,1.0,401.0,198.66568,13102.265390137602,197.9562177901343,199.37514220986571,0.7094622098657055,0.0,10.0,6.32331,6.818880643899999,6.30712500328032,6.33949499671968,0.0161849967196801,0.0,0.9975,0.49367372499999995,0.08175895118212437,0.49190148013299867,0.49544596986700123,0.0017722448670012825,0.0,399.9,149.554396,7355.343469475183,149.02282956508958,150.0859624349104,0.5315664349104168,0.0,3999.0,1495.54396,735534.3469475183,1490.228295650896,1500.859624349104,5.315664349104054,0.0,1.0,0.89943,0.09045567509999997,0.8975658795064048,0.9012941204935951,0.0018641204935951894,89.94
T-horizontal_scan_traversal-W-20-HS-weighted-D-10-C-5-H-2-RUNS-100000.csv,horizontal_scan_traversal,20,weighted,10,5,2,100000,2.0,401.0,262.17855,9199.4599098975,261.58407001556094,262.773029984439,0.5944799844390332,0.0,10.0,7.32999,4.6508365999,7.3166233796784015,7.343356620321598,0.013366620321598077,0.0,0.9975,0.65213295,0.057532649524297506,0.6506462845150555,0.6536196154849446,0.0014866654849445826,0.0,400.0,177.949404,6249.487430244783,177.45942409314637,178.4393839068536,0.4899799068536197,0.0,4000.0,1779.49404,624948.7430244784,1774.594240931464,1784.3938390685362,4.89979906853614,0.0,1.0,0.90273,0.053858547099999994,0.9012915876997907,0.9041684123002094,0.0014384123002093574,83.48
T-horizontal_scan_traversal-W-20-HS-weighted-D-10-C-5-H-3-RUNS-100000.csv,horizontal_scan_traversal,20,weighted,10,5,3,100000,2.0,401.0,292.81001,6940.837293799901,292.29363881037125,293.3263811896287,0.5163711896287282,0.0,10.0,7.67548,3.861226769600001,7.663300801028765,7.687659198971236,0.01217919897123565,0.0,0.9975,0.7285484,0.04352762273243999,0.7272552808427336,0.7298415191572664,0.0012931191572663758,0.0,399.0,188.782255,5889.457053014975,188.30659820971036,189.25791179028963,0.4756567902896336,0.0,3990.0,1887.82255,588945.7053014975,1883.0659820971039,1892.5791179028963,4.756567902896222,0.0,1.0,0.90611,0.043099112344444454,0.9048232616816834,0.9073967383183166,0.0012867383183166048,80.11
T-horizontal_scan_traversal-W-20-HS-weighted-D-10-C-5-H-4-RUNS-100000.csv,horizontal_scan_traversal,20,weighted,10,5,4,100000,2.0,401.0,309.69844,5872.607901566401,309.22346410045714,310.1734158995429,0.47497589954286923,0.0,10.0,7.79786,3.6068994204,7.7860887363408136,7.8096312636591865,0.01177126365918646,0.0,0.9975,0.7706958749999999,0.03693122982048437,0.7695047620226616,0.7718869879773382,0.0011911129773383156,0.0,400.0,194.303259,5819.362466478919,193.8304412459845,194.7760767540155,0.47281775401549453,0.0,4000.0,1943.03259,581936.2466478919,1938.304412459845,1947.760767540155,4.728177540155002,0.0,1.0,0.9090475,0.039024517743749994,0.9078230957066215,0.9102719042933786,0.001224404293378556,78.52
T-horizontal_scan_traversal-W-20-HS-weighted-D-10-C-5-H-5-RUNS-100000.csv,horizontal_scan_traversal,20,weighted,10,5,5,100000,2.0,401.0,320.61448,5265.3210343296005,320.16473276781863,321.0642272321814,0.44974723218138024,0.0,10.0,7.87626,3.4784084124,7.864700305472429,7.887819694527572,0.011559694527571551,0.0,0.9975,0.79792745,0.033187913036497506,0.7967983145487763,0.7990565854512237,0.0011291354512237284,0.0,400.0,197.17947800000002,5760.679551847516,196.70905025245128,197.64990574754876,0.47042774754874017,0.0,4000.0,1971.79478,576067.9551847515,1967.0905025245127,1976.4990574754872,4.704277475487288,0.0,1.0,0.910484,0.036827685744,0.9092945579562074,0.9116734420437925,0.0011894420437925657,77.2
T-horizontal_scan_traversal-W-20-HS-weighted-D-5-C-5-H-1-RUNS-100000.csv,horizontal_scan_traversal,20,weighted,5,5,1,100000,1.0,401.0,194.18733,12937.0152374711,193.4823559739801,194.8923040260199,0.7049740260198973,0.0,5.0,3.15959,2.1816610319,3.150435182131715,3.1687448178682853,0.009154817868285203,0.0,0.9975,0.48187515,0.08072736231247751,0.4801141212238023,0.48363617877619763,0.0017610287761976595,0.0,400.0,150.22991,7816.2874809919,149.6819405666647,150.77787943333527,0.5479694333352825,0.0,2000.0,751.14955,195407.18702479752,748.4097028333235,753.8893971666764,2.739847166676441,0.0,1.0,0.77887,0.17223152309999998,0.7762977546401227,0.7814422453598772,0.002572245359877212,77.89
T-horizontal_scan_traversal-W-20-HS-weighted-D-5-C-5-H-2-RUNS-100000.csv,horizontal_scan_traversal,20,weighted,5,5,2,100000,2.0,401.0,250.40315,10032.5821200775,249.7823346693864,251.02396533061363,0.6208153306136239,0.0,5.0,3.66191,1.5744651519000001,3.6541328119943395,3.669687188005661,0.00777718800566074,0.0,0.9975,0.62192885,0.0628856521626775,0.6203745607047009,0.6234831392952991,0.001554289295299105,0.0,400.0,178.08872,6976.8062807616,177.57101256323503,178.60642743676496,0.5177074367649652,0.0,2000.0,890.4436,174420.15701904,887.8550628161752,893.0321371838247,2.5885371838247693,0.0,1.0,0.793045,0.108492127975,0.7910034727314367,0.7950865272685633,0.0020415272685633257,68.18
T-horizontal_scan_traversal-W-20-HS-weighted-D-5-C-5-H-3-RUNS-100000.csv,horizontal_scan_traversal,20,weighted,5,5,3,100000,2.0,401.0,275.77745,8904.1641614975,275.1925890161516,276.3623109838484,0.5848609838483867,0.0,5.0,3.82707,1.3679452151,3.8198207942929394,3.8343192057070605,0.0072492057070605576,0.0,0.9975,0.6851459,0.05601290083819,0.6836790013673059,0.6866127986326941,0.0014668986326941136,0.0,400.0,188.81295799999998,6823.146885290236,188.3009833807606,189.32493261923935,0.5119746192393677,0.0,2000.0,944.06479,170578.6721322559,941.5049169038031,946.624663096197,2.5598730961969522,0.0,1.0,0.8003833333333334,0.09018763083333334,0.7985219768317214,0.8022446898349455,0.0018613565016120104,63.66
T-horizontal_scan_traversal-W-20-HS-weighted-D-5-C-5-H-4-RUNS-100000.csv,horizontal_scan_traversal,20,weighted,5,5,4,100000,2.0,401.0,289.84009,8477.2803187919,289.26942091837145,290.4107590816285,0.5706690816285231,0.0,5.0,3.90227,1.2797388471,3.895258406204707,3.9092815937952934,0.007011593795293258,0.0,0.9975,0.720184075,0.05345988580389437,0.7187509961560272,0.7216171538439728,0.0014330788439728126,0.0,400.0,194.47291599999997,6796.675981656944,193.96193546758084,194.9838965324191,0.5109805324191257,0.0,2000.0,972.36458,169916.8995414236,969.8096773379044,974.9194826620957,2.5549026620956283,0.0,1.0,0.80537,0.08213916309999998,0.803593639088009,0.8071463609119911,0.0017763609119910706,61.26
T-horizontal_scan_traversal-W-20-HS-weighted-D-5-C-5-H-5-RUNS-100000.csv,horizontal_scan_traversal,20,weighted,5,5,5,100000,2.0,401.0,298.43324,8450.9659231024,297.863457316074,299.003022683926,0.5697826839260074,0.0,5.0,3.93486,1.2325767804,3.9279788177181647,3.9417411822818353,0.0068811822818353185,0.0,0.9975,0.7416222750000001,0.05337331266132438,0.7401903569928512,0.743054193007149,0.0014319180071489246,0.0,400.0,197.372232,6860.476699338176,196.85885877038845,197.88560522961154,0.5133732296115454,0.0,2000.0,986.86116,171511.9174834544,984.2942938519424,989.4280261480577,2.56686614805767,0.0,1.0,0.8096939999999999,0.07881122636400001,0.807953996531038,0.8114340034689618,0.0017400034689618593,60.27
T-partitioned_horizontal_scan_traversal-W-20-HS-greedy-D-1-C-5-H-1-RUNS-100000.csv,partitioned_horizontal_scan_traversal,20,greedy,1,5,1,100000,1.0,402.0,156.46197,11769.5062737191,155.78955840505893,157.1343815949411,0.6724115949410816,0.0,1.0,0.67058,0.22090246359999993,0.667666893575295,0.673493106424705,0.002913106424704992,0.0,1.0,0.38531665,0.07371736885777751,0.38363381713781775,0.3869994828621822,0.0016828328621822375,0.0,401.0,155.12081,11796.5827549439,154.44762538704904,155.79399461295097,0.673184612950962,0.0,401.0,155.12081,11796.5827549439,154.44762538704904,155.79399461295097,0.673184612950962,0.0,1.0,0.32942,0.22090246359999993,0.326506893575295,0.332333106424705,0.002913106424704992,32.94
T-partitioned_horizontal_scan_traversal-W-20-HS-greedy-D-1-C-5-H-2-RUNS-100000.csv,partitioned_horizontal_scan_traversal,20,greedy,1,5,2,100000,2.0,402.0,181.00127,12975.341748387098,180.29525248704013,181.70728751295988,0.7060175129598747,0.0,1.0,0.75137,0.18681312310000006,0.7486910798935,0.7540489201064999,0.002678920106499949,0.0,1.0,0.44625892500000003,0.08156819617034439,0.44448874878727995,0.4480291012127201,0.001770176212720076,0.0,401.0,179.49853,13052.7116578391,178.79041068021868,180.2066493197813,0.7081193197813036,0.0,401.0,179.49853,13052.7116578391,178.79041068021868,180.2066493197813,0.7081193197813036,0.0,1.0,0.369105,0.172628998975,0.36652978823693594,0.3716802117630641,0.002575211763064078,24.86
T-partitioned_horizontal_scan_traversal-W-20-HS-greedy-D-1-C-5-H-3-RUNS-100000.csv,partitioned_horizontal_scan_traversal,20,greedy,1,5,3,100000,2.0,402.0,190.36807,13989.3760144751,189.63498346419942,191.10115653580056,0.7330865358005667,0.0,1.0,0.77726,0.1731268924,0.7746810772213114,0.7798389227786885,0.0025789227786885416,0.0,1.0,0.46954655,0.0880222246330975,0.46770767485972947,0.47138542514027054,0.001838875140270535,0.0,401.0,188.81355,14085.4617863975,188.07795017673584,189.54914982326414,0.7355998232641525,0.0,401.0,188.81355,14085.4617863975,188.07795017673584,189.54914982326414,0.7355998232641525,0.0,1.0,0.3949933333333333,0.15526693328888888,0.3925510527374095,0.39743561392925714,0.002442280595923829,22.27
T-partitioned_horizontal_scan_traversal-W-20-HS-greedy-D-1-C-5-H-4-RUNS-100000.csv,partitioned_horizontal_scan_traversal,20,greedy,1,5,4,100000,2.0,402.0,195.68599,14818.7771677199,194.93148476895445,196.44049523104556,0.754505231045556,0.0,1.0,0.78552,0.1684783296,0.7829759356317275,0.7880640643682725,0.0025440643682724806,0.0,1.0,0.48279955,0.09328656576979749,0.48090648457307666,0.4846926154269234,0.0018930654269233571,0.0,401.0,194.11495,14927.7327564975,193.35767608550563,194.87222391449436,0.7572739144943625,0.0,401.0,194.11495,14927.7327564975,193.35767608550563,194.87222391449436,0.7572739144943625,0.0,1.0,0.4150775,0.14756129399375,0.4126965937292569,0.4174584062707431,0.0023809062707431106,21.45
T-partitioned_horizontal_scan_traversal-W-20-HS-greedy-D-1-C-5-H-5-RUNS-100000.csv,partitioned_horizontal_scan_traversal,20,greedy,1,5,5,100000,2.0,402.0,199.0645,15320.25613975,198.29733446384458,199.83166553615544,0.7671655361554315,0.0,1.0,0.78913,0.1664038431,0.7866016467737815,0.7916583532262185,0.0025283532262184716,0.0,1.0,0.491229375,0.09646482057460938,0.4893043314817402,0.49315441851825986,0.001925043518259839,0.0,401.0,197.48624,15436.538350662398,196.71616853755054,198.25631146244947,0.7700714624494651,0.0,401.0,197.48624,15436.538350662398,196.71616853755054,198.25631146244947,0.7700714624494651,0.0,1.0,0.433166,0.14163081644400002,0.43083342857676066,0.43549857142323933,0.002332571423239338,21.09
T-partitioned_horizontal_scan_traversal-W-20-HS-greedy-D-10-C-5-H-1-RUNS-100000.csv,partitioned_horizontal_scan_traversal,20,greedy,10,5,1,100000,1.0,402.0,101.40937,10006.5812662031,100.78935965660042,102.02938034339957,0.6200103433995707,0.0,10.0,2.52172,6.6417682416,2.5057465793028135,2.537693420697187,0.015973420697186658,0.0,1.0,0.70331265,0.0944491709749775,0.7014078247187275,0.7052174752812724,0.0019048252812724487,0.0,224.0,62.592725,1859.3529261743752,62.32546313962349,62.859986860376516,0.26726186037651445,0.0,2240.0,625.92725,185935.29261743752,623.2546313962348,628.5998686037651,2.6726186037651587,0.0,1.0,0.81531,0.1505796039,0.8129048667264739,0.8177151332735261,0.0024051332735260944,81.53
T-partitioned_horizontal_scan_traversal-W-20-HS-greedy-D-10-C-5-H-2-RUNS-100000.csv,partitioned_horizontal_scan_traversal,20,greedy,10,5,2,100000,2.0,402.0,129.18205,10662.927787797502,128.54202888011721,129.8220711198828,0.640021119882789,0.0,10.0,3.05003,7.4741869991000005,3.0330851374228818,3.0669748625771183,0.016944862577118247,0.0,1.0,0.8391000750000001,0.03822239582249437,0.837888319431448,0.8403118305685521,0.0012117555685520198,0.0,225.0,76.473219,1642.2664756780391,76.22204314739938,76.72439485260062,0.2511758526006247,0.0,2250.0,764.73219,164226.64756780388,762.2204314739938,767.2439485260061,2.5117585260061333,0.0,1.0,0.851175,0.07256861937500002,0.8495053305471112,0.8528446694528888,0.0016696694528888223,74.3
T-partitioned_horizontal_scan_traversal-W-20-HS-greedy-D-10-C-5-H-3-RUNS-100000.csv,partitioned_horizontal_scan_traversal,20,greedy,10,5,3,100000,2.0,402.0,140.68878,10723.611842111599,140.0469402438875,141.33061975611253,0.6418397561125175,0.0,10.0,3.24222,7.6884694715999995,3.2250339520767284,3.259406047923272,0.01718604792327172,0.0,1.0,0.8841980500000001,0.0202195580011975,0.8833167132084305,0.8850793867915696,0.0008813367915695425,0.0,223.4,82.02195,1512.4293179975002,81.78090750441014,82.26299249558987,0.24104249558986623,0.0,2234.0,820.2195,151242.93179975,817.8090750441014,822.6299249558987,2.410424955898634,0.0,1.0,0.8776866666666666,0.045499448488888886,0.876364582398116,0.8790087509352172,0.0013220842685506273,71.34
T-partitioned_horizontal_scan_traversal-W-20-HS-greedy-D-10-C-5-H-4-RUNS-100000.csv,partitioned_horizontal_scan_traversal,20,greedy,10,5,4,100000,2.0,402.0,146.43843,10617.9298491351,145.799760763944,147.07709923605603,0.6386692360560176,0.0,10.0,3.34327,7.764555707099999,3.3259991235878443,3.3605408764121556,0.017270876412155634,0.0,1.0,0.9058644750000001,0.012737519120474374,0.9051649576417222,0.906563992358278,0.0006995173582778902,0.0,224.0,84.814485,1421.730895284775,84.58078173927551,85.0481882607245,0.23370326072449643,0.0,2240.0,848.14485,142173.0895284775,845.807817392755,850.481882607245,2.3370326072449643,0.0,1.0,0.8948625,0.03302173109375,0.8937361950583002,0.8959888049416999,0.0011263049416998516,69.73
T-partitioned_horizontal_scan_traversal-W-20-HS-greedy-D-10-C-5-H-5-RUNS-100000.csv,partitioned_horizontal_scan_traversal,20,greedy,10,5,5,100000,2.0,402.0,149.55482,10642.9247147676,148.91539948434342,150.1942405156566,0.6394205156565818,0.0,10.0,3.37624,7.793563462400001,3.3589368923608633,3.393543107639137,0.017303107639136783,0.0,1.0,0.9173470000000001,0.009413614716,0.9167456403547546,0.9179483596452457,0.0006013596452455472,0.0,225.5,86.40115399999999,1385.1471092682839,86.17047714517999,86.63183085482,0.230676854820004,0.0,2255.0,864.01154,138514.7109268284,861.7047714518,866.3183085482,2.3067685482000115,0.0,1.0,0.909624,0.024730578624000004,0.9086492949633763,0.9105987050366237,0.0009747050366236687,69.16
T-partitioned_horizontal_scan_traversal-W-20-HS-greedy-D-5-C-5-H-1-RUNS-100000.csv,partitioned_horizontal_scan_traversal,20,greedy,5,5,1,100000,1.0,402.0,135.8313,10004.94574031,135.21134032747304,136.45125967252696,0.61995967252696,0.0,5.0,1.75623,2.5667461871,1.746300039198283,1.7661599608017169,0.00992996080171693,0.0,1.0,0.6709842000000001,0.07920636485035999,0.6692398400279498,0.6727285599720505,0.0017443599720503578,0.0,247.2,84.60404199999999,2252.872452062236,84.30985439298973,84.89822960701025,0.29418760701025803,0.0,1236.0,423.02021,56321.8113015559,421.54927196494873,424.4911480350513,1.4709380350512902,0.0,1.0,0.67441,0.2195811519,0.6715056189073417,0.6773143810926582,0.002904381092658226,67.44
T-partitioned_horizontal_scan_traversal-W-20-HS-greedy-D-5-C-5-H-2-RUNS-100000.csv,partitioned_horizontal_scan_traversal,20,greedy,5,5,2,100000,2.0,402.0,167.42386,9032.9379827004,166.8347850085571,168.01293499144288,0.5890749914428852,0.0,5.0,2.06195,2.6345721975,2.05188969555435,2.0720103044456497,0.01006030444564976,0.0,1.0,0.79121375,0.0365124785609375,0.7900294090962071,0.792398090903793,0.0011843409037929353,0.0,248.2,101.67883399999998,1718.631041600444,101.42188472466704,101.93578327533292,0.25694927533294276,0.0,1241.0,508.39417,42965.7760400111,507.10942362333526,509.6789163766647,1.2847463766647138,0.0,1.0,0.728265,0.12175258977500002,0.7261023055026666,0.7304276944973335,0.0021626944973334172,57.6
T-partitioned_horizontal_scan_traversal-W-20-HS-greedy-D-5-C-5-H-3-RUNS-100000.csv,partitioned_horizontal_scan_traversal,20,greedy,5,5,3,100000,2.0,402.0,180.88309,8383.9142820519,180.31557220198897,181.45060779801105,0.5675177980110391,0.0,5.0,2.18339,2.6331581079000004,2.1733323958184325,2.193447604181568,0.010057604181567648,0.0,1.0,0.8335777249999999,0.022527775071324377,0.832647441705976,0.8345080082940238,0.0009302832940238925,0.0,248.2,108.430756,1458.863972468464,108.194020454789,108.667491545211,0.2367355452110047,0.0,1241.0,542.15378,36471.599311711594,540.970102273945,543.3374577260549,1.1836777260549525,0.0,1.0,0.7648,0.08599873777777779,0.7629823841136062,0.7666176158863939,0.0018176158863938419,53.4
T-partitioned_horizontal_scan_traversal-W-20-HS-greedy-D-5-C-5-H-4-RUNS-100000.csv,partitioned_horizontal_scan_traversal,20,greedy,5,5,4,100000,2.0,402.0,186.83308,7935.232517713601,186.28095692277856,187.38520307722143,0.552123077221438,0.0,5.0,2.22169,2.6016635439,2.211692725036168,2.231687274963832,0.009997274963831959,0.0,1.0,0.8543545250000001,0.017015049174524375,0.8535460386803332,0.855163011319667,0.0008084863196669012,0.0,248.2,111.647342,1316.301105535036,111.42247087408509,111.8722131259149,0.22487112591490188,0.0,1241.0,558.23671,32907.527638375905,557.1123543704256,559.3610656295745,1.1243556295744384,0.0,1.0,0.7934425,0.06636587419375,0.7918457810444456,0.7950392189555545,0.0015967189555544659,51.61
T-partitioned_horizontal_scan_traversal-W-20-HS-greedy-D-5-C-5-H-5-RUNS-100000.csv,partitioned_horizontal_scan_traversal,20,greedy,5,5,5,100000,2.0,402.0,190.81638,7707.8286236956,190.2722256612248,191.3605343387752,0.5441543387752006,0.0,5.0,2.25009,2.5882449919,2.240118539745412,2.260061460254588,0.00997146025458795,0.0,1.0,0.866621825,0.014110554496169377,0.8658855702468575,0.8673580797531424,0.000736254753142429,0.0,248.2,113.67938,1233.7293044156,113.46167619902621,113.89708380097377,0.21770380097377995,0.0,1241.0,568.3969,30843.23261039,567.3083809951311,569.4854190048688,1.0885190048688855,0.0,1.0,0.8132179999999999,0.055353684476,0.8117597588872788,0.814676241112721,0.0014582411127210815,50.67
T-partitioned_horizontal_scan_traversal-W-20-HS-random-D-1-C-5-H-1-RUNS-100000.csv,partitioned_horizontal_scan_traversal,20,random,1,5,1,100000,1.0,402.0,143.47499,10838.966974499901,142.82970730590972,144.12027269409026,0.6452826940902696,0.0,1.0,0.56744,0.2454518464,0.5643692870320881,0.570510712967912,0.0030707129679119483,0.0,1.0,0.35336789999999996,0.06793556062459,0.3517524085896377,0.3549833914103622,0.0016154914103622686,0.0,401.0,142.34011,10871.682135187903,141.6938542140256,142.9863657859744,0.6462557859744038,0.0,401.0,142.34011,10871.682135187903,141.6938542140256,142.9863657859744,0.6462557859744038,0.0,1.0,0.43256,0.2454518464,0.4294892870320881,0.4356307129679119,0.0030707129679118927,43.26
T-partitioned_horizontal_scan_traversal-W-20-HS-random-D-1-C-5-H-2-RUNS-100000.csv,partitioned_horizontal_scan_traversal,20,random,1,5,2,100000,2.0,402.0,175.65423,12404.5662531071,174.96391571130292,176.3445442886971,0.6903142886970954,0.0,1.0,0.69558,0.2117484636,0.6927278904337916,0.6984321095662084,0.002852109566208405,0.0,1.0,0.43317064999999993,0.0780545119785775,0.43143902009376445,0.4349022799062354,0.0017316299062354878,0.0,401.0,174.26307,12490.522244175101,173.57036811424234,174.95577188575766,0.692701885757657,0.0,401.0,174.26307,12490.522244175101,173.57036811424234,174.95577188575766,0.692701885757657,0.0,1.0,0.43336,0.18108911040000003,0.43072244066130705,0.435997559338693,0.002637559338692974,30.44
T-partitioned_horizontal_scan_traversal-W-20-HS-random-D-1-C-5-H-3-RUNS-100000.csv,partitioned_horizontal_scan_traversal,20,random,1,5,3,100000,2.0,402.0,188.46281,13698.571236903901,187.73738301357275,189.18823698642723,0.7254269864272374,0.0,1.0,0.74933,0.18783455110000002,0.7466437661838445,0.7520162338161556,0.0026862338161555144,0.0,1.0,0.46492449999999996,0.08625787904975,0.46310414764905933,0.4667448523509406,0.001820352350940635,0.0,401.0,186.96415,13803.363444777498,186.23595359099033,187.69234640900964,0.7281964090096551,0.0,401.0,186.96415,13803.363444777498,186.23595359099033,187.69234640900964,0.7281964090096551,0.0,1.0,0.43145666666666666,0.1587262559,0.42898732913472526,0.43392600419860805,0.0024693375319413957,25.07
T-partitioned_horizontal_scan_traversal-W-20-HS-random-D-1-C-5-H-4-RUNS-100000.csv,partitioned_horizontal_scan_traversal,20,random,1,5,4,100000,2.0,402.0,194.85999,14598.6029071999,194.11111088473308,195.60886911526694,0.7488791152669307,0.0,1.0,0.77151,0.1762823199,0.768907681495036,0.7741123185049641,0.002602318504964063,0.0,1.0,0.48080575,0.09193565089193749,0.4789264416259792,0.48268505837402076,0.0018793083740207828,0.0,401.0,193.31697,14711.755920019099,192.56519422530155,194.06874577469844,0.7517757746984444,0.0,401.0,193.31697,14711.755920019099,192.56519422530155,194.06874577469844,0.7517757746984444,0.0,1.0,0.433085,0.14917738277500003,0.4306910914101235,0.4354789085898765,0.002393908589876481,22.85
T-partitioned_horizontal_scan_traversal-W-20-HS-random-D-1-C-5-H-5-RUNS-100000.csv,partitioned_horizontal_scan_traversal,20,random,1,5,5,100000,2.0,402.0,199.15319,15338.0406228239,198.3855793118472,199.92080068815278,0.7676106881527858,0.0,1.0,0.78755,0.16731499749999995,0.7850147341472815,0.7900852658527184,0.00253526585271846,0.0,1.0,0.491458425,0.09657765993401937,0.48953225590461263,0.4933845940953873,0.0019261690953873423,0.0,401.0,197.57809,15454.5029419519,196.8075705745356,198.34860942546442,0.7705194254644141,0.0,401.0,197.57809,15454.5029419519,196.8075705745356,198.34860942546442,0.7705194254644141,0.0,1.0,0.43344,0.1421633664,0.431103047308219,0.43577695269178096,0.002336952691780969,21.25
T-partitioned_horizontal_scan_traversal-W-20-HS-random-D-10-C-5-H-1-RUNS-100000.csv,partitioned_horizontal_scan_traversal,20,random,10,5,1,100000,1.0,402.0,66.1478,5986.882455159999,65.66822510866662,66.62737489133339,0.47957489133338527,0.0,10.0,1.75621,4.9755564359,1.7423846256455193,1.7700353743544808,0.013825374354480724,0.0,1.0,0.605721175,0.09583418246911937,0.6038024342791798,0.6076399157208202,0.0019187407208202112,0.0,224.5,45.633751000000004,1183.697230969999,45.42050721269322,45.84699478730679,0.21324378730678717,0.0,2245.0,456.33751,118369.72309699988,454.2050721269321,458.4699478730679,2.132437873067886,0.0,1.0,0.90842,0.0831931036,0.9066322790296308,0.9102077209703692,0.0017877209703691666,90.84
T-partitioned_horizontal_scan_traversal-W-20-HS-random-D-10-C-5-H-2-RUNS-100000.csv,partitioned_horizontal_scan_traversal,20,random,10,5,2,100000,2.0,401.0,97.71815,8342.758730577501,97.15202685138844,98.28427314861155,0.5661231486115526,0.0,10.0,2.43847,6.439754059099999,2.422741376667541,2.4541986233324593,0.01572862333245917,0.0,1.0,0.78155775,0.048766544539937506,0.7801890222787032,0.7829264777212969,0.001368727721296814,0.0,223.5,62.53139899999999,1358.773279802799,62.302928795559886,62.7598692044401,0.22847020444010724,0.0,2235.0,625.31399,135877.3279802799,623.0292879555989,627.5986920444011,2.284702044401115,0.0,1.0,0.90912,0.04668582560000001,0.9077807902792133,0.9104592097207868,0.001339209720786716,83.73
T-partitioned_horizontal_scan_traversal-W-20-HS-random-D-10-C-5-H-3-RUNS-100000.csv,partitioned_horizontal_scan_traversal,20,random,10,5,3,100000,2.0,402.0,120.21177,9641.906843467099,119.60316216789576,120.82037783210424,0.6086078321042407,0.0,10.0,2.86113,7.139205123099999,2.8445692118542323,2.877690788145768,0.01656078814576789,0.0,1.0,0.857079425,0.025316840679169374,0.8560932344750349,0.8580656155249651,0.0009861905249650693,0.0,229.0,73.284822,1412.155417828316,73.0519070744772,73.51773692552281,0.23291492552280602,0.0,2290.0,732.84822,141215.5417828316,730.519070744772,735.177369255228,2.3291492552280033,0.0,1.0,0.90886,0.034482389288888894,0.9077090545334717,0.9100109454665283,0.0011509454665282748,77.75
T-partitioned_horizontal_scan_traversal-W-20-HS-random-D-10-C-5-H-4-RUNS-100000.csv,partitioned_horizontal_scan_traversal,20,random,10,5,4,100000,2.0,402.0,136.96432,10318.742946937598,136.33471311546842,137.59392688453156,0.6296068845315688,0.0,10.0,3.16103,7.531079339099999,3.144020768862442,3.1780392311375576,0.017009231137557812,0.0,1.0,0.895984725,0.014455842504174374,0.8952395165421573,0.8967299334578428,0.0007452084578427609,0.0,223.6,80.868027,1405.297466827271,80.63567832346915,81.10037567653085,0.23234867653084734,0.0,2236.0,808.68027,140529.7466827271,806.3567832346914,811.0037567653085,2.3234867653085303,0.0,1.0,0.9088925,0.028563798443749996,0.9078449758327298,0.9099400241672702,0.001047524167270164,72.98
T-partitioned_horizontal_scan_traversal-W-20-HS-random-D-10-C-5-H-5-RUNS-100000.csv,partitioned_horizontal_scan_traversal,20,random,10,5,5,100000,2.0,402.0,149.93311,10647.7871557279,149.2935434347588,150.5726765652412,0.6395665652412106,0.0,10.0,3.37457,7.7671073151,3.3572962860213305,3.3918437139786692,0.01727371397866939,0.0,1.0,0.9179033999999999,0.00917457664344,0.9173097245530305,0.9184970754469693,0.0005936754469694216,0.0,225.4,86.55777899999998,1383.905729287159,86.3272055355764,86.78835246442357,0.2305734644235855,0.0,2254.0,865.57779,138390.5729287159,863.2720553557642,867.8835246442359,2.3057346442358266,0.0,1.0,0.908512,0.024996345856,0.9075320716238398,0.9094919283761602,0.0009799283761602329,68.88
T-partitioned_horizontal_scan_traversal-W-20-HS-random-D-5-C-5-H-1-RUNS-100000.csv,partitioned_horizontal_scan_traversal,20,random,5,5,1,100000,1.0,402.0,98.1916,7514.35656944,97.65431839602346,98.72888160397653,0.5372816039765382,0.0,5.0,1.31467,2.1593127911,1.3055621923503569,1.3237778076496431,0.00910780764964314,0.0,1.0,0.578463825,0.08589386135386938,0.5766473177531743,0.5802803322468257,0.0018165072468256938,0.0,248.0,66.421644,1783.451560337264,66.15989397585116,66.68339402414884,0.26175002414883863,0.0,1240.0,332.10822,44586.289008431595,330.7994698792558,333.4169701207442,1.3087501207442074,0.0,1.0,0.81444,0.1511274864,0.8120304951717122,0.8168495048282879,0.002409504828287834,81.44
T-partitioned_horizontal_scan_traversal-W-20-HS-random-D-5-C-5-H-2-RUNS-100000.csv,partitioned_horizontal_scan_traversal,20,random,5,5,2,100000,2.0,402.0,139.53121,8359.6473459359,138.96451412702976,140.09790587297022,0.5666958729702287,0.0,5.0,1.76105,2.4765728975,1.7512960251983942,1.7708039748016058,0.00975397480160578,0.0,1.0,0.743707525,0.044287725320874376,0.7424031641389165,0.7450118858610836,0.0013043608610835422,0.0,248.0,89.04561199999999,1600.5408803454561,88.79764752984478,89.2935764701552,0.2479644701552104,0.0,1240.0,445.22806,40013.5220086364,443.988237649224,446.46788235077605,1.2398223507760235,0.0,1.0,0.81374,0.09109721239999999,0.8118692807502037,0.8156107192497963,0.0018707192497963154,69.28
T-partitioned_horizontal_scan_traversal-W-20-HS-random-D-5-C-5-H-3-RUNS-100000.csv,partitioned_horizontal_scan_traversal,20,random,5,5,3,100000,2.0,402.0,163.93448,8305.5392471296,163.36962108335115,164.49933891664887,0.5648589166488591,0.0,5.0,2.0043,2.57800151,1.9943482913020851,2.0142517086979153,0.009951708697915063,0.0,1.0,0.8123331,0.02587732089439,0.8113360527797147,0.8133301472202854,0.0009970472202853742,0.0,248.0,101.146392,1429.6535517823359,100.91203848318135,101.38074551681866,0.23435351681865768,0.0,1240.0,505.73196,35741.3387945584,504.5601924159067,506.9037275840933,1.1717675840932884,0.0,1.0,0.8132666666666667,0.07108844,0.8116141130333343,0.8149192202999991,0.0016525536333323876,60.86
T-partitioned_horizontal_scan_traversal-W-20-HS-random-D-5-C-5-H-4-RUNS-100000.csv,partitioned_horizontal_scan_traversal,20,random,5,5,4,100000,2.0,402.0,179.35738,8032.0588595356,178.80189861133977,179.91286138866025,0.5554813886602403,0.0,5.0,2.14692,2.5962545136,2.136933122940856,2.156906877059144,0.009986877059144028,0.0,1.0,0.84560035,0.018192739329877503,0.8447643522284141,0.8464363477715859,0.000835997771585939,0.0,248.0,108.34992399999999,1321.339885194224,108.12462288364762,108.57522511635236,0.2253011163523695,0.0,1240.0,541.74962,33033.497129855605,540.6231144182383,542.8761255817618,1.1265055817617622,0.0,1.0,0.8139225,0.06114578899374999,0.8123898628511667,0.8154551371488333,0.001532637148833338,55.2
T-partitioned_horizontal_scan_traversal-W-20-HS-random-D-5-C-5-H-5-RUNS-100000.csv,partitioned_horizontal_scan_traversal,20,random,5,5,5,100000,2.0,402.0,190.55616,7769.464706054399,190.00983431311738,191.10248568688263,0.546325686882625,0.0,5.0,2.24736,2.6107730304,2.237345238058953,2.257374761941047,0.010014761941047112,0.0,1.0,0.86634595,0.014266159418597501,0.8656056468322202,0.8670862531677799,0.0007403031677798433,0.0,248.2,113.57054,1243.2508513084001,113.35199772787887,113.78908227212112,0.21854227212112676,0.0,1241.0,567.8527,31081.27128271,566.7599886393944,568.9454113606057,1.0927113606056764,0.0,1.0,0.813266,0.054984413244000004,0.8118126310794636,0.8147193689205365,0.0014533689205364908,50.64
T-partitioned_horizontal_scan_traversal-W-20-HS-weighted-D-1-C-5-H-1-RUNS-100000.csv,partitioned_horizontal_scan_traversal,20,weighted,1,5,1,100000,1.0,402.0,150.37498,11368.0829499996,149.7141348785024,151.0358251214976,0.6608451214976014,0.0,1.0,0.63131,0.23275768389999998,0.6283197459665268,0.6343002540334732,0.002990254033473194,0.0,1.0,0.37029629999999997,0.07121206995630999,0.368642310012291,0.37195028998770896,0.0016539899877089925,0.0,401.0,149.11236,11395.756495230398,148.45071101336072,149.77400898663927,0.6616489866392783,0.0,401.0,149.11236,11395.756495230398,148.45071101336072,149.77400898663927,0.6616489866392783,0.0,1.0,0.36869,0.23275768389999998,0.3656997459665269,0.37168025403347316,0.0029902540334731387,36.87
T-partitioned_horizontal_scan_traversal-W-20-HS-weighted-D-1-C-5-H-2-RUNS-100000.csv,partitioned_horizontal_scan_traversal,20,weighted,1,5,2,100000,2.0,402.0,180.06788,12823.324912305601,179.36601046096078,180.76974953903922,0.7018695390392224,0.0,1.0,0.73575,0.19442193750000003,0.7330170687621164,0.7384829312378837,0.0027329312378836512,0.0,1.0,0.444004075,0.08063172594589438,0.4422440896637152,0.4457640603362848,0.0017599853362847973,0.0,401.0,178.59638,12902.9422108956,177.8923349531644,179.3004250468356,0.7040450468356028,0.0,401.0,178.59638,12902.9422108956,177.8923349531644,179.3004250468356,0.7040450468356028,0.0,1.0,0.39136,0.17464235040000003,0.38876981457556287,0.3939501854244371,0.002590185424437119,26.42
T-partitioned_horizontal_scan_traversal-W-20-HS-weighted-D-1-C-5-H-3-RUNS-100000.csv,partitioned_horizontal_scan_traversal,20,weighted,1,5,3,100000,2.0,402.0,189.78479,13844.7123146559,189.0555037267987,190.51407627320128,0.7292862732012964,0.0,1.0,0.76807,0.1781384751,0.7654540168847178,0.7706859831152822,0.0026159831152822166,0.0,1.0,0.468134625,0.08713262418860937,0.4663050657932976,0.46996418420670244,0.0018295592067024136,0.0,401.0,188.24865,13943.1685631775,187.51677517223024,188.98052482776976,0.731874827769758,0.0,401.0,188.24865,13943.1685631775,187.51677517223024,188.98052482776976,0.731874827769758,0.0,1.0,0.40728666666666674,0.15669757115555555,0.404833160218028,0.4097401731153055,0.0024535064486387315,23.19
T-partitioned_horizontal_scan_traversal-W-20-HS-weighted-D-1-C-5-H-4-RUNS-100000.csv,partitioned_horizontal_scan_traversal,20,weighted,1,5,4,100000,2.0,402.0,196.20131,14721.3535042839,195.44928904535806,196.95333095464196,0.7520209546419494,0.0,1.0,0.77996,0.17162239840000001,0.7773923072502859,0.7825276927497141,0.0025676927497141344,0.0,1.0,0.48411625,0.0926873096109375,0.4822292747256486,0.48600322527435147,0.0018869752743514434,0.0,401.0,194.64139,14831.9500888679,193.88654949061146,195.39623050938854,0.7548405093885435,0.0,401.0,194.64139,14831.9500888679,193.88654949061146,195.39623050938854,0.7548405093885435,0.0,1.0,0.4229725,0.14788238924375,0.42058900469579064,0.4253559953042093,0.0023834953042093376,22.0
T-partitioned_horizontal_scan_traversal-W-20-HS-weighted-D-1-C-5-H-5-RUNS-100000.csv,partitioned_horizontal_scan_traversal,20,weighted,1,5,5,100000,2.0,402.0,198.20462,15298.2330706556,197.43800606740922,198.9712339325908,0.7666139325907864,0.0,1.0,0.79087,0.16539464310000004,0.7883493253662304,0.7933906746337696,0.002520674633769593,0.0,1.0,0.489069725,0.09632452727592437,0.48714608183147007,0.49099336816852995,0.0019236431685299427,0.0,401.0,196.62288,15413.8858805056,195.8533737687156,197.3923862312844,0.7695062312843959,0.0,401.0,196.62288,15413.8858805056,195.8533737687156,197.3923862312844,0.7695062312843959,0.0,1.0,0.43076,0.1416466224,0.42842729842326144,0.4330927015767385,0.0023327015767385384,20.91
T-partitioned_horizontal_scan_traversal-W-20-HS-weighted-D-10-C-5-H-1-RUNS-100000.csv,partitioned_horizontal_scan_traversal,20,weighted,10,5,1,100000,1.0,402.0,88.75075,8764.715004437501,88.1704868772613,89.3310131227387,0.5802631227386996,0.0,10.0,2.25305,6.2695356975,2.23753064165775,2.26856935834225,0.015519358342249934,0.0,1.0,0.6706685250000001,0.09580400026182438,0.6687500864489753,0.6725869635510249,0.0019184385510248037,0.0,222.8,56.521882999999995,1659.9041444343109,56.269361956099516,56.774404043900475,0.25252104390047947,0.0,2228.0,565.21883,165990.4144434311,562.6936195609952,567.7440404390048,2.525210439004809,0.0,1.0,0.84948,0.12786372959999998,0.8472636938306467,0.8516963061693533,0.0022163061693533104,84.95
T-partitioned_horizontal_scan_traversal-W-20-HS-weighted-D-10-C-5-H-2-RUNS-100000.csv,partitioned_horizontal_scan_traversal,20,weighted,10,5,2,100000,2.0,402.0,119.86957,10191.154738015099,119.24386767427666,120.49527232572333,0.6257023257233385,0.0,10.0,2.87518,7.2889399676,2.8584464433608594,2.8919135566391403,0.016733556639140446,0.0,1.0,0.820247225,0.04244464744229937,0.818970293687774,0.8215241563122261,0.0012769313122260595,0.0,222.0,72.260424,1606.670977140224,72.01198512973647,72.50886287026353,0.24843887026352718,0.0,2220.0,722.60424,160667.0977140224,720.1198512973647,725.0886287026353,2.4843887026353286,0.0,1.0,0.868825,0.064840619375,0.8672467360062682,0.8704032639937317,0.0015782639937317322,77.06
T-partitioned_horizontal_scan_traversal-W-20-HS-weighted-D-10-C-5-H-3-RUNS-100000.csv,partitioned_horizontal_scan_traversal,20,weighted,10,5,3,100000,2.0,402.0,135.69647,10528.920039539102,135.0604833710219,136.33245662897812,0.6359866289781166,0.0,10.0,3.15426,7.5657238524,3.137211690772578,3.1713083092274217,0.017048309227421843,0.0,1.0,0.8762626000000001,0.021988811341240002,0.8753435123129512,0.8771816876870491,0.0009190876870489584,0.0,222.1,79.857341,1505.858543909719,79.6168226808997,80.09785931910031,0.2405183191003033,0.0,2221.0,798.57341,150585.85439097192,796.1682268089969,800.978593191003,2.4051831910030614,0.0,1.0,0.8854333333333333,0.0427544788888889,0.8841517499138886,0.886714916752778,0.0012815834194447318,72.84
T-partitioned_horizontal_scan_traversal-W-20-HS-weighted-D-10-C-5-H-4-RUNS-100000.csv,partitioned_horizontal_scan_traversal,20,weighted,10,5,4,100000,2.0,402.0,144.1531,10648.15604039,143.5135223562009,144.7926776437991,0.6395776437991003,0.0,10.0,3.28562,7.6901012156,3.2684321284535147,3.3028078715464857,0.01718787154648549,0.0,1.0,0.902621075,0.013483416653344375,0.9019013674662373,0.9033407825337627,0.0007197075337627146,0.0,226.1,83.80895,1435.7857010974997,83.57409441992287,84.04380558007712,0.2348555800771237,0.0,2261.0,838.0895,143578.57010975,835.7409441992288,840.4380558007713,2.348555800771237,0.0,1.0,0.8991175,0.03145334619375,0.8980182676554163,0.9002167323445838,0.001099232344583756,70.59
T-partitioned_horizontal_scan_traversal-W-20-HS-weighted-D-10-C-5-H-5-RUNS-100000.csv,partitioned_horizontal_scan_traversal,20,weighted,10,5,5,100000,2.0,402.0,149.93077,10644.842917207101,149.2912918647151,150.57024813528488,0.6394781352848895,0.0,10.0,3.39834,7.844245244400001,3.3809807222123482,3.415699277787652,0.017359277787651894,0.0,1.0,0.91763145,0.0092516238458975,0.9170352869504372,0.9182276130495628,0.0005961630495627812,0.0,225.5,86.407998,1378.9671396319961,86.17783631414395,86.63815968585607,0.23016168585606067,0.0,2255.0,864.07998,137896.7139631996,861.7783631414394,866.3815968585606,2.3016168585605783,0.0,1.0,0.90839,0.025123207899999996,0.9074075880931675,0.9093724119068326,0.0009824119068325698,68.91
T-partitioned_horizontal_scan_traversal-W-20-HS-weighted-D-5-C-5-H-1-RUNS-100000.csv,partitioned_horizontal_scan_traversal,20,weighted,5,5,1,100000,1.0,402.0,122.23939,9475.242202427899,121.63606512528617,122.84271487471383,0.6033248747138344,0.0,5.0,1.59421,2.4787844759,1.5844516710228556,1.6039683289771443,0.009758328977144348,0.0,1.0,0.6378336749999999,0.08334897797349436,0.6360442800358207,0.6396230699641791,0.0017893949641791806,0.0,248.0,77.990492,2155.901042397936,77.70270545680391,78.2782785431961,0.2877865431960913,0.0,1240.0,389.95246,53897.5260599484,388.51352728401946,391.3913927159805,1.4389327159805134,0.0,1.0,0.72514,0.1993119804,0.7223729132577661,0.7279070867422339,0.002767086742233915,72.51
T-partitioned_horizontal_scan_traversal-W-20-HS-weighted-D-5-C-5-H-2-RUNS-100000.csv,partitioned_horizontal_scan_traversal,20,weighted,5,5,2,100000,2.0,402.0,158.94518,8944.4917347676,158.35899607452708,159.5313639254729,0.5861839254729091,0.0,5.0,1.97797,2.6113646791000003,1.9679541033595436,1.9879858966404564,0.010015896640456434,0.0,1.0,0.776847225,0.03927613732229937,0.7756188797344604,0.7780755702655396,0.0012283452655396099,0.0,248.0,97.758224,1702.896700365824,97.50245363494327,98.01399436505673,0.25577036505673334,0.0,1240.0,488.79112,42572.417509145605,487.5122681747163,490.06997182528363,1.2788518252836525,0.0,1.0,0.75543,0.11210551509999997,0.7533547541186448,0.7575052458813553,0.0020752458813552144,61.01
T-partitioned_horizontal_scan_traversal-W-20-HS-weighted-D-5-C-5-H-3-RUNS-100000.csv,partitioned_horizontal_scan_traversal,20,weighted,5,5,3,100000,2.0,402.0,175.56411,8390.7239299079,174.99636177191704,176.13185822808296,0.5677482280829622,0.0,5.0,2.13348,2.6317630896000006,2.1234250603756126,2.1435349396243875,0.010054939624387416,0.0,1.0,0.82634985,0.0237290574049775,0.825395085385412,0.8273046146145882,0.0009547646145880995,0.0,248.2,106.05589800000001,1453.0916822135962,105.81963126500773,106.2921647349923,0.23626673499228446,0.0,1241.0,530.27949,36327.2920553399,529.0981563250385,531.4608236749615,1.1813336749614791,0.0,1.0,0.77921,0.08119733145555556,0.7774438525867876,0.7809761474132123,0.001766147413212349,55.32
T-partitioned_horizontal_scan_traversal-W-20-HS-weighted-D-5-C-5-H-4-RUNS-100000.csv,partitioned_horizontal_scan_traversal,20,weighted,5,5,4,100000,2.0,402.0,185.03246,8021.4507063484,184.47734555203897,185.587574447961,0.5551144479610173,0.0,5.0,2.20341,2.6177943718999996,2.19338178038778,2.2134382196122195,0.010028219612219669,0.0,1.0,0.852228775,0.017129634249499377,0.8514175709385403,0.8530399790614598,0.000811204061459736,0.0,248.2,110.74756599999999,1318.284834275644,110.52252549210523,110.97260650789475,0.22504050789476082,0.0,1241.0,553.73783,32957.120856891095,552.6126274605263,554.8630325394738,1.1252025394737757,0.0,1.0,0.7983,0.06494836,0.796720425311117,0.799879574688883,0.0015795746888830342,52.41
T-partitioned_horizontal_scan_traversal-W-20-HS-weighted-D-5-C-5-H-5-RUNS-100000.csv,partitioned_horizontal_scan_traversal,20,weighted,5,5,5,100000,2.0,402.0,190.8072,7684.44666816,190.26387164329105,191.35052835670894,0.5433283567089404,0.0,5.0,2.25562,2.5921784156,2.2456409656772967,2.2655990343227033,0.009979034322703306,0.0,1.0,0.8664076250000001,0.014210518029359373,0.8656687669211948,0.8671464830788055,0.00073885807880536,0.0,248.2,113.64450199999999,1234.816765571996,113.4267022734937,113.86230172650627,0.21779972650628565,0.0,1241.0,568.22251,30870.4191392999,567.1335113674686,569.3115086325315,1.0889986325314567,0.0,1.0,0.8126579999999999,0.055167375036000006,0.8112022150298264,0.8141137849701734,0.0014557849701735126,50.48
T-random_walk-W-20-HS-greedy-D-1-C-5-H-1-RUNS-100000.csv,random_walk,20,greedy,1,5,1,100000,1.0,6438.0,463.70213,259004.03760346305,460.5477839332891,466.8564760667109,3.1543460667109002,0.0,1.0,0.79948,0.16031172959999995,0.796998360339551,0.801961639660449,0.0024816396604490087,0.0,0.9975,0.289754475,0.046328871654974374,0.2884203948174407,0.2910885551825593,0.0013340801825593163,0.0,6437.0,462.90265,259012.0543329775,459.74825511678455,466.05704488321544,3.1543948832154456,0.0,6437.0,462.90265,259012.0543329775,459.74825511678455,466.05704488321544,3.1543948832154456,0.0,1.0,0.20052,0.16031172959999995,0.19803836033955097,0.20300163966044904,0.0024816396604490365,20.05
T-random_walk-W-20-HS-greedy-D-1-C-5-H-2-RUNS-100000.csv,random_walk,20,greedy,1,5,2,100000,1.0,9234.0,507.81252,297713.66065124964,504.4306613412772,511.1943786587228,3.3818586587228197,0.0,1.0,0.93505,0.060731497499999995,0.9335225638448826,0.9365774361551175,0.001527436155117412,0.0,0.9975,0.310190075,0.049578199558994375,0.30881000394593855,0.31157014605406147,0.0013800710540614602,0.0,9233.0,506.87747,297761.0196963991,503.4953423660014,510.2595976339986,3.382127633998607,0.0,9233.0,506.87747,297761.0196963991,503.4953423660014,510.2595976339986,3.382127633998607,0.0,1.0,0.229715,0.094563518775,0.22780902199979633,0.23162097800020368,0.001905978000203673,6.49
T-random_walk-W-20-HS-greedy-D-1-C-5-H-3-RUNS-100000.csv,random_walk,20,greedy,1,5,3,100000,1.0,10247.0,521.30785,316752.59793837747,517.819531235552,524.7961687644481,3.4883187644480813,0.0,1.0,0.96764,0.03131283039999999,0.9665432257786369,0.968736774221363,0.001096774221363006,0.0,0.9975,0.315713825,0.05121432401636938,0.31431116699770123,0.3171164830022988,0.0014026580022987734,0.0,10247.0,520.34021,316795.904007156,516.8516527841385,523.8287672158614,3.4885572158614195,0.0,10247.0,520.34021,316795.904007156,516.8516527841385,523.8287672158614,3.4885572158614195,0.0,1.0,0.24846666666666664,0.0722598711111111,0.24680055286244904,0.2501327804708842,0.0016661138042175783,3.24
T-random_walk-W-20-HS-greedy-D-1-C-5-H-4-RUNS-100000.csv,random_walk,20,greedy,1,5,4,100000,1.0,6832.0,520.49208,310373.6758172736,517.0390646322096,523.9450953677904,3.4530153677903854,0.0,1.0,0.97989,0.019705587899999995,0.9790199368616208,0.9807600631383793,0.000870063138379229,0.0,0.9975,0.31565055000000003,0.0515564365346975,0.3142432149063152,0.3170578850936849,0.0014073350936848472,0.0,6831.0,519.51219,310407.9286514039,516.0589841001047,522.9653958998954,3.4532058998953516,0.0,6831.0,519.51219,310407.9286514039,516.0589841001047,522.9653958998954,3.4532058998953516,0.0,1.0,0.2599525,0.06184782274375,0.2584110896203399,0.2614939103796601,0.001541410379660102,2.01
T-random_walk-W-20-HS-greedy-D-1-C-5-H-5-RUNS-100000.csv,random_walk,20,greedy,1,5,5,100000,1.0,7458.0,523.43277,315058.0628401271,519.9537944982084,526.9117455017916,3.4789755017916377,0.0,1.0,0.98545,0.014338297500000003,0.9847078274885447,0.9861921725114554,0.0007421725114553634,0.0,1.0,0.316536325,0.05200426651799438,0.3151228909185674,0.31794975908143264,0.0014134340814326296,0.0,7458.0,522.44732,315089.8023648176,518.9681692634485,525.9264707365514,3.4791507365514462,0.0,7458.0,522.44732,315089.8023648176,518.9681692634485,525.9264707365514,3.4791507365514462,0.0,1.0,0.26908200000000004,0.056877677276,0.2676038211034402,0.27056017889655987,0.001478178896559823,1.46
T-random_walk-W-20-HS-greedy-D-10-C-5-H-1-RUNS-100000.csv,random_walk,20,greedy,10,5,1,100000,1.0,9230.0,509.50814,348064.0859137404,505.85147076086145,513.1648092391385,3.656669239138523,0.0,10.0,4.53431,13.653782823899999,4.51140751714414,4.557212482855859,0.022902482855859496,0.0,1.0,0.60993595,0.0922384297725975,0.6080535495330047,0.6118183504669953,0.001882400466995282,0.0,2126.2,255.017515,42134.461599724775,253.7452581561139,256.2897718438861,1.2722568438861117,0.0,21262.0,2550.17515,4213446.159972478,2537.452581561139,2562.897718438861,12.72256843886089,0.0,1.0,0.793,0.164151,0.790488820035123,0.7955111799648771,0.0025111799648770416,79.3
T-random_walk-W-20-HS-greedy-D-10-C-5-H-2-RUNS-100000.csv,random_walk,20,greedy,10,5,2,100000,1.0,8406.0,702.04049,394999.0914705598,698.1450715246712,705.9359084753288,3.8954184753288246,0.0,10.0,6.18319,11.439631423900002,6.162226582321087,6.204153417678913,0.020963417678912855,0.0,1.0,0.745912475,0.05124933357687437,0.7445093376586506,0.7473156123413495,0.0014031373413494475,0.0,1998.5,325.002492,40642.20031378994,323.7529677836462,326.2520162163538,1.249524216353791,0.0,19985.0,3250.02492,4064220.0313789933,3237.529677836462,3262.520162163538,12.495242163538023,0.0,1.0,0.823645,0.07609641397500001,0.821935228132392,0.825354771867608,0.001709771867608012,68.53
T-random_walk-W-20-HS-greedy-D-10-C-5-H-3-RUNS-100000.csv,random_walk,20,greedy,10,5,3,100000,1.0,8750.0,797.98853,394028.27007843903,794.0979015130671,801.8791584869329,3.890628486932883,0.0,10.0,6.87308,9.8389713136,6.8536384485705675,6.892521551429432,0.01944155142943238,0.0,1.0,0.8001566,0.03438832385144001,0.7990072254530933,0.8013059745469067,0.0011493745469066674,0.0,2123.7,357.594455,38768.37590455297,356.37407558000416,358.8148344199958,1.2203794199958224,0.0,21237.0,3575.94455,3876837.590455298,3563.7407558000423,3588.148344199958,12.203794199957883,0.0,1.0,0.8446366666666666,0.04940112354444443,0.8432590623831064,0.8460142709502267,0.001377604283560152,62.54
T-random_walk-W-20-HS-greedy-D-10-C-5-H-4-RUNS-100000.csv,random_walk,20,greedy,10,5,4,100000,3.0,8418.0,855.29616,389555.4680692545,851.4276767233981,859.1646432766019,3.8684832766018644,0.0,10.0,7.24959,8.878614831899998,7.2311216252100445,7.268058374789956,0.018468374789955888,0.005,1.0,0.8270689999999999,0.026725454739000003,0.8260557453087928,0.8280822546912071,0.001013254691207166,0.2,2392.7,375.35943399999996,37714.08760619964,374.1557627868027,376.5631052131972,1.2036712131972536,2.0,23927.0,3753.59434,3771408.7606199645,3741.5576278680273,3765.631052131973,12.036712131972763,0.0,1.0,0.85843,0.0373629351,0.8572319455292844,0.8596280544707157,0.001198054470715637,58.49
T-random_walk-W-20-HS-greedy-D-10-C-5-H-5-RUNS-100000.csv,random_walk,20,greedy,10,5,5,100000,1.0,7765.0,900.33351,392054.4894210799,896.4526382853462,904.2143817146539,3.8808717146538356,0.0,10.0,7.50069,8.2081195239,7.48293266011954,7.518447339880459,0.017757339880459355,0.0,1.0,0.8422180749999999,0.023629332455794374,0.8412653187690459,0.8431708312309539,0.0009527562309540327,0.0,1953.4,388.205862,37319.479704436955,387.0085044375628,389.40321956243724,1.1973575624372188,0.0,19534.0,3882.05862,3731947.9704436962,3870.0850443756276,3894.032195624372,11.973575624372188,0.0,1.0,0.866424,0.032097452224,0.8653135695768589,0.867534430423141,0.0011104304231410733,55.42
T-random_walk-W-20-HS-greedy-D-5-C-5-H-1-RUNS-100000.csv,random_walk,20,greedy,5,5,1,100000,1.0,7805.0,634.19218,385941.6626268476,630.3416819917584,638.0426780082416,3.8504980082416296,0.0,5.0,2.94079,3.984084175900001,2.928418557978094,2.9531614420219054,0.012371442021905654,0.0,1.0,0.5703956750000001,0.07825892987879438,0.5686617790832208,0.5721295709167794,0.0017338959167793044,0.0,3367.6,332.81580399999996,68932.66209423359,331.1885003568491,334.4431076431508,1.6273036431508672,0.0,16838.0,1664.07902,1723316.5523558392,1655.9425017842457,1672.2155382157541,8.136518215754222,0.0,1.0,0.59972,0.24005592159999992,0.5966832273242494,0.6027567726757507,0.003036772675750643,59.97
T-random_walk-W-20-HS-greedy-D-5-C-5-H-2-RUNS-100000.csv,random_walk,20,greedy,5,5,2,100000,1.0,7756.0,814.0136,389101.79433504,810.1473699847041,817.8798300152959,3.866230015295855,0.0,5.0,3.7996,2.64183984,3.7895258291014375,3.809674170898562,0.010074170898562329,0.0,1.0,0.6730219000000001,0.05265096012039001,0.671599704765869,0.6744440952341311,0.0014221952341310073,0.0,2701.2,406.542808,66537.32575787514,404.94402786930203,408.1415881306979,1.5987801306979463,0.0,13506.0,2032.71404,1663433.1439468786,2024.7201393465105,2040.7079406534897,7.993900653489618,0.0,1.0,0.646405,0.121553075975,0.6442440782136654,0.6485659217863347,0.0021609217863346464,43.24
T-random_walk-W-20-HS-greedy-D-5-C-5-H-3-RUNS-100000.csv,random_walk,20,greedy,5,5,3,100000,1.0,9982.0,903.36088,395565.2803856256,899.4626706917029,907.259089308297,3.898209308297055,0.0,5.0,4.13244,1.9374796463999997,4.123812705053372,4.141067294946628,0.008627294946627728,0.0,1.0,0.7105764749999999,0.04464893623907437,0.7092668057537548,0.711886144246245,0.0013096692462450932,0.0,2838.6,439.666012,66939.82672561586,438.06240344942063,441.2696205505794,1.6036085505793949,0.0,14193.0,2198.33006,1673495.668140396,2190.312017247103,2206.3481027528965,8.01804275289669,0.0,1.0,0.6778733333333334,0.08360774395555556,0.6760811628359207,0.6796655038307462,0.0017921704974127595,34.85
T-random_walk-W-20-HS-greedy-D-5-C-5-H-4-RUNS-100000.csv,random_walk,20,greedy,5,5,4,100000,1.0,7535.0,949.07315,399335.68011907744,945.1564065200853,952.9898934799148,3.9167434799147713,0.0,5.0,4.30711,1.5792134479000004,4.299321093541804,4.314898906458196,0.0077889064581961875,0.0,1.0,0.7256298000000001,0.04276301272696,0.7243480886842512,0.726911511315749,0.0012817113157489457,0.0,2723.4,454.307114,67229.04791899101,452.7000448960546,455.91418310394545,1.6070691039454346,0.0,13617.0,2271.53557,1680726.1979747755,2263.5002244802727,2279.5709155197274,8.035345519727343,0.0,1.0,0.694205,0.067460667975,0.6925951649087786,0.6958148350912213,0.0016098350912213677,29.34
T-random_walk-W-20-HS-greedy-D-5-C-5-H-5-RUNS-100000.csv,random_walk,20,greedy,5,5,5,100000,1.0,8192.0,978.24044,401311.4122286064,974.3140193383574,982.1668606616427,3.9264206616426236,0.0,5.0,4.4092,1.35471536,4.401985934206721,4.41641406579328,0.007214065793279545,0.0,1.0,0.734314275,0.04216916884372438,0.7330414942685696,0.7355870557314305,0.0012727807314304451,0.0,3555.0,464.76763200000005,68477.71082991258,463.14570729791245,466.38955670208765,1.6219247020875969,0.0,17775.0,2323.83816,1711942.7707478143,2315.728536489562,2331.9477835104376,8.109623510437814,0.0,1.0,0.70732,0.0590232176,0.7058141992404964,0.7088258007595035,0.0015058007595035727,25.93
T-random_walk-W-20-HS-weighted-D-1-C-5-H-1-RUNS-100000.csv,random_walk,20,weighted,1,5,1,100000,1.0,8844.0,446.63641,245371.0301523119,443.56620259750565,449.7066174024944,3.0702074024943613,0.0,1.0,0.77239,0.1758036879,0.7697912167319366,0.7749887832680634,0.002598783268063398,0.0,0.9975,0.282800625,0.04478157631210938,0.28148901185748965,0.2841122381425104,0.0013116131425103816,0.0,8843.0,445.86402,245375.07508943958,442.7937872914523,448.93425270854766,3.070232708547678,0.0,8843.0,445.86402,245375.07508943958,442.7937872914523,448.93425270854766,3.070232708547678,0.0,1.0,0.22761,0.1758036879,0.22501121673193658,0.23020878326806343,0.002598783268063426,22.76
T-random_walk-W-20-HS-weighted-D-5-C-5-H-1-RUNS-100000.csv,random_walk,20,weighted,5,5,1,100000,1.0,7802.0,581.25215,349788.4352303775,577.5864341725237,584.9178658274764,3.6657158274763333,0.0,5.0,2.75687,4.043997803099999,2.7444058827186244,2.769334117281376,0.012464117281375753,0.0,1.0,0.5455842,0.07910396646036,0.5438409679513211,0.5473274320486788,0.0017432320486788777,0.0,3120.4,311.23497399999997,64320.04569641932,309.6630583294013,312.80688967059865,1.5719156705986848,0.0,15602.0,1556.17487,1608001.1424104834,1548.3152916470067,1564.0344483529934,7.859578352993367,0.0,1.0,0.64117,0.23007103110000005,0.6381970538634651,0.6441429461365349,0.002972946136534871,64.12
T-spiral_traversal_swarm-W-20-HS-greedy-D-1-C-5-H-1-RUNS-100000.csv,spiral_traversal_swarm,20,greedy,1,5,1,100000,1.0,401.0,154.86138,11870.079644495601,154.18610155400683,155.53665844599317,0.6752784459931718,0.0,1.0,0.66696,0.22212435840000005,0.6640388479409154,0.6698811520590846,0.0029211520590846085,0.0,0.9975,0.3813307,0.07433516748751,0.3796408302434211,0.38302056975657894,0.0016898697565789211,0.0,400.0,153.52623,11895.4730519871,152.85022963552885,154.20223036447115,0.6760003644711503,0.0,400.0,153.52623,11895.4730519871,152.85022963552885,154.20223036447115,0.6760003644711503,0.0,1.0,0.33181,0.2217121239,0.3288915598426998,0.3347284401573002,0.002918440157300195,33.18
T-spiral_traversal_swarm-W-20-HS-greedy-D-1-C-5-H-2-RUNS-100000.csv,spiral_traversal_swarm,20,greedy,1,5,2,100000,2.0,401.0,180.94317,13053.1423203511,180.2350389984342,181.65130100156583,0.7081310015658175,0.0,1.0,0.75334,0.18581884440000002,0.7506682184358615,0.7560117815641385,0.002671781564138498,0.0,0.9975,0.44610009999999994,0.08205086765498999,0.44432469409378184,0.44787550590621805,0.0017754059062181082,0.0,400.0,179.43496,13129.9534097984,178.72474855951847,180.1451714404815,0.7102114404815154,0.0,400.0,179.43496,13129.9534097984,178.72474855951847,180.1451714404815,0.7102114404815154,0.0,1.0,0.367275,0.17131157437499997,0.36470963346845137,0.36984036653154867,0.002565366531548652,24.51
T-spiral_traversal_swarm-W-20-HS-greedy-D-1-C-5-H-3-RUNS-100000.csv,spiral_traversal_swarm,20,greedy,1,5,3,100000,2.0,401.0,191.0981,14069.23981639,190.36292388723078,191.8332761127692,0.73517611276921,0.0,1.0,0.77666,0.1734592444,0.7740786030268728,0.7792413969731272,0.0025813969731272035,0.0,0.9975,0.471369675,0.08852340230289438,0.4695255722309364,0.4732137777690636,0.0018441027690636047,0.0,400.0,189.54244,14165.793338846399,188.80474553959982,190.28013446040018,0.7376944604001778,0.0,400.0,189.54244,14165.793338846399,188.80474553959982,190.28013446040018,0.7376944604001778,0.0,1.0,0.39372,0.15505122826666665,0.39127941646627445,0.3961605835337256,0.00244058353372556,22.1
T-spiral_traversal_swarm-W-20-HS-greedy-D-1-C-5-H-4-RUNS-100000.csv,spiral_traversal_swarm,20,greedy,1,5,4,100000,2.0,401.0,195.30036,14763.497603870399,194.54726337675018,196.05345662324984,0.7530966232498315,0.0,1.0,0.78425,0.1692019375,0.7817004781563988,0.7867995218436012,0.0025495218436012435,0.0,0.9975,0.481834225,0.09293778230614938,0.4799447018207103,0.4837237481792897,0.0018895231792896983,0.0,400.0,193.72874,14871.9543180124,192.97288221107354,194.48459778892644,0.7558577889264484,0.0,400.0,193.72874,14871.9543180124,192.97288221107354,194.48459778892644,0.7558577889264484,0.0,1.0,0.4141225,0.14686567999375003,0.4117472122358249,0.4164977877641751,0.0023752877641751158,21.26
T-spiral_traversal_swarm-W-20-HS-greedy-D-1-C-5-H-5-RUNS-100000.csv,spiral_traversal_swarm,20,greedy,1,5,5,100000,2.0,401.0,199.9616,15249.71002544,199.1962028087736,200.72699719122642,0.7653971912264126,0.0,1.0,0.78538,0.1685582556,0.7828353322521143,0.7879246677478856,0.0025446677478856428,0.0,0.9975,0.49348145,0.09601912263089751,0.49156085878503814,0.49540204121496184,0.0019205912149618531,0.0,400.0,198.38734,15365.129967724402,197.61905175146296,199.15562824853703,0.7682882485370328,0.0,400.0,198.38734,15365.129967724402,197.61905175146296,199.15562824853703,0.7682882485370328,0.0,1.0,0.435844,0.142038407664,0.4335080746011869,0.4381799253988131,0.00233592539881311,21.11
T-spiral_traversal_swarm-W-20-HS-greedy-D-10-C-5-H-1-RUNS-100000.csv,spiral_traversal_swarm,20,greedy,10,5,1,100000,1.0,401.0,200.18338,13067.716471775599,199.4748537859615,200.8919062140385,0.7085262140384998,0.0,10.0,6.68749,5.4850874999,6.672973970191676,6.702006029808325,0.014516029808324227,0.0,0.9975,0.4974461,0.08153610921979,0.4956762719937272,0.4992159280062728,0.001769828006272789,0.0,398.9,154.362731,7594.02650432164,153.82260867849308,154.9028533215069,0.5401223215069137,0.0,3989.0,1543.62731,759402.650432164,1538.2260867849309,1549.0285332150693,5.401223215069194,0.0,1.0,0.89556,0.0935322864,0.8936644430068336,0.8974555569931665,0.0018955569931664584,89.56
T-spiral_traversal_swarm-W-20-HS-greedy-D-10-C-5-H-2-RUNS-100000.csv,spiral_traversal_swarm,20,greedy,10,5,2,100000,2.0,401.0,263.68398,9152.8372313596,263.09100833534825,264.2769516646518,0.5929716646517704,0.0,10.0,7.52246,4.1193755484,7.5098802571144185,7.535039742885581,0.012579742885581169,0.0,0.9975,0.6558367000000002,0.05722765980811,0.6543539802762531,0.6573194197237472,0.001482719723747028,0.0,400.0,179.676255,6346.959374874975,179.18246882021649,180.1700411797835,0.4937861797835126,0.0,4000.0,1796.76255,634695.9374874976,1791.8246882021647,1801.7004117978352,4.9378617978352395,0.0,1.0,0.89908,0.0525401536,0.8976593020937942,0.9005006979062058,0.0014206979062058034,82.27
T-spiral_traversal_swarm-W-20-HS-greedy-D-10-C-5-H-3-RUNS-100000.csv,spiral_traversal_swarm,20,greedy,10,5,3,100000,2.0,401.0,293.1371,6961.85002359,292.6199477685379,293.65425223146207,0.5171522314620915,0.0,10.0,7.76034,3.676763084399999,7.748455281633531,7.77222471836647,0.011884718366469649,0.0,0.9975,0.7293201250000001,0.04365905645748438,0.7280250549969227,0.7306151950030775,0.001295070003077381,0.0,400.0,189.35693899999998,5953.682515250279,188.87869568587436,189.8351823141256,0.4782433141256206,0.0,4000.0,1893.56939,595368.2515250279,1888.786956858744,1898.3518231412563,4.782433141256206,0.0,1.0,0.9029866666666666,0.04321730204444444,0.9016981652598612,0.904275168073472,0.0012885014068053646,79.18
T-spiral_traversal_swarm-W-20-HS-greedy-D-10-C-5-H-4-RUNS-100000.csv,spiral_traversal_swarm,20,greedy,10,5,4,100000,2.0,401.0,309.64101,5871.3041361799005,309.1660868275863,310.1159331724137,0.4749231724136962,0.0,10.0,7.84471,3.5201950159,7.833081078651448,7.856338921348552,0.01162892134855209,0.0,0.9975,0.770522175,0.03691899814576938,0.7693312592881346,0.7717130907118653,0.001190915711865359,0.0,400.0,194.123529,5821.188188486159,193.6506370826987,194.5964209173013,0.47289191730129687,0.0,4000.0,1941.23529,582118.8188486159,1936.5063708269872,1945.964209173013,4.728919173012855,0.0,1.0,0.90764,0.038725880399999996,0.9064202896157504,0.9088597103842496,0.001219710384249617,77.92
T-spiral_traversal_swarm-W-20-HS-greedy-D-10-C-5-H-5-RUNS-100000.csv,spiral_traversal_swarm,20,greedy,10,5,5,100000,2.0,401.0,320.4163,5326.76187431,319.96393633638024,320.8686636636197,0.45236366361973523,0.0,10.0,7.88321,3.4487500959,7.871699692285429,7.894720307714571,0.011510307714570622,0.0,0.9975,0.797431275,0.03357486971437437,0.7962955760104137,0.7985669739895863,0.00113569898958632,0.0,399.1,196.97725,5780.8196534375,196.506000630975,197.448499369025,0.4712493690250028,0.0,3991.0,1969.7725,578081.96534375,1965.0600063097502,1974.48499369025,4.7124936902498575,0.0,1.0,0.909924,0.03737511422400001,0.90872575028144,0.9111222497185599,0.0011982497185599739,77.22
T-spiral_traversal_swarm-W-20-HS-greedy-D-5-C-5-H-1-RUNS-100000.csv,spiral_traversal_swarm,20,greedy,5,5,1,100000,1.0,401.0,197.37502,13112.8133199996,196.66527227263407,198.08476772736594,0.7097477273659365,0.0,5.0,3.34914,1.8284012604,3.3407590774481846,3.357520922551815,0.008380922551815218,0.0,0.9975,0.4897603,0.08179167216891,0.48798770053084717,0.4915328994691528,0.0017725994691528135,0.0,400.0,155.22658399999997,8191.395378890944,154.6656199682872,155.78754803171276,0.5609640317127855,0.0,2000.0,776.13292,204784.8844722736,773.328099841436,778.937740158564,2.8048201585639845,0.0,1.0,0.76105,0.18185289750000003,0.7584068842419674,0.7636931157580326,0.002643115758032555,76.11
T-spiral_traversal_swarm-W-20-HS-greedy-D-5-C-5-H-2-RUNS-100000.csv,spiral_traversal_swarm,20,greedy,5,5,2,100000,2.0,401.0,252.04635,10080.5841816775,251.42405125990538,252.6686487400946,0.6222987400946067,0.0,5.0,3.76187,1.4242641031,3.7544730729498874,3.7692669270501127,0.007396927050112634,0.0,0.9975,0.625928975,0.06318182169294938,0.6243710299232542,0.6274869200767458,0.0015579450767457814,0.0,400.0,179.5812,7084.8431073599995,179.0594995756065,180.10290042439348,0.5217004243934866,0.0,2000.0,897.906,177121.07768400002,895.2974978780326,900.5145021219673,2.6085021219673763,0.0,1.0,0.78181,0.10983812389999999,0.7797558477739607,0.7838641522260393,0.0020541522260393297,66.03
T-spiral_traversal_swarm-W-20-HS-greedy-D-5-C-5-H-3-RUNS-100000.csv,spiral_traversal_swarm,20,greedy,5,5,3,100000,2.0,401.0,276.01359,8950.4439253119,275.4272110663447,276.59996893365536,0.5863789336553396,0.0,5.0,3.87527,1.3011924271000002,3.8681998791891883,3.8823401208108117,0.007070120810811709,0.0,0.9975,0.6856721499999999,0.0563047552143775,0.6842014347058946,0.6871428652941053,0.0014707152941053625,0.0,400.0,189.261288,6868.229180581057,188.74762479107687,189.77495120892314,0.5136632089231341,0.0,2000.0,946.30644,171705.7295145264,943.7381239553844,948.8747560446155,2.5683160446155853,0.0,1.0,0.7951066666666665,0.09011427751111112,0.7932460672780643,0.7969672660552687,0.0018605993886021688,62.44
T-spiral_traversal_swarm-W-20-HS-greedy-D-5-C-5-H-4-RUNS-100000.csv,spiral_traversal_swarm,20,greedy,5,5,4,100000,2.0,401.0,289.59984,8510.0832519744,289.02806787912675,290.1716121208732,0.57177212087322,0.0,5.0,3.92082,1.2632705275999998,3.913853666632418,3.9277863333675818,0.0069663333675817896,0.0,0.9975,0.719551375,0.05366250754810937,0.7181155829224455,0.7209871670775545,0.0014357920775545097,0.0,400.0,194.04952,6814.8426189696,193.5378570308002,194.5611829691998,0.51166296919979,0.0,2000.0,970.2476,170371.06547424,967.6892851540011,972.8059148459989,2.5583148459988934,0.0,1.0,0.8022425,0.08255134619375,0.8004616876810345,0.8040233123189654,0.0017808123189654301,60.59
T-spiral_traversal_swarm-W-20-HS-greedy-D-5-C-5-H-5-RUNS-100000.csv,spiral_traversal_swarm,20,greedy,5,5,5,100000,2.0,401.0,298.85315,8338.4402450775,298.2871733923077,299.41912660769236,0.5659766076923347,0.0,5.0,3.9376,1.22370624,3.9307436234849713,3.944456376515029,0.006856376515028906,0.0,0.9975,0.7426692,0.05266412912136,0.7412468269180253,0.7440915730819747,0.0014223730819746816,0.0,400.0,197.111718,6801.770137888477,196.60054601170532,197.62288998829467,0.5111719882946772,0.0,2000.0,985.55859,170044.2534472119,983.0027300585266,988.1144499414734,2.5558599414733862,0.0,1.0,0.8106260000000001,0.077839488124,0.8088967568777724,0.8123552431222277,0.0017292431222276639,60.2
T-spiral_traversal_swarm-W-20-HS-random-D-1-C-5-H-1-RUNS-100000.csv,spiral_traversal_swarm,20,random,1,5,1,100000,1.0,401.0,143.69196,10866.5948113584,143.04585543704354,144.33806456295645,0.6461045629564524,0.0,1.0,0.5667,0.24555110999999996,0.5636286661787164,0.5697713338212835,0.0030713338212835506,0.0,0.9975,0.3539108,0.06811223339336,0.35229320933545,0.35552839066455005,0.0016175906645500282,0.0,400.0,142.55776,10899.814563782402,141.9106686028371,143.2048513971629,0.6470913971629102,0.0,400.0,142.55776,10899.814563782402,141.9106686028371,143.2048513971629,0.6470913971629102,0.0,1.0,0.4325,0.24544375,0.429429337677308,0.435570662322692,0.003070662322691986,43.25
T-spiral_traversal_swarm-W-20-HS-random-D-1-C-5-H-2-RUNS-100000.csv,spiral_traversal_swarm,20,random,1,5,2,100000,2.0,401.0,175.71142,12443.7715815836,175.020015683353,176.402824316647,0.6914043166470094,0.0,1.0,0.69516,0.21191257440000005,0.692306785416736,0.698013214583264,0.002853214583264041,0.0,0.9975,0.4333119,0.07830034044339,0.4315775454000196,0.4350462545999805,0.0017343545999804477,0.0,400.0,174.31956,12529.8578814064,173.6257682298181,175.01335177018188,0.693791770181889,0.0,400.0,174.31956,12529.8578814064,173.6257682298181,175.01335177018188,0.693791770181889,0.0,1.0,0.433085,0.18062988277500006,0.4304507871049051,0.4357192128950949,0.0026342128950949117,30.33
T-spiral_traversal_swarm-W-20-HS-random-D-1-C-5-H-3-RUNS-100000.csv,spiral_traversal_swarm,20,random,1,5,3,100000,2.0,401.0,188.07151,13659.645956319899,187.3471144181126,188.79590558188738,0.7243955818873928,0.0,1.0,0.7491,0.18794919000000002,0.7464129465797942,0.7517870534202058,0.0026870534202058094,0.0,0.9975,0.46394029999999997,0.08601057503591,0.462122559025444,0.4657580409745559,0.001817740974555948,0.0,400.0,186.57092,13763.623490353599,185.8437725871562,187.2980674128438,0.7271474128438058,0.0,400.0,186.57092,13763.623490353599,185.8437725871562,187.2980674128438,0.7271474128438058,0.0,1.0,0.42886333333333326,0.1585640191,0.42639525809992856,0.43133140856673796,0.0024680752334046985,24.85
T-spiral_traversal_swarm-W-20-HS-random-D-1-C-5-H-4-RUNS-100000.csv,spiral_traversal_swarm,20,random,1,5,4,100000,2.0,401.0,195.08132,14668.4724070576,194.3306509411002,195.8319890588998,0.7506690588998026,0.0,1.0,0.77167,0.17619541109999998,0.7690683230575612,0.7742716769424387,0.0026016769424387354,0.0,0.9975,0.4813519,0.09237037524139,0.4794681536435939,0.4832356463564061,0.0018837463564060908,0.0,400.0,193.53517,14781.413943071098,192.7816165526341,194.2887234473659,0.7535534473659027,0.0,400.0,193.53517,14781.413943071098,192.7816165526341,194.2887234473659,0.7535534473659027,0.0,1.0,0.4318275,0.14846688524374999,0.4294392990320067,0.4342157009679932,0.002388200967993248,22.55
T-spiral_traversal_swarm-W-20-HS-random-D-1-C-5-H-5-RUNS-100000.csv,spiral_traversal_swarm,20,random,1,5,5,100000,2.0,401.0,198.49087,15407.0374166431,197.7215347353736,199.2602052646264,0.7693352646263918,0.0,1.0,0.78838,0.1668369756,0.7858483583873996,0.7909116416126003,0.0025316416126003327,0.0,0.9975,0.489790625,0.09699928034960936,0.487860256031665,0.49172099396833496,0.0019303689683349834,0.0,400.0,196.91085,15522.001622277498,196.1386497576267,197.68305024237333,0.7722002423733159,0.0,400.0,196.91085,15522.001622277498,196.1386497576267,197.68305024237333,0.7722002423733159,0.0,1.0,0.43155800000000005,0.141577292636,0.42922586937031726,0.43389013062968285,0.0023321306296827937,20.84
T-spiral_traversal_swarm-W-20-HS-random-D-10-C-5-H-1-RUNS-100000.csv,spiral_traversal_swarm,20,random,10,5,1,100000,1.0,401.0,196.74697,13043.288845819101,196.0391063236463,197.4548336763537,0.7078636763536963,0.0,10.0,5.67971,8.679204315900002,5.661450199535603,5.6979698004643975,0.018259800464397458,0.0,0.9975,0.48892902499999996,0.08143179670004938,0.4871603294631624,0.4906977205368375,0.0017686955368375612,0.0,400.0,142.011337,6858.853714572431,141.49802449839984,142.52464950160015,0.5133125016001543,0.0,4000.0,1420.11337,685885.3714572431,1414.9802449839983,1425.2464950160017,5.1331250160017134,0.0,1.0,0.90967,0.08217049110000002,0.907893300366945,0.9114466996330549,0.0017766996330549345,90.97
T-spiral_traversal_swarm-W-20-HS-random-D-10-C-5-H-2-RUNS-100000.csv,spiral_traversal_swarm,20,random,10,5,2,100000,2.0,401.0,260.39461,9191.0999929479,259.8004001908172,260.9888198091828,0.5942098091828143,0.0,10.0,6.96541,5.614453531900001,6.9507237871838425,6.980096212816158,0.014686212816157784,0.0,0.9975,0.64777725,0.05749511500743751,0.6462910695472535,0.6492634304527465,0.0014861804527465106,0.0,400.0,174.36998100000002,5932.03534955964,173.8926079069285,174.84735409307154,0.4773730930715203,0.0,4000.0,1743.69981,593203.5349559638,1738.9260790692847,1748.4735409307154,4.773730930715374,0.0,1.0,0.91098,0.0533954396,0.9095477852089601,0.91241221479104,0.001432214791039943,85.56
T-spiral_traversal_swarm-W-20-HS-random-D-10-C-5-H-3-RUNS-100000.csv,spiral_traversal_swarm,20,random,10,5,3,100000,2.0,401.0,290.7594,7001.02965164,290.2407946056033,291.27800539439676,0.5186053943967295,0.0,10.0,7.46324,4.4011487024,7.450237133833212,7.476242866166788,0.013002866166788252,0.0,0.9975,0.7235114749999999,0.04391088573082438,0.7222126753286744,0.7248102746713254,0.0012987996713255123,0.0,398.9,186.61012,5787.4288507856,186.13860131878812,187.08163868121187,0.4715186812118759,0.0,3989.0,1866.1012,578742.88507856,1861.3860131878814,1870.8163868121187,4.715186812118645,0.0,1.0,0.9112533333333335,0.04395514026666668,0.909953879344735,0.9125527873219319,0.0012994539885984313,81.92
T-spiral_traversal_swarm-W-20-HS-random-D-10-C-5-H-4-RUNS-100000.csv,spiral_traversal_swarm,20,random,10,5,4,100000,2.0,401.0,308.29389,5959.1492386679,307.8154271726532,308.77235282734677,0.4784628273467888,0.0,10.0,7.71972,3.8049431216000005,7.707629892682056,7.731810107317943,0.012090107317943577,0.0,0.9975,0.767215875,0.03747616646048437,0.7660160065027279,0.768415743497272,0.0011998684972720497,0.0,400.0,192.75473900000003,5752.414725141879,192.28464883409453,193.22482916590553,0.47009016590550345,0.0,4000.0,1927.54739,575241.4725141879,1922.8464883409451,1932.2482916590548,4.700901659054807,0.0,1.0,0.910115,0.039936936775,0.9088763647174618,0.9113536352825382,0.001238635282538203,79.15
T-spiral_traversal_swarm-W-20-HS-random-D-10-C-5-H-5-RUNS-100000.csv,spiral_traversal_swarm,20,random,10,5,5,100000,2.0,401.0,320.5597,5259.180095909999,320.11021511419796,321.0091848858021,0.4494848858020646,0.0,10.0,7.8749,3.4690299900000006,7.863355899511186,7.886444100488815,0.01154410048881438,0.0,0.9975,0.797792475,0.033152442520874376,0.7966639431077249,0.798921006892275,0.0011285318922750198,0.0,400.0,197.43992700000004,5788.574591734671,196.9683616476722,197.91149235232788,0.47156535232784336,0.0,4000.0,1974.39927,578857.4591734671,1969.6836164767215,1979.1149235232783,4.715653523278434,0.0,1.0,0.910328,0.03702293241600001,0.9091354091348275,0.9115205908651726,0.001192590865172538,77.29
T-spiral_traversal_swarm-W-20-HS-random-D-5-C-5-H-1-RUNS-100000.csv,spiral_traversal_swarm,20,random,5,5,1,100000,1.0,401.0,189.24997,12696.365304999099,188.55158359581043,189.94835640418955,0.6983864041895629,0.0,5.0,2.83017,2.6147677711,2.820147579199885,2.840192420800115,0.01002242080011495,0.0,0.9975,0.46968669999999996,0.07929104596811,0.4679414078118805,0.47143199218811943,0.0017452921881194738,0.0,400.0,142.522092,7279.591707143537,141.99326991742245,143.05091408257752,0.528822082577534,0.0,2000.0,712.61046,181989.79267858842,709.9663495871124,715.2545704128876,2.644110412887585,0.0,1.0,0.80963,0.1541292631,0.8071966833803942,0.8120633166196057,0.0024333166196057743,80.96
T-spiral_traversal_swarm-W-20-HS-random-D-5-C-5-H-2-RUNS-100000.csv,spiral_traversal_swarm,20,random,5,5,2,100000,2.0,401.0,246.49253,10208.546884199099,245.86629399248892,247.11876600751106,0.6262360075110678,0.0,5.0,3.4745,1.85196975,3.4660652344480716,3.4829347655519283,0.008434765551928347,0.0,0.9975,0.612315,0.06401477065,0.6107468190699762,0.6138831809300239,0.0015681809300238658,0.0,400.0,174.57837800000001,6751.236184889116,174.06910843554647,175.08764756445356,0.5092695644535468,0.0,2000.0,872.89189,168780.90462222788,870.3455421777322,875.4382378222678,2.5463478222677622,0.0,1.0,0.80919,0.1069365439,0.8071631615085403,0.8112168384914596,0.0020268384914596815,71.43
T-spiral_traversal_swarm-W-20-HS-random-D-5-C-5-H-3-RUNS-100000.csv,spiral_traversal_swarm,20,random,5,5,3,100000,2.0,401.0,272.9937,9021.497760310001,272.40499815869146,273.5824018413085,0.5887018413085343,0.0,5.0,3.73605,1.4940403975,3.7284740475245446,3.7436259524754556,0.007575952475455505,0.0,0.9975,0.6782941,0.05676987840519,0.6768173225459421,0.679770877454058,0.0014767774540579426,0.0,400.0,186.85598199999998,6692.045633615676,186.3489498264045,187.36301417359547,0.5070321735954906,0.0,2000.0,934.27991,167301.1408403919,931.7447491320224,936.8150708679775,2.535160867977538,0.0,1.0,0.8082033333333333,0.09163070532222224,0.806327144330152,0.8100795223365146,0.0018761890031813167,65.86
T-spiral_traversal_swarm-W-20-HS-random-D-5-C-5-H-4-RUNS-100000.csv,spiral_traversal_swarm,20,random,5,5,4,100000,2.0,401.0,288.47334,8544.5886692444,287.9004098835655,289.0462701164345,0.5729301164345202,0.0,5.0,3.85944,1.3320028864000002,3.85228666351386,3.8665933364861402,0.007153336486140027,0.0,0.9975,0.7168296250000001,0.053890174409859375,0.7153907904229451,0.7182684595770552,0.0014388345770550703,0.0,400.0,193.26531799999998,6763.566440358876,192.7555835903582,193.77505240964175,0.5097344096417658,0.0,2000.0,966.32659,169089.1610089719,963.7779179517912,968.8752620482088,2.5486720482088003,0.0,1.0,0.8097325,0.08264140344374998,0.8079507165803064,0.8115142834196936,0.0017817834196935944,62.49
T-spiral_traversal_swarm-W-20-HS-random-D-5-C-5-H-5-RUNS-100000.csv,spiral_traversal_swarm,20,random,5,5,5,100000,2.0,401.0,298.22911,8448.9762386079,297.6593943944718,298.7988256055282,0.569715605528188,0.0,5.0,3.9386,1.22483004,3.931740475904508,3.9454595240954924,0.0068595240954922865,0.0,0.9975,0.7411086499999999,0.05336365214517749,0.7396768615865781,0.7425404384134218,0.0014317884134218417,0.0,400.0,197.24569200000002,6868.469537841136,196.73201980319965,197.7593641968004,0.5136721968003712,0.0,2000.0,986.22846,171711.7384460284,983.6600990159983,988.7968209840018,2.5683609840017425,0.0,1.0,0.8096340000000001,0.078603586044,0.8078962901964177,0.8113717098035824,0.0017377098035823435,60.21
T-spiral_traversal_swarm-W-20-HS-weighted-D-1-C-5-H-1-RUNS-100000.csv,spiral_traversal_swarm,20,weighted,1,5,1,100000,1.0,401.0,151.28809,11486.5242141519,150.62381120746568,151.95236879253434,0.6642787925343328,0.0,1.0,0.63116,0.23279705439999998,0.6281694930794546,0.6341505069205455,0.002990506920545477,0.0,0.9975,0.372578975,0.07194606620044938,0.37091648287094897,0.374241467129051,0.0016624921290510075,0.0,400.0,150.0249,11513.36509999,149.35984554081548,150.68995445918452,0.6650544591845176,0.0,400.0,150.0249,11513.36509999,149.35984554081548,150.68995445918452,0.6650544591845176,0.0,1.0,0.36797,0.23256807910000002,0.364980964147638,0.37095903585236206,0.002989035852362043,36.8
T-spiral_traversal_swarm-W-20-HS-weighted-D-1-C-5-H-2-RUNS-100000.csv,spiral_traversal_swarm,20,weighted,1,5,2,100000,2.0,401.0,179.30438,12764.6990728156,178.60411670695854,180.00464329304148,0.7002632930414734,0.0,1.0,0.73229,0.1960413559,0.729545710523969,0.735034289476031,0.0027442894760310033,0.0,0.9975,0.442107975,0.08026241762889937,0.44035202481971814,0.44386392518028184,0.0017559501802818511,0.0,400.0,177.83804,12843.8098489584,177.13561007526903,178.54046992473098,0.7024299247309784,0.0,400.0,177.83804,12843.8098489584,177.13561007526903,178.54046992473098,0.7024299247309784,0.0,1.0,0.39166,0.17540744439999997,0.3890641470796537,0.3942558529203463,0.0025958529203463088,26.6
T-spiral_traversal_swarm-W-20-HS-weighted-D-1-C-5-H-3-RUNS-100000.csv,spiral_traversal_swarm,20,weighted,1,5,3,100000,2.0,401.0,190.19938,13915.8784276156,189.46822175059341,190.93053824940657,0.731158249406576,0.0,1.0,0.76811,0.17811702789999995,0.7654941743667043,0.7707258256332956,0.002615825633295654,0.0,0.9975,0.46916595,0.08757699173559749,0.46733173144308954,0.47100016855691046,0.0018342185569104608,0.0,400.0,188.66089,14014.380894407901,187.9271485902107,189.3946314097893,0.7337414097893031,0.0,400.0,188.66089,14014.380894407901,187.9271485902107,189.3946314097893,0.7337414097893031,0.0,1.0,0.40651666666666664,0.15591642194444444,0.4040692833159392,0.40896405001739405,0.0024473833507274168,22.96
T-spiral_traversal_swarm-W-20-HS-weighted-D-1-C-5-H-4-RUNS-100000.csv,spiral_traversal_swarm,20,weighted,1,5,4,100000,2.0,401.0,195.64051,14743.8217769399,194.8879153831026,196.3931046168974,0.7525946168973974,0.0,1.0,0.77895,0.17218689749999996,0.776378087899177,0.7815219121008231,0.0025719121008230816,0.0,0.9975,0.48271162500000003,0.09281978640235937,0.4808233016922921,0.484599948307708,0.0018883233077079398,0.0,400.0,194.07933,14853.221476751098,193.32394840355298,194.83471159644702,0.7553815964470232,0.0,400.0,194.07933,14853.221476751098,193.32394840355298,194.83471159644702,0.7553815964470232,0.0,1.0,0.4221025,0.14764260449375,0.419720937845818,0.424484062154182,0.0023815621541820042,21.78
T-spiral_traversal_swarm-W-20-HS-weighted-D-1-C-5-H-5-RUNS-100000.csv,spiral_traversal_swarm,20,weighted,1,5,5,100000,2.0,401.0,198.4194,15275.129343640001,197.65336516471817,199.18543483528182,0.7660348352818289,0.0,1.0,0.78636,0.16799795040000004,0.7838195651430185,0.7889004348569814,0.0025404348569814106,0.0,0.9975,0.48962057499999995,0.09617858684916937,0.487698389631104,0.4915427603688959,0.0019221853688959345,0.0,400.0,196.84297,15390.635331579098,196.07404435541665,197.61189564458337,0.7689256445833621,0.0,400.0,196.84297,15390.635331579098,196.07404435541665,197.61189564458337,0.7689256445833621,0.0,1.0,0.43078399999999994,0.142084345344,0.42844769689236706,0.43312030310763283,0.0023363031076328866,20.99
T-spiral_traversal_swarm-W-20-HS-weighted-D-10-C-5-H-1-RUNS-100000.csv,spiral_traversal_swarm,20,weighted,10,5,1,100000,1.0,401.0,199.67511,13221.506576487898,198.96242676276037,200.3877932372396,0.7126832372396166,0.0,10.0,6.32288,6.8038285056,6.30671287669772,6.339047123302279,0.016167123302279762,0.0,0.9975,0.4962054,0.08250861413584,0.49442504865247267,0.4979857513475274,0.0017803513475273536,0.0,400.0,149.934806,7372.868472942364,149.40260668089434,150.46700531910568,0.532199319105672,0.0,4000.0,1499.34806,737286.8472942364,1494.0260668089431,1504.670053191057,5.32199319105689,0.0,1.0,0.90118,0.08905460759999999,0.8993303725224896,0.9030296274775104,0.001849627477510385,90.12
T-spiral_traversal_swarm-W-20-HS-weighted-D-10-C-5-H-2-RUNS-100000.csv,spiral_traversal_swarm,20,weighted,10,5,2,100000,2.0,401.0,262.58147,9171.2898026391,261.9879009062475,263.17503909375256,0.5935690937525351,0.0,10.0,7.33913,4.6199008431,7.325807908918322,7.352452091081678,0.013322091081677812,0.0,0.9975,0.653142725,0.057344729217074376,0.6516584894669383,0.6546269605330618,0.0014842355330617618,0.0,400.0,177.88789300000002,6204.725763120551,177.39967097579787,178.37611502420216,0.48822202420214467,0.0,4000.0,1778.87893,620472.5763120551,1773.9967097579786,1783.7611502420216,4.8822202420215035,0.0,1.0,0.903445,0.05317463197499999,0.9020157496153748,0.9048742503846253,0.001429250384625269,83.53
T-spiral_traversal_swarm-W-20-HS-weighted-D-10-C-5-H-3-RUNS-100000.csv,spiral_traversal_swarm,20,weighted,10,5,3,100000,2.0,401.0,292.58423,6986.937305307099,292.0661468179523,293.1023131820477,0.5180831820476897,0.0,10.0,7.66575,3.9158669374999997,7.653484929911697,7.678015070088303,0.012265070088303354,0.0,0.9975,0.7279797750000001,0.043820563878449376,0.7266823117897492,0.729277238210251,0.0012974632102509265,0.0,399.8,188.62746400000003,5895.678315928705,188.15155604862213,189.10337195137794,0.47590795137790565,0.0,3998.0,1886.27464,589567.8315928704,1881.515560486221,1891.0337195137793,4.75907951377917,0.0,1.0,0.90521,0.04370485589999999,0.9039142508945577,0.9065057491054422,0.0012957491054422787,80.02
T-spiral_traversal_swarm-W-20-HS-weighted-D-10-C-5-H-4-RUNS-100000.csv,spiral_traversal_swarm,20,weighted,10,5,4,100000,2.0,401.0,309.63485,5839.3980954775,309.16121900731065,310.1084809926893,0.47363099268932274,0.0,10.0,7.80738,3.5902975356,7.795635858050602,7.819124141949398,0.011744141949398212,0.0,0.9975,0.7705407249999999,0.036722697178974376,0.7693529796001657,0.7717284703998342,0.001187745399834239,0.0,399.7,193.96664599999997,5806.865580910684,193.4943361989623,194.43895580103765,0.4723098010376816,0.0,3997.0,1939.66646,580686.5580910684,1934.943361989623,1944.3895580103767,4.723098010376816,0.0,1.0,0.909045,0.039163437975,0.9078184183136669,0.910271581686333,0.0012265816863330503,78.62
T-spiral_traversal_swarm-W-20-HS-weighted-D-10-C-5-H-5-RUNS-100000.csv,spiral_traversal_swarm,20,weighted,10,5,5,100000,2.0,401.0,320.4911,5297.07824079,320.03999850621153,320.9422014937885,0.4511014937884852,0.0,10.0,7.87429,3.4885869958999995,7.862713404730471,7.88586659526953,0.011576595269529477,0.0,0.9975,0.79761235,0.0333891445024775,0.7964797965243499,0.7987449034756501,0.001132553475650111,0.0,400.0,197.08407100000002,5771.486984766959,196.61320218174296,197.55493981825708,0.47086881825705973,0.0,4000.0,1970.84071,577148.6984766958,1966.1320218174292,1975.5493981825707,4.708688182570768,0.0,1.0,0.9097459999999999,0.037283415484,0.9085492211193235,0.9109427788806764,0.0011967788806764856,77.11
T-spiral_traversal_swarm-W-20-HS-weighted-D-5-C-5-H-1-RUNS-100000.csv,spiral_traversal_swarm,20,weighted,5,5,1,100000,1.0,401.0,193.92855,12973.6772048975,193.22257777426918,194.63452222573082,0.7059722257308181,0.0,5.0,3.15917,2.1636749111,3.1500529974561364,3.1682870025438636,0.009117002543863606,0.0,0.9975,0.481236425,0.08096174481571937,0.4794728416056462,0.48300000839435386,0.0017635833943538404,0.0,400.0,150.04624,7855.6770010624,149.49689157898396,150.59558842101606,0.5493484210160489,0.0,2000.0,750.2312,196391.92502655997,747.4844578949197,752.9779421050802,2.746742105080216,0.0,1.0,0.78067,0.17122435109999998,0.7781052866296879,0.783234713370312,0.002564713370312055,78.07
T-spiral_traversal_swarm-W-20-HS-weighted-D-5-C-5-H-2-RUNS-100000.csv,spiral_traversal_swarm,20,weighted,5,5,2,100000,2.0,401.0,249.83687,10162.573338603099,249.2120456907932,250.46169430920682,0.6248243092068151,0.0,5.0,3.67378,1.5610605115999998,3.6660359893715446,3.681524010628455,0.0077440106284552,0.0,0.9975,0.6204959999999999,0.063705157984,0.6189316159841287,0.6220603840158712,0.001564384015871223,0.0,400.0,177.59354199999999,6959.724953894236,177.07646870362044,178.11061529637954,0.5170732963795501,0.0,2000.0,887.96771,173993.1238473559,885.3823435181023,890.5530764818977,2.5853664818977222,0.0,1.0,0.79006,0.10992019640000002,0.7880050804724023,0.7921149195275977,0.0020549195275977317,67.82
T-spiral_traversal_swarm-W-20-HS-weighted-D-5-C-5-H-3-RUNS-100000.csv,spiral_traversal_swarm,20,weighted,5,5,3,100000,2.0,401.0,275.85521,8914.6941658559,275.2700032920108,276.4404167079892,0.5852067079891867,0.0,5.0,3.83507,1.3692080950999999,3.827817448850138,3.842322551149862,0.007252551149862008,0.0,0.9975,0.6853202749999999,0.056079783861424364,0.6838525008427058,0.6867880491572941,0.001467774157294155,0.0,400.0,188.79112,6810.0727675456,188.27963612397062,189.3026038760294,0.5114838760293878,0.0,2000.0,943.9556,170251.81918864,941.3981806198532,946.5130193801468,2.5574193801468255,0.0,1.0,0.7985633333333333,0.09051993598888888,0.7966985508095656,0.8004281158571009,0.0018647825237676496,63.28
T-spiral_traversal_swarm-W-20-HS-weighted-D-5-C-5-H-4-RUNS-100000.csv,spiral_traversal_swarm,20,weighted,5,5,4,100000,2.0,401.0,289.9493,8429.56170951,289.38023933308256,290.51836066691743,0.5690606669174372,0.0,5.0,3.90166,1.2801892443999998,3.8946471724666245,3.9086728275333757,0.007012827533375621,0.0,0.9975,0.7204608250000001,0.05315757232781938,0.7190318039019944,0.7218898460980058,0.0014290210980056894,0.0,400.0,194.248818,6794.813578802877,193.73790748098196,194.75972851901804,0.5109105190180401,0.0,2000.0,971.24409,169870.3394700719,968.6895374049097,973.7986425950903,2.5545525950902856,0.0,1.0,0.8057675,0.08186686094375,0.8039940859676841,0.8075409140323159,0.0017734140323159009,61.3
T-spiral_traversal_swarm-W-20-HS-weighted-D-5-C-5-H-5-RUNS-100000.csv,spiral_traversal_swarm,20,weighted,5,5,5,100000,2.0,401.0,298.40742,8397.659228943601,297.83943718605303,298.97540281394697,0.5679828139469691,0.0,5.0,3.93523,1.2447948470999999,3.928314796543398,3.9421452034566014,0.006915203456601571,0.0,0.9975,0.7415461499999999,0.05303681104517751,0.740118753021892,0.7429735469781078,0.0014273969781078977,0.0,400.0,197.47826600000002,6875.288566833245,196.96433887911277,197.99219312088726,0.5139271208872458,0.0,2000.0,987.39133,171882.21417083108,984.8216943955638,989.9609656044363,2.5696356044362574,0.0,1.0,0.809514,0.078128283804,0.8077815519775143,0.8112464480224856,0.001732448022485622,60.01
T-together_traverse_best_permutation-W-20-HS-greedy-D-1-C-5-H-1-RUNS-100000.csv,together_traverse_best_permutation,20,greedy,1,5,1,100000,1.0,71.0,22.40222,160.6980790716,22.323649156771644,22.480790843228355,0.07857084322835561,0.0,1.0,0.66629,0.22234763589999998,0.663367380151177,0.6692126198488231,0.002922619848823027,0.0,0.1725,0.05216025,0.0009937405699375,0.051964864387083594,0.0523556356129164,0.00019538561291640444,0.0,69.0,21.06964,163.9412502704,20.99028026795416,21.14899973204584,0.07935973204584101,0.0,69.0,21.06964,163.9412502704,20.99028026795416,21.14899973204584,0.07935973204584101,0.0,1.0,0.33371,0.22234763590000006,0.330787380151177,0.33663261984882303,0.002922619848823027,33.37
T-together_traverse_best_permutation-W-20-HS-greedy-D-1-C-5-H-2-RUNS-100000.csv,together_traverse_best_permutation,20,greedy,1,5,2,100000,2.0,73.0,25.91964,181.2265422704,25.836201406724108,26.003078593275895,0.08343859327589342,0.0,1.0,0.75398,0.18549415959999999,0.7513105536837775,0.7566494463162224,0.002669446316222457,0.0,0.1825,0.060354775,0.0011584999471993748,0.060143813074592566,0.06056573692540743,0.0002109619254074338,0.0,73.0,24.41168,191.02975957759998,24.326014375366004,24.497345624633997,0.08566562463399663,0.0,73.0,24.41168,191.02975957759998,24.326014375366004,24.497345624633997,0.08566562463399663,0.0,1.0,0.36828,0.17151984160000003,0.365713074556029,0.37084692544397097,0.0025669254439709688,24.6
T-together_traverse_best_permutation-W-20-HS-greedy-D-1-C-5-H-3-RUNS-100000.csv,together_traverse_best_permutation,20,greedy,1,5,3,100000,2.0,73.0,27.1187,199.38491030999998,27.031181026545845,27.206218973454156,0.08751897345415571,0.0,1.0,0.77832,0.1725379776,0.7757454672370542,0.7808945327629458,0.002574532762945836,0.0,0.1775,0.0631925,0.00128572481875,0.06297025597952453,0.06341474402047546,0.000222244020475465,0.0,71.0,25.56206,211.8202485564,25.471853089685197,25.6522669103148,0.09020691031480155,0.0,71.0,25.56206,211.8202485564,25.471853089685197,25.6522669103148,0.09020691031480155,0.0,1.0,0.3944533333333334,0.1550710122666667,0.39201259409956907,0.3968940725670977,0.002440739233764311,22.17
T-together_traverse_best_permutation-W-20-HS-greedy-D-1-C-5-H-4-RUNS-100000.csv,together_traverse_best_permutation,20,greedy,1,5,4,100000,2.0,75.0,27.86589,214.57326450789998,27.775098775042213,27.956681224957787,0.09079122495778691,0.0,1.0,0.78576,0.16834122240000002,0.7832169710187026,0.7883030289812974,0.002543028981297435,0.0,0.18,0.064961275,0.0013847006878743753,0.06473063532079154,0.06519191467920846,0.00023063967920845807,0.0,73.0,26.29437,228.6100763031,26.20065615528504,26.388083844714963,0.09371384471496214,0.0,73.0,26.29437,228.6100763031,26.20065615528504,26.388083844714963,0.09371384471496214,0.0,1.0,0.4161725,0.14697732524374998,0.41379630957695646,0.41854869042304355,0.002376190423043545,21.42
T-together_traverse_best_permutation-W-20-HS-greedy-D-1-C-5-H-5-RUNS-100000.csv,together_traverse_best_permutation,20,greedy,1,5,5,100000,2.0,76.0,28.31508,225.78118459360005,28.221947782226835,28.408212217773162,0.09313221777316372,0.0,1.0,0.78936,0.16627079040000003,0.7868326577825695,0.7918873422174304,0.0025273422174304505,0.0,0.185,0.06607365,0.0014611770256775,0.06583672685503854,0.06631057314496146,0.0002369231449614595,0.0,74.0,26.73636,240.92795395039997,26.640154551718947,26.832565448281056,0.09620544828105437,0.0,74.0,26.73636,240.92795395039997,26.640154551718947,26.832565448281056,0.09620544828105437,0.0,1.0,0.43249200000000004,0.141809069936,0.4301579611762738,0.4348260388237263,0.0023340388237262366,21.06
T-together_traverse_best_permutation-W-20-HS-greedy-D-10-C-5-H-1-RUNS-100000.csv,together_traverse_best_permutation,20,greedy,10,5,1,100000,1.0,74.0,27.82633,191.8275887311,27.740485672006276,27.91217432799372,0.08584432799372266,0.0,10.0,6.71086,5.4669780604,6.696367952899321,6.72535204710068,0.014492047100679528,0.0,0.1775,0.06824605,0.0011443555343974999,0.06803637987287309,0.06845572012712692,0.00020967012712691524,0.0,65.5,21.197238000000002,99.140502571356,21.135524293687862,21.258951706312143,0.06171370631214046,0.0,655.0,211.97238,9914.0502571356,211.35524293687857,212.5895170631214,0.6171370631214188,0.0,1.0,0.89535,0.0936983775,0.8934527607240941,0.8972472392759059,0.0018972392759059042,89.53
T-together_traverse_best_permutation-W-20-HS-greedy-D-10-C-5-H-2-RUNS-100000.csv,together_traverse_best_permutation,20,greedy,10,5,2,100000,2.0,74.0,36.04777,134.7244880271,35.97582852425722,36.11971147574278,0.07194147574278276,0.0,10.0,7.52798,4.1245371196,7.515392378382453,7.540567621617548,0.012587621617547562,0.0,0.1825,0.08808020000000001,0.0008246826179600001,0.08790220840623347,0.08825819159376655,0.00017799159376653828,0.0,63.9,24.370730999999996,86.00698522563901,24.313250182813494,24.428211817186497,0.057480817186501554,0.0,639.0,243.70731,8600.6985225639,243.132501828135,244.28211817186502,0.5748081718650155,0.0,1.0,0.90011,0.0523869879,0.8986913744231946,0.9015286255768054,0.001418625576805388,82.51
T-together_traverse_best_permutation-W-20-HS-greedy-D-10-C-5-H-3-RUNS-100000.csv,together_traverse_best_permutation,20,greedy,10,5,3,100000,2.0,73.0,39.90055,106.3979796975,39.83661734177231,39.964482658227695,0.06393265822769223,0.0,10.0,7.77058,3.6566864636000003,7.758727773745592,7.782432226254407,0.011852226254407405,0.0,0.18,0.09735529999999999,0.00067178168691,0.09719465391295043,0.09751594608704955,0.0001606460870495624,0.0,65.2,25.63218,83.66538324759999,25.575487060732048,25.688872939267956,0.056692939267954046,0.0,652.0,256.3218,8366.53832476,255.75487060732047,256.8887293926795,0.5669293926795262,0.0,1.0,0.90541,0.042307176344444454,0.9041351382481038,0.9066848617518963,0.0012748617518962835,79.69
T-together_traverse_best_permutation-W-20-HS-greedy-D-10-C-5-H-4-RUNS-100000.csv,together_traverse_best_permutation,20,greedy,10,5,4,100000,2.0,78.0,42.11324,94.7729367024,42.052900981642395,42.1735790183576,0.06033901835760247,0.0,10.0,7.8702,3.47239196,7.8586503069506,7.881749693049399,0.011549693049399679,0.0,0.1875,0.10276150000000002,0.00061436049275,0.10260787294284704,0.102915127057153,0.0001536270571529802,0.0,66.7,26.2629,83.80578479,26.206159511559267,26.31964048844073,0.056740488440730985,0.0,667.0,262.629,8380.578479,262.0615951155927,263.19640488440734,0.5674048844073241,0.0,1.0,0.9091475,0.03864269824375,0.9079291002725985,0.9103658997274015,0.0012183997274014535,78.6
T-together_traverse_best_permutation-W-20-HS-greedy-D-10-C-5-H-5-RUNS-100000.csv,together_traverse_best_permutation,20,greedy,10,5,5,100000,2.0,76.0,43.5888,89.75743456000001,43.530079291505835,43.64752070849416,0.05872070849416389,0.0,10.0,7.88887,3.4528801231000004,7.877352802302252,7.900387197697747,0.011517197697747505,0.0,0.19,0.106379675,0.0005910116843943751,0.10622899552273886,0.10653035447726115,0.00015067947726114805,0.0,65.2,26.733836,84.581583125104,26.67683349042951,26.79083850957049,0.057002509570491355,0.0,652.0,267.33836,8458.1583125104,266.7683349042951,267.90838509570494,0.5700250957049207,0.0,1.0,0.9117540000000001,0.037046643484000004,0.9105610273028769,0.9129469726971232,0.0011929726971231513,78.08
T-together_traverse_best_permutation-W-20-HS-greedy-D-5-C-5-H-1-RUNS-100000.csv,together_traverse_best_permutation,20,greedy,5,5,1,100000,1.0,71.0,27.38777,188.92562442710002,27.302577472229125,27.472962527770875,0.08519252777087516,0.0,5.0,3.35355,1.8268723974999999,3.3451725821387277,3.361927417861272,0.008377417861272107,0.0,0.1725,0.066504525,0.0011250432170243749,0.06629663161332017,0.06671241838667982,0.0002078933866798277,0.0,66.8,21.191502000000003,107.085116983996,21.127363229712,21.255640770288007,0.06413877028800385,0.0,334.0,105.95751,2677.1279245999,105.63681614855999,106.27820385144001,0.32069385144001217,0.0,1.0,0.76348,0.1805782896,0.760846163335878,0.7661138366641221,0.002633836664122091,76.35
T-together_traverse_best_permutation-W-20-HS-greedy-D-5-C-5-H-2-RUNS-100000.csv,together_traverse_best_permutation,20,greedy,5,5,2,100000,2.0,72.0,34.64359,146.0489219119,34.568685958826194,34.71849404117381,0.07490404117380933,0.0,5.0,3.76529,1.4337012159,3.7578686075491174,3.772711392450882,0.007421392450882358,0.0,0.18,0.0838137,0.0009122226923100001,0.0836264997143491,0.08400090028565091,0.00018720028565090419,0.0,67.6,24.360492,97.423698317936,24.299314971675784,24.421669028324217,0.061177028324216565,0.0,338.0,121.80246,2435.5924579484,121.49657485837892,122.10834514162107,0.3058851416210757,0.0,1.0,0.782285,0.10957267877499999,0.7802333314039981,0.7843366685960019,0.002051668596001921,66.08
T-together_traverse_best_permutation-W-20-HS-greedy-D-5-C-5-H-3-RUNS-100000.csv,together_traverse_best_permutation,20,greedy,5,5,3,100000,2.0,76.0,37.79764,134.00235043039996,37.7258915903024,37.8693884096976,0.07174840969759799,0.0,5.0,3.89177,1.2940562671000002,3.8847192932583385,3.898820706741662,0.007050706741661639,0.0,0.1825,0.09136825000000001,0.0008648101419375,0.09118597946916007,0.09155052053083995,0.00018227053083993972,0.0,68.0,25.577876,98.637177728624,25.516319149693775,25.639432850306225,0.06155685030622493,0.0,340.0,127.88938,2465.9294432156,127.58159574846889,128.19716425153112,0.30778425153111755,0.0,1.0,0.7936733333333332,0.0907759732888889,0.7918059153860418,0.7955407512806246,0.0018674179472913943,62.31
T-together_traverse_best_permutation-W-20-HS-greedy-D-5-C-5-H-4-RUNS-100000.csv,together_traverse_best_permutation,20,greedy,5,5,4,100000,2.0,73.0,39.72293,132.0535822151,39.651705212079115,39.79415478792088,0.07122478792088316,0.0,5.0,3.93323,1.2497917670999996,3.9263009307605627,3.9401590692394373,0.006929069239437258,0.0,0.1825,0.09600389999999999,0.0008695539347900001,0.09582113024331444,0.09618666975668554,0.00018276975668554685,0.0,71.4,26.288562,100.71856837215599,26.22635906982316,26.350764930176837,0.06220293017683787,0.0,357.0,131.44281,2517.9642093039,131.1317953491158,131.7538246508842,0.31101465088420355,0.0,1.0,0.8025375,0.08282418609375,0.800753747233225,0.804321252766775,0.0017837527667750042,60.87
T-together_traverse_best_permutation-W-20-HS-greedy-D-5-C-5-H-5-RUNS-100000.csv,together_traverse_best_permutation,20,greedy,5,5,5,100000,2.0,74.0,40.89737,133.7284970831,40.825694941967626,40.96904505803238,0.07167505803237617,0.0,5.0,3.94886,1.2217047004,3.9420092330523824,3.9557107669476173,0.006850766947617437,0.0,0.185,0.0988933,0.00089104521511,0.09870828542494262,0.09907831457505739,0.00018501457505738783,0.0,66.0,26.691354,102.34577964668401,26.628650607181854,26.754057392818147,0.06270339281814685,0.0,330.0,133.45677,2558.6444911671,133.14325303590925,133.77028696409076,0.313516964090752,0.0,1.0,0.81107,0.0781738551,0.8093370467930374,0.8128029532069625,0.0017329532069625397,60.73
T-together_traverse_best_permutation-W-20-HS-random-D-1-C-5-H-1-RUNS-100000.csv,together_traverse_best_permutation,20,random,1,5,1,100000,1.0,71.0,20.86117,144.6188962311,20.786633569191878,20.935706430808125,0.07453643080812355,0.0,1.0,0.56751,0.24544239990000002,0.5644393461226379,0.570580653877362,0.0030706538773620506,0.0,0.1725,0.048866450000000006,0.0009016085643975,0.04868034198133908,0.04905255801866093,0.0001861080186609243,0.0,69.0,19.72615,148.7769161775,19.65054964277945,19.801750357220552,0.07560035722055147,0.0,69.0,19.72615,148.7769161775,19.65054964277945,19.801750357220552,0.07560035722055147,0.0,1.0,0.43249,0.24544239990000002,0.429419346122638,0.435560653877362,0.003070653877361995,43.25
T-together_traverse_best_permutation-W-20-HS-random-D-1-C-5-H-2-RUNS-100000.csv,together_traverse_best_permutation,20,random,1,5,2,100000,2.0,70.0,25.2007,168.67591950999997,25.120202458895342,25.28119754110466,0.08049754110465912,0.0,1.0,0.69606,0.2115604764,0.6932091567455606,0.6989108432544394,0.0028508432544394058,0.0,0.175,0.05888184999999999,0.0010895671155774999,0.05867726063001214,0.05908643936998784,0.00020458936998785093,0.0,70.0,23.80858,179.66823838359997,23.725500910899648,23.89165908910035,0.08307908910035167,0.0,70.0,23.80858,179.66823838359997,23.725500910899648,23.89165908910035,0.08307908910035167,0.0,1.0,0.434195,0.18054220197499998,0.4315614265282564,0.4368285734717436,0.002633573471743589,30.39
T-together_traverse_best_permutation-W-20-HS-random-D-1-C-5-H-3-RUNS-100000.csv,together_traverse_best_permutation,20,random,1,5,3,100000,2.0,71.0,26.78682,192.6802942876,26.700785087404284,26.872854912595713,0.08603491259571427,0.0,1.0,0.74817,0.18841165110000002,0.7454796427767567,0.7508603572232433,0.0026903572232432893,0.0,0.1775,0.06251825,0.0012496095419375001,0.06229914956603632,0.06273735043396367,0.0002191004339636704,0.0,71.0,25.29048,206.1384413696,25.201491155959555,25.379468844040442,0.08898884404044338,0.0,71.0,25.29048,206.1384413696,25.201491155959555,25.379468844040442,0.08898884404044338,0.0,1.0,0.43214,0.1591616870666667,0.4296672777409598,0.43461272225904024,0.0024727222590402165,25.18
T-together_traverse_best_permutation-W-20-HS-random-D-1-C-5-H-4-RUNS-100000.csv,together_traverse_best_permutation,20,random,1,5,4,100000,2.0,77.0,27.77141,212.3646766119,27.681087237549317,27.861732762450682,0.0903227624506826,0.0,1.0,0.77366,0.1751102044,0.7710663474380267,0.7762536525619733,0.002593652561973303,0.0,0.185,0.06478815,0.0013747228695775,0.0645583427900224,0.0650179572099776,0.0002298072099776033,0.0,75.0,26.22409,226.9714336719,26.130712622675834,26.317467377324167,0.09337737732416684,0.0,75.0,26.22409,226.9714336719,26.130712622675834,26.317467377324167,0.09337737732416684,0.0,1.0,0.4329725,0.14853793924374997,0.4305837276219807,0.43536127237801925,0.002388772378019266,22.63
T-together_traverse_best_permutation-W-20-HS-random-D-1-C-5-H-5-RUNS-100000.csv,together_traverse_best_permutation,20,random,1,5,5,100000,2.0,72.0,28.26693,226.92659837509999,28.173561845883203,28.360298154116794,0.09336815411679567,0.0,1.0,0.78928,0.16631708160000003,0.7867523059902857,0.7918076940097143,0.0025276940097143097,0.0,0.18,0.06594795,0.0014684508907974998,0.06571043787521291,0.0661854621247871,0.0002375121247870926,0.0,72.0,26.68837,242.15487674309998,26.591919900233524,26.784820099766474,0.096450099766475,0.0,72.0,26.68837,242.15487674309998,26.591919900233524,26.784820099766474,0.096450099766475,0.0,1.0,0.43227600000000005,0.14204065982399997,0.42994005608205194,0.43461194391794816,0.0023359439179481134,21.07
T-together_traverse_best_permutation-W-20-HS-random-D-10-C-5-H-1-RUNS-100000.csv,together_traverse_best_permutation,20,random,10,5,1,100000,1.0,75.0,27.34122,188.0216889116,27.25623152312679,27.42620847687321,0.08498847687321032,0.0,10.0,5.68008,8.6691511936,5.661830777763057,5.698329222236944,0.018249222236943474,0.0,0.1775,0.06714915,0.0011305725292775,0.06694074636691093,0.06735755363308908,0.00020840363308907706,0.0,66.0,19.752341,85.969753519719,19.6948726256432,19.809809374356803,0.05746837435680163,0.0,660.0,197.52341,8596.9753519719,196.948726256432,198.09809374356803,0.5746837435680163,0.0,1.0,0.91182,0.08040428759999999,0.9100624986166601,0.9135775013833398,0.0017575013833398545,91.18
T-together_traverse_best_permutation-W-20-HS-random-D-10-C-5-H-2-RUNS-100000.csv,together_traverse_best_permutation,20,random,10,5,2,100000,2.0,74.0,35.63092,134.8842199536,35.558935889296755,35.70290411070325,0.07198411070324795,0.0,10.0,6.97967,5.6253566911,6.964969533931018,6.994370466068982,0.01470046606898201,0.0,0.1825,0.08718417499999999,0.000829368442069375,0.08700567845081615,0.08736267154918383,0.0001784965491838375,0.0,66.1,23.775766,78.387385113244,23.720890415387988,23.830641584612014,0.05487558461201303,0.0,661.0,237.75766,7838.738511324401,237.20890415387984,238.30641584612013,0.5487558461201445,0.0,1.0,0.910575,0.053865669374999994,0.9091364925948366,0.9120135074051634,0.0014385074051633806,85.55
T-together_traverse_best_permutation-W-20-HS-random-D-10-C-5-H-3-RUNS-100000.csv,together_traverse_best_permutation,20,random,10,5,3,100000,2.0,72.0,39.57688,106.76352946559999,39.512837609757675,39.64092239024233,0.06404239024232794,0.0,10.0,7.47856,4.3700603264,7.46560313936561,7.491516860634389,0.0129568606343895,0.0,0.18,0.09671149999999999,0.0006750295177500002,0.09655046604720158,0.0968725339527984,0.00016103395279841448,0.0,69.0,25.338655,79.379510090975,25.283433235634355,25.393876764365643,0.05522176436564408,0.0,690.0,253.38655,7937.9510090975,252.83433235634354,253.93876764365646,0.5522176436564621,0.0,1.0,0.9128933333333333,0.04350353973333334,0.9116005719545802,0.9141860947120865,0.0012927613787531156,82.36
T-together_traverse_best_permutation-W-20-HS-random-D-10-C-5-H-4-RUNS-100000.csv,together_traverse_best_permutation,20,random,10,5,4,100000,2.0,72.0,42.0133,94.59824311000001,41.953016618315544,42.07358338168446,0.06028338168445657,0.0,10.0,7.73858,3.7488195836000004,7.726579389468715,7.750580610531284,0.01200061053128465,0.0,0.18,0.10259727500000002,0.000613724475074375,0.10244372748476627,0.10275082251523376,0.00015354751523374843,0.0,65.4,26.212281,81.670783477039,26.15626792279428,26.26829407720572,0.05601307720571924,0.0,654.0,262.12281,8167.0783477039,261.5626792279428,262.68294077205724,0.5601307720572208,0.0,1.0,0.9126225,0.03922079749375,0.9113950204048458,0.9138499795951542,0.001227479595154235,79.96
T-together_traverse_best_permutation-W-20-HS-random-D-10-C-5-H-5-RUNS-100000.csv,together_traverse_best_permutation,20,random,10,5,5,100000,2.0,75.0,43.70602,89.19413575959999,43.64748384092426,43.764556159075745,0.058536159075742944,0.0,10.0,7.89656,3.4281201663999994,7.885084170430317,7.908035829569683,0.011475829569683071,0.0,0.1875,0.10661857500000001,0.0005873840274693749,0.10646835867332656,0.10676879132667345,0.00015021632667344686,0.0,68.9,26.722552,84.828934207296,26.665466201971878,26.779637798028123,0.057085798028122525,0.0,689.0,267.22552,8482.8934207296,266.6546620197188,267.79637798028125,0.5708579802812324,0.0,1.0,0.9121020000000001,0.036638341596,0.910915619567444,0.9132883804325561,0.0011863804325560334,77.99
T-together_traverse_best_permutation-W-20-HS-random-D-5-C-5-H-1-RUNS-100000.csv,together_traverse_best_permutation,20,random,5,5,1,100000,1.0,71.0,26.37502,181.19765999959998,26.291588055838638,26.45845194416136,0.08343194416136157,0.0,5.0,2.8373,2.60500871,2.827296299954349,2.847303700045651,0.010003700045650987,0.0,0.175,0.06427605,0.0010914103963975,0.06407128764557907,0.06448081235442094,0.00020476235442093427,0.0,65.6,19.72659,92.6573761719,19.66692823868658,19.786251761313423,0.05966176131342138,0.0,328.0,98.63295,2316.4344042975004,98.33464119343289,98.9312588065671,0.2983088065671069,0.0,1.0,0.81173,0.15282440709999998,0.8093070054842915,0.8141529945157084,0.0024229945157084876,81.17
T-together_traverse_best_permutation-W-20-HS-random-D-5-C-5-H-2-RUNS-100000.csv,together_traverse_best_permutation,20,random,5,5,2,100000,2.0,76.0,33.89746,143.9553655484,33.82309475729276,33.97182524270725,0.07436524270724476,0.0,5.0,3.48379,1.8380972359,3.475386884898186,3.4921931151018137,0.008403115101813796,0.0,0.19,0.082272275,0.000903050953824375,0.08208601817343486,0.08245853182656515,0.00018625682656514542,0.0,68.2,23.743254000000004,89.15239629148401,23.684731538876658,23.80177646112335,0.05852246112334569,0.0,341.0,118.71627,2228.8099072871,118.42365769438327,119.00888230561672,0.29261230561672846,0.0,1.0,0.811115,0.106449956775,0.8090927780686907,0.8131372219313093,0.002022221931309298,71.76
T-together_traverse_best_permutation-W-20-HS-random-D-5-C-5-H-3-RUNS-100000.csv,together_traverse_best_permutation,20,random,5,5,3,100000,2.0,74.0,37.39215,130.9696483775,37.32121813119571,37.463081868804295,0.07093186880429414,0.0,5.0,3.73537,1.4974609631,3.7277853800122585,3.7429546199877417,0.007584619987741625,0.0,0.1825,0.09056202499999999,0.000848260440399375,0.09038150693143514,0.09074254306856484,0.00018051806856485275,0.0,70.8,25.364743999999998,92.61331701446399,25.305096425142107,25.42439157485789,0.05964757485789107,0.0,354.0,126.82372,2315.3329253616,126.52548212571054,127.12195787428945,0.29823787428945536,0.0,1.0,0.8104766666666667,0.09121312834444445,0.8086047576041105,0.8123485757292229,0.0018719090625561874,66.35
T-together_traverse_best_permutation-W-20-HS-random-D-5-C-5-H-4-RUNS-100000.csv,together_traverse_best_permutation,20,random,5,5,4,100000,2.0,75.0,39.49668,130.6574289776,39.425832729116756,39.56752727088324,0.07084727088324172,0.0,5.0,3.87254,1.3241139483999997,3.8654078781949734,3.8796721218050263,0.007132121805026426,0.0,0.1875,0.0955592,0.00086303479536,0.09537711665452725,0.09574128334547274,0.00018208334547274718,0.0,69.0,26.150138,98.044096580956,26.08876649183657,26.211509508163427,0.061371508163428956,0.0,345.0,130.75069,2451.1024145239003,130.44383245918283,131.05754754081715,0.30685754081716254,0.0,1.0,0.809635,0.08313241677499998,0.8078479311924751,0.8114220688075249,0.001787068807524883,62.67
T-together_traverse_best_permutation-W-20-HS-random-D-5-C-5-H-5-RUNS-100000.csv,together_traverse_best_permutation,20,random,5,5,5,100000,2.0,75.0,40.88058,133.7650188636,40.80889515526512,40.952264844734884,0.07168484473488235,0.0,5.0,3.94582,1.2234445276,3.9389643567061667,3.952675643293833,0.006855643293833147,0.0,0.1825,0.0988527,0.00089118495271,0.09866767091811472,0.09903772908188528,0.00018502908188527956,0.0,68.6,26.734288,102.703403533056,26.671475151393,26.797100848607,0.06281284860699898,0.0,343.0,133.67144,2567.5850883263997,133.35737575696498,133.985504243035,0.3140642430350056,0.0,1.0,0.8102559999999999,0.07857721446400001,0.8085185817225408,0.811993418277459,0.0017374182774591018,60.67
T-together_traverse_best_permutation-W-20-HS-weighted-D-1-C-5-H-1-RUNS-100000.csv,together_traverse_best_permutation,20,weighted,1,5,1,100000,1.0,69.0,21.99084,155.3988960944,21.913575493320913,22.068104506679084,0.0772645066790858,0.0,1.0,0.63177,0.23263666709999997,0.628780523423187,0.6347594765768131,0.0029894765768130327,0.0,0.1725,0.05133649999999999,0.00096434614275,0.051144025790247405,0.05152897420975258,0.00019247420975258833,0.0,69.0,20.7273,158.98933470999998,20.64914800525758,20.80545199474242,0.07815199474242007,0.0,69.0,20.7273,158.98933470999998,20.64914800525758,20.80545199474242,0.07815199474242007,0.0,1.0,0.36823,0.23263666709999997,0.365240523423187,0.371219476576813,0.002989476576812977,36.82
T-together_traverse_best_permutation-W-20-HS-weighted-D-1-C-5-H-2-RUNS-100000.csv,together_traverse_best_permutation,20,weighted,1,5,2,100000,2.0,75.0,25.60985,177.62993297750003,25.527243514145297,25.692456485854706,0.0826064858547042,0.0,1.0,0.73623,0.19419538709999998,0.7334986615019677,0.7389613384980324,0.0027313384980323097,0.0,0.175,0.05968082500000001,0.001138254439819375,0.05947171454459402,0.059889935455405996,0.00020911045540598916,0.0,73.0,24.13739,187.80847398790002,24.05244972488437,24.22233027511563,0.08494027511563118,0.0,73.0,24.13739,187.80847398790002,24.05244972488437,24.22233027511563,0.08494027511563118,0.0,1.0,0.389075,0.175043144375,0.38648184411685105,0.39166815588314896,0.0025931558831489565,26.38
T-together_traverse_best_permutation-W-20-HS-weighted-D-1-C-5-H-3-RUNS-100000.csv,together_traverse_best_permutation,20,weighted,1,5,3,100000,2.0,75.0,27.05791,199.09383643190003,26.970454932563243,27.145365067436757,0.0874550674367569,0.0,1.0,0.7687,0.17780031,0.7660865010600806,0.7713134989399195,0.0026134989399194675,0.0,0.1775,0.063071925,0.001284876464294375,0.06284975431279682,0.06329409568720318,0.000222170687203177,0.0,73.0,25.52051,211.98373933989998,25.430268283867818,25.610751716132185,0.09024171613218357,0.0,73.0,25.52051,211.98373933989998,25.430268283867818,25.610751716132185,0.09024171613218357,0.0,1.0,0.40689666666666663,0.15672065821111109,0.40444297948085056,0.4093503538524827,0.002453687185816067,23.13
T-together_traverse_best_permutation-W-20-HS-weighted-D-1-C-5-H-4-RUNS-100000.csv,together_traverse_best_permutation,20,weighted,1,5,4,100000,2.0,72.0,27.79974,213.11287593240002,27.709258265700644,27.890221734299356,0.09048173429935602,0.0,1.0,0.78202,0.17046471959999998,0.7794609820891301,0.78457901791087,0.0025590179108699873,0.0,0.18,0.064857075,0.0013795422599443747,0.06462686532284019,0.06508728467715981,0.00023020967715980944,0.0,72.0,26.2357,227.28038551,26.1422590919899,26.329140908010103,0.09344090801010196,0.0,72.0,26.2357,227.28038551,26.1422590919899,26.329140908010103,0.09344090801010196,0.0,1.0,0.4211175,0.14757192619374998,0.4187365079553558,0.4234984920446442,0.0023809920446442034,21.8
T-together_traverse_best_permutation-W-20-HS-weighted-D-1-C-5-H-5-RUNS-100000.csv,together_traverse_best_permutation,20,weighted,1,5,5,100000,2.0,75.0,28.28377,225.8375845871,28.190626150769372,28.37691384923063,0.09314384923062846,0.0,1.0,0.79048,0.16562136959999998,0.7879575982606742,0.7930024017393257,0.002522401739325719,0.0,0.1875,0.06597925,0.0014598666944375001,0.06574243311096227,0.06621606688903774,0.00023681688903773312,0.0,75.0,26.70281,240.94572810389997,26.606601003067077,26.799018996932922,0.09620899693292273,0.0,75.0,26.70281,240.94572810389997,26.606601003067077,26.799018996932922,0.09620899693292273,0.0,1.0,0.431486,0.14154663180399998,0.42915412191412533,0.43381787808587463,0.00233187808587465,20.95
T-together_traverse_best_permutation-W-20-HS-weighted-D-10-C-5-H-1-RUNS-100000.csv,together_traverse_best_permutation,20,weighted,10,5,1,100000,1.0,73.0,27.57217,192.71005149110002,27.486128444120983,27.658211555879017,0.0860415558790173,0.0,10.0,6.30739,6.9073613879,6.2911003347156065,6.323679665284393,0.01628966528439335,0.0,0.1825,0.06765485,0.0011530995214774997,0.06744438035559236,0.06786531964440765,0.00021046964440764315,0.0,64.8,20.627178999999998,95.51539120195899,20.566604093739944,20.687753906260053,0.06057490626005446,0.0,648.0,206.27179,9551.539120195901,205.66604093739946,206.87753906260056,0.6057490626005517,0.0,1.0,0.90188,0.0884924656,0.9000362194928654,0.9037237805071346,0.0018437805071346292,90.19
T-together_traverse_best_permutation-W-20-HS-weighted-D-10-C-5-H-2-RUNS-100000.csv,together_traverse_best_permutation,20,weighted,10,5,2,100000,2.0,73.0,35.81456,133.7720320064,35.74287327611365,35.88624672388635,0.07168672388635144,0.0,10.0,7.35701,4.6078538599,7.343705289785872,7.370314710214128,0.013304710214128157,0.0,0.1825,0.08755790000000001,0.0008207697725900001,0.08738033116381579,0.08773546883618423,0.00017756883618422203,0.0,66.8,24.15529,82.8890060159,24.09886071633357,24.211719283666433,0.056429283666432184,0.0,668.0,241.5529,8288.90060159,240.98860716333567,242.11719283666432,0.5642928366643218,0.0,1.0,0.905265,0.052357779775,0.9038467699524279,0.9066832300475721,0.0014182300475721332,83.85
T-together_traverse_best_permutation-W-20-HS-weighted-D-10-C-5-H-3-RUNS-100000.csv,together_traverse_best_permutation,20,weighted,10,5,3,100000,2.0,72.0,39.76537,107.2206587631,39.70119065108585,39.82954934891414,0.0641793489141449,0.0,10.0,7.68867,3.8772236310999997,7.676465598211615,7.7008744017883854,0.012204401788385333,0.0,0.18,0.097083275,0.0006772986527743749,0.09692197061368338,0.09724457938631662,0.0001613043863166186,0.0,65.1,25.474722999999997,82.083129973271,25.41856869899773,25.530877301002263,0.05615430100226604,0.0,651.0,254.74723,8208.3129973271,254.18568698997734,255.30877301002266,0.5615430100226604,0.0,1.0,0.9072866666666666,0.042995348933333344,0.9060014782273228,0.9085718551060104,0.0012851884393437762,80.47
T-together_traverse_best_permutation-W-20-HS-weighted-D-10-C-5-H-4-RUNS-100000.csv,together_traverse_best_permutation,20,weighted,10,5,4,100000,2.0,73.0,42.10331,95.2414370439,42.0428220256127,42.1637979743873,0.060487974387299914,0.0,10.0,7.83175,3.5953819374999996,7.819997545255948,7.843502454744053,0.01175245474405262,0.0,0.1825,0.1027443,0.0006174939425099999,0.1025902816657165,0.10289831833428349,0.00015401833428349554,0.0,63.5,26.24518,84.1423281676,26.18832569779791,26.30203430220209,0.05685430220209042,0.0,635.0,262.4518,8414.23281676,261.8832569779791,263.0203430220209,0.56854302202089,0.0,1.0,0.90881,0.0395031339,0.9075781102354908,0.9100418897645092,0.0012318897645091642,78.76
T-together_traverse_best_permutation-W-20-HS-weighted-D-10-C-5-H-5-RUNS-100000.csv,together_traverse_best_permutation,20,weighted,10,5,5,100000,2.0,74.0,43.62666,89.73357724440001,43.56794709593777,43.685372904062234,0.05871290406223295,0.0,10.0,7.89609,3.4466927119,7.884583126088274,7.907596873911726,0.01150687391172589,0.0,0.18,0.1064439,0.00059111490279,0.10629320736545676,0.10659459263454323,0.00015069263454323134,0.0,65.2,26.707792,84.62856848473601,26.650773660082834,26.76481033991717,0.05701833991716754,0.0,652.0,267.07792,8462.8568484736,266.5077366008283,267.6481033991717,0.5701833991716967,0.0,1.0,0.911728,0.036861654016,0.9105380095375681,0.9129179904624318,0.0011899904624318447,77.98
T-together_traverse_best_permutation-W-20-HS-weighted-D-5-C-5-H-1-RUNS-100000.csv,together_traverse_best_permutation,20,weighted,5,5,1,100000,1.0,75.0,26.98964,185.7682126704,26.90516236001198,27.074117639988025,0.08447763998802316,0.0,5.0,3.16307,2.1679781750999996,3.153943935701813,3.172196064298187,0.009126064298186964,0.0,0.18,0.065631025,0.0011122928699493749,0.06542431301947643,0.06583773698052356,0.00020671198052356343,0.0,66.0,20.659637999999998,101.69991730895602,20.59713276803226,20.722143231967735,0.06250523196773727,0.0,330.0,103.29819,2542.4979327239002,102.98566384016131,103.6107161598387,0.312526159838697,0.0,1.0,0.78086,0.1711176604,0.7782960857966916,0.7834239142033084,0.0025639142033083706,78.09
T-together_traverse_best_permutation-W-20-HS-weighted-D-5-C-5-H-2-RUNS-100000.csv,together_traverse_best_permutation,20,weighted,5,5,2,100000,2.0,73.0,34.34659,145.2438253719,34.27189269887414,34.42128730112586,0.07469730112585893,0.0,5.0,3.68046,1.5684541884,3.6726976719921423,3.688222328007858,0.0077623280078578105,0.0,0.18,0.08315360000000001,0.0009084251820399999,0.08296678977064077,0.08334041022935924,0.00018681022935923552,0.0,68.4,24.159978,94.64721223951601,24.099679017376797,24.2202769826232,0.06029898262320188,0.0,342.0,120.79989,2366.1803059879003,120.49839508688399,121.10138491311602,0.3014949131160165,0.0,1.0,0.78989,0.11015878790000001,0.7878328514890833,0.7919471485109166,0.002057148510916651,67.83
T-together_traverse_best_permutation-W-20-HS-weighted-D-5-C-5-H-3-RUNS-100000.csv,together_traverse_best_permutation,20,weighted,5,5,3,100000,2.0,74.0,37.74902,132.2270290396,37.677748452047226,37.82029154795278,0.0712715479527759,0.0,5.0,3.84575,1.3446169374999997,3.838562872321226,3.8529371276787736,0.00718712767877383,0.0,0.1825,0.091298525,0.000853530145324375,0.09111744707737336,0.09147960292262665,0.00018107792262664346,0.0,67.8,25.52652,95.9924246896,25.465794017201237,25.587245982798766,0.06072598279876473,0.0,339.0,127.6326,2399.81061724,127.32897008600618,127.93622991399381,0.30362991399381656,0.0,1.0,0.8000366666666666,0.09053799865555555,0.7981716980995449,0.8019016352337883,0.0018649685671217053,63.7
T-together_traverse_best_permutation-W-20-HS-weighted-D-5-C-5-H-4-RUNS-100000.csv,together_traverse_best_permutation,20,weighted,5,5,4,100000,2.0,72.0,39.6196,130.79661584,39.54871500303936,39.690484996960635,0.07088499696063622,0.0,5.0,3.91384,1.2665164543999998,3.9068647225064352,3.9208152774935647,0.006975277493564747,0.0,0.18,0.095807225,0.000862009450299375,0.09562524985048033,0.09598920014951966,0.00018197514951966143,0.0,71.0,26.215296000000002,99.574365232384,26.15344740410028,26.277144595899724,0.061848595899721914,0.0,355.0,131.07648,2489.3591308096,130.7672370205014,131.3857229794986,0.309242979498606,0.0,1.0,0.8055675,0.08290162794375001,0.8037829135103371,0.8073520864896628,0.0017845864896628427,61.69
T-together_traverse_best_permutation-W-20-HS-weighted-D-5-C-5-H-5-RUNS-100000.csv,together_traverse_best_permutation,20,weighted,5,5,5,100000,2.0,76.0,40.78242,132.4868589436,40.7110784610961,40.8537615389039,0.07134153890390138,0.0,5.0,3.95333,1.2279519111,3.9464617396222317,3.960198260377768,0.0068682603777681095,0.0,0.1875,0.09860997499999999,0.0008831101429993751,0.09842578607727806,0.09879416392272192,0.00018418892272192844,0.0,72.2,26.61679,102.2935352959,26.554102613294802,26.6794773867052,0.0626873867051998,0.0,361.0,133.08395,2557.3383823975,132.770513066474,133.39738693352598,0.3134369335259919,0.0,1.0,0.8092539999999999,0.078315563484,0.8075194768128383,0.8109885231871615,0.0017345231871616074,60.27
